date,ticker,close,ret,vol_5,vol_10,vol_30,range_hl,range_5,parkinson_5,vol_ratio,target_vol_fwd,vix,vix_5,vix_chg
2023-09-12,AAPL,174.0973663330078,-0.017060687406958097,0.01902177578220443,0.01932544217664228,0.01667270459764485,0.030119100775255616,0.025404250458969026,0.016228121633561694,1.5266650972645017,0.011278616462828588,14.229999542236328,14.1439998626709,0.031159372866542467
2023-09-13,AAPL,172.03347778320312,-0.0118547947810822,0.014844206121680725,0.01756702999479289,0.016743389302460943,0.019057500696109463,0.02114620302282087,0.013209933185064218,1.3763242162988156,0.01419848171625639,13.479999542236328,13.949999809265137,-0.052705553346921175
2023-09-14,AAPL,173.54437255859375,0.008782562527130056,0.01166952984643556,0.016208493011164896,0.016739111103501292,0.014339388834029488,0.01875387185524301,0.01177381075670762,0.9834064950485136,0.014146228612458742,12.819999694824219,13.633999824523926,-0.04896141467543513
2023-09-15,AAPL,172.823486328125,-0.004153901505652979,0.01126326910303198,0.016017818442983806,0.016720000148728716,0.015313369292612407,0.0190665038373026,0.011916290772538331,1.7049644325408135,0.014381255071665329,13.789999961853027,13.623999786376952,0.07566304915127442
2023-09-18,AAPL,175.7465057373047,0.016913322785480744,0.014152546664221107,0.01710703577275681,0.014744882762668733,0.01803678536747564,0.01937322899309652,0.012072783948166044,1.0445766389943378,0.011982240449573153,14.0,13.66399974822998,0.015228429204342975
2023-09-19,AAPL,176.832763671875,0.0061808223726165235,0.011278616462828588,0.017410171255498,0.014449634872887845,0.013961020258817236,0.016141612889808848,0.00976409489838171,0.8014901835550141,0.014016232606044132,14.109999656677246,13.639999771118164,0.007857118334088975
2023-09-20,AAPL,173.2974853515625,-0.01999221324659295,0.01419848171625639,0.014903179443504578,0.014872551302946499,0.024502837296482522,0.01723068020988346,0.010577158751441862,0.8923867920609673,0.012429747508707486,15.140000343322754,13.97199993133545,0.07299792428826057
2023-09-21,AAPL,171.7569580078125,-0.008889496236052064,0.014146228612458742,0.012225544477162334,0.014871306012337632,0.01402864683582545,0.017168531810242648,0.010530971805912562,0.9567414150172363,0.012647520310009062,17.540000915527344,14.916000175476075,0.15852050976095722
2023-09-22,AAPL,172.60623168945312,0.004944624610794479,0.014381255071665329,0.012306378400613868,0.014905735439646618,0.017335081501700916,0.017572874252060354,0.010747143290427544,0.858262032018811,0.012348521120734444,17.200000762939453,15.59800033569336,-0.019384272225830057
2023-09-25,AAPL,173.8800811767578,0.007380089784918997,0.011982240449573153,0.012366515086279105,0.014973830609483832,0.01601548895327985,0.017168614969221195,0.010516361229492625,0.7013984158163765,0.014362524876126034,16.899999618530273,16.178000259399415,-0.017441926226863136
2023-09-26,AAPL,169.8115997314453,-0.02339820304763196,0.014016232606044132,0.013359436678852539,0.01543807060090305,0.020586142986277048,0.01849363951471316,0.011246360023112066,0.9659178768886117,0.009614330729426307,18.940000534057617,17.144000434875487,0.12071011606950299
2023-09-27,AAPL,168.30068969726562,-0.00889756669490882,0.012429747508707486,0.013158323138718488,0.01539283637255162,0.023411314943640217,0.018275335044144695,0.011109580182915682,0.9904979434621752,0.008271905265393275,18.219999313354492,17.760000228881836,-0.03801484690607215
2023-09-28,AAPL,168.55746459960938,0.0015256913254819704,0.012647520310009062,0.012682156512363204,0.015384183791578368,0.025836332526992724,0.02063687218237815,0.012572199954787078,0.835999739819317,0.008272819773436371,17.34000015258789,17.720000076293946,-0.0482985287557941
2023-09-29,AAPL,169.07095336914062,0.00304637217195336,0.012348521120734444,0.012803009735470564,0.015184249090723568,0.015945393839570433,0.020358934649952053,0.012442229833201974,0.7753058513719677,0.009211422568726087,17.520000457763672,17.78400001525879,0.010380640345549086
2023-10-02,AAPL,171.57923889160156,0.014835697513247537,0.014362524876126034,0.012472439661789455,0.015429350536660991,0.01939574317108814,0.02103498549351371,0.01279424697302813,0.7761298179391632,0.008296611277281435,17.610000610351562,17.92600021362305,0.0051369948765045415
2023-10-03,AAPL,170.24609375,-0.007769851120762894,0.009614330729426307,0.012192217245752602,0.015420077015695088,0.016299290360073947,0.02017761496827309,0.012362863224218519,0.7355326770757851,0.00650760415348891,19.780000686645508,18.094000244140624,0.1232254401523627
2023-10-04,AAPL,171.49034118652344,0.007308522675125717,0.008271905265393275,0.011156676788818433,0.015409189654795536,0.018657177385923273,0.019226787456729705,0.011790144967981109,0.803459554215824,0.006523039148402569,18.579999923706055,18.166000366210938,-0.06066737721347171
2023-10-05,AAPL,172.7247314453125,0.007198016227902171,0.008272819773436371,0.011050636602797124,0.01489279996810796,0.015836740120433818,0.017226868975417923,0.010422456204411111,0.7728362038706866,0.006575807406987149,18.489999771118164,18.39600028991699,-0.004843926423974909
2023-10-06,AAPL,175.2725067138672,0.014750494889965271,0.009211422568726087,0.01188114427076577,0.014378175834593694,0.027100189692472937,0.019457828145998425,0.012022127028160088,0.9180632254492108,0.008133462937766477,17.450000762939453,18.382000350952147,-0.05624656684978524
2023-10-09,AAPL,176.75376892089844,0.008451195425928537,0.008296611277281435,0.011943726660683211,0.014274177785732643,0.0181574384058227,0.019210167192945334,0.011884446784685263,0.6887256727763448,0.007165925806593106,17.700000762939453,18.400000381469727,0.01432664693808805
2023-10-10,AAPL,176.1612548828125,-0.003352200304996611,0.00650760415348891,0.00842675782598967,0.014192020581708728,0.0099221048181899,0.017934730084568525,0.01136234126220504,0.7379423856776559,0.008099002325944396,17.030000686645508,17.850000381469727,-0.03785311002340763
2023-10-11,AAPL,177.5536346435547,0.0079040068241365,0.006523039148402569,0.007222757906470428,0.01366438685727998,0.012513904125754212,0.01670607543253471,0.010729041799721777,0.8287027407467371,0.006440590835629689,16.09000015258789,17.352000427246093,-0.05519674081955506
2023-10-12,AAPL,178.45228576660156,0.005061293872417494,0.006575807406987149,0.007098048685826606,0.013191421467522866,0.018261318848728635,0.017190991178193678,0.010995716480961742,0.9924888753392582,0.004200952686704795,16.690000534057617,16.992000579833984,0.03729026574143468
2023-10-13,AAPL,176.61550903320312,-0.01029281707156593,0.008133462937766477,0.008727557586397166,0.013286942417397673,0.021190903868011236,0.016009134013301334,0.009936587775361976,0.9474251629163918,0.005593850837046875,19.31999969482422,17.366000366210937,0.15757933352966802
2023-10-16,AAPL,176.4871368408203,-0.0007268455249798134,0.007165925806593106,0.008020719929369246,0.013153326576707553,0.014380076693514744,0.015253661670839747,0.009465905673570836,0.9808217110900442,0.005998116700151698,17.209999084472656,17.268000030517577,-0.10921328383441054
2023-10-17,AAPL,174.936767578125,-0.008784602042094636,0.008099002325944396,0.008174987228106367,0.0131989004575242,0.02043463303364712,0.01735616731393119,0.01062286366756177,1.0690952007156604,0.006966535933745877,17.8799991607666,17.437999725341797,0.03893086065869911
2023-10-18,AAPL,173.64309692382812,-0.007395075787707928,0.006440590835629689,0.008576756586516172,0.011631368254762974,0.014046868017199038,0.017662760092220155,0.0107501061416796,1.0208398827768828,0.008105082073604719,19.219999313354492,18.063999557495116,0.07494408364001504
2023-10-19,AAPL,173.26788330078125,-0.0021608323607097413,0.004200952686704795,0.00836746075031948,0.010365129022534426,0.015103122051088687,0.017031120732692164,0.010380832448346028,1.1094171345680561,0.011394101324210227,21.399999618530273,19.00599937438965,0.11342353709976805
2023-10-20,AAPL,170.72010803222656,-0.014704255745607075,0.005593850837046875,0.007904712944281737,0.010661071409639471,0.016080510763412513,0.01600904211177242,0.009705657746994447,1.1934601194296084,0.01335376297382878,21.709999084472656,19.483999252319336,0.01448595661066987
2023-10-23,AAPL,170.83860778808594,0.0006941171560002068,0.005998116700151698,0.007032189763697462,0.010570406693303332,0.02358382561303293,0.017849791895676058,0.010942309140252356,1.0305538038606303,0.01550936069662535,20.3700008392334,20.115999603271483,-0.06172263020488311
2023-10-24,AAPL,171.27310180664062,0.002543301096749939,0.006966535933745877,0.007277238584154203,0.010150411153493412,0.012799822356166678,0.016322829760179968,0.010068034616538523,0.8223560056822415,0.015534710412883379,18.969999313354492,20.333999633789062,-0.06872859441333212
2023-10-25,AAPL,168.9623260498047,-0.013491761008945224,0.008105082073604719,0.006921590070131129,0.010217759746370193,0.014085351117119877,0.016330526380164138,0.010069724565948584,1.082651195079702,0.016733865571675822,20.190000534057617,20.527999877929688,0.0643121383691494
2023-10-26,AAPL,164.804931640625,-0.02460545203404818,0.011394101324210227,0.008371339076861002,0.010957769412439911,0.03421419338935751,0.020152740647817902,0.01296023330065514,1.3198500208231736,0.007421874508880018,20.68000030517578,20.38400001525879,0.024269428338627552
2023-10-27,AAPL,166.1182861328125,0.007969145577824133,0.01335376297382878,0.009679252583289786,0.011085518981613847,0.012662019185328246,0.019469042332201047,0.012695275315679098,1.0864957734199856,0.010931386637576198,21.270000457763672,20.296000289916993,0.02852998761514658
2023-10-30,AAPL,168.1624298095703,0.012305350147445493,0.01550936069662535,0.011230975968155147,0.010854569155934723,0.013506389937388704,0.017453555197072205,0.011565650661422767,0.9505613649444733,0.011106224105519853,19.75,20.172000122070312,-0.07146217325109949
2023-10-31,AAPL,168.636474609375,0.0028189697326657104,0.015534710412883379,0.011367899424223522,0.010790643055067902,0.01756748799521919,0.018407088324882706,0.012018717792740396,0.8374151236282487,0.010329359728266834,18.139999389648438,20.006000137329103,-0.08151901824564878
2023-11-01,AAPL,171.79649353027344,0.018738644342620514,0.016733865571675822,0.013247708427550069,0.010821768641031888,0.023624766232757024,0.020314971348010136,0.013090895427911442,1.059281149916035,0.010034039277922919,16.8700008392334,19.342000198364257,-0.0700109478029951
2023-11-02,AAPL,175.35150146484375,0.020693134426191584,0.007421874508880018,0.014892354730925166,0.011341126687955975,0.013065224811269458,0.016085177632392526,0.010049431667690654,1.4012728812725515,0.009263411141397128,15.65999984741211,18.338000106811524,-0.07172501076628712
2023-11-03,AAPL,174.44296264648438,-0.0051812434496977255,0.010931386637576198,0.014035334433104426,0.011362735070759867,0.01964337017037497,0.01748144782940187,0.010849725514851635,1.4174951156034519,0.00982314466492849,14.90999984741211,17.06599998474121,-0.047892720773170416
2023-11-06,AAPL,176.9907684326172,0.014605380162546533,0.011106224105519853,0.014544345141933411,0.01158975250228024,0.01796566444608411,0.01837330273114095,0.011321213520523522,1.112419032607206,0.0127860684140678,14.890000343322754,16.09400005340576,-0.0013413483765277734
2023-11-07,AAPL,179.54843139648438,0.014450826935874517,0.010329359728266834,0.014927025767888935,0.010921771502638648,0.019084815096918808,0.018676768151480873,0.011495463844087278,1.200894617964229,0.012760546848918294,14.8100004196167,15.428000259399415,-0.005372728130387805
2023-11-08,AAPL,180.60501098632812,0.005884649515598195,0.010034039277922919,0.013471014600518973,0.010749088216013218,0.010170050940777869,0.015985825093085042,0.009926162508297896,0.8388258040221401,0.012854334515643736,14.449999809265137,14.944000053405762,-0.02430794059092134
2023-11-09,AAPL,180.13101196289062,-0.0026245064898746673,0.009263411141397128,0.008748499632620001,0.010787508166953647,0.012663765759649467,0.015905533282761043,0.009878292684441592,0.9163447553373053,0.011954838252000855,15.289999961853027,14.870000076293945,0.058131499216304006
2023-11-10,AAPL,184.31369018554688,0.02322020054779861,0.00982314466492849,0.009819222580807859,0.011446107560330779,0.016309059251418942,0.015238671098969838,0.009418788498108226,1.1132255267518092,0.008750433015103583,14.170000076293945,14.722000122070312,-0.07325048321473948
2023-11-13,AAPL,182.7315673828125,-0.008583859403724525,0.0127860684140678,0.011473072578760549,0.011405717287500032,0.009848441749862751,0.013615226559725569,0.008487133394633183,0.7399190011080765,0.005669128213161883,14.760000228881836,14.696000099182129,0.04163727236494141
2023-11-14,AAPL,185.3420867919922,0.014286088860119062,0.012760546848918294,0.011425995240505249,0.011454051491847951,0.009656410238041627,0.01172954558795013,0.007223171803811829,1.01722637747854,0.0058532522113957,14.15999984741211,14.565999984741211,-0.04065043171853533
2023-11-15,AAPL,185.90565490722656,0.0030406915395684297,0.012854334515643736,0.011096766794187807,0.011423864049869472,0.009148456310606368,0.01152522666191583,0.007118988520281328,0.9110580827579923,0.00584971474147423,14.180000305175781,14.51200008392334,0.0014124617216946245
2023-11-16,AAPL,187.5866546630859,0.009042219596268941,0.011954838252000855,0.010187978290543555,0.01145350896839285,0.012176547022461326,0.011427782914478202,0.007061607799866558,0.9254321075001926,0.006422443072114157,14.319999694824219,14.318000030517577,0.009873017393189798
2023-11-17,AAPL,187.5668487548828,-0.00010558271449889745,0.008750433015103583,0.009635421841551337,0.01123897988979276,0.009541871133418487,0.010074345290878112,0.006081147758718562,0.875995646057691,0.006446416088950309,13.800000190734863,14.244000053405761,-0.03631281530524766
2023-11-20,AAPL,189.30718994140625,0.009278511624395636,0.005669128213161883,0.009330420968440849,0.011255537160037285,0.01060328446934196,0.010225313834773953,0.006177814919576655,0.806575383330609,0.004598613978262944,13.40999984741211,13.973999977111816,-0.028260894053073637
2023-11-21,AAPL,188.5062255859375,-0.004231029765518479,0.0058532522113957,0.009494701718398372,0.011272023832126386,0.009336963832331667,0.010161424553631962,0.006140967128342652,0.6646724778412005,0.004824491436688017,13.350000381469727,13.81200008392334,-0.004474233156233853
2023-11-22,AAPL,189.1687164306641,0.0035144242195044306,0.00584971474147423,0.00949754965068622,0.011225455362888982,0.010976900692727073,0.010527113430056103,0.006352533665346341,0.701242848991896,0.0047141533949679355,12.850000381469727,13.546000099182129,-0.03745318245039286
2023-11-24,AAPL,187.84375,-0.007004151932012093,0.006422443072114157,0.009961643405139596,0.011334104077405078,0.00868554974933882,0.009828913975431602,0.005925001390210232,0.4439613344187309,0.0046633500386894814,12.460000038146973,13.17400016784668,-0.0303502203692656
2023-11-27,AAPL,187.6657562255859,-0.0009475629315007783,0.006446416088950309,0.007465786861870474,0.011117398091216856,0.009326120106830068,0.009785763770113916,0.0058989324744126775,0.761261965641973,0.006782713671498376,12.6899995803833,12.952000045776368,0.018459032225695893
2023-11-28,AAPL,188.2689208984375,0.0032140369398376833,0.004598613978262944,0.006508234133152933,0.011106309407493032,0.0088235713677789,0.009429821149801305,0.00568027683529728,0.7298527865304948,0.011900812932203013,12.6899995803833,12.807999992370606,0.0
2023-11-29,AAPL,187.2504425048828,-0.005409700064643808,0.004824491436688017,0.00563830250530047,0.011007695727997181,0.01647565716657886,0.010857559816650743,0.006732021346359716,0.8186497651631449,0.011951533806718102,12.979999542236328,12.733999824523925,0.02285263762351275
2023-11-30,AAPL,187.82394409179688,0.0030627515707959407,0.0047141533949679355,0.005639176858931527,0.010853662145011189,0.011213503116785456,0.01090488030146242,0.006768837684715919,0.9359090537247557,0.012350502425301675,12.920000076293945,12.74799976348877,-0.004622455166284678
2023-12-01,AAPL,189.09950256347656,0.006791245268794155,0.0046633500386894814,0.005320231000680723,0.010839116661723805,0.012183652813887702,0.011604500914372196,0.007154345428708322,0.9040728159118303,0.012381544814975873,12.630000114440918,12.781999778747558,-0.022445817348339614
2023-12-04,AAPL,187.3097686767578,-0.009464508697572982,0.006782713671498376,0.006243483919929397,0.010583611409906239,0.013725419437489178,0.012484360780504019,0.007654932403743927,0.8903633828452763,0.013424390620020071,13.079999923706055,12.859999847412109,0.03562943825713938
2023-12-05,AAPL,191.25506591796875,0.021062955066798228,0.011900812932203013,0.00880226366843065,0.011063109168431931,0.021817812328883877,0.015083208972725016,0.00936575120892423,1.363332832361793,0.010130843272978392,12.850000381469727,12.892000007629395,-0.01758406296467019
2023-12-06,AAPL,190.16741943359375,-0.005686889804223605,0.011951533806718102,0.008910847472995552,0.011197324429979822,0.013779085875433339,0.014543894714495912,0.009050529026450663,0.8668769774654644,0.011127230894163787,12.970000267028809,12.890000152587891,0.009338512217643702
2023-12-07,AAPL,192.0955810546875,0.010139284777785251,0.012350502425301675,0.009360635216024588,0.010780217761302932,0.007257958671436906,0.0137527858254262,0.0087506397112802,1.0036176800849608,0.011012956548671581,13.0600004196167,12.918000221252441,0.00693910182998847
2023-12-08,AAPL,193.51950073242188,0.007412558216677523,0.012381544814975873,0.008995449463451934,0.009298593522048298,0.011854311198357167,0.013686917502320092,0.008717747321121712,1.1293690533500547,0.011153280449701423,12.350000381469727,12.862000274658204,-0.05436447284339452
2023-12-11,AAPL,191.0177764892578,-0.012927504637494813,0.013424390620020071,0.010287157906328448,0.009865648324974491,0.010715433288647543,0.013084920272551767,0.008405745968842446,1.2958688236802567,0.009768071866222597,12.630000114440918,12.772000312805176,0.022672042455262664
2023-12-12,AAPL,192.5306701660156,0.007920172167027895,0.010130843272978392,0.010464171586210462,0.009781407843883875,0.01540752861463657,0.011802863529702303,0.007300800345518297,1.1098128602233783,0.009497786433432373,12.069999694824219,12.616000175476074,-0.044338908514846676
2023-12-13,AAPL,195.74432373046875,0.016691644825637786,0.011127230894163787,0.010978582293097434,0.010020906452680512,0.0159122741445313,0.012229501183521898,0.0076364185573804064,1.46683117530337,0.006590543550106286,12.1899995803833,12.460000038146973,0.009941995740939458
2023-12-14,AAPL,195.89260864257812,0.0007575438678546487,0.011012956548671581,0.011036168351288846,0.009705433095393852,0.01746500148613562,0.01427090974646164,0.008750370815213694,1.3737356379665293,0.006395799222030649,12.479999542236328,12.343999862670898,0.023789989486111995
2023-12-15,AAPL,195.35867309570312,-0.002725654380606124,0.011153280449701423,0.011203629430218612,0.009284957840418074,0.007086064911598491,0.013317260489109903,0.008364064676935783,2.455093331571033,0.00643800608590288,12.279999732971191,12.329999732971192,-0.016025626330215204
2023-12-18,AAPL,193.6974639892578,-0.008503380372733793,0.009768071866222597,0.011085285626828725,0.009412839655499806,0.011435017102166654,0.013461177251813727,0.008430988645917969,1.0599770672508289,0.005933747231844086,12.5600004196167,12.315999794006348,0.022801359343169958
2023-12-19,AAPL,194.73570251464844,0.005360103865108989,0.009497786433432373,0.009271210278965136,0.009186650364078567,0.005382337490876798,0.011456139027061772,0.007469427049044732,0.7783573820460918,0.004460327878024815,12.529999732971191,12.407999801635743,-0.0023885896212750835
2023-12-20,AAPL,192.6493225097656,-0.01071390596557864,0.006590543550106286,0.009843528834505184,0.009275263173010589,0.01462809022194613,0.011199302242544739,0.007242449668027934,0.9854689785842697,0.0030180650626599193,13.670000076293945,12.703999900817871,0.09098167339325469
2023-12-21,AAPL,192.5010223388672,-0.0007697933684188696,0.006395799222030649,0.009352374955493757,0.00926841675025256,0.018389161525276837,0.011384134250372982,0.007392049371505656,0.8711705021190064,0.0034996291247130448,13.649999618530273,12.93799991607666,-0.0014630912693524012
2023-12-22,AAPL,191.43310546875,-0.005547590642076106,0.00643800608590288,0.009145248625013631,0.009335677432103232,0.01260331799835601,0.012487584867724486,0.007900253027138229,0.6878098417668553,0.015669530438020458,13.029999732971191,13.08799991607666,-0.045421238306660006
2023-12-26,AAPL,190.88926696777344,-0.0028408801061076128,0.005933747231844086,0.008196166416690163,0.00847260317711862,0.005490792757509322,0.011298739998793019,0.007423785873429267,0.5412581280755908,0.015403201697632377,12.989999771118164,13.173999786376953,-0.003069835968746104
2023-12-27,AAPL,190.98814392089844,0.0005179806842765533,0.004460327878024815,0.007717972459963949,0.008270589405816807,0.012477368564665777,0.012717746213550814,0.008021375125501036,0.8919435412983676,0.014423464573117493,12.430000305175781,13.15399990081787,-0.04311004432713539
2023-12-28,AAPL,191.4133148193359,0.002226163832523387,0.0030180650626599193,0.004933253856157172,0.007913419697001623,0.00769710444813639,0.011331549058788868,0.007306759643657805,0.636861284004027,0.01311331013970504,12.470000267028809,12.913999938964844,0.0032180177691847334
2023-12-29,AAPL,190.37506103515625,-0.005424146095372784,0.0034996291247130448,0.004905367477929922,0.007992541499398898,0.013867959205702931,0.010427308594874085,0.0065530899683035005,0.802724878882358,0.021459601354274476,12.449999809265137,12.673999977111816,-0.001603885913022296
2024-01-02,AAPL,183.5621795654297,-0.03578662789486087,0.015669530438020458,0.011511291820690682,0.010269238609312342,0.02450982044127044,0.01280860908345697,0.00863990113620857,1.4998421313548949,0.014334894973555942,13.199999809265137,12.707999992370606,0.06024096477831753
2024-01-03,AAPL,182.1877593994141,-0.007487490992259094,0.015403201697632377,0.011492665257723531,0.010343387575220044,0.013297216863127764,0.01436989390458066,0.009229254244458524,1.0478030253362787,0.01392369953576052,14.039999961853027,12.918000030517579,0.06363637611557316
2024-01-04,AAPL,179.87393188476562,-0.012700235857096231,0.014423464573117493,0.01090500348050449,0.01037464013142172,0.01214881760534236,0.014304183712715976,0.009191659184435977,1.2850252506972628,0.0118889911699727,14.130000114440918,13.257999992370605,0.006410267295756666
2024-01-05,AAPL,179.15211486816406,-0.0040129050887929285,0.01311331013970504,0.010915526442151588,0.010372845186180922,0.014295156433334113,0.015623794109755524,0.009742829835092354,1.0928130901348267,0.011164807601678836,13.350000381469727,13.434000015258789,-0.05520167916870922
2024-01-08,AAPL,183.4830780029297,0.02417478095613168,0.021459601354274476,0.014728182218661677,0.011365405940106273,0.0220953123381077,0.017269264736236474,0.010822245062067545,1.0256549433145055,0.0067287207018979665,13.079999923706055,13.560000038146972,-0.020224752812624813
2024-01-09,AAPL,183.0677795410156,-0.0022634156045030496,0.014334894973555942,0.014743495442736641,0.011311213128749862,0.01307117952318966,0.01498153655262032,0.009301262761710161,0.7498099957339284,0.006873842107932129,12.760000228881836,13.472000122070312,-0.02446480861549971
2024-01-10,AAPL,184.1060333251953,0.005671417366741371,0.01392369953576052,0.015082757339611275,0.01137254302656683,0.013319704038993872,0.01498603398779354,0.00931425490440823,0.8292300449757205,0.017433248846855896,12.6899995803833,13.202000045776368,-0.00548594414129322
2024-01-11,AAPL,183.51275634765625,-0.003222474390565666,0.0118889911699727,0.015018050895161733,0.011359294433275137,0.018481642342001548,0.01625259893512538,0.010041196189003542,0.8733796484359098,0.017845943906834503,12.4399995803833,12.863999938964843,-0.019700552266877946
2024-01-12,AAPL,183.8390350341797,0.0017779618867765912,0.011164807601678836,0.01499845046292199,0.011334268346156669,0.008336935601458697,0.015060954768750296,0.009546824875604145,0.7392585717471357,0.01776632293125243,12.699999809265137,12.733999824523925,0.020900340647264315
2024-01-16,AAPL,181.57469177246097,-0.012316988398561435,0.0067287207018979665,0.015231461063637035,0.011511640152053637,0.018134301271623885,0.014268752555453531,0.00889605037389232,1.1994735721980592,0.013770999332953445,13.84000015258789,12.885999870300292,0.08976380790896399
2024-01-17,AAPL,180.6353302001953,-0.005173416862757518,0.006873842107932129,0.010661452150863405,0.011437162710590087,0.01439670313919454,0.014533857278654508,0.00904327292255349,0.9345334413280426,0.013244202844192794,14.789999961853027,13.291999816894531,0.06864160395890595
2024-01-18,AAPL,186.5187225341797,0.032570551549710114,0.017433248846855896,0.014876959694086516,0.012903775056477452,0.017547566521297346,0.015379429775115205,0.009556395063103837,1.5075097876975283,0.008341685302570297,14.130000114440918,13.579999923706055,-0.04462473624843866
2024-01-19,AAPL,189.41590881347656,0.015532951544668494,0.017845943906834503,0.014351957922973056,0.012628169131516877,0.016339474127765097,0.014950996132267913,0.009279764503710321,1.2962839283782577,0.008428883732438648,13.300000190734863,13.752000045776366,-0.058740263056175857
2024-01-22,AAPL,191.71986389160156,0.012163471867580933,0.01776632293125243,0.014098321169159697,0.012782509685484516,0.015833757975568234,0.01645036060708982,0.009960218476958266,1.1229737059491804,0.005670332810662897,13.1899995803833,13.85,-0.00827072246421412
2024-01-23,AAPL,192.99539184570312,0.006653081888388757,0.013770999332953445,0.012734500059430989,0.012706063889670409,0.009837064458418384,0.014790913244448723,0.009067614308694797,0.7940316213387983,0.007164775598066319,12.550000190734863,13.592000007629395,-0.04852156254805884
2024-01-24,AAPL,192.3230133056641,-0.003483909815715114,0.013244202844192794,0.012818901187293142,0.01264939243198111,0.010488475809367152,0.014009267778483242,0.008657948168370518,0.9901185316508557,0.008402856804880336,13.140000343322754,13.26200008392334,0.04701196363514493
2024-01-25,AAPL,191.99673461914065,-0.0016965140100257958,0.008341685302570297,0.012987756267983031,0.012421709259701348,0.016274417736564628,0.013754638021536699,0.00845455677684641,0.9884679846997075,0.01351371673159967,13.449999809265137,13.126000022888183,0.02359204397585213
2024-01-26,AAPL,190.2663116455078,-0.00901277293629732,0.008428883732438648,0.013479200895663212,0.012445613926245214,0.014655400126101668,0.013417823221204014,0.008205290963044258,0.8065910611897914,0.01351389214592062,13.260000228881836,13.118000030517578,-0.014126363054103419
2024-01-29,AAPL,189.58401489257812,-0.0035860092468754656,0.005670332810662897,0.01366963243772583,0.012033704886073337,0.013665024647007569,0.01298407655549188,0.007925447708687998,0.8427618103355122,0.015512541867232695,13.600000381469727,13.200000190734864,0.02564103670581619
2024-01-30,AAPL,185.9353179931641,-0.01924580456575653,0.007164775598066319,0.01467984871052356,0.012479166175464124,0.023027026088359378,0.015622068881480078,0.009665188737499764,0.986895142589859,0.013632811642011316,13.3100004196167,13.35200023651123,-0.02132352600873144
2024-01-31,AAPL,182.33604431152344,-0.01935766545317108,0.008402856804880336,0.016115723343158094,0.012890702934847328,0.014913232597739391,0.016507020239154527,0.01006804897354767,1.0039401735073625,0.0076361771164317966,14.350000381469727,13.594000244140625,0.07813673396435372
2024-02-01,AAPL,184.76852416992188,0.013340641821989463,0.01351371673159967,0.012728482406757611,0.01313790836254248,0.01675045281922177,0.016602227255685952,0.010145198472982347,1.167556926708971,0.007444033629885347,13.880000114440918,13.680000305175781,-0.03275263097802583
2024-02-02,AAPL,183.76983642578125,-0.005405075072322352,0.01351389214592062,0.0113814159248117,0.013091335360136045,0.04347592986655187,0.022366333203775995,0.015093266738071423,1.7959371164487863,0.006347013675712389,13.850000381469727,13.79800033569336,-0.0021613640290952807
2024-02-05,AAPL,185.5793304443359,0.009846523530456786,0.015512541867232695,0.011058261444708232,0.013149204810012248,0.01816924443299734,0.02326717716097395,0.015429399585117545,1.2123374118247305,0.007164889396111678,13.670000076293945,13.812000274658203,-0.012996411568089838
2024-02-06,AAPL,187.18125915527344,0.008632042733972556,0.013632811642011316,0.01126976250371232,0.013270355678363545,0.013417819573084345,0.021345335857918944,0.014615636110469203,0.7672523863730085,0.006464267506245952,13.0600004196167,13.762000274658202,-0.04462323725477424
2024-02-07,AAPL,187.2899932861328,0.0005809028710999087,0.0076361771164317966,0.011323421033435154,0.013242666415490269,0.012882120237741008,0.020939113385919268,0.014481690167741179,0.934024787950645,0.005875415813433403,12.829999923706055,13.458000183105469,-0.0176110634395672
2024-02-08,AAPL,186.21218872070312,-0.005754736526596305,0.007444033629885347,0.011360487423393413,0.01326999077532109,0.011629073372150004,0.01991483749650491,0.014103122931408868,0.7196145471691683,0.006096510873513314,12.789999961853027,13.240000152587891,-0.0031176899525243718
2024-02-09,AAPL,186.97454833984375,0.004094037153948404,0.006347013675712389,0.011345284937348939,0.013297726111807674,0.010537492342326258,0.013327149991659792,0.008165110260104212,0.7960583518500628,0.0038259863124257584,12.930000305175781,13.056000137329102,0.010946078478523358
2024-02-12,AAPL,185.2914123535156,-0.009001952411559766,0.007164889396111678,0.011573074856055987,0.013372592981030898,0.010045444531792885,0.0117023900114189,0.0070749266838640015,0.7357433967699728,0.0038168626149918407,13.930000305175781,13.108000183105469,0.07733951866959421
2024-02-13,AAPL,183.2023468017578,-0.011274486632829372,0.006464267506245952,0.01049491623183623,0.013481601257967529,0.014591506187833388,0.011937127334368709,0.007230587794969725,1.003452382452759,0.0046813101911371,15.850000381469727,13.666000175476075,0.13783201968635694
2024-02-14,AAPL,182.32122802734375,-0.0048095386865733,0.005875415813433403,0.008564422658326881,0.011825065583451113,0.016779779746436463,0.0127166592361078,0.007791728038383539,0.9634895816477638,0.007649872030667287,14.380000114440918,13.976000213623047,-0.09274449411038432
2024-02-15,AAPL,182.0340881347656,-0.0015749120148262907,0.006096510873513314,0.007173602457742935,0.011747728575878592,0.017078208306454495,0.013806486222968697,0.008498564875404045,1.1669707394586613,0.008977923630653804,14.010000228881836,14.220000267028809,-0.02573017264356725
2024-02-16,AAPL,180.49949645996097,-0.008430243425992412,0.0038259863124257584,0.007417771501672521,0.011613167061162085,0.017442860935524305,0.015187559941608308,0.009270888207838609,0.9027103992002116,0.008795896642381644,14.239999771118164,14.482000160217286,0.016416812168366768
2024-02-20,AAPL,179.75692749023438,-0.0041139669876658624,0.0038168626149918407,0.006202977433151724,0.011614440016794634,0.013383965126993443,0.015855264060648418,0.009575288082934133,0.9794572701143761,0.009469166887856916,15.420000076293945,14.780000114440918,0.082865191302115
2024-02-21,AAPL,180.50938415527344,0.00418596754820455,0.0046813101911371,0.005366351665110562,0.010729956729309207,0.012231217847493212,0.015383206392580385,0.009335627872715746,0.7557531289988756,0.009847088973571434,15.34000015258789,14.67800006866455,-0.005188062471480959
2024-02-22,AAPL,182.53904724121097,0.011244086258649144,0.007649872030667287,0.007078034501486655,0.010934390669607753,0.013559690113410041,0.0147391884659751,0.0089535001075118,0.956418926055686,0.00710723401641047,14.539999961853027,14.710000038146973,-0.05215125050698921
2024-02-23,AAPL,180.7073974609375,-0.01003429024066882,0.008977923630653804,0.007415111850244019,0.01102715152517333,0.015395559351396224,0.014402658674963445,0.008706285724615494,0.8326223302784884,0.0064431623881614376,13.75,14.657999992370605,-0.054332872347019445
2024-02-26,AAPL,179.3609161376953,-0.007451168807481978,0.008795896642381644,0.0070841819227273305,0.011089179221917217,0.011647165862764208,0.013243519660411426,0.007987814844714726,0.7567540242034111,0.012020388747567551,13.739999771118164,14.557999992370606,-0.0007272893732244157
2024-02-27,AAPL,180.8163299560547,0.008114442375183106,0.009469166887856916,0.0078061859539386505,0.011197883844370465,0.02387340794930828,0.015341408224874392,0.009610104171005074,0.9992033068559942,0.011855408415407699,13.430000305175781,14.160000038146972,-0.022561824680231046
2024-02-28,AAPL,179.6183319091797,-0.006625496973454603,0.009847088973571434,0.007344687023580688,0.011037704882587339,0.0164810399324919,0.01619137264187413,0.010052249715147323,0.9062694875227556,0.011976271508352718,13.84000015258789,13.860000038146973,0.030528655107632474
2024-02-29,AAPL,178.95498657226562,-0.0036930826038930054,0.00710723401641047,0.007304758615425849,0.011018470299369988,0.01681885778656632,0.016843206176505386,0.01039361374965316,2.3534447616919927,0.012665485753329514,13.399999618530273,13.631999969482422,-0.03179194575191846
2024-03-01,AAPL,177.87582397460938,-0.00603035779179284,0.0064431623881614376,0.007421876256073346,0.009148414352633144,0.017533083782012144,0.01727071106262857,0.01065302867723684,1.2572404495795362,0.01650359129311772,13.109999656677246,13.50399990081787,-0.021641788814083185
2024-03-04,AAPL,173.36106872558594,-0.025381500128246137,0.012020388747567551,0.010342801492228574,0.00955611303806202,0.017761282135609964,0.018493534317197722,0.011245148700518022,1.418566614247118,0.016241322712500835,13.489999771118164,13.453999900817871,0.02898551673472971
2024-03-05,AAPL,168.43052673339844,-0.028440883691090324,0.011855408415407699,0.012918419554094089,0.010202159847698504,0.014225242407738608,0.016563901208883788,0.009970440896005506,1.6197529619806084,0.0074309101526486,14.460000038146973,13.65999984741211,0.07190513591449865
2024-03-06,AAPL,167.4404754638672,-0.005878098755211725,0.011976271508352718,0.012381999461889453,0.009994480233346849,0.015137256925823114,0.01629514460755003,0.009809474230928983,1.1433664393943372,0.009631796659862244,14.5,13.791999816894531,0.0027662490835065334
2024-03-07,AAPL,167.3216552734375,-0.0007096264514330208,0.012665485753329514,0.010864179719553333,0.010018684635557471,0.01325438008505911,0.015582249067248588,0.009405809897732768,1.17833514849071,0.010086871427173143,14.4399995803833,13.999999809265137,-0.004137959973565475
2024-03-08,AAPL,169.0344696044922,0.010236656625561169,0.01650359129311772,0.012357958410886273,0.01036801226448679,0.027880247325913366,0.017651681776028834,0.011036789916843447,1.2169801174614714,0.009921233823516156,14.739999771118164,14.32599983215332,0.020775637081209553
2024-03-11,AAPL,171.034423828125,0.011831635454663925,0.016241322712500835,0.013645296059650711,0.010725570428544837,0.013487709586423622,0.016796967266191565,0.010591028906593162,0.9482992087060078,0.008844216620115915,15.220000267028809,14.67199993133545,0.032564484624427736
2024-03-12,AAPL,171.5096435546875,0.002778503390873155,0.0074309101526486,0.01318698832950821,0.01078637269431982,0.017433495046728895,0.01743861779398962,0.01094527824278713,0.9301147613239646,0.010505512877653264,13.84000015258789,14.547999954223632,-0.09067017675620026
2024-03-13,AAPL,169.43051147460938,-0.01212253746778491,0.009631796659862244,0.013366767085325188,0.010497268899347822,0.014199777159092285,0.017251121840643455,0.010855204349421305,0.8186213600742751,0.006875345202952727,13.75,14.397999954223632,-0.00650290112685159
2024-03-14,AAPL,171.2819366455078,0.01092734215806157,0.010086871427173143,0.014377049888555036,0.010328806611320717,0.013063552062635464,0.017212956236158726,0.010841521195820015,1.1211845266432692,0.022921643928374175,14.399999618530273,14.389999961853027,0.04727269952947433
2024-03-15,AAPL,170.90573120117188,-0.0021964105013276836,0.009921233823516156,0.01437627371040593,0.009912631563936786,0.013497867552787835,0.01433648028153362,0.008669950520670643,1.7944796691804545,0.023124095936637508,14.40999984741211,14.323999977111816,0.0006944603574132735
2024-03-18,AAPL,171.99481201171875,0.006372406606218073,0.008844216620115915,0.012485748966776192,0.01002814582294481,0.024119286276558488,0.016462795619560593,0.010157863790841748,1.0934776740100365,0.023016063790295232,14.329999923706055,14.145999908447266,-0.005551694972461885
2024-03-19,AAPL,174.3313751220703,0.013585079009199141,0.010505512877653264,0.008580492057054063,0.01020412753131832,0.020331677611462026,0.01704243213250722,0.010551251924813007,0.7976938546879099,0.02104055906789169,13.819999694824219,14.141999816894531,-0.03558968817844477
2024-03-20,AAPL,176.8956298828125,0.014709083542458368,0.006875345202952727,0.00855476451096729,0.010479710070307334,0.020036950062928584,0.01820986671327448,0.011246242732813546,0.765142409631928,0.022853486473558705,13.039999961853027,13.999999809265137,-0.056439924037285816
2024-03-21,AAPL,169.66812133789062,-0.040857473696268576,0.022921643928374175,0.017033418626649713,0.01265606091942863,0.03880497954572492,0.02335815220989237,0.014811567978789434,1.4642550927852396,0.01325593962864007,12.920000076293945,13.703999900817871,-0.009202445238506662
2024-03-22,AAPL,170.569091796875,0.0053101929335923614,0.023124095936637508,0.016823455669441316,0.012740295158011413,0.017355499851114148,0.024129678669557633,0.015098795307195541,0.9639991657815458,0.013357935526064449,13.0600004196167,13.434000015258789,0.010835939821674634
2024-03-25,AAPL,169.15330505371094,-0.008300371000685591,0.023016063790295232,0.016590696711414932,0.012708566662092576,0.014574219515423321,0.0222206653173306,0.014221714915864965,0.7288131451990532,0.013230038525622457,13.1899995803833,13.205999946594238,0.009953993613303291
2024-03-26,AAPL,168.024658203125,-0.006672331056301606,0.02104055906789169,0.016621994817924167,0.012679319526585209,0.01084200262270265,0.020322730319578725,0.013431528572056383,0.7688474529426182,0.013275528413916599,13.239999771118164,13.089999961853028,0.003790765149775055
2024-03-27,AAPL,171.5888671875,0.021212416216114027,0.022853486473558705,0.01765978339320881,0.01333425051979209,0.02013735815779551,0.02034281193855211,0.013438945416937308,0.8014204855767834,0.005970661217521656,12.779999732971191,13.03799991607666,-0.0347432058987206
2024-03-28,AAPL,169.77703857421875,-0.01055912684184468,0.01325593962864007,0.01768012584921661,0.013415700123094005,0.010030331604602875,0.014587882350327703,0.009092986182238931,0.9164793289866433,0.006389200886910652,13.010000228881836,13.055999946594238,0.017996909289228258
2024-04-01,AAPL,168.3414306640625,-0.008455842569834116,0.013357935526064449,0.017847443123689744,0.013461874215296564,0.010409952862250335,0.013198772952554939,0.00827984088006463,0.6578395156395955,0.005988875950148098,13.649999618530273,13.173999786376953,0.04919288073705452
2024-04-02,AAPL,167.16326904296875,-0.006998643271868499,0.013230038525622457,0.017703599934888015,0.013442705781358456,0.006574275257209658,0.011598784100912207,0.007505010912861028,0.7182258985303811,0.006306772897888709,14.609999656677246,13.457999801635742,0.0703296750897886
2024-04-03,AAPL,167.9652099609375,0.004797351251623505,0.013275528413916599,0.017009780305224893,0.013503380275025345,0.012378372651212267,0.011906058106614128,0.007679825667994793,0.7192190606012828,0.007764636021459767,14.329999923706055,13.67599983215332,-0.019164937683158856
2024-04-04,AAPL,167.14346313476562,-0.0048923632838192566,0.005970661217521656,0.015750646831184583,0.013457675113195379,0.018362698200652502,0.011551126115185528,0.007287829281350557,0.8190862887800625,0.021427969689667436,16.350000381469727,14.389999961853027,0.14096304734949738
2024-04-05,AAPL,167.89590454101562,0.00450176986965567,0.006389200886910652,0.00989197127723427,0.013275774592608954,0.008491581706909362,0.011243376135646825,0.0071443457843417425,0.6570332028441457,0.021365758854025738,16.030000686645508,14.994000053405761,-0.019571846321599473
2024-04-08,AAPL,166.77713012695312,-0.0066635003225418155,0.005988875950148098,0.009766400763079006,0.013225707667136828,0.005698969857346401,0.010301179534666038,0.006752077056558688,0.6022660672140872,0.024822956786463464,15.1899995803833,15.302000045776367,-0.05240181349224815
2024-04-09,AAPL,167.9850311279297,0.007242605746106134,0.006306772897888709,0.009923755839177751,0.0133110897340714,0.010196238263740982,0.011025572135972304,0.0070718192049342805,0.6917848972100974,0.02700123601309707,14.979999542236328,15.376000022888183,-0.013824887685854326
2024-04-10,AAPL,166.11380004882812,-0.011139272746727769,0.007764636021459767,0.010317732334843904,0.013265936435902787,0.01180114281764661,0.010910126169259172,0.006997354067543518,0.8182998186743224,0.026725908527871944,15.800000190734863,15.670000076293945,0.05473969783420429
2024-04-11,AAPL,173.3017120361328,0.04327101050720561,0.021427969689667436,0.0162623786590342,0.015671411665944372,0.041704772233535775,0.015578540975835825,0.012463674707164436,1.4530300450905314,0.012152569412895305,14.90999984741211,15.381999969482422,-0.05632913497334324
2024-04-12,AAPL,174.79669189453125,0.008626457527936893,0.021365758854025738,0.015859414592273826,0.015761561282580182,0.02350605394930377,0.01858143542431471,0.013788683052780987,1.5857831362884862,0.006945535164678259,17.309999465942383,15.637999725341796,0.16096577083110009
2024-04-15,AAPL,170.9750213623047,-0.021863517500276708,0.024822956786463464,0.01742746038434479,0.0162062871684324,0.02391571500622228,0.022224784454089885,0.015105395138412922,1.1917062967243628,0.008931205123906067,19.229999542236328,16.445999717712404,0.11091855202373435
2024-04-16,AAPL,167.6978759765625,-0.019167392754978807,0.02700123601309707,0.01849364391405842,0.01592368803639944,0.03241226872187961,0.026667990545717613,0.01717513588439235,1.1964490826358556,0.00825178277035921,18.399999618530273,17.129999732971193,-0.04316172352906522
2024-04-17,AAPL,166.33160400390625,-0.008147222883414407,0.026725908527871944,0.01860986055296563,0.015128242597646122,0.015773773193359375,0.027462516620860168,0.017396729531468733,0.8291096297347214,0.010026069689323389,18.209999084472656,17.61199951171875,-0.010326116195473745
2024-04-18,AAPL,165.38111877441406,-0.005714399468364828,0.012152569412895305,0.018631635136280786,0.015126193376204172,0.01251195175942408,0.021623952526037826,0.013549923790128508,0.7083541982892064,0.009289035760048114,18.0,18.229999542236328,-0.011532075509642303
2024-04-19,AAPL,163.36138916015625,-0.01221257679973009,0.006945535164678259,0.01884120800492848,0.015281876849739506,0.014060557972301187,0.01973485333063731,0.012563436577467803,1.155544628323386,0.005764859662423807,18.709999084472656,18.509999465942382,0.039444393581814285
2024-04-22,AAPL,164.19302368164062,0.005090765484793147,0.008931205123906067,0.018924392802543787,0.015183620552607463,0.015014413225756418,0.017954592974544138,0.011562322135403875,0.8321208138895713,0.010497070512752834,16.940000534057617,18.051999664306642,-0.09460174436266822
2024-04-23,AAPL,165.24252319335938,0.006391864210708809,0.00825178277035921,0.01888308361083733,0.015058835384410916,0.012762162736408398,0.01402457177744989,0.0084388438351587,0.860236004090557,0.01629183182225179,15.6899995803833,17.509999656677245,-0.07378990048797274
2024-04-24,AAPL,167.3414764404297,0.012702258513773712,0.010026069689323389,0.019033412705530713,0.01525330663707391,0.01828183800604771,0.014526184739987558,0.00883293898101841,0.8446045175291347,0.015995735161664953,15.970000267028809,17.061999893188478,0.017845805872141796
2024-04-25,AAPL,168.2028350830078,0.005147311120353049,0.009289035760048114,0.012191341102441324,0.01513305204686065,0.014479997190564885,0.014919793826215718,0.009056425297613612,0.8925668887154461,0.018779834084588085,15.369999885559082,16.535999870300294,-0.03757046784203688
2024-04-26,AAPL,167.61868286132812,-0.0034729035416758425,0.005764859662423807,0.011499441174469003,0.01499794949926309,0.012758438412130592,0.0146593699141816,0.008911171910754218,0.8064171078753559,0.030386333260887115,15.029999732971191,15.8,-0.022121025056567434
2024-04-29,AAPL,171.7769775390625,0.024808062005680753,0.010497070512752834,0.012887283523260091,0.01569379882469867,0.01688756585464695,0.015034000439959708,0.009138048041588435,1.202315266522324,0.0318110280833139,14.670000076293945,15.345999908447265,-0.023952073391426465
2024-04-30,AAPL,168.63844299316406,-0.01827098480170153,0.01629183182225179,0.012737196339940625,0.01600620163217295,0.02929610426537471,0.01834078874575297,0.011489103581943397,1.1461200108710947,0.0282997706017682,15.649999618530273,15.33799991607666,0.06680296776684846
2024-05-01,AAPL,167.61868286132812,-0.0060470205591098836,0.015995735161664953,0.012592846728426923,0.015809197419921636,0.021264064020217768,0.01893723394858698,0.011812328159472682,0.8737467651637892,0.027087042967951048,15.390000343322754,15.22199993133545,-0.01661337262268492
2024-05-02,AAPL,171.3116455078125,0.022031927368977078,0.018779834084588085,0.013969195058252422,0.01611664737007552,0.014621734942759434,0.018965581499025892,0.011827705427931538,1.5784351503129566,0.026915205807203083,14.680000305175781,15.08400001525879,-0.04613385460092079
2024-05-03,AAPL,181.5588836669922,0.05981635474228386,0.030386333260887115,0.021461178525516114,0.017901464172233678,0.023666682420823638,0.021147230300764503,0.012963801418339202,2.482693488979693,0.00788305271481534,13.489999771118164,14.776000022888184,-0.08106270499449886
2024-05-06,AAPL,179.90545654296875,-0.009106836804835594,0.0318110280833139,0.022334155314264154,0.018014149863865316,0.020802369928086123,0.021930191115452337,0.01336973935373137,1.158811376807239,0.009182863289134176,13.489999771118164,14.539999961853027,0.0
2024-05-07,AAPL,180.58859252929688,0.003797194367837209,0.0282997706017682,0.02238799226276499,0.0179123159101383,0.019627120022259376,0.019996394266829268,0.012080979020649737,1.1115367928099174,0.009147961129986393,13.229999542236328,14.055999946594238,-0.01927355324634561
2024-05-08,AAPL,180.92523193359375,0.0018641233069152108,0.027087042967951048,0.022458637487575008,0.017831915895799577,0.00886511068884228,0.01751660360055417,0.010938092930187564,0.6500248535817109,0.009216827238616939,13.0,13.577999877929688,-0.017384697671535276
2024-05-09,AAPL,182.7370758056641,0.010014323887866272,0.026915205807203083,0.022441311917801517,0.017544180804575534,0.01381591239403514,0.017355439090809312,0.010863245443729089,0.7287878878050813,0.009608173684779849,12.6899995803833,13.179999732971192,-0.023846186124361513
2024-05-10,AAPL,181.47796630859375,-0.0068902793344979285,0.00788305271481534,0.022669488918924306,0.0174644455453765,0.01617039828314668,0.01585618226327392,0.009847955095748852,0.7849484497502012,0.0075486062867009835,12.550000190734863,12.99199981689453,-0.011032261172400193
2024-05-13,AAPL,184.6802215576172,0.01764542172341832,0.009182863289134176,0.02219467812933899,0.017556507633633513,0.013313350883507496,0.014358378454358191,0.00887769164710978,1.1153882357603953,0.004932626856928166,13.600000381469727,13.013999938964844,0.08366535257186958
2024-05-14,AAPL,185.8203125,0.006173324532357194,0.009147961129986393,0.02030875645539225,0.01745607545164114,0.010724056149871057,0.012577765679880532,0.007716651524100199,0.8247609632621706,0.004980163418682483,13.420000076293945,13.052000045776367,-0.013235316185802093
2024-05-15,AAPL,188.09066772460935,0.012218014242169284,0.009216827238616939,0.019518152037394078,0.01752492700518046,0.01728862933898692,0.014262469409909457,0.008693208326903928,1.0914603460363401,0.005796164346313866,12.449999809265137,12.942000007629394,-0.07228019832446109
2024-05-16,AAPL,188.20965576171875,0.0006326099989373279,0.009608173684779849,0.01943931195832669,0.01745797287573269,0.0075853480256249,0.013016356536227411,0.008108689174680913,0.8131675244170533,0.011594575345501058,12.420000076293945,12.888000106811523,-0.0024096171430353364
2024-05-17,AAPL,188.2393798828125,0.00015793090409443877,0.0075486062867009835,0.008263030541506244,0.01747261320477469,0.008584847130829906,0.011499246305764056,0.007232728307988158,0.6486582375301936,0.014664752422464431,11.989999771118164,12.776000022888184,-0.034621602458483336
2024-05-20,AAPL,189.39935302734375,0.006162223575393089,0.004932626856928166,0.006950149727248369,0.017360146479048558,0.01523243176495963,0.011883062482054483,0.0075038426005363855,0.6990900355405004,0.014293837492679326,12.149999618530273,12.485999870300294,0.01334444123990064
2024-05-21,AAPL,190.69810485839844,0.006857213661480621,0.004980163418682483,0.0069499889900029475,0.017358106818339533,0.009409916824331465,0.011620234616946565,0.00737712919283617,0.6705734609696858,0.013751271152414651,11.859999656677246,12.173999786376953,-0.023868310366918943
2024-05-22,AAPL,189.26052856445312,-0.007538492818335962,0.005796164346313866,0.008043993184237219,0.017259268893525838,0.013357795355093367,0.010834067820167853,0.006744087013765894,0.5551381825190714,0.013670639717130229,12.289999961853027,12.141999816894531,0.03625635055846632
2024-05-23,AAPL,185.27508544921875,-0.021057973077979186,0.011594575345501058,0.011112017239316868,0.01624231064665409,0.02338396298698627,0.013993790812440126,0.008944207747068958,0.8169234793006727,0.006482412755527531,12.770000457763672,12.211999893188477,0.03905618367782915
2024-05-24,AAPL,188.3484344482422,0.01658803174518475,0.014664752422464431,0.011625768335114547,0.01641246719285167,0.013369873681672417,0.014950796122608629,0.009363527119160166,0.5858154198448662,0.0035860838972792525,11.930000305175781,12.2,-0.06577917952048329
2024-05-28,AAPL,188.35836791992188,5.2739868578122184e-05,0.014293837492679326,0.010579085673577043,0.01575986509181674,0.020527363459783086,0.01600978246157332,0.010044795495094358,0.8540192612992552,0.0031674823005708634,12.920000076293945,12.354000091552734,0.08298405245544349
2024-05-29,AAPL,188.65576171875,0.0015788722429075364,0.013751271152414651,0.010478173055579444,0.01518228170976883,0.014399104471268779,0.017007619990960784,0.010456563788486178,0.8760970921213583,0.0029233408657266,14.279999732971191,12.838000106811524,0.10526313070017856
2024-05-30,AAPL,189.64718627929688,0.005255204248810097,0.013670639717130229,0.0099074239710103,0.015007406510989767,0.008102816913429638,0.01595662430262804,0.010064057261564566,0.8239527671166723,0.006513584889519881,14.470000267028809,13.27400016784668,0.01330535977664793
2024-05-31,AAPL,190.59893798828125,0.005018538517005622,0.006482412755527531,0.009992519639574005,0.014883192742889918,0.013836169893936835,0.01404706568401815,0.008752043846968875,1.2611370306883898,0.007715187918003496,12.920000076293945,13.304000091552734,-0.10711818674023643
2024-06-03,AAPL,192.36366271972656,0.009258838218467957,0.0035860838972792525,0.010286317514489425,0.014547004757079192,0.012729996579099538,0.013919090263503575,0.008679589365855162,0.928474353701258,0.012555823712156548,13.109999656677246,13.539999961853027,0.014705849788028802
2024-06-04,AAPL,192.6809234619141,0.0016492758440027622,0.0031674823005708634,0.01019259259371988,0.014564413300261321,0.011782909560096186,0.012170199483566195,0.007436880070977518,0.9062268951887014,0.035433101674433636,13.15999984741211,13.58799991607666,0.003813897181103032
2024-06-05,AAPL,194.1878662109375,0.007820923431069549,0.0029233408657266,0.01025046789295536,0.014569943069901992,0.010364010976170176,0.011363180784546475,0.006941911074713685,1.0572106573755733,0.03584087697677444,12.630000114440918,13.257999992370605,-0.04027353640702469
2024-06-06,AAPL,192.809814453125,-0.007096487461866308,0.006513584889519881,0.010206283451389084,0.014680235417727713,0.011980676070761337,0.012138752616012816,0.007329631062503722,0.8069743205070588,0.034082397713849945,12.579999923706055,12.879999923706055,-0.00395884325271656
2024-06-07,AAPL,195.19908142089844,0.012391832721535545,0.007715187918003496,0.006734491637424722,0.014744982020711355,0.014221154250788364,0.012215749487383121,0.007386379686939783,1.0364082406944792,0.03639081763603112,12.220000267028809,12.739999961853027,-0.028616825028659476
2024-06-10,AAPL,191.46148681640625,-0.01914760344815858,0.012555823712156548,0.009112237963969093,0.015324718740203637,0.026667405165106527,0.015003231204584517,0.009659079979438148,1.8115500691071034,0.03075380257768593,12.739999771118164,12.66599998474121,0.042553149977613725
2024-06-11,AAPL,205.37098693847656,0.07264907607976645,0.035433101674433636,0.024162630251279668,0.01944127161194597,0.0653149851699152,0.02570964632654832,0.020306174034592693,2.9431632226550763,0.017189842468418873,12.850000381469727,12.604000091552734,0.008634270983343129
2024-06-12,AAPL,211.2401428222656,0.02857831075013184,0.03584087697677444,0.024750287636240164,0.019293092098174383,0.06242081285293151,0.03612100670190059,0.02616439072771669,3.0086723900508083,0.01596283058809829,12.039999961853027,12.486000061035156,-0.06303505023896772
2024-06-13,AAPL,212.40008544921875,0.005491108893677987,0.034082397713849945,0.02474363973253426,0.01912363376909461,0.024038432432959906,0.038532557974340305,0.02675861888008453,1.4556938206713828,0.01539944846444567,11.9399995803833,12.357999992370605,-0.008305679550378975
2024-06-14,AAPL,210.66510009765625,-0.008168477653354378,0.03639081763603112,0.02547751857069876,0.019159565895467676,0.018212598320592546,0.03933084678830114,0.02692570957290053,1.0298318855368016,0.015876357119775385,12.65999984741211,12.445999908447266,0.060301532021133974
2024-06-17,AAPL,214.80923461914065,0.01967167091066968,0.03075380257768593,0.025640567310601235,0.016577921886679434,0.028753384318032503,0.03974804261888633,0.027104244177869115,1.3254621542438574,0.010868906686125317,12.75,12.447999954223633,0.0071090168777756535
2024-06-18,AAPL,212.4496612548828,-0.010984506175637176,0.017189842468418873,0.026471307869045394,0.01663938046896899,0.026272831486325997,0.0319396118821685,0.02132276097119192,1.1027761042393536,0.015792311083731074,12.300000190734863,12.33799991607666,-0.03529410268746169
2024-06-20,AAPL,207.87924194335935,-0.02151295174832113,0.01596283058809829,0.028315515636403905,0.01736441933267359,0.025705835453660755,0.024596616402314343,0.014883298968609961,1.153798312480008,0.010783476850277415,13.279999732971191,12.585999870300293,0.07967475829590032
2024-06-21,AAPL,205.7080841064453,-0.01044432246633653,0.01539944846444567,0.028522197731052773,0.0175813208567118,0.023037248314374245,0.024396379578597215,0.014742986102170503,2.84330208353911,0.012870686410961367,13.199999809265137,12.83799991607666,-0.006024090761646117
2024-06-24,AAPL,206.3524932861328,0.0031326390622259392,0.015876357119775385,0.028472638260892986,0.017550871285180212,0.02935524468275479,0.02662490885102966,0.01596478428696682,0.9329385484066965,0.017362003103347692,13.329999923706055,12.97199993133545,0.009848493660558288
2024-06-25,AAPL,207.27452087402344,0.004468216367088607,0.010868906686125317,0.027108558841611386,0.01742533675616018,0.013249170973459252,0.023524066182115007,0.014398519587549043,0.6349193830904797,0.017516807725239298,12.84000015258789,12.989999961853027,-0.03675917283740937
2024-06-26,AAPL,211.41859436035156,0.019993163987805262,0.015792311083731074,0.01609441569912894,0.017491169477038042,0.019788985794621954,0.022227297043774203,0.013660314469750969,0.750822068475496,0.016749812931446444,12.550000190734863,13.039999961853027,-0.022585666542580096
2024-06-27,AAPL,212.2613220214844,0.0039860621705603005,0.010783476850277415,0.013410701953300904,0.017489209469420643,0.015833719257389467,0.020252873804519945,0.0125644209139267,0.5654521031132375,0.017587536373396367,12.239999771118164,12.831999969482421,-0.024701228279307874
2024-06-28,AAPL,208.81117248535156,-0.016254254441059324,0.012870686410961367,0.014259037567198884,0.017830139401904362,0.027395330007725698,0.021124490143190233,0.013158969280178685,0.9206650075756629,0.009957565176413944,12.4399995803833,12.679999923706054,0.01633985400367921
2024-07-01,AAPL,214.88853454589844,0.029104582806617874,0.017362003103347692,0.016968665095415884,0.018412796490878833,0.025790063842632733,0.020411453975165823,0.012679765500331907,0.6793120608652378,0.007731062823558689,12.220000267028809,12.457999992370606,-0.017684832859754307
2024-07-02,AAPL,218.37831115722656,0.01623993862074924,0.017516807725239298,0.016604975642193178,0.018513182035604574,0.02397057555220195,0.022555734890914364,0.013807446153552307,0.6498967402661795,0.008249874021684025,12.029999732971191,12.295999908447266,-0.015548324869538943
2024-07-03,AAPL,219.6472930908203,0.0058109339103740165,0.016749812931446444,0.01600997612591844,0.018512614308780977,0.011374426710670075,0.020872823074123987,0.01310352671095201,0.42077917076784055,0.017788986099834442,12.09000015258789,12.203999900817871,0.004987566163634494
2024-07-05,AAPL,224.39617919921875,0.02162050823196293,0.017587536373396367,0.014250285690921568,0.01875520900588952,0.021207047492358036,0.0219474887211177,0.013664501166344049,0.6778486112593912,0.016188784281125447,12.479999542236328,12.251999855041504,0.03225801362500036
2024-07-08,AAPL,225.86349487304688,0.006538951238227009,0.009957565176413944,0.012774501624112308,0.018590401732412627,0.02019140530080488,0.020506703779733536,0.012801385152245884,0.6563718701864296,0.01723167596464517,12.369999885559082,12.23799991607666,-0.008814075377564845
2024-07-09,AAPL,226.7160797119141,0.0037747792725266738,0.007731062823558689,0.012740708148681158,0.0178799191267093,0.013249951357103476,0.017998681282627684,0.011301784167910481,0.5355621268487332,0.017313430310108586,12.510000228881836,12.295999908447266,0.01131773198205055
2024-07-10,AAPL,230.97914123535156,0.018803525223506368,0.008249874021684025,0.012913414143540396,0.017925820697634435,0.016439187489443036,0.016492403670075904,0.010252414240155494,0.7112869991711948,0.01984712606428258,12.850000381469727,12.460000038146973,0.02717826909410692
2024-07-11,AAPL,225.6156311035156,-0.023220755359770417,0.017788986099834442,0.016333147303173666,0.018721714656070757,0.029089927952395116,0.020035503918420912,0.012486815852394997,0.7828025523166978,0.019201965027446227,12.920000076293945,12.626000022888183,0.00544744690631771
2024-07-12,AAPL,228.5601043701172,0.013050838952069821,0.016188784281125447,0.01642077280407622,0.01874121577003078,0.01717709217138857,0.01922951285422702,0.012003004561450427,0.7034327928721179,0.01734005620007348,12.460000038146973,12.622000122070313,-0.035603717912586985
2024-07-15,AAPL,232.3869476318359,0.016743268788159682,0.01723167596464517,0.01428274128606446,0.018830311876396954,0.017662113896968527,0.01872365457345975,0.011680097356574428,0.8503987748428941,0.012866687813048646,13.119999885559082,12.772000122070313,0.0529694899993165
2024-07-16,AAPL,232.80337524414065,0.001791957838202185,0.017313430310108586,0.012952940768143148,0.018851019484246098,0.01677881917432296,0.019429428136903647,0.012002955180326848,0.5979441783414156,0.01352271911694046,13.1899995803833,12.907999992370605,0.0053353426398474735
2024-07-17,AAPL,226.9143829345703,-0.025295991964869757,0.01984712606428258,0.016288364151258276,0.019734254748670414,0.021059101806147826,0.020353411000244605,0.012498565540342791,0.8135810068951487,0.01464342848776351,14.479999542236328,13.233999824523925,0.09780136488947022
2024-07-18,AAPL,222.25469970703125,-0.02053498402030629,0.019201965027446227,0.017997097721169638,0.02029907439155228,0.0364439220085137,0.021824209811468317,0.013782605175713003,0.9461851856176975,0.01319502192166928,15.930000305175781,13.835999870300293,0.1001381774018697
2024-07-19,AAPL,222.3835906982422,0.0005799247052180601,0.01734005620007348,0.01653121490647967,0.020307014369008853,0.015692587538553352,0.021527308884901276,0.013650902234099165,0.7234619194294084,0.013408464094273567,16.520000457763672,14.647999954223632,0.037037045906157084
2024-07-22,AAPL,222.03662109375,-0.0015602302463179063,0.012866687813048646,0.016330144869422237,0.02022085044024718,0.020941249780360306,0.02218313606157963,0.013971831447326138,0.8273688901003344,0.013683146857075718,14.90999984741211,15.005999946594239,-0.09745766136434542
2024-07-23,AAPL,223.07760620117188,0.004688348716054058,0.01352271911694046,0.01636598817476489,0.020171414340338912,0.018932535752297856,0.022613879377174607,0.01416744446482394,0.7107742409593744,0.01333260629107207,14.720000267028809,15.31200008392334,-0.012743097406287318
2024-07-24,AAPL,216.66314697265625,-0.028754384349682582,0.01464342848776351,0.016718052719388404,0.020633253533311306,0.03509654253033231,0.025421367522011507,0.015990684209935328,1.0927860582110727,0.00721522246620101,18.040000915527344,16.024000358581542,0.22554351822499452
2024-07-25,AAPL,215.62217712402344,-0.0048045542732017,0.01319502192166928,0.015619257823543677,0.01614869211067441,0.02864504496287743,0.02386159211288425,0.014858389419589882,0.9211361668796636,0.011342364350860303,18.459999084472656,16.530000114440917,0.023281493771090345
2024-07-26,AAPL,216.0881500244141,0.002161062032699057,0.013408464094273567,0.014613917660452846,0.0153351461028217,0.01596628224964497,0.023916331055102578,0.014884467922139984,0.7511628667018282,0.011669118912384495,16.389999389648438,16.50399990081787,-0.11213433355830271
2024-07-29,AAPL,216.36573791503903,0.0012846048734906912,0.013683146857075718,0.012690830927147493,0.015310652599219623,0.016266509175234933,0.0229813829340775,0.01447540635644222,0.68421190976576,0.02525485074686614,16.600000381469727,16.842000007629395,0.012812751655983723
2024-07-30,AAPL,216.9209442138672,0.0025660546081753832,0.01333260629107207,0.012752927507636526,0.015220683237447552,0.019241346687144764,0.023043145121046885,0.014508024145532704,0.798798765389236,0.024545342816822226,17.690000534057617,17.436000061035156,0.06566265828551643
2024-07-31,AAPL,220.1727600097656,0.014990787577857656,0.00721522246620101,0.012682558786501388,0.015046608449460267,0.01436420395850399,0.01889667740668122,0.011765046670167662,0.9672114463364303,0.02391389055603437,16.360000610351562,17.1,-0.07518371303299154
2024-08-01,AAPL,216.48472595214844,-0.0167506373515669,0.011342364350860303,0.012144185638109962,0.015239669031187621,0.03416372702979577,0.02000041382006489,0.012717992849776627,1.179506840039446,0.02645330432722382,18.59000015258789,17.126000213623048,0.13630803539367387
2024-08-02,AAPL,217.97183227539065,0.006869336008356264,0.011669118912384495,0.012482999800638318,0.01468133516297799,0.035886470334508785,0.023984451437037653,0.01532126103916133,1.9108509336405362,0.02734662937841627,23.389999389648438,18.526000213623046,0.2582032919667483
2024-08-05,AAPL,207.4727783203125,-0.04816702160769748,0.02525485074686614,0.019214705285626785,0.01716195724618619,0.0836240246701371,0.03745595453601809,0.027260306577294252,2.0516306493010816,0.010528714962246881,38.56999969482422,22.920000076293945,0.648995327118046
2024-08-06,AAPL,205.4502716064453,-0.009748299175637798,0.024545342816822226,0.018811133681741435,0.017252862040168532,0.04304395286806406,0.042216475772201945,0.029192259160444024,1.1737383077733403,0.004033418420313077,27.709999084472656,24.923999786376953,-0.2815660019776688
2024-08-07,AAPL,208.01808166503903,0.01249845054238996,0.02391389055603437,0.018278414701855154,0.0173863660613257,0.034553425540573765,0.0462543200886159,0.030385935014137704,1.0694131759271754,0.006564080693966097,27.850000381469727,27.221999740600587,0.005052374652567915
2024-08-08,AAPL,211.4781036376953,0.016633275073787868,0.02645330432722382,0.019385483676109275,0.017265315275632298,0.025174605872434298,0.044456495857143605,0.029789429994773138,0.8059491881054518,0.006067024221721235,23.790000915527344,28.261999893188477,-0.1457809483063327
2024-08-09,AAPL,214.38291931152344,0.01373577511743096,0.02734662937841627,0.019982392639047813,0.017430884833639183,0.022243791326326923,0.04172796005550723,0.028849774085395293,0.7279404249924212,0.0061041950589207205,20.3700008392334,27.658000183105468,-0.1437578791374391
2024-08-12,AAPL,215.9114532470703,0.00712992406510593,0.010528714962246881,0.020128889829740086,0.017177774422343372,0.01797447903857777,0.028598050929195366,0.01811116171252113,0.6701717182744938,0.007583404632172358,20.709999084472656,24.086000061035158,0.01669112573546916
2024-08-13,AAPL,219.62364196777344,0.017193107011582276,0.004033418420313077,0.020856339474633948,0.016641244823143178,0.013015794401423662,0.022592419235867287,0.014297319572225617,0.7775207776951045,0.005469041198838706,18.1200008392334,22.168000411987304,-0.12506027811373066
2024-08-14,AAPL,220.07029724121097,0.0020337303827384634,0.006564080693966097,0.02031633866158702,0.016388781526023438,0.015018950986473874,0.01868552432504731,0.01160843722807436,0.7490208958847281,0.0058773487183709444,16.190000534057617,19.836000442504883,-0.10651215318914042
2024-08-15,AAPL,223.0479736328125,0.013530569226876787,0.006067024221721235,0.019767913736633953,0.016536786220044758,0.011525505440594866,0.01595570423867942,0.009894179258634445,0.843284204436917,0.00527726980336365,15.229999542236328,18.12400016784668,-0.05929592094835401
2024-08-16,AAPL,224.3680877685547,0.005918521088720485,0.0061041950589207205,0.0197504269438148,0.016092562789512987,0.014067719051709997,0.014320489783756038,0.008715250889981992,0.8091424287722012,0.006704039894710084,14.800000190734863,17.010000038146973,-0.028233707447526624
2024-08-19,AAPL,224.2092437744141,-0.0007079616166468794,0.007583404632172358,0.008653630112823043,0.016047254947465575,0.013059507791412356,0.013337495534322955,0.008068978445407899,0.7476172202331336,0.006659356319540702,14.649999618530273,15.798000144958497,-0.01013517366699046
2024-08-20,AAPL,224.82464599609375,0.0027447673937066597,0.005469041198838706,0.006458674618325822,0.01603973711957472,0.007593489304734446,0.01225303451498511,0.007547405540453558,0.5617142229993786,0.006733273674090481,15.880000114440918,15.35,0.08395908040535782
2024-08-21,AAPL,224.71548461914065,-0.000485540081557545,0.0058773487183709444,0.006977363011293149,0.01563514091968775,0.012941664111178995,0.011837577139926135,0.007260083280648533,0.6610713308810757,0.007679056802922231,16.270000457763672,15.365999984741212,0.024559215397492062
2024-08-22,AAPL,222.85939025878903,-0.008259752831441203,0.00527726980336365,0.007850772621309173,0.015125514247442287,0.01977465134077932,0.013487406319963025,0.008419221150973674,0.8369971060154576,0.008230925015493412,17.549999237060547,15.829999923706055,0.07867232595473528
2024-08-23,AAPL,225.15219116210935,0.010288105431222272,0.006704039894710084,0.007506492540146107,0.01504966114033724,0.01714864861774237,0.0141035922331695,0.008821828412191857,0.7429564045468725,0.008177109047133379,15.859999656677246,16.04199981689453,-0.09629627657273676
2024-08-26,AAPL,225.4896545410156,0.0014988234276755996,0.006659356319540702,0.0075349961863165815,0.014704633848750363,0.01492208600643128,0.014476107876173285,0.00903665916674644,0.5910823291450628,0.015419093453177615,16.149999618530273,16.341999816894532,0.018284991685414864
2024-08-27,AAPL,226.33334350585935,0.0037415861342333656,0.006733273674090481,0.006046121504525372,0.014721229822589416,0.01736616557060981,0.016430643129348353,0.009973628332168524,0.6979259124023796,0.01488593704261891,15.430000305175781,16.251999855041504,-0.044582001879948985
2024-08-28,AAPL,224.80479431152344,-0.006753530746548386,0.007679056802922231,0.006798762945733928,0.01403182149656349,0.018455595537068728,0.017533429414526302,0.010568789879823851,0.7477564427873137,0.015995294638892935,17.110000610351562,16.419999885559083,0.10887882514248881
2024-08-29,AAPL,228.0802459716797,0.014570203763614176,0.008230925015493412,0.00699715322184826,0.013739531075674837,0.017581241151359516,0.017094747376642343,0.010294153759055224,1.0307303039232896,0.012387064198955784,15.649999618530273,16.039999961853027,-0.0853302711712346
2024-08-30,AAPL,227.2961273193359,-0.0034379069042267396,0.008177109047133379,0.00707801508937109,0.013762880602180581,0.012751083707184687,0.01621523439453081,0.00981754752944127,1.1102230112925093,0.012842060068150333,15.0,15.868000030517578,-0.041533522963198455
2024-09-03,AAPL,221.1125030517578,-0.027205145729960134,0.015419093453177615,0.011499949377531316,0.01468166995947771,0.03514836683972103,0.020260490561188754,0.012938442578140091,1.1339441059672672,0.006252069971066213,20.719999313354492,16.78199996948242,0.38133328755696616
2024-09-04,AAPL,219.20675659179688,-0.00861889958124551,0.01488593704261891,0.011613470220337888,0.014735025706055256,0.01947024194213673,0.02068130583549414,0.013155853366660012,1.0202286637567166,0.007598913715306334,21.31999969482422,17.95999984741211,0.028957548327861904
2024-09-05,AAPL,220.72537231445312,0.006927777894566445,0.015995294638892935,0.011984630798303331,0.013783143372545563,0.01780731796082521,0.020551650320245436,0.013093021784533393,0.8796301245582528,0.007004720390611304,19.899999618530273,18.51799964904785,-0.06660413211162819
2024-09-06,AAPL,219.1769866943359,-0.007014987012509466,0.012387064198955784,0.011915480539012629,0.013819513717333849,0.024771311653258812,0.021989664420625298,0.013890385354937862,1.1615294202307562,0.005862882152812785,22.3799991607666,19.863999557495116,0.12462309496363155
2024-09-09,AAPL,219.26632690429688,0.0004076167452997659,0.012842060068150333,0.01120883235662466,0.013816561558010327,0.020641878968815138,0.023567823472951385,0.014576940889665938,1.5645844046474537,0.014458700823291025,19.450000762939453,20.753999710083008,-0.13092039802055044
2024-09-10,AAPL,218.47227478027344,-0.0036214047785367853,0.006252069971066213,0.011117957755652228,0.013836958534058067,0.02158011897155324,0.02085417389931783,0.012612781355992272,1.182843981913545,0.01473673994842506,19.079999923706055,20.42599983215332,-0.019023178648836292
2024-09-11,AAPL,221.0032958984375,0.011585090697250333,0.007598913715306334,0.011903224357872194,0.013982475746515668,0.023353978544495547,0.021630921219789594,0.013097903854510099,1.021757470698185,0.016489797326742467,17.690000534057617,19.7,-0.07285112134206173
2024-09-12,AAPL,221.1125030517578,0.0004941426455942199,0.007004720390611304,0.01182339871831749,0.013720232463004994,0.016743707213728178,0.021418199070370188,0.013012728881844971,0.8627856484799679,0.0240605794937004,17.06999969482422,19.13400001525879,-0.035048096128643014
2024-09-13,AAPL,220.8444976806641,-0.0012120769626083883,0.005862882152812785,0.010393239074100788,0.013345092764971245,0.009572987074262563,0.018378534154570934,0.011502780112031742,0.8564307017219995,0.024194709330438595,16.559999465942383,17.970000076293946,-0.029876991095463934
2024-09-16,AAPL,214.71047973632812,-0.0277752808367705,0.014458700823291025,0.012988510040071084,0.014264796644795161,0.015255191105886814,0.01730119658198527,0.010860000939725415,1.358886991669928,0.018246345952299084,17.139999389648438,17.50799980163574,0.03502415111177348
2024-09-17,AAPL,215.17694091796875,0.002172512409331251,0.01473673994842506,0.010676205933423714,0.011051236450772734,0.01107059352742688,0.01519929149316,0.009641849968923298,1.0363556512190686,0.0180864209890272,17.610000610351562,17.213999938964843,0.027421309068831112
2024-09-18,AAPL,219.0479431152344,0.01798985607264192,0.016489797326742467,0.012230350435441024,0.011255599428442618,0.023426586481220524,0.015213813080504995,0.009624733443205033,1.3192051101415314,0.01829243843190811,18.229999542236328,17.321999740600585,0.03520720672322497
2024-09-19,AAPL,227.16709899902344,0.037065656807002245,0.0240605794937004,0.016936334010430126,0.01281621079533035,0.022676639804832574,0.016400399598725874,0.010480893837506446,1.4207863722900564,0.00548033386981257,16.329999923706055,17.173999786376953,-0.10422378860340853
2024-09-20,AAPL,226.5020751953125,-0.0029274653180026977,0.024194709330438595,0.016715409685426154,0.012595372040895102,0.023970207247389935,0.01927984363335135,0.011997711947500192,5.245562368559471,0.005459396383174544,16.149999618530273,17.091999816894532,-0.011022676424785383
2024-09-23,AAPL,224.7849578857422,-0.0075810224170778095,0.018246345952299084,0.017062552820699198,0.012533022095241604,0.01607276623847896,0.019443358659869778,0.012061772083353487,0.8800547153288089,0.010253947481259006,15.890000343322754,16.842000007629395,-0.01609902670890473
2024-09-24,AAPL,225.67825317382812,0.0039739994014189595,0.0180864209890272,0.016922374148208363,0.012498692678326947,0.01592123170918311,0.02041348629622102,0.0124424463804445,0.7005582691573239,0.018808584757670003,15.390000343322754,16.397999954223632,-0.031466330345934046
2024-09-25,AAPL,224.68569946289065,-0.004398091960473249,0.01829243843190811,0.016815611393307874,0.01218462347093504,0.01444532881656447,0.018617234763289813,0.011409104611772252,0.677024559256431,0.01873942516124696,15.40999984741211,15.83400001525879,0.0012995129072905787
2024-09-26,AAPL,225.8271484375,0.005080203045133569,0.00548033386981257,0.016839159881208,0.012207662097558433,0.013581207277889636,0.016798148257901224,0.010290940539687009,0.5869258344241061,0.018661168376903556,15.369999885559082,15.642000007629395,-0.002595714617073419
2024-09-27,AAPL,226.0951232910156,0.0011866370158313266,0.005459396383174544,0.01680158300267596,0.01197421107619753,0.009745824163199909,0.01395327164106322,0.008487600117025911,0.5530225348637752,0.018875245332859995,16.959999084472656,15.803999900817871,0.10344822451218505
2024-09-30,AAPL,231.2663726806641,0.022872007650480697,0.010253947481259006,0.01408193301586644,0.012620324660505763,0.01437770859877963,0.013614260113123356,0.008289873997779034,0.8853502445463538,0.015258336417759782,16.729999542236328,15.971999740600586,-0.013561294495994303
2024-10-01,AAPL,224.52688598632812,-0.029141662993270256,0.018808584757670003,0.01826836678686673,0.013774648294748233,0.02612611391146733,0.0156552365535802,0.009974759533127407,1.0164696676119291,0.01501069729352028,19.260000228881836,16.7459997177124,0.15122538887453651
2024-10-02,AAPL,225.0926513671875,0.0025198112839539544,0.01873942516124696,0.017634843547507058,0.013773241960261164,0.019181545410272203,0.016602479872321742,0.010548214705440649,0.5328104712847863,0.016897002285951444,18.899999618530273,17.443999671936034,-0.018691620253031727
2024-10-03,AAPL,223.9908905029297,-0.004894699394075497,0.018661168376903556,0.012967270039348276,0.013803543334610398,0.015465016451864537,0.016979241707116725,0.010734928922220907,0.5528175643742318,0.016640036623214463,20.489999771118164,18.46799964904785,0.08412699389840173
2024-10-04,AAPL,225.1124725341797,0.005007266271997546,0.018875245332859995,0.013100806599161146,0.01374270008254986,0.017063470304734867,0.018442770935423715,0.011382663445244773,0.6103335776627523,0.017096942185838616,19.209999084472656,18.91799964904785,-0.06246953152482426
2024-10-07,AAPL,220.04051208496097,-0.022530783799412202,0.015258336417759782,0.01474382107452859,0.014228291811184932,0.019667105247580585,0.019500650265183904,0.01191162226180331,0.6623928327825884,0.011917792778343126,22.639999389648438,20.099999618530273,0.17855286145995874
2024-10-08,AAPL,224.09017944335935,0.01840418984679859,0.01501069729352028,0.01604570022299525,0.014645687215595162,0.012091932833754595,0.016693814049641358,0.010174012562946633,0.5431151585983316,0.010801631978852892,21.420000076293945,20.531999588012695,-0.05388689691892423
2024-10-09,AAPL,227.83209228515625,0.016698245550482493,0.016897002285951444,0.016855715179080577,0.01495085595370456,0.02143416534308389,0.0171443380362037,0.010506935281348679,0.5781215108286668,0.011165494837354692,20.860000610351562,20.923999786376953,-0.026143765823892218
2024-10-10,AAPL,227.3358154296875,-0.00217825702468466,0.016640036623214463,0.01684165307890602,0.014899374559126833,0.010172903856768363,0.01608591551718446,0.01002802389420193,0.4889550309184881,0.010938178749857074,20.93000030517578,21.011999893188477,0.0033556899700895038
2024-10-11,AAPL,225.85693359375,-0.006505274292756158,0.017096942185838616,0.016996680834868123,0.014707760670844356,0.009096933845120267,0.014492608225261544,0.009238345101061118,0.5533935413722624,0.010163205018034837,20.459999084472656,21.261999893188477,-0.022455863060207304
2024-10-14,AAPL,229.57904052734375,0.016479932116180818,0.011917792778343126,0.016140627420876283,0.015004153718610578,0.013532164214122424,0.01326562001856991,0.008440186209824603,0.7069271937895072,0.008558231884447804,19.700000762939453,20.67400016784668,-0.037145569674535084
2024-10-15,AAPL,232.11004638671875,0.011024551080801137,0.010801631978852892,0.012931376236813305,0.014175650854244402,0.021894420536000138,0.01522611755901902,0.009738839822056278,1.1285108127298147,0.008108985905641445,20.639999389648438,20.518000030517577,0.047715664482478326
2024-10-16,AAPL,230.055419921875,-0.008851949740342313,0.011165494837354692,0.01350491714908651,0.014181572535790157,0.009836909100460723,0.012906666310494386,0.00825052983048217,0.6076655231180144,0.01288437936374809,19.579999923706055,20.261999893188477,-0.051356564791082526
2024-10-17,AAPL,230.42271423339844,0.0015965470913408275,0.010938178749857074,0.013276599336410571,0.014147276826268894,0.0143441822899186,0.013740921997124433,0.008683203545562774,0.6065289856764243,0.01281642776101353,19.110000610351562,19.897999954223632,-0.024004050826652468
2024-10-18,AAPL,233.25146484375,0.012276353135421747,0.010163205018034837,0.013598996062912884,0.01418382683352206,0.009234034761469242,0.013768342180394227,0.008695826577482616,1.1384368538574305,0.010980398883837025,18.030000686645508,19.412000274658205,-0.05651490786039204
2024-10-21,AAPL,234.7204437255859,0.0062978334683554404,0.008558231884447804,0.01001865667186157,0.014199293432678244,0.010148888695171485,0.013091687076604042,0.008352218175738375,0.9088451240620159,0.011504638301230653,18.3700008392334,19.14600028991699,0.018857467534081795
2024-10-22,AAPL,234.10508728027344,-0.0026216567911395705,0.008108985905641445,0.009437902124680141,0.014185913384197373,0.015348067106842113,0.011782416390772436,0.007259404351352512,0.9796077493881014,0.01162348184465337,18.200000762939453,18.658000564575197,-0.009254222565459602
2024-10-23,AAPL,229.04302978515625,-0.02162301363855812,0.01288437936374809,0.011462123321954086,0.014729960165536902,0.03198130117217475,0.01621129480511524,0.01090977378994353,1.3021560024580259,0.00896087101452964,19.239999771118164,18.590000534057616,0.05714280025176999
2024-10-24,AAPL,228.8544464111328,-0.0008233534729275016,0.01281642776101353,0.011433744022412973,0.014734398549319808,0.010452372752543357,0.015432932897640191,0.010589226364011065,0.7801204755074971,0.011967153773644304,19.079999923706055,18.584000396728516,-0.008316000484173136
2024-10-25,AAPL,229.6882171630859,0.0036432359739047016,0.010980398883837025,0.011167982972803874,0.014733057186705556,0.015772844037519936,0.01674069475285033,0.011132600661217061,0.9672372779069428,0.011647650873626701,20.329999923706055,19.044000244140626,0.06551362709634656
2024-10-28,AAPL,231.66336059570312,0.0085992370745549,0.011504638301230653,0.010252832644868117,0.013709167149687071,0.009340157381272604,0.016578948490070553,0.011078468391577403,0.9207327978927328,0.008154895293601883,19.799999237060547,19.329999923706055,-0.026069881388808724
2024-10-29,AAPL,231.93136596679688,0.001156874226483584,0.01162348184465337,0.00963171500662672,0.013711582114214077,0.008601850997502564,0.015229705268202645,0.010530045711140624,0.9369505694369122,0.010085820291959369,19.34000015258789,19.55799980163574,-0.023232277888761477
2024-10-30,AAPL,228.3879547119141,-0.015277844116134198,0.00896087101452964,0.010463725838589979,0.01376858136105721,0.017036062863821966,0.012240657606532089,0.007629628702655532,1.2223028217464988,0.00959458254673949,20.350000381469727,19.779999923706054,0.05222338267389759
2024-10-31,AAPL,224.2291259765625,-0.01820949244279313,0.011967153773644304,0.011777447642756358,0.012481162929551856,0.019742404681370205,0.014098663992297459,0.008829821118735037,1.608194709929544,0.013148958827921888,23.15999984741211,20.595999908447265,0.13808350925148427
2024-11-01,AAPL,221.25144958496097,-0.013279614673754603,0.011647650873626701,0.010918069459083088,0.01269590197229312,0.022789474440792927,0.015501990072952058,0.009875099905513579,1.5756703998200245,0.010632751246007897,21.8799991607666,20.905999755859376,-0.055267732948130144
2024-11-04,AAPL,220.3581390380859,-0.004037535340675968,0.008154895293601883,0.010170887102271058,0.012646094644998404,0.013873188813446838,0.016408596359386903,0.010257530645839128,1.077809761642999,0.012547271163245607,21.979999542236328,21.341999816894532,0.004570401522182799
2024-11-05,AAPL,221.78741455078125,0.006486148044880347,0.010085820291959369,0.010912393549668126,0.012685580920540512,0.012575509496402756,0.01720332805916694,0.010552942843750782,0.6771747149210632,0.012336558489782363,20.489999771118164,21.571999740600585,-0.06778888999770039
2024-11-06,AAPL,221.06283569335935,-0.0032669971778583884,0.00959458254673949,0.009291945699115218,0.012675277010862653,0.021910941343686187,0.018178303755139784,0.011181902673932221,1.281946847034706,0.012136947506630342,16.270000457763672,20.755999755859374,-0.20595409275225196
2024-11-07,AAPL,225.7874298095703,0.02137217728792984,0.013148958827921888,0.012198817663192703,0.013256673105803833,0.0145507192753698,0.017139966673939706,0.010619643068417981,0.9740830977070927,0.00931920660968696,15.199999809265137,19.16399974822998,-0.06576525005492273
2024-11-08,AAPL,225.51914978027344,-0.0011881973656511224,0.010632751246007897,0.012077172803599682,0.013256923264763172,0.009913640876987583,0.014564799961178635,0.009073575455811937,0.8793567578090093,0.011565450102556472,14.9399995803833,17.77599983215332,-0.017105278430553206
2024-11-11,AAPL,222.8064727783203,-0.012028588279958119,0.012547271163245607,0.011870203882476815,0.012700258467490027,0.01873075426244757,0.015536313050978783,0.009685168210786152,0.9613697601175827,0.011472336505507314,14.970000267028809,16.373999977111815,0.002008078145122605
2024-11-12,AAPL,222.8064727783203,0.0,0.012336558489782363,0.011821769196970323,0.011548775355784639,0.009945126744990363,0.015010236500696304,0.00945624923700063,0.9510890133178076,0.011398693048643313,14.710000038146973,15.218000030517578,-0.017368084451840793
2024-11-13,AAPL,223.6908264160156,0.003969155952552539,0.012136947506630342,0.011327776317598922,0.011563532057410321,0.017279670726820497,0.014083982377323164,0.008757127365613007,1.1242166817688921,0.011398611806711317,14.020000457763672,14.768000030517578,-0.04690683742990798
2024-11-14,AAPL,226.77117919921875,0.013770581621771028,0.00931920660968696,0.010748270377323888,0.011798828480674723,0.016957300396493326,0.014565298601547871,0.00906769693122601,1.0257408461946993,0.00992998706317468,14.3100004196167,14.59000015258789,0.020684732695029018
2024-11-15,AAPL,223.5715789794922,-0.01410937770410281,0.011565450102556472,0.010874757376913635,0.012059163417947594,0.011777750651041608,0.014938120556358675,0.009226217701759248,1.0923739177112977,0.005873835827743062,16.139999389648438,14.830000114440917,0.1278825238553527
2024-11-18,AAPL,226.5724334716797,0.013422343331317421,0.011472336505507314,0.011350076970091827,0.01153423148569373,0.020042133315452813,0.015200396366959723,0.009422984401264404,1.0077577138553053,0.005730289417944998,15.579999923706055,14.952000045776368,-0.03469637466662756
2024-11-19,AAPL,226.8307647705078,0.0011401709151894757,0.011398693048643313,0.0112851152322074,0.011058889602794558,0.01533204844364762,0.016277780706691176,0.009930345482175182,0.8200438557854377,0.005807134871221964,16.350000381469727,15.280000114440918,0.04942236595213734
2024-11-20,AAPL,227.54620361328125,0.003154064412282276,0.011398611806711317,0.011114030328934927,0.010641904929587881,0.01764189207918262,0.0163502249771636,0.00998298332137535,0.8121840540384504,0.006444517411194686,17.15999984741211,15.907999992370605,0.049541250583724494
2024-11-21,AAPL,227.0692596435547,-0.0020960313209054116,0.00992998706317468,0.009084272752000225,0.010641331694025513,0.0194731177360585,0.016853388445076636,0.010304223325981032,0.9602270706031409,0.00522369477003128,16.8700008392334,16.420000076293945,-0.016899709251596895
2024-11-22,AAPL,228.41065979003903,0.005907449333256487,0.005873835827743062,0.009205096585787793,0.010620336072228773,0.011571774127168337,0.01681219314030198,0.010291902486108088,0.8710099373036603,0.00517998136644449,15.239999771118164,16.24000015258789,-0.0966212796103989
2024-11-25,AAPL,231.39161682128903,0.013050866513805381,0.005730289417944998,0.008560159772311029,0.010458859840388173,0.015072764119179816,0.015818319301047386,0.00966362381323409,1.9377687119719327,0.005117503407024491,14.600000381469727,16.044000244140626,-0.041994711237550164
2024-11-26,AAPL,233.56771850585935,0.009404410213577297,0.005807134871221964,0.008610191730705402,0.01040570226532946,0.009529505302601188,0.014657810672838095,0.009112206906604765,0.9773385990853829,0.00585261997093388,14.100000381469727,15.594000244140625,-0.0342465744476691
2024-11-27,AAPL,233.43853759765625,-0.0005530768936283792,0.006444517411194686,0.008773629922148838,0.010264434088366206,0.008002404722359309,0.012729913201473434,0.00806172713523366,0.7223553791630413,0.0056475987292638336,14.100000381469727,14.982000350952148,0.0
2024-11-29,AAPL,235.8233184814453,0.010215883411244464,0.00522369477003128,0.008412268756109549,0.010414625480778154,0.016179986972840277,0.012071287048829787,0.007524084869079066,0.6388912909691614,0.006127173681135122,13.510000228881836,14.310000228881837,-0.041843981320970114
2024-12-02,AAPL,238.0689697265625,0.00952260047724618,0.00517998136644449,0.005635094746255884,0.01032193956495359,0.01515083968240516,0.012787100159877152,0.007972217743152168,1.1009702455958823,0.00789542810645138,13.34000015258789,13.930000305175781,-0.012583277084667777
2024-12-03,AAPL,241.1095428466797,0.012771816182552076,0.005117503407024491,0.005547020151427163,0.01050828201270673,0.015907688882935884,0.012954085112628366,0.008093451691694606,0.8950381705761585,0.006907756178924737,13.300000190734863,13.670000267028808,-0.002998497855734139
2024-12-04,AAPL,241.46725463867188,0.0014836069438348698,0.00585261997093388,0.005512813365310451,0.010486887649561237,0.01176906577919,0.013401997207946128,0.008302887375949405,1.003436660744092,0.008099665528040872,13.449999809265137,13.54000015258789,0.01127816664504766
2024-12-05,AAPL,241.49705505371097,0.0001234138976056176,0.0056475987292638336,0.00578091617885645,0.009574997778015978,0.009916015758291397,0.013784719415132545,0.008449091751534401,0.9202025581575491,0.008024623504102489,13.539999961853027,13.42800006866455,0.006691461253842901
2024-12-06,AAPL,241.29832458496097,-0.0008229105266140957,0.006127173681135122,0.005594225943163606,0.00957499357636589,0.010500753954096163,0.012648872811383724,0.007758302455277575,0.8526536882106416,0.007821777677701479,12.770000457763672,13.280000114440918,-0.056868501200791455
2024-12-09,AAPL,245.1835021972656,0.016101137954385836,0.00789542810645138,0.006420805425813456,0.009921097125251147,0.022249262383643737,0.014068557351631438,0.00893982808687254,1.0250470663442321,0.006268558911456799,14.1899995803833,13.45,0.1111980479026784
2024-12-10,AAPL,246.197021484375,0.004133717309796614,0.006907756178924737,0.00611924250544848,0.009855462501124714,0.011583364921044009,0.013203692559253064,0.008434798311851129,0.8524638393687554,0.00688416737061639,14.180000305175781,13.626000022888183,-0.0007046705780979767
2024-12-11,AAPL,244.9251708984375,-0.005165986892405217,0.008099665528040872,0.006958631899618071,0.009943042181768384,0.018418631359265237,0.014533605675268114,0.009230364418854465,1.0381629812399082,0.013397932758231224,13.579999923706055,13.652000045776367,-0.04231314305760081
2024-12-12,AAPL,246.3858184814453,0.00596364831613605,0.008024623504102489,0.006704080582563414,0.009422786346048342,0.012340751470110614,0.015018552817631953,0.009443337408576653,0.7666427433121515,0.013496584425874298,13.920000076293945,13.728000068664551,0.02503683022813319
2024-12-13,AAPL,246.5547637939453,0.0006856941423871721,0.007821777677701479,0.006625497041597751,0.008579385879321642,0.012291894301171608,0.015376780887047043,0.009601427382324071,0.786301054411754,0.015495402205735339,13.8100004196167,13.936000061035156,-0.00790227414327227
2024-12-16,AAPL,249.44625854492188,0.011727596362295811,0.006268558911456799,0.006845030401942546,0.008125415993182112,0.014858234090520813,0.013898575228422458,0.008481427820682515,1.2205204048096647,0.01505715324891169,14.6899995803833,14.036000061035157,0.06372187791657047
2024-12-17,AAPL,251.87075805664065,0.009719526465786554,0.00688416737061639,0.006504706085945185,0.008041719055041098,0.0159776042292153,0.014777423090056719,0.008991051310537871,1.2029836366594204,0.0152597327000427,15.869999885559082,14.373999977111817,0.0803267759620312
2024-12-18,AAPL,246.4752655029297,-0.021421671159212674,0.013397932758231224,0.010468775731822587,0.009316724254782234,0.026365624695308645,0.0163668217572654,0.010283015118399108,1.2986147660843794,0.00661745730857841,27.6200008392334,17.182000160217285,0.7403907396600702
2024-12-19,AAPL,248.2041931152344,0.007014608986329218,0.013496584425874298,0.010550377290128395,0.009245527715372442,0.019656526658716058,0.017829976794986487,0.011073191444348,1.3528015633066883,0.011959423303487947,24.09000015258789,19.216000175476076,-0.1278059587033482
2024-12-20,AAPL,252.87437438964844,0.018815883872863592,0.015495402205735339,0.01157997728957159,0.009089494258626854,0.036582959478319535,0.022688189830416074,0.014541988411868396,2.9338312452242916,0.011034701134593603,18.360000610351562,20.126000213623048,-0.23785801186974165
2024-12-23,AAPL,253.6494140625,0.0030649197836760678,0.01505715324891169,0.010873275451437433,0.00904166897331794,0.008618313595098506,0.02144020573133161,0.014168162929732962,0.8105540972471299,0.010855930297477827,16.780000686645508,20.54400043487549,-0.08605663786390261
2024-12-24,AAPL,256.56085205078125,0.01147819717637466,0.0152597327000427,0.011168346578588782,0.008616367022903299,0.011309055115783718,0.020506495908645297,0.013834946734949137,0.49369801801112667,0.010703271383854872,14.270000457763672,20.224000549316408,-0.14958284422952606
2024-12-26,AAPL,257.3755798339844,0.0031755732672802406,0.00661745730857841,0.010693473761602333,0.00857542136091769,0.009535948287654129,0.017140560627114394,0.012206521101791826,0.5905046967899488,0.009074380728140227,14.729999542236328,17.64600028991699,0.03223539381334706
2024-12-27,AAPL,253.9673767089844,-0.01324213869551405,0.011959423303487947,0.012133399918221053,0.009190404674499887,0.02206664865310847,0.017622585025992878,0.012494782414585806,0.9095372752491976,0.012385377333175638,15.949999809265137,16.018000221252443,0.08282418906603617
2024-12-30,AAPL,250.5988922119141,-0.013263453521946578,0.011034701134593603,0.013197226796555637,0.009546345643397102,0.010904044541143958,0.01248680203855776,0.008057071071920044,0.7578038935871345,0.012227336210708243,17.399999618530273,15.826000022888184,0.0909090800379102
2024-12-31,AAPL,248.8302001953125,-0.007057860475719657,0.010855930297477827,0.012946980118272756,0.009180678188007307,0.015374195877592058,0.013837978495056469,0.008743705598140278,0.8492491226409716,0.013047404537344908,17.350000381469727,15.939999961853028,-0.002873519434293592
2025-01-02,AAPL,242.30194091796875,-0.026235799642565727,0.010703271383854872,0.014760477412774286,0.010482714719195355,0.029854412946811588,0.017547050061262042,0.01142730888648905,1.1776303328749844,0.012237568710242775,17.93000030517578,16.67199993133545,0.03342938968033171
2025-01-03,AAPL,241.8150329589844,-0.00200950911552622,0.009074380728140227,0.013393904729155845,0.010510397225707424,0.009409900067346454,0.01752184041720051,0.011420173241871716,0.8539690822115079,0.012168516492010768,16.1299991607666,16.951999855041503,-0.10039046925668937
2025-01-06,AAPL,243.44461059570312,0.006738942640489798,0.012385377333175638,0.013373956674911763,0.01054208804366957,0.016857162786989684,0.016479943243976752,0.010762286287077592,0.9507999002881806,0.009648686413338308,16.040000915527344,16.970000076293946,-0.005579556721748813
2025-01-07,AAPL,240.6723175048828,-0.011387777630552542,0.012227336210708243,0.011461122106601985,0.010809045376151606,0.01734031143149159,0.017767196622046278,0.011345283400308236,0.8587559221284771,0.01612929311520194,17.81999969482422,17.054000091552734,0.11097248614080613
2025-01-08,AAPL,241.1592254638672,0.002023115761847105,0.013047404537344908,0.011385426017124715,0.01078383547523812,0.015080361384964769,0.017708429723520817,0.011327309721827192,0.7968040510930859,0.022423934617247326,17.700000762939453,17.12400016784668,-0.006733946910202238
2025-01-10,AAPL,235.34637451171875,-0.02410378844503036,0.012237568710242775,0.011230058197448349,0.011560844872666842,0.030230118123704276,0.01778357075889936,0.011442390475820246,1.273319345113618,0.02261429027282519,19.540000915527344,17.44600028991699,0.1039548063998117
2025-01-13,AAPL,232.91189575195312,-0.010344237360004005,0.012168516492010768,0.010450150560224815,0.01160615862196558,0.021117734970710858,0.020125137739572235,0.012542301754228278,1.019407390260432,0.025592419179949963,19.190000534057617,18.058000564575195,-0.017911994118260277
2025-01-14,AAPL,231.79904174804688,-0.004778004147505732,0.009648686413338308,0.010491015825647284,0.011638334560008309,0.01564640738847737,0.019882986659869775,0.012424246048445872,0.8044946089479071,0.026491119896811948,18.709999084472656,18.592000198364257,-0.025013102460996528
2025-01-15,AAPL,236.35987854003903,0.019675822460687886,0.01612929311520194,0.013698885027049778,0.012050274458627962,0.019044075045506297,0.020223739382672717,0.012621999680077755,0.8070908581034094,0.02242783836032117,16.1200008392334,18.252000427246095,-0.13842856076827315
2025-01-16,AAPL,226.81088256835935,-0.04040024064431946,0.022423934617247326,0.017565217217697514,0.01400010742149393,0.043722053656844985,0.02595207783704876,0.016587844622723644,1.425042112846044,0.015869860696567536,16.600000381469727,18.03200035095215,0.029776644990494594
2025-01-17,AAPL,228.5199737548828,0.007535313857827575,0.02261429027282519,0.017142135028994906,0.013847616727180276,0.016566647662292985,0.0232193837447665,0.015126264961052908,1.3373390061815142,0.02276607756956782,15.970000267028809,17.31800022125244,-0.03795181325081021
2025-01-21,AAPL,221.2265625,-0.03191585897303639,0.025592419179949963,0.01894021726461461,0.014887072640446407,0.02263741151612279,0.023523319053848885,0.015272006907296914,1.8407579154191425,0.01896419011169323,15.0600004196167,16.49200019836426,-0.05698183044435312
2025-01-22,AAPL,222.4090118408203,0.005344970004767413,0.026491119896811948,0.018818739050946585,0.014952878059445892,0.019345046667706957,0.024263046909694806,0.015594282776652115,1.1999855163030944,0.019047937721537178,15.100000381469727,15.770000457763672,0.0026560398896751103
2025-01-23,AAPL,222.24008178710935,-0.0007595468021407425,0.02242783836032117,0.01895815934919994,0.014953146835392034,0.021148151882733557,0.024683862277140256,0.01577131215237548,1.227368690879134,0.020480000482579957,15.020000457763672,15.550000381469726,-0.005298008058610915
2025-01-24,AAPL,221.3656768798828,-0.003934505873986138,0.015869860696567536,0.018708097093290882,0.014529142894337927,0.01894246002256144,0.01972794355028355,0.011920126985586348,1.0990504502612857,0.021056275046053678,14.850000381469727,15.200000381469726,-0.011318247078086707
2025-01-27,AAPL,228.40072631835935,0.03178021786229257,0.02276607756956782,0.02160735230753394,0.01583484318939017,0.0355433661674557,0.02352328725131609,0.014661187461635333,1.7781410825465755,0.025462127102074544,17.899999618530273,15.58600025177002,0.20538714873478559
2025-01-28,AAPL,236.74742126464844,0.03654408232771966,0.01896419011169323,0.024655800574253522,0.017340915477187423,0.03936877822157176,0.026869560592405882,0.01709393249059674,1.3574169066785289,0.020054441936271802,16.40999984741211,15.8560001373291,-0.08324021245093771
2025-01-29,AAPL,237.84039306640625,0.004616615445775185,0.019047937721537178,0.024551446119672783,0.017324037093252555,0.024440199233783877,0.02788859110562127,0.017570613819739647,0.813270915830686,0.01954653022373414,16.559999465942383,16.147999954223632,0.009140744663317601
2025-01-30,AAPL,236.0816650390625,-0.007394572489008211,0.020480000482579957,0.023975572768428266,0.017359213218758735,0.015067917957178307,0.026672544320510222,0.01711536736702347,0.9775785013277892,0.01988646600662768,15.84000015258789,16.311999893188478,-0.04347822080763086
2025-01-31,AAPL,234.50177001953125,-0.006692154679906359,0.021056275046053678,0.019615428904796964,0.017207638239573077,0.058262711864406784,0.034536594688879284,0.02243883377545331,1.6824160181786612,0.021962280044219944,16.43000030517578,16.62799987792969,0.03724748402174094
2025-02-03,AAPL,226.56246948242188,-0.03385603672180437,0.025462127102074544,0.022783478269177385,0.0180121237192238,0.026884807817618425,0.03280488301891184,0.021510749879658727,1.2002194662993564,0.01604415476796716,18.6200008392334,16.772000122070313,0.1332927871807601
2025-02-04,AAPL,231.32208251953125,0.02100795002801048,0.020054441936271802,0.020765177504631673,0.018210227959230482,0.027835098373634654,0.03049814704932441,0.020138654752342725,0.7374045893954966,0.01631566860900774,17.209999084472656,16.931999969482423,-0.07572511768043466
2025-02-05,AAPL,230.99415588378903,-0.0014176192440016333,0.01954653022373414,0.020850540896195993,0.01813196404193585,0.0189271470442635,0.029395536611420338,0.019694670247871957,0.6511693800847056,0.018112883084451754,15.770000457763672,16.77400016784668,-0.08367220821110855
2025-02-06,AAPL,231.73939514160156,0.0032262255941550855,0.01988646600662768,0.020787673857363263,0.017726777237106143,0.014449920068336827,0.02927193703365204,0.019669786613026655,0.49628754106043765,0.019362725816742195,15.5,16.706000137329102,-0.01712114457363567
2025-02-07,AAPL,226.18490600585935,-0.023968687466143668,0.021962280044219944,0.022568040447607966,0.018103945953486668,0.029609477435252517,0.023541290147821185,0.014568380401343,0.6573797571198743,0.008289832550263157,16.540000915527344,16.728000259399415,0.06709683325982874
2025-02-10,AAPL,226.45346069335935,0.0011873236470210102,0.01604415476796716,0.02007648369142542,0.017903728622148833,0.014891278192565749,0.02114258422281065,0.013276277363993496,0.5615434730041785,0.008997462677893054,15.8100004196167,16.166000175476075,-0.04413545680190001
2025-02-11,AAPL,231.3973388671875,0.021831762511780095,0.01631566860900774,0.01740767713828989,0.018476297416498602,0.03052184246306857,0.021679933040697437,0.013663641464190355,0.9077604593485847,0.009348274370000038,16.020000457763672,15.928000450134277,0.013282734508116123
2025-02-12,AAPL,235.625,0.018270137217260674,0.018112883084451754,0.018498308129939897,0.018789104527342736,0.02651249279157943,0.02319700219016062,0.01457545235304748,0.7608104259748371,0.00847110698191439,15.890000343322754,15.952000427246094,-0.008114863341212808
2025-02-13,AAPL,240.2605133056641,0.019673266018733537,0.019362725816742195,0.019382220002733527,0.019087789816044656,0.02802959900586975,0.025912937977667205,0.015973315713987316,0.8912458950717589,0.005614642943432043,15.100000381469727,15.87200050354004,-0.04971679954588537
2025-02-14,AAPL,243.3143768310547,0.012710634316781766,0.008289832550263157,0.019394771879967156,0.01922030855882881,0.018642671483270302,0.02371957678727076,0.014794502360431136,0.6977301445979622,0.0031093360890448885,14.770000457763672,15.518000411987305,-0.021854299031079605
2025-02-18,AAPL,243.18507385253903,-0.0005314235032047865,0.008997462677893054,0.014417249892596086,0.018599513676493436,0.013662192993877163,0.023473759747533046,0.014718203411020807,0.8471728615251298,0.0030518260005446456,15.350000381469727,15.42600040435791,0.03926878170143766
2025-02-19,AAPL,243.5829620361328,0.0016361538037283907,0.009348274370000038,0.013635915357937158,0.018595887035367464,0.01163879161006495,0.019697149576932322,0.012596169653844497,0.5926796493818486,0.013431084909193487,15.270000457763672,15.27600040435791,-0.005211721284556381
2025-02-20,AAPL,244.53793334960935,0.003920517697518111,0.00847110698191439,0.013448580088118929,0.01856991472783172,0.010128973170961106,0.016420445652808657,0.010678954607900663,0.6126876618898545,0.013149879711013978,15.65999984741211,15.230000305175782,0.025540234312838583
2025-02-21,AAPL,244.25938415527344,-0.0011390837835276724,0.005614642943432043,0.0136111116392512,0.01844099116117889,0.014131546233260309,0.013640835098286768,0.008388886251816033,1.0153288752745888,0.01772516819563429,18.209999084472656,15.852000045776368,0.1628352019097845
2025-02-24,AAPL,245.80125427246097,0.006312429397625108,0.0031093360890448885,0.008922249191011823,0.01846854536117991,0.017968443268861104,0.013505989455404929,0.008270712009151289,0.9827808848060954,0.017600330921902916,18.979999542236328,16.6939998626709,0.04228448635234905
2025-02-25,AAPL,245.74156188964844,-0.00024284816198039127,0.0030518260005446456,0.009060866204747747,0.0178628671475253,0.0206039365132072,0.014894338159270937,0.009238823335559941,0.9625149161014711,0.01714942711202144,19.43000030517578,17.50999984741211,0.023709208313628327
2025-02-26,AAPL,239.09666442871097,-0.027040185672464356,0.013431084909193487,0.01316733547012845,0.018496569489398807,0.02433845410996648,0.017434270659251242,0.0108489124214602,0.919579527716309,0.013988634217505676,19.100000381469727,18.27599983215332,-0.016984041097423352
2025-02-27,AAPL,236.05274963378903,-0.012730896109299339,0.013149879711013978,0.012913035389107735,0.018639271606799925,0.022756043345248778,0.019959684694108776,0.012119192085304261,0.8555335078898652,0.013066812686442386,21.1299991607666,19.36999969482422,0.1062826564792283
2025-02-28,AAPL,240.56887817382812,0.019131861615869328,0.01772516819563429,0.012823406958403425,0.0186205062543512,0.049164735236913205,0.026966322494839358,0.01776466211774028,1.1800561879115117,0.011801094708200597,19.6299991607666,19.653999710083006,-0.07098911782188544
2025-03-03,AAPL,236.7789001464844,-0.015754232451486105,0.017600330921902916,0.01289749851356545,0.017234124185077884,0.03327310931211151,0.030027255703489443,0.019254307755902315,1.0376309449942784,0.023968550594849352,22.780000686645508,20.413999938964842,0.16046875499488777
2025-03-04,AAPL,234.68994140625,-0.008822402413990682,0.01714942711202144,0.013012594996715612,0.017297805874378087,0.02284582213268912,0.030475632827385822,0.019426828366650793,1.2086865393284656,0.025647151949470738,23.510000228881836,21.229999923706053,0.032045633021612785
2025-03-05,AAPL,234.50094604492188,-0.0008052980890261852,0.013988634217505676,0.012928720872854266,0.01614875874763028,0.031051188400990283,0.031818179685590586,0.020162816276793765,1.0584978070298314,0.024755720402458582,21.93000030517578,21.795999908447264,-0.06720544059225653
2025-03-06,AAPL,234.09310913085935,-0.001739169589466849,0.013066812686442386,0.012678692471288661,0.016151015310820586,0.01997194115358211,0.031261359247257245,0.019966860467944925,1.0061326325883184,0.024202499156522606,24.8700008392334,22.544000244140626,0.1340629499838053
2025-03-07,AAPL,237.81346130371097,0.015892617201183512,0.011801094708200597,0.014200571296141882,0.016343804141695027,0.027648807495066947,0.026958173698887998,0.016472472210647977,1.0122747634180504,0.025112103727821123,23.3700008392334,23.292000579833985,-0.06031362884530711
2025-03-10,AAPL,226.28436279296875,-0.04847958752014647,0.023968550594849352,0.01983937415942821,0.018780006207426835,0.05248814254290388,0.030801180345046468,0.019671962807312066,1.5227160220989806,0.02185883181617209,27.860000610351562,24.308000564575195,0.1921266414154501
2025-03-11,AAPL,219.67926025390625,-0.029189390099861323,0.025647151949470738,0.020666712400874542,0.018621791802363532,0.037991303789063596,0.033830276676321366,0.021287912063237772,1.5386956572702113,0.019631634603338038,26.920000076293945,24.990000534057618,-0.03374014764767641
2025-03-12,AAPL,215.8395538330078,-0.01747869332981411,0.024755720402458582,0.0200518070958247,0.017426924175672136,0.031523626475131766,0.03392476429114966,0.021277009464837987,1.2528735367409585,0.020239645367169115,24.229999542236328,25.450000381469728,-0.09992572535044164
2025-03-13,AAPL,208.57791137695312,-0.0336437058319391,0.024202499156522606,0.021412900958704604,0.018236859196053213,0.04015642151401991,0.03796166036323722,0.0231759481972588,1.209716597753752,0.010675162267941938,24.65999984741211,25.408000183105468,0.017746608060236646
2025-03-14,AAPL,212.36788940429688,0.018170562751941066,0.025112103727821123,0.021258770373080268,0.018674685158155308,0.020469319428292474,0.036525762749882326,0.02263244389336597,1.177330113745873,0.011108908898695218,21.770000457763672,25.088000106811524,-0.1171938121464231
2025-03-17,AAPL,212.8752288818359,0.0023889651065522877,0.02185883181617209,0.021690138041989944,0.018692267667779417,0.024532710280373644,0.030934676297376278,0.01902775267918312,0.9350433022607892,0.01139583179125958,20.510000228881836,23.618000030517578,-0.0578778228014456
2025-03-18,AAPL,211.57211303710935,-0.006121500615977715,0.019631634603338038,0.021728341175834456,0.01777965537670194,0.017208088585774595,0.02677803325671848,0.016730396131601447,0.8304850429648459,0.009255554264668727,21.700000762939453,22.57400016784668,0.05802050320710772
2025-03-19,AAPL,214.1086883544922,0.011989176082662256,0.020239645367169115,0.022691826619685156,0.017448186294856678,0.023276316572083847,0.025128571276108895,0.015742119380443176,1.041814508192364,0.012741685273737398,19.899999618530273,21.70800018310547,-0.08294935857713559
2025-03-20,AAPL,212.97471618652344,-0.005296245456846038,0.010675162267941938,0.022596156839941015,0.017454829719808447,0.02461468529764035,0.022020224032832984,0.013344394881721082,0.9214221229071349,0.011147271304303614,19.799999237060547,20.736000061035156,-0.005025144893802347
2025-03-21,AAPL,217.1227874755859,0.019476825058565073,0.011108908898695218,0.023061623940287934,0.017887221768930105,0.03463598941958503,0.024853558031091495,0.015378877143414217,1.709040687938998,0.01752583805351635,19.280000686645508,20.238000106811523,-0.02626255406322109
2025-03-24,AAPL,219.56983947753903,0.011270360105469335,0.01139583179125958,0.019032383217324114,0.0175495686450655,0.01313819577138052,0.022574655129292874,0.014319431843084127,0.809492179541179,0.019161783115906602,17.479999542236328,19.631999969482422,-0.09336105188294774
2025-03-25,AAPL,222.5739898681641,0.013681981085259087,0.009255554264668727,0.017176414850324697,0.017746459108707556,0.017966499541724787,0.02272633732048291,0.014402987994842537,0.6381905033879864,0.018121632579089924,17.149999618530273,18.721999740600587,-0.018878714665219953
2025-03-26,AAPL,220.3656311035156,-0.009921908512115718,0.012741685273737398,0.01640010682950088,0.017315113445095037,0.020538992808332036,0.022178872567732547,0.014100639013781158,0.6436163567640305,0.017324112223781735,18.329999923706055,18.407999801635743,0.06880468404796991
2025-03-27,AAPL,222.67344665527344,0.010472665543175275,0.011147271304303614,0.010592241935790895,0.017065136168703286,0.019790072878183303,0.02121395008384114,0.013562877195129018,0.6953395410303153,0.04467040347862019,18.690000534057617,18.186000061035156,0.019639967913255507
2025-03-28,AAPL,216.7547149658203,-0.026580320996315576,0.01752583805351635,0.014053644558195237,0.017152984421196373,0.02813219391701608,0.019913190983327347,0.012264913552500641,0.758492721775964,0.051137407284389556,21.649999618530273,18.65999984741211,0.15837340823392898
2025-03-31,AAPL,220.9624786376953,0.019412558903452393,0.019161783115906602,0.01508118606736651,0.017410167241157817,0.04227253942844078,0.0257400597147394,0.01637830174416228,1.2227697905211854,0.04388163216679412,22.280000686645508,19.620000076293945,0.029099357007656312
2025-04-01,AAPL,222.01693725585935,0.004772116174045049,0.018121632579089924,0.014669641995144754,0.01746355858198234,0.02141672443662341,0.026430104693719127,0.01668151847857678,0.6931328872878366,0.03648815631703556,21.770000457763672,20.544000244140626,-0.02289049430718948
2025-04-02,AAPL,222.7132568359375,0.0031363354016351597,0.017324112223781735,0.014461801019287198,0.017479082837993362,0.018625209613261855,0.02604734805470509,0.01653400348139875,0.6909309717511471,0.09905138563119613,21.510000228881836,21.18000030517578,-0.011943051144452932
2025-04-03,AAPL,202.1220245361328,-0.09245624886610715,0.04467040347862019,0.03390737696851122,0.02387997843454032,0.03071019941034473,0.028231373361137374,0.01766650210902413,1.8844621477646166,0.09215089068990368,30.020000457763672,23.44600028991699,0.395629945993925
2025-04-04,AAPL,187.3898773193359,-0.07288739191390436,0.051137407284389556,0.038821761018569524,0.02678758792580491,0.06656761981040811,0.035918458539815776,0.023649397359700407,2.1390966946851617,0.08650209357457657,45.310001373291016,28.17800064086914,0.5093271379872046
2025-04-07,AAPL,180.5062561035156,-0.03673422126260195,0.04388163216679412,0.03832697646686956,0.02712116659691959,0.10762701453049371,0.048989353560226365,0.035209898122134514,2.53575493742481,0.08192863673773322,46.97999954223633,33.1180004119873,0.03685716438600095
2025-04-08,AAPL,171.5137481689453,-0.04981826186352967,0.03648815631703556,0.037617686797963,0.028010057857562724,0.12254952933777019,0.06921591454045573,0.04695630166343876,1.8446882382322607,0.07338007672760335,52.33000183105469,39.23000068664551,0.11387829589075582
2025-04-09,AAPL,197.8048553466797,0.15328862822026945,0.09905138563119613,0.06802880873760292,0.04093335255685877,0.14443047693824215,0.09437696800545178,0.06246395535728138,2.5750022744729977,0.036627684102362106,33.619998931884766,41.652000427246094,-0.35753873962348437
2025-04-10,AAPL,189.41915893554688,-0.04239378450258846,0.09215089068990368,0.0684229460024171,0.04146849069148713,0.06186324384293603,0.10060757689197004,0.06415000819305915,1.6330013111708919,0.02996685915880799,40.720001220703125,43.79200057983398,0.21118389394369697
2025-04-11,AAPL,197.1085205078125,0.040594423581418404,0.08650209357457657,0.07032451671325349,0.04210619887500534,0.06802925128819896,0.10089990318752821,0.06453921994176139,1.150442169314108,0.02479550884997678,37.560001373291016,42.242000579833984,-0.07760313734483593
2025-04-14,AAPL,201.45556640625,0.022054074005721125,0.08192863673773322,0.07044090297602672,0.04236258532443623,0.05816708735325035,0.09100791775207953,0.059901093992755006,1.288395731979152,0.02837574121344255,30.889999389648438,39.024000549316405,-0.17758258093104407
2025-04-15,AAPL,201.0775451660156,-0.001876449715328743,0.07338007672760335,0.07034829555018669,0.04235727237439313,0.018353574088652617,0.07016872670225602,0.051124761819574316,0.6490064124016286,0.03082057170790891,30.1200008392334,34.58200035095215,-0.024927114458703215
2025-04-16,AAPL,193.24891662597656,-0.03893338032138538,0.036627684102362106,0.07088353071157448,0.04281849108304827,0.04287847659369995,0.049858326633347584,0.031957978573005655,0.7524972475366406,0.020270960677987906,32.63999938964844,34.38600044250488,0.08366528818726215
2025-04-17,AAPL,195.94467163085935,0.013949651319910217,0.02996685915880799,0.06520941360691378,0.04296239378214272,0.022388078778361502,0.041963293620432676,0.027872307388274047,0.6557969153795853,0.020756681044980428,29.649999618530273,32.172000122070315,-0.09160538685752617
2025-04-21,AAPL,192.14474487304688,-0.01939285578008043,0.02479550884997678,0.06072180269734646,0.04285236784291561,0.020656478657681682,0.03248873909432922,0.021334791150209385,0.6056711316866455,0.012968651904646555,33.81999969482422,31.423999786376953,0.14064081382610993
2025-04-22,AAPL,198.690185546875,0.0340651558186138,0.02837574121344255,0.05955125714406207,0.042695004195807386,0.02813655233117439,0.026482632089914027,0.016709749385363255,0.6826102247864009,0.009472437756653252,30.56999969482422,31.35999984741211,-0.09609698490025054
2025-04-23,AAPL,203.52462768554688,0.024331559837067696,0.03082057170790891,0.055601182361738846,0.04270130462402561,0.025415429096376868,0.027895003091458877,0.01735039388926147,0.6739967843003873,0.006090110214829712,28.450000762939453,31.02599983215332,-0.06934900075395489
2025-04-24,AAPL,207.2748107910156,0.01842618826092579,0.020270960677987906,0.02954318384416684,0.04274645397043717,0.02826702273681902,0.02497271232008269,0.015180827659817231,0.5975679209180854,0.0009085717052925985,26.469999313354492,29.79199981689453,-0.0695958311594923
2025-04-25,AAPL,208.18002319335935,0.0043672089188706575,0.020756681044980428,0.024456438166073968,0.04229064750664957,0.016962935170415295,0.02388768359849345,0.014669234873066667,0.48242836442455106,0.018872582542248162,24.84000015258789,28.829999923706055,-0.06157911609556577
2025-04-28,AAPL,209.03550720214844,0.004109347264288132,0.012968651904646555,0.021936785889873814,0.04216902075790807,0.01922524649218131,0.023601437165393375,0.014518962248855785,0.48933384308897776,0.021711669781583284,25.149999618530273,27.095999908447265,0.01247984959895776
2025-04-29,AAPL,210.09988403320312,0.00509184705173249,0.009472437756653252,0.021210731813821396,0.042176496982417884,0.018323044614166405,0.02163873562199178,0.01332521696443134,0.47365710328423444,0.020633215610641166,24.170000076293945,25.81599998474121,-0.038966185172991996
2025-04-30,AAPL,211.3831024169922,0.006107658696214546,0.006090110214829712,0.021097612235639676,0.0421703643047927,0.03251766429227944,0.02305918266117229,0.014468826403029992,0.665685958656085,0.018089116454491346,24.700000762939453,25.06599998474121,0.021928038269446892
2025-05-01,AAPL,212.19879150390625,0.003858818787250806,0.0009085717052925985,0.014437074439776218,0.04212214204532908,0.02653292456298727,0.022712363026405943,0.014207603741042393,0.7205091142066172,0.018772847288788242,24.600000381469727,24.69200019836426,-0.004048598315015806
2025-05-02,AAPL,204.27069091796875,-0.03736166699984034,0.018872582542248162,0.020515351333445758,0.04267847783279786,0.023520826333065344,0.024023941258935956,0.014867793249534519,1.270607707515164,0.015576552454373182,22.68000030517578,24.260000228881836,-0.07804878237889012
2025-05-05,AAPL,197.8446350097656,-0.03145853122308051,0.021711669781583284,0.022341131979649858,0.042867872117200986,0.029614356718405184,0.02610176330418073,0.01600233414335748,0.9003989328827501,0.02929806709855559,23.639999389648438,23.95800018310547,0.042328001391321646
2025-05-06,AAPL,197.46664428710935,-0.0019105432029410396,0.020633215610641166,0.019530156706685703,0.042792239407771195,0.018286180668341208,0.026094390515015685,0.01599029806672322,0.7194262794375478,0.028316911988489773,24.760000228881836,24.076000213623047,0.04737736328892761
2025-05-07,AAPL,195.2185211181641,-0.011384824900738999,0.018089116454491346,0.017673470203911336,0.04270664613237471,0.03154141371417192,0.025899140399394182,0.015791544767790607,0.9994470986093031,0.02654794351132177,23.549999237060547,23.845999908447265,-0.048869183385945925
2025-05-08,AAPL,196.45199584960935,0.006318430876231407,0.018772847288788242,0.01632879574760052,0.04272539350963786,0.027191301972810007,0.02603081588135873,0.015850135785158103,0.8157709676332422,0.02791947102780489,22.479999542236328,23.421999740600587,-0.04543523267467309
2025-05-09,AAPL,197.4865264892578,0.005266073450536091,0.015576552454373182,0.01638983320580561,0.04267949333327961,0.015111066430494723,0.02434886390084461,0.01507981951078016,0.6327982521708126,0.028548311025153105,21.899999618530273,23.265999603271485,-0.025800708875297285
2025-05-12,AAPL,209.95706176757812,0.06314625863349033,0.02929806709855559,0.027174609124595055,0.04410009235477782,0.021443163415852225,0.02271462524033402,0.014116801106389125,1.1302865043180301,0.007889008731386047,18.389999389648438,22.215999603271484,-0.16027398584573105
2025-05-13,AAPL,212.08859252929688,0.010152222286661461,0.028316911988489773,0.0273108611312645,0.04399076157247166,0.020664040049933365,0.023190197116652447,0.014371898113241088,0.9621336635016781,0.004540304154454899,18.219999313354492,20.907999420166014,-0.009244158887228515
2025-05-14,AAPL,211.490966796875,-0.0028178117705190964,0.02654794351132177,0.027281148540004258,0.04398150288949926,0.015824426983356992,0.02004679977048946,0.012366126478033965,0.9159618408965269,0.008531544189486191,18.6200008392334,19.921999740600587,0.021953981391520827
2025-05-15,AAPL,210.6144561767578,-0.004144435260722168,0.02791947102780489,0.02728517343555989,0.04397966077622275,0.0161741001517798,0.01784335940628342,0.010882095242323815,0.8477541466849348,0.008622679838076327,17.829999923706055,18.99199981689453,-0.0424275445714678
2025-05-16,AAPL,210.4252014160156,-0.0008985839062414236,0.028548311025153105,0.024043652724511456,0.04044533975224813,0.013253825260642107,0.0174719111723129,0.01071049766854734,1.0280405338465846,0.010836337094492289,17.239999771118164,18.059999847412108,-0.03309030595134499
2025-05-19,AAPL,207.9550018310547,-0.011739086232723905,0.007889008731386047,0.021563585609417395,0.0380028337880649,0.025002400858433013,0.018183758660829056,0.011265470646689894,0.8670616634080172,0.0215110736820104,18.139999389648438,18.00999984741211,0.05220415490016572
2025-05-20,AAPL,206.04258728027344,-0.009196290225973569,0.004540304154454899,0.021950098032421664,0.03730767083554999,0.016629616316621514,0.017376873914166684,0.010750384212750203,0.8065279713467979,0.021872916931771926,18.09000015258789,17.98400001525879,-0.0027562976153725494
2025-05-21,AAPL,201.2914276123047,-0.02305911477177236,0.008531544189486191,0.023163941268086397,0.036255414590489095,0.031322612138019845,0.02047651094509926,0.012924543234773442,1.1170999675973505,0.0197163560886452,20.8700008392334,18.43400001525879,0.1536761007847649
2025-05-22,AAPL,200.56430053710935,-0.0036123101903565713,0.008622679838076327,0.023233059931478457,0.023254214815256274,0.015147015507115691,0.020271094016166433,0.012833922192384477,0.8823233775658431,0.019880683403281047,20.280000686645508,18.92400016784668,-0.02827025054444432
2025-05-23,AAPL,194.49839782714844,-0.03024417951607783,0.010836337094492289,0.025348443369121378,0.022573260250454075,0.02171347437704221,0.021963023839446455,0.01363567283782284,1.4263892254581876,0.010844958474521594,22.290000915527344,19.934000396728514,0.09911243396581493
2025-05-27,AAPL,199.4188690185547,0.02529826078968056,0.0215110736820104,0.015628439930660737,0.021810929197534464,0.01653270419252001,0.020269084506263853,0.012646671391501267,1.0075934906186501,0.0038413044043745475,18.959999084472656,20.09800033569336,-0.14939442325168273
2025-05-28,AAPL,199.62803649902344,0.0010488851004830657,0.021872916931771926,0.01489395669803079,0.021432908332818336,0.014120356535823822,0.019767232550104315,0.012418660185316833,0.805467765975779,0.004487704968531895,19.309999465942383,20.342000198364257,0.018459936622906348
2025-05-29,AAPL,199.1598968505859,-0.0023450596251284317,0.0197163560886452,0.01490570122752614,0.02143443111742851,0.02650664232382915,0.018804038587266175,0.011608354296666533,0.9137953733651001,0.007378864583705705,19.18000030517578,20.004000091552733,-0.0067322198012426115
2025-05-30,AAPL,200.0563507080078,0.004501176550088415,0.019880683403281047,0.01526455688942396,0.02014922921670097,0.02579042956015945,0.02093272139787493,0.01291826807598093,1.2442416189921928,0.010264528432981111,18.56999969482422,19.661999893188476,-0.03180399377715093
2025-06-02,AAPL,200.90298461914065,0.004231977181112123,0.010844958474521594,0.015503005191774243,0.02001735566658507,0.009965343559924745,0.018583095234451435,0.011839834978745268,0.6604049012318703,0.012222062562973054,18.360000610351562,18.87599983215332,-0.01130851308151537
2025-06-03,AAPL,202.46676635742188,0.007783765588379676,0.0038413044043745475,0.01571945999091941,0.01967345837038972,0.013823965659130213,0.018041347527773477,0.01158230607868507,0.8833426987664387,0.011961966815232337,17.690000534057617,18.62200012207031,-0.03649237766997637
2025-06-04,AAPL,202.0185546875,-0.002213754276742086,0.004487704968531895,0.015546013524618823,0.01872211747702938,0.02041218440067617,0.019299713100743947,0.012229298753311172,0.8365068758969803,0.014663353303113814,17.610000610351562,18.28200035095215,-0.004522324550077617
2025-06-05,AAPL,199.83721923828125,-0.010797698521272103,0.007378864583705705,0.014105073840361474,0.01828807242193557,0.022927807364618764,0.01858394610890187,0.011692749765150907,1.0713300124223217,0.014283463050410257,18.479999542236328,18.142000198364258,0.04940368550432428
2025-06-06,AAPL,203.11419677734375,0.016398234280647683,0.010264528432981111,0.015025157506673348,0.01821951672263541,0.01789914637729845,0.01700568947232967,0.010542375962937441,0.909202102133736,0.010884439552882751,16.770000457763672,17.78200035095215,-0.0925324202830431
2025-06-09,AAPL,200.6539764404297,-0.012112498170726016,0.012222062562973054,0.01145708451590168,0.018315366811684348,0.029684764547678297,0.02094957366988038,0.012904920560545088,1.3726259067583966,0.012814670115256709,17.15999984741211,17.542000198364256,0.0232557769232431
2025-06-10,AAPL,201.86912536621097,0.006055942410600812,0.011961966815232337,0.00858541493031612,0.018337768792193895,0.01865100317485499,0.021914981173025334,0.013333198684198959,1.0388604051400907,0.012421191981565063,16.950000762939453,17.394000244140624,-0.012237708994171426
2025-06-11,AAPL,197.9945068359375,-0.019193715350202867,0.014663353303113814,0.010752360276866497,0.018593770353721468,0.030636866763704286,0.02395991764563096,0.014630231681768349,1.148985885008347,0.011083362339616246,17.260000228881836,17.32400016784668,0.01828905321468688
2025-06-12,AAPL,198.4128570556641,0.0021129385173965787,0.014283463050410257,0.010772160352253299,0.018549358961684213,0.011646546691627084,0.021703665511032623,0.01366202641820706,0.8313620534725659,0.01579581465578737,18.020000457763672,17.23200035095215,0.04403245763636199
2025-06-13,AAPL,195.67372131347656,-0.013805233102505365,0.010884439552882751,0.011398475129445074,0.01863894858953999,0.023771943199244056,0.022878224875421745,0.014270479306580259,0.9683042972663871,0.013215729245370964,20.81999969482422,18.042000198364256,0.15538286159444614
2025-06-16,AAPL,197.6359405517578,0.010028016154186137,0.012814670115256709,0.011895790907226336,0.017562457528704837,0.010734829666709885,0.01908823789922806,0.012224006352342867,0.8187327262718627,0.013668806140529304,19.110000610351562,18.432000350952148,-0.08213252207192667
2025-06-17,AAPL,194.86691284179688,-0.014010749776737996,0.012421191981565063,0.011986918812690567,0.01678929168347049,0.016254307328266708,0.018608898729910405,0.01196306798522318,0.7446389757548975,0.010350334744920107,21.600000381469727,19.362000274658204,0.130298257016767
2025-06-18,AAPL,195.80319213867188,0.004804711498842984,0.011083362339616246,0.01228878089307504,0.01681281317567776,0.01271746859656924,0.015025019096483395,0.009427726644675203,0.867533479665479,0.01110167246881433,20.139999389648438,19.938000106811522,-0.06759263731651588
2025-06-20,AAPL,200.2057342529297,0.02248452676471091,0.01579581465578737,0.01430025357466986,0.017165674563224605,0.024079583770600183,0.017511626512278014,0.01102656269061801,1.7860209846650525,0.004718711518938553,20.6200008392334,20.45800018310547,0.023833240522920462
2025-06-23,AAPL,200.7037811279297,0.0024876753748261926,0.013215729245370964,0.013191310362479204,0.017138831331320777,0.01657566420789382,0.016072370714007966,0.010072732311296292,1.0211207148501793,0.010364555803435994,19.829999923706055,20.260000228881836,-0.03831236097838653
2025-06-24,AAPL,199.50851440429688,-0.005955377207721546,0.013668806140529304,0.012757513278424852,0.017161648431829744,0.016175763573637345,0.01716055749539346,0.010567507130692742,1.0116501438959309,0.009377194816904296,17.479999542236328,19.93400001525879,-0.11850733184624906
2025-06-25,AAPL,200.76353454589844,0.006290559304443111,0.010350334744920107,0.012771116308212508,0.012512132801232116,0.015131985953071777,0.016936093220354474,0.01045273043416025,0.7513925942992887,0.011386051104634766,16.760000228881836,18.96599998474121,-0.041189893147009715
2025-06-26,AAPL,200.2057342529297,-0.0027783944640664693,0.01110167246881433,0.011034811465768374,0.01232116309620867,0.015820859083488768,0.01755677131773838,0.010752151599621335,0.9607171313083402,0.009425029415682323,16.59000015258789,18.256000137329103,-0.010143202504316884
2025-06-27,AAPL,200.28543090820312,0.0003980737892990138,0.004718711518938553,0.011031782688959811,0.012326410163230208,0.01601353287935879,0.015943561139490102,0.009563223129712565,1.3562028706318185,0.015824131357232905,16.31999969482422,17.395999908447266,-0.01627489181918751
2025-06-30,AAPL,204.35926818847656,0.020340157852722696,0.010364555803435994,0.011224684143738018,0.01295617322272339,0.03962570042096482,0.0205535683821043,0.013668364874034248,1.6705202327897446,0.01465709946729073,16.729999542236328,16.77599983215332,0.02512254013963844
2025-07-01,AAPL,206.9987945556641,0.012916107943551358,0.009377194816904296,0.011420769118138852,0.013200281712267914,0.01948803247533047,0.021216022162442925,0.013983517614837265,1.3776994057134844,0.013980597030731299,16.829999923706055,16.645999908447266,0.005977309277102272
2025-07-02,AAPL,211.6005401611328,0.022230784557691008,0.011386051104634766,0.010540723543473034,0.01364898790542453,0.024477484882709018,0.023085121948370372,0.014934533813694239,1.1660474313354159,0.009704449571722989,16.639999389648438,16.621999740600586,-0.011289396014196651
2025-07-03,AAPL,212.70616149902344,0.005225040243511225,0.009425029415682323,0.010525967613633475,0.013543080135296134,0.013298975871249358,0.022580745305922488,0.014757705818221745,0.6044124818911669,0.009481103513285865,16.3799991607666,16.57999954223633,-0.015625014328040088
2025-07-07,AAPL,209.120361328125,-0.016857998591239265,0.015824131357232905,0.011921660021481408,0.013203913905909345,0.03538934405230264,0.026455907540511258,0.016958206551945416,0.8721903944626007,0.007693639101488642,17.790000915527344,16.873999786376952,0.08608069761920256
2025-07-08,AAPL,209.18014526367188,0.00028588290096287494,0.01465709946729073,0.011981692548986945,0.01317246826217199,0.014189780512765393,0.021368723558871375,0.013665793476908559,0.7464763582168077,0.007850084297428362,16.809999465942383,16.889999771118163,-0.055087206247954934
2025-07-09,AAPL,210.30567932128903,0.005380692590104097,0.013980597030731299,0.011437002781963709,0.011741316673990088,0.019465760264433602,0.021364269116692,0.013684716398202545,0.8674904872936438,0.007780288892045293,15.9399995803833,16.711999702453614,-0.05175490262933857
2025-07-10,AAPL,211.57064819335935,0.00601490590341025,0.009704449571722989,0.011434797448019299,0.010962039787368046,0.016242158508364204,0.019717203841823037,0.012747392942293137,0.79813319483863,0.0068074653113366565,15.779999732971191,16.539999771118165,-0.010037631845926431
2025-07-11,AAPL,210.3255920410156,-0.005884824586848469,0.009481103513285865,0.011717805272104786,0.011056166022289704,0.010750162119211227,0.019207441091415412,0.012571750208503022,0.728001554649775,0.007182710849612092,16.399999618530273,16.543999862670898,0.03929023422374556
2025-07-14,AAPL,207.79562377929688,-0.012028817972970951,0.007693639101488642,0.012863575358422976,0.011319596217004667,0.016153822523500377,0.01536033678565496,0.009411269409474128,0.7143662471277824,0.002827912675017283,17.200000762939453,16.42599983215332,0.048780558720578515
2025-07-15,AAPL,208.28370666503903,0.002348860273691633,0.007850084297428362,0.011469980402587244,0.011306586042447438,0.014203056821932342,0.015362992047488349,0.009402707776044884,0.7845366358723012,0.003535773567124881,17.3799991607666,16.539999771118165,0.010465022665288926
2025-07-16,AAPL,209.32955932617188,0.005021288884659469,0.007780288892045293,0.010889315835568491,0.011314304587567511,0.017891104117418906,0.015048060818085412,0.009143240110948352,0.8772451577925574,0.004487311685311684,17.15999984741211,16.783999824523924,-0.012658188951534366
2025-07-17,AAPL,209.19009399414065,-0.0006662476741466916,0.0068074653113366565,0.007991290765755044,0.011255763144581835,0.010522839105364924,0.013904196937485555,0.008508050341013417,0.8804238436699612,0.004792561731123527,16.520000457763672,16.931999969482423,-0.03729600205940298
2025-07-18,AAPL,210.3455047607422,0.005523257552692229,0.007182710849612092,0.008018095379950399,0.011264652112145324,0.00989675352957964,0.013733515219559239,0.008433978700101213,0.8940961604394955,0.004794386580253242,16.40999984741211,16.93400001525879,-0.006658632403358511
2025-07-21,AAPL,211.6403656005859,0.006155875978032244,0.002827912675017283,0.006049311064403738,0.01105447871620962,0.01953122166759596,0.014408995048378354,0.00892305473224708,0.9785475261902796,0.004367765649597473,16.649999618530273,16.82399978637695,0.014625214707483014
2025-07-22,AAPL,213.55279541015625,0.009036224276703031,0.003535773567124881,0.006514917864856056,0.01080205641546338,0.012686573218917052,0.014105698327775296,0.008771889916928214,0.8918167190290435,0.0057350468205077335,16.5,16.647999954223632,-0.00900898630432001
2025-07-23,AAPL,213.3037872314453,-0.0011660263132247106,0.004487311685311684,0.006476333676549088,0.010499038528744935,0.012794724783879616,0.013086422461067438,0.008110736994140508,0.9092446539236358,0.00649114494081914,15.369999885559082,16.289999961853027,-0.06848485542066174
2025-07-24,AAPL,212.9152984619141,-0.0018212933514850649,0.004792561731123527,0.006333161701671292,0.010495015372153322,0.01010480781070711,0.013002816202135874,0.008071857372444789,0.8849762236167428,0.006313017288767511,15.390000343322754,16.063999938964844,0.0013012659669868754
2025-07-25,AAPL,213.03485107421875,0.0005615031572099305,0.004794386580253242,0.00590767137475886,0.009721636629432838,0.008603008952088998,0.012744067286637748,0.00796098387251359,0.7822553480314435,0.009417704594629244,14.930000305175781,15.768000030517578,-0.02988954047337322
2025-07-28,AAPL,213.2041931152344,0.0007949029943306041,0.004367765649597473,0.0036567883669097185,0.00972637219356124,0.008362571919650966,0.010510337337048748,0.006420442836057169,0.7615573846504486,0.010741582726308504,15.029999732971191,15.444000053405762,0.0066978851809362805
2025-07-29,AAPL,210.43516540527344,-0.012987679414280251,0.0057350468205077335,0.006138145170160858,0.009680307384965649,0.01888573935573631,0.0117501705644126,0.007408183257272246,1.0781245363572947,0.011119265076766818,15.979999542236328,15.339999961853028,0.0632069079270261
2025-07-30,AAPL,208.2239227294922,-0.010507952278425825,0.00649114494081914,0.006933342504448036,0.009852159508979828,0.022339144227560982,0.013659054453148873,0.008870646135386014,0.9889202902542163,0.02829214888831661,15.479999542236328,15.361999893188477,-0.03128911228554565
2025-07-31,AAPL,206.74978637695312,-0.007079572477626139,0.006313017288767511,0.007239489572992541,0.00954539126309826,0.012911271287836843,0.014220347148574819,0.009126840692340328,1.7294894186689334,0.029689768675956293,16.719999313354492,15.627999687194825,0.0801033467562382
2025-08-01,AAPL,201.5803070068359,-0.025003553622503172,0.009417704594629244,0.010016760020670585,0.010724053743310613,0.05968970026485361,0.02443768541112774,0.017958438776738337,2.083099793394447,0.02324138890783406,20.3799991607666,16.71799945831299,0.21889952139464608
2025-08-04,AAPL,202.5464630126953,0.004792908693340925,0.010741582726308504,0.009868338898631552,0.00996271910970054,0.03048936326992342,0.028863043681182234,0.019585449248245002,1.461890593859905,0.026662698916378364,17.520000457763672,17.215999603271484,-0.14033360258957683
2025-08-05,AAPL,202.11814880371097,-0.0021146466969285127,0.011119265076766818,0.00875655339059395,0.00996546410703804,0.015671164520382433,0.028220128714111455,0.019385666892590563,0.8583221535935391,0.024125936470663394,17.850000381469727,17.589999771118165,0.0188356115915409
2025-08-06,AAPL,212.4073486328125,0.05090685764737524,0.02829214888831661,0.019936027156738017,0.013513952414004925,0.04590859810045432,0.032934019488690125,0.022276776855844588,1.993068552580838,0.01956059240505954,16.770000457763672,17.84799995422363,-0.06050419611347535
2025-08-07,AAPL,219.16053771972656,0.031793575553679565,0.029689768675956293,0.022330978996485448,0.01454445236173039,0.019406464101033635,0.034233058051329486,0.022623719704030164,1.5907262525509418,0.019738276636723673,16.56999969482422,17.818000030517577,-0.01192610360644697
2025-08-08,AAPL,228.4437255859375,0.04235793525056386,0.02324138890783406,0.025488110575217625,0.016167167808881788,0.05123174051583288,0.03254146610152534,0.021538414865018608,1.8842618934371071,0.010625412413947958,15.149999618530273,16.772000122070313,-0.08569704903117736
2025-08-11,AAPL,226.53909301757812,-0.00833742561094275,0.026662698916378364,0.02590705743122363,0.016322118371581342,0.021128634591550843,0.03066932036585083,0.020735966575181362,1.0038027049975347,0.009513069298162365,16.25,16.518000030517577,0.07260728773380909
2025-08-12,AAPL,229.0021209716797,0.010872419065924621,0.024125936470663394,0.02500805968355361,0.016089984303845534,0.016242089382420544,0.030783505338258445,0.020773969981001443,0.8937593325541259,0.00860645714229328,14.729999542236328,15.8939998626709,-0.09353848970853362
2025-08-13,AAPL,232.6717529296875,0.01602444528652036,0.01956059240505954,0.024127718954009295,0.016159732902336688,0.019586025321885928,0.025518990782544763,0.01741464641110547,1.1029177045214047,0.0076142238496959,14.489999771118164,15.437999725341797,-0.01629326399026665
2025-08-14,AAPL,232.123291015625,-0.002357234632724192,0.019738276636723673,0.023768927283284984,0.015824796016115243,0.01834345320072084,0.025306388602482206,0.01732063812673707,0.8169328640879783,0.007362492490129848,14.829999923706055,15.089999771118164,0.023464469148273492
2025-08-15,AAPL,230.9366455078125,-0.005112134601489071,0.010625412413947958,0.0210102837445987,0.015891794699087972,0.021330811000138096,0.01932620269934325,0.011669291703369722,0.8769273405653871,0.011541250525683276,15.09000015258789,15.077999877929688,0.017532045193487944
2025-08-18,AAPL,230.23863220214844,-0.003022531587090427,0.009513069298162365,0.021525029814400635,0.01549551022670414,0.013036487135834421,0.017707773208199964,0.010777058037725913,0.5928989512629728,0.011544688104273332,14.989999771118164,14.82599983215332,-0.006626930447881874
2025-08-19,AAPL,229.90956115722656,-0.0014292607707683258,0.00860645714229328,0.021472223924044645,0.015510270898000021,0.015267128083557947,0.017512780948427446,0.01066441751801475,0.6268476567188743,0.01290940541887679,15.569999694824219,14.993999862670899,0.038692457142231795
2025-08-20,AAPL,225.3723907470703,-0.019734587754066668,0.0076142238496959,0.019174868678695868,0.016060403813447956,0.02079552702303189,0.017754681288656638,0.010795021581933094,0.6749042849353498,0.007592321239019926,15.6899995803833,15.233999824523925,0.007707121895382807
2025-08-21,AAPL,224.2655334472656,-0.004911237335397112,0.007362492490129848,0.01711350576529244,0.016100182783490877,0.012183217285569195,0.01652263410562631,0.010148166348135243,0.4950721476324248,0.005886147519252862,16.600000381469727,15.58799991607666,0.05799877791100583
2025-08-22,AAPL,227.11746215820312,0.012716749948596728,0.011541250525683276,0.010851854161340954,0.016141501185558616,0.016157326855181325,0.015487937276634955,0.009441418944714154,0.6855410563608327,0.005778536143599251,14.220000267028809,15.413999938964844,-0.1433734975751969
2025-08-25,AAPL,226.51914978027344,-0.0026343741790885167,0.011544688104273332,0.010541316432639218,0.015935974515694503,0.013514735317513193,0.01558358691297071,0.009490160463918896,0.502819760884277,0.008408920891128453,14.789999961853027,15.373999977111817,0.040084365971908564
2025-08-26,AAPL,228.6630859375,0.009464701590599311,0.01290940541887679,0.01038889978923398,0.01597883706964247,0.020932375835603544,0.016716636463379828,0.010274198362991737,0.8834228733181205,0.018372079422451417,14.619999885559082,15.184000015258789,-0.011494258061691465
2025-08-27,AAPL,229.8397674560547,0.005145918125483151,0.007592321239019926,0.008988021066721993,0.015979332912240622,0.011453856248559697,0.014848302308485392,0.009191041084606902,0.5119118855526198,0.018359254050485718,14.850000381469727,15.016000175476075,0.015731908188168164
2025-08-28,AAPL,231.9039306640625,0.008980879291928812,0.005886147519252862,0.009523251033667116,0.015995032045661325,0.017500891670732405,0.015911837185518033,0.00980373783198166,0.6460671845595598,0.018716122450070406,14.430000305175781,14.582000160217286,-0.028282832693932725
2025-08-29,AAPL,231.485107421875,-0.0018060204541949787,0.005778536143599251,0.009384501864240955,0.01602002273475293,0.008658610196044707,0.014412093853690707,0.009088100826275957,0.7079170500175729,0.01949052739696687,15.359999656677246,14.810000038146972,0.06444901814505788
2025-09-02,AAPL,229.0719451904297,-0.01042469754672981,0.008408920891128453,0.009948648391932132,0.016203746466072467,0.01689014827700959,0.01508717644558999,0.00949805682045873,0.8142463742051738,0.020443298486498805,17.170000076293945,15.286000061035157,0.11783857161935951
2025-09-03,AAPL,237.79725646972656,0.038089829254487784,0.018372079422451417,0.015705649466809933,0.017414385970372752,0.01882838709347157,0.014666378697163593,0.009163048847894149,1.2024397864173204,0.014641820024616161,16.350000381469727,15.632000160217284,-0.047757698962177964
2025-09-04,AAPL,239.10354614257812,0.005493291605817463,0.018359254050485718,0.013420791159920741,0.01739218668415898,0.013178698888179166,0.015011347225087488,0.009333018558741888,0.9109517611908388,0.01724970102552065,15.300000190734863,15.722000122070312,-0.06422019365362708
2025-09-05,AAPL,239.0137939453125,-0.0003753695782166,0.018716122450070406,0.013083013516869928,0.0173776188489926,0.011806924787138474,0.013872553848368701,0.008649955572303707,1.0880556179360308,0.020775504188388437,15.180000305175781,15.872000122070313,-0.007843129677328364
2025-09-08,AAPL,237.2089080810547,-0.0075513878695669945,0.01949052739696687,0.01356787822396821,0.01749578280609306,0.016016468304978625,0.015344125470155484,0.009374070955011448,1.038409902716953,0.021774192924228948,15.109999656677246,15.822000122070312,-0.0046113733261696765
2025-09-09,AAPL,233.6888732910156,-0.014839387013392824,0.020443298486498805,0.014770449392751999,0.017816285238674717,0.02312779188301473,0.016591654191356515,0.010255514132457743,1.398660351587052,0.020368676514967692,15.039999961853027,15.396000099182128,-0.004632673488730754
2025-09-10,AAPL,226.1501922607422,-0.03225947784379701,0.014641820024616161,0.0182848337328608,0.018743883096537097,0.028528600962301507,0.018531696965122503,0.011691580351070223,1.709741395897029,0.00575550900792894,15.350000381469727,15.196000099182129,0.02061173007998507
2025-09-11,AAPL,229.3810577392578,0.014286370691166894,0.01724970102552065,0.01884360531718947,0.018693854889453253,0.016519597756481076,0.01919987673878288,0.011998022367997354,1.0499569476371389,0.00833149740745644,14.710000038146973,15.07800006866455,-0.04169383240506963
2025-09-12,AAPL,233.40966796875,0.01756295951024689,0.020775504188388437,0.019484655240196293,0.01875888973358327,0.023454479696626052,0.021529387720680398,0.013205822680713892,1.1626391464179893,0.013763686737898722,14.760000228881836,14.994000053405761,0.003399061224010902
2025-09-15,AAPL,236.0322265625,0.011235861035975292,0.021774192924228948,0.019724529373393054,0.017962097304003718,0.013350248005285495,0.020996143660741772,0.012992758310939996,0.9018205795331641,0.020435845775821325,15.6899995803833,15.110000038146973,0.0630080851680257
2025-09-16,AAPL,237.4781494140625,0.006125955224930424,0.020368676514967692,0.0192432955260955,0.017962123023667138,0.02057524258688081,0.02048563380151499,0.012695095242017049,1.303744211549078,0.02261521664106985,16.360000610351562,15.37400016784668,0.04270242497685861
2025-09-17,AAPL,238.3157958984375,0.003527257082143187,0.00575550900792894,0.015040557830107657,0.01790941415479503,0.009916776105703465,0.01676326883019538,0.010524628063312733,0.9491307508832796,0.024470286972648702,15.720000267028809,15.448000144958495,-0.03911982392701152
2025-09-18,AAPL,237.2089080810547,-0.004644626316983702,0.00833149740745644,0.014994756721439111,0.015819750294706923,0.019127303507494406,0.017284809980398046,0.010816087076368452,0.9012155012096763,0.02286261601763162,15.699999809265137,15.646000099182128,-0.0012722937292578562
2025-09-19,AAPL,244.8074188232422,0.03203299068174581,0.013763686737898722,0.01822530571896133,0.01583440847091597,0.024806502394666547,0.017555214520006142,0.011032920593406248,2.9367520916839047,0.022306478193408936,15.449999809265137,15.784000015258789,-0.01592356707243181
2025-09-22,AAPL,255.35755920410156,0.04309567263758818,0.020435845775821325,0.021794736528913575,0.015896779257999,0.03327093087317722,0.021539351093584493,0.013823263317832886,1.7912267956612606,0.010911171134892627,16.100000381469727,15.866000175476074,0.04207123496628107
2025-09-23,AAPL,253.71221923828125,-0.006443278871197333,0.02261521664106985,0.020980216821874852,0.01585043750726617,0.014778110344983088,0.020379924645204946,0.013278884334214067,0.9983883390616589,0.010522136655300522,16.639999389648438,15.92199993133545,0.0335403102723042
2025-09-24,AAPL,251.59820556640625,-0.008332328960039437,0.024470286972648702,0.016761614278791376,0.01594680415050511,0.018627926964882913,0.022122154817040836,0.013930166179381247,0.7079059146474008,0.009387014558931067,16.18000030517578,16.013999938964844,-0.02764417676354103
2025-09-25,AAPL,256.14532470703125,0.018072939472633998,0.02286261601763162,0.01689028019035824,0.016007599723559765,0.021255914733740156,0.022547877062289983,0.014181221795598534,0.905604791385795,0.005010035217376199,16.739999771118164,16.22199993133545,0.03461059674784095
2025-09-26,AAPL,254.73931884765625,-0.0054890943685314,0.022306478193408936,0.017491296436501127,0.016056119482796085,0.014953445642461911,0.020577265711849056,0.013114553560953856,0.7509647771192908,0.003950572049874735,15.289999961853027,16.189999961853026,-0.08661886673181729
2025-09-29,AAPL,253.71221923828125,-0.004031963397017835,0.010911171134892627,0.017927420339357764,0.01603797419265859,0.007821426523797833,0.015487364841973179,0.009705421805964022,0.6536349717522453,0.004387078762188354,16.1200008392334,16.194000053405762,0.05428390316881204
2025-09-30,AAPL,253.9116668701172,0.0007861175643599783,0.010522136655300522,0.018048416704782404,0.016001532683294597,0.011035610512150693,0.014738864875406701,0.00934669809972621,0.6173640611307378,0.004533938569996759,16.280000686645508,16.122000312805177,0.00992554833016479
2025-10-01,AAPL,254.72933959960935,0.0032203038937570483,0.009387014558931067,0.018054969413944022,0.015975738158339556,0.0151106514592082,0.01403540977427176,0.008878764789173307,0.8093711393981575,0.004987713322883638,16.290000915527344,16.144000434875487,0.0006142646474234237
2025-10-02,AAPL,256.40460205078125,0.006576637201686886,0.005010035217376199,0.017605925183136712,0.015364154654885427,0.015673000827474626,0.012918826993018653,0.007966606787634474,0.7111981146248122,0.008534943474839875,16.6299991607666,16.122000312805177,0.020871591536571144
2025-10-03,AAPL,257.2920837402344,0.0034612549164674267,0.003950572049874735,0.015449461701948546,0.01526448553873981,0.020502261496695443,0.01402859016386536,0.008833272477059513,0.8239890793235074,0.015822338587872655,16.649999618530273,16.394000244140624,0.001202673407877164
2025-10-06,AAPL,255.96583557128903,-0.005154640398047916,0.004387078762188354,0.008000291288096657,0.01528959814027183,0.015660930438374153,0.015596490946780622,0.009552015061904711,0.7514290941744776,0.01818537080195145,16.3700008392334,16.444000244140625,-0.016816743886603813
2025-10-07,AAPL,255.75645446777344,-0.0008180041021813578,0.004533938569996759,0.007666895110989789,0.015265564877306395,0.007680915222699894,0.014925551888890462,0.009311598056218347,0.5536254848108062,0.018301070729518837,17.239999771118164,16.636000061035155,0.05314593080531016
2025-10-08,AAPL,257.3320007324219,0.006160338232429563,0.004987713322883638,0.007090819284199181,0.015237912964541595,0.009338927710259312,0.013771207139100686,0.008760295027051326,0.6591008108080043,0.01833228328025182,16.299999237060547,16.637999725341796,-0.0545243936506532
2025-10-09,AAPL,253.32330322265625,-0.015577920734133444,0.008534943474839875,0.00673844187304989,0.01565095425058306,0.019130848444314164,0.014462776662468594,0.00921823482007681,0.6995689715366776,0.017703767942106357,16.43000030517578,16.59799995422363,0.007975526024544655
2025-10-10,AAPL,244.57806396484375,-0.03452204809648307,0.015822338587872655,0.012573825295735381,0.017064235498884524,0.050475005777958964,0.020457325518721297,0.015198992085560616,1.1254517529074743,0.010159083959142383,21.65999984741211,17.6,0.3183201123002275
2025-10-13,AAPL,246.9613342285156,0.009744415443628807,0.01818537080195145,0.01330231008131905,0.01710762758701294,0.01667610765461821,0.02066036096197011,0.015278552432678519,0.6952725064144676,0.01842804178197715,19.030000686645508,18.131999969482422,-0.12142193810222157
2025-10-14,AAPL,247.07101440429688,0.0004441188177246591,0.018301070729518837,0.013293038286084392,0.016943149989256247,0.016749441351705512,0.022474066187771233,0.01579802861132765,0.66359658011524,0.018200639852783404,20.809999465942383,18.845999908447265,0.09353645376092956
2025-10-15,AAPL,248.63658142089844,0.006336506208048043,0.01833228328025182,0.013481048765476901,0.015591594708849956,0.017446082326963326,0.024095497111112037,0.016283510119997256,0.6415295438024541,0.02233840394910119,20.639999389648438,19.713999938964843,-0.008169153323245748
2025-10-16,AAPL,246.75192260742188,-0.007579973963228515,0.017703767942106357,0.013181221719683523,0.01566168368404638,0.01580112528406336,0.023429552479061873,0.01603527426796929,0.756089445398498,0.020929764913604303,25.309999465942383,21.489999771118164,0.22625970030968534
2025-10-17,AAPL,251.5782470703125,0.019559419889786378,0.010159083959142383,0.015015297345778743,0.016012887046281975,0.02421816470311579,0.01817818426409324,0.011109223430707782,1.0483767406995947,0.020334763083870926,20.780000686645508,21.313999938964844,-0.1789805956097521
2025-10-20,AAPL,261.50018310546875,0.039438767662544505,0.01842804178197715,0.019860766779863592,0.01730906104731324,0.033366383182747136,0.021516239369719022,0.013603634041361818,1.9615881399826827,0.014503809078315243,18.229999542236328,21.153999710083006,-0.12271419923715232
2025-10-21,AAPL,262.0286560058594,0.00202092745830873,0.018200639852783404,0.019831218655578214,0.01696678611960987,0.013167492930390256,0.020799849685455972,0.013307510746575843,1.0274474676861953,0.01458400001690235,17.8700008392334,20.56599998474121,-0.01974759802757342
2025-10-22,AAPL,257.72088623046875,-0.016440071254245958,0.02233840394910119,0.02065154426991934,0.016021769948903065,0.028709665611432116,0.02305256634234973,0.014640204410311726,0.9875233730405831,0.00911880900180149,18.600000381469727,20.158000183105468,0.04085056004214738
2025-10-23,AAPL,258.84765625,0.004372055505519334,0.020929764913604303,0.019892369609973985,0.01591459425692591,0.010054647841026242,0.02190327085374231,0.01426810649215036,0.7366996407580236,0.00893447976016483,17.299999237060547,18.5560001373291,-0.06989253321222011
2025-10-24,AAPL,262.0785827636719,0.012481961631328753,0.020334763083870926,0.015219547867996718,0.015793593236834075,0.01883422901257619,0.020826483715634385,0.013653478165744316,0.8680105952853544,0.010212181945053887,16.3700008392334,17.67400016784668,-0.05375713519309755
2025-10-27,AAPL,268.0516662597656,0.022791192752595002,0.014503809078315243,0.016015732472126967,0.016114089662398495,0.016628850345228458,0.017478977148130653,0.011177792485254754,1.0130816679482095,0.004611587635892872,15.789999961853027,17.186000251770018,-0.03543071763260408
2025-10-28,AAPL,268.2411193847656,0.0007067783895675639,0.01458400001690235,0.016001548899962314,0.016124142410777063,0.00646847863179593,0.016139174288411787,0.01074841387341761,0.9333642995593605,0.004879255048976739,16.420000076293945,16.896000099182128,0.03989867738840602
2025-10-29,AAPL,268.93914794921875,0.0026022429598195895,0.00911880900180149,0.016097530070040205,0.01612634406100563,0.01594370825332431,0.013585982816790226,0.008647390521888475,1.1449607435083042,0.004771962635060701,16.920000076293945,16.560000038146974,0.03045066977325206
2025-10-30,AAPL,270.63433837890625,0.006303249053230431,0.00893447976016483,0.015177369566372088,0.01604383595124415,0.020854840786282972,0.015746021405841575,0.009943140883877082,1.5198813437128587,0.0034132360149177546,16.90999984741211,16.482000160217286,-0.0005910300730935791
2025-10-31,AAPL,269.6072692871094,-0.0037950435186790976,0.010212181945053887,0.015234323851150307,0.015239065686292193,0.030180877351322057,0.018015351073590747,0.011721386562224625,1.801448294425556,0.003631611948871307,17.440000534057617,16.69600009918213,0.03134244183488977
2025-11-03,AAPL,268.29095458984375,-0.004882341269010326,0.004611587635892872,0.010464304500535053,0.013318820369115629,0.017097217291291184,0.01810902446280329,0.011760963063841796,1.0433591464320866,0.0038178736379772616,17.170000076293945,16.972000122070312,-0.01548167714997506
2025-11-04,AAPL,269.2781982421875,0.0036797500454424092,0.004879255048976739,0.01046696913558669,0.01323246471471284,0.014331191655786429,0.01968156706760139,0.012254452396343454,1.0061297080527458,0.010366546013757463,19.0,17.488000106811523,0.10658124144289749
2025-11-05,AAPL,269.3779296875,0.00037036583712879434,0.004771962635060701,0.008124630735662624,0.013091166634822534,0.017657582263248598,0.020024341869586248,0.012425946857266461,0.8854578929584134,0.011377601208378123,18.010000228881836,17.706000137329102,-0.05210525111148234
2025-11-06,AAPL,269.0089416503906,-0.0013697782796735503,0.0034132360149177546,0.00833202009722251,0.012763693629545263,0.02042473022367072,0.0199383197570638,0.01236560252405241,1.0245305885528455,0.011427503196966896,19.5,18.22400016784668,0.08273180189796547
2025-11-07,AAPL,267.7126159667969,-0.004818894404181151,0.003631611948871307,0.008143531105046254,0.012751233394202997,0.020561029188181375,0.01801435012443566,0.010900607950357058,0.9784532889154215,0.011030671852958217,19.079999923706055,18.552000045776367,-0.0215384654509716
2025-11-10,AAPL,268.93035888671875,0.00454869456011342,0.0038178736379772616,0.003994290862456848,0.012713582742246567,0.02327142375271874,0.019249191416721174,0.011678639380489044,0.835473296135933,0.014461867067959756,17.600000381469727,18.638000106811525,-0.07756811049026757
2025-11-11,AAPL,274.73956298828125,0.02160114657791201,0.010366546013757463,0.007832009399045567,0.013202419696809842,0.022198059470083853,0.02082256497958066,0.01255770355637702,0.9244541523592904,0.007349144360619912,17.280000686645508,18.294000244140626,-0.018181800448205276
2025-11-12,AAPL,272.9628601074219,-0.006466862149501096,0.011377601208378123,0.00831900788625068,0.01330768935098544,0.014736529642403113,0.02023835445541156,0.01227613607842209,0.9544142843859948,0.008528031725414848,17.510000228881836,18.194000244140625,0.013310158165333874
2025-11-13,AAPL,272.44384765625,-0.0019014031834500011,0.011427503196966896,0.00819823265808746,0.013305790220109647,0.016889597592851427,0.019531327929247704,0.011881294185548815,0.968787184997146,0.008721036328874433,20.0,18.294000244140626,0.1422044396670561
2025-11-14,AAPL,271.9048156738281,-0.00197850671637112,0.011030671852958217,0.008107271463095039,0.013323792307423938,0.023347106442725345,0.020088543380156497,0.012252499183562991,0.9279305505179092,0.014206250685204123,19.829999923706055,18.444000244140625,-0.008500003814697288
2025-11-17,AAPL,266.9639892578125,-0.018171161859606544,0.014461867067959756,0.010019903448141961,0.013766975630335045,0.01779697674463717,0.018993653978540182,0.011581392287012014,0.9217146628494527,0.011689091237124173,22.3799991607666,19.4,0.12859300286794828
2025-11-18,AAPL,266.9440612792969,-7.464669137968727e-05,0.007349144360619912,0.00991776015342104,0.013763338113865332,0.02015399372440656,0.018584840829404724,0.011275218069112377,0.9361833822751031,0.011281616245726371,24.690000534057617,20.881999969482422,0.10321722340993555
2025-11-19,AAPL,268.06195068359375,0.0041877290655560895,0.008528031725414848,0.01004162148648293,0.013745101872830451,0.02498507415876096,0.020634549732676293,0.01250716385803228,0.8324403922577659,0.011453271262949838,23.65999984741211,22.111999893188475,-0.041717321359500015
2025-11-20,AAPL,265.7562561035156,-0.008601349703672212,0.008721036328874433,0.010370673706000384,0.013503910793118953,0.03571823191754692,0.02440027659761539,0.015004338407529391,0.9310925742565205,0.008068864874963586,26.420000076293945,23.395999908447266,0.11665258861714323
2025-11-21,AAPL,270.98651123046875,0.019680647235321702,0.014206250685204123,0.012152955347441924,0.01203893101479868,0.02821456930297296,0.02537376916966492,0.01562677863566083,1.1746552121260663,0.006785448624750044,23.43000030517578,24.11599998474121,-0.11317183052550484
2025-11-24,AAPL,275.4083251953125,0.016317468883471742,0.011689091237124173,0.013041738332143605,0.012215149732692991,0.02210787839466849,0.02623594949967118,0.01603828416818657,1.2787596777100878,0.005528936480459026,20.520000457763672,23.744000244140626,-0.12419973578785137
2025-11-25,AAPL,276.4563903808594,0.003805495657415614,0.011281616245726371,0.011227526196422906,0.012199546348802631,0.018521879121214484,0.025909526579032765,0.015894900786719218,0.9099380643872409,0.008593234841503438,18.559999465942383,22.518000030517577,-0.09551661540434953
2025-11-26,AAPL,277.0352783203125,0.002093957526739132,0.011453271262949838,0.01094487910677166,0.012194007322549924,0.010448546294469783,0.02300222100617453,0.01468185351005714,0.6597242298491104,0.011670673292922444,17.190000534057617,21.22400016784668,-0.07381459974709137
2025-11-28,AAPL,278.3328857421875,0.0046839067924580036,0.008068864874963586,0.01091315559137992,0.012007556699527334,0.010794368656056739,0.018017448353876492,0.011618150314369649,0.417861441191983,0.012211058202133657,16.350000381469727,19.210000228881835,-0.04886562690464402
2025-12-01,AAPL,282.57501220703125,0.01524119743713337,0.006785448624750044,0.011523060068123779,0.011840460963478015,0.025715290082455673,0.017517592509773035,0.0112046408049692,1.008210755233449,0.008756700554231075,17.239999771118164,17.972000122070312,0.05443421216412436
2025-12-02,AAPL,285.6592712402344,0.010914832876105063,0.005528936480459026,0.008638098946268206,0.009874203275198222,0.016667210499949212,0.01642945893082918,0.010487178627690103,1.1571181431433373,0.003832636082610195,16.59000015258789,17.186000061035156,-0.03770299461483784
2025-12-03,AAPL,283.623046875,-0.007128157809805358,0.008593234841503438,0.009508242001937244,0.010045188916777546,0.018722531896857315,0.016469589485957743,0.010504820986774436,0.9445379766476947,0.0065645454981276205,16.079999923706055,16.690000152587892,-0.03074142400187263
2025-12-04,AAPL,280.179443359375,-0.012141479874668626,0.011670673292922444,0.011139168688759301,0.009790302071231697,0.02187393794592678,0.018754667816249144,0.011695644794837694,0.9539924010857822,0.00463667222384734,15.779999732971191,16.407999992370605,-0.01865672836805088
2025-12-05,AAPL,278.26300048828125,-0.006840055245008081,0.012211058202133657,0.010921019512016154,0.009942431666732199,0.011084105276559165,0.01881261514034963,0.011709462289586619,1.0294504082393843,0.0037902369983964256,15.40999984741211,16.219999885559083,-0.023447394918898135
2025-12-08,AAPL,277.3746643066406,-0.003192433705098474,0.008756700554231075,0.009759714984356467,0.00980863446024342,0.012666952195829022,0.0162029475630243,0.009991946378461167,0.8414315377070077,0.007675914225363613,16.65999984741211,16.103999900817872,0.08111615914194314
2025-12-09,AAPL,276.66595458984375,-0.002555062909471051,0.003832636082610195,0.0085087016131698,0.009009635419029454,0.011220093202037927,0.015113524103442041,0.009414390491968414,0.7160926834574188,0.007943434568869664,16.93000030517578,16.17199993133545,0.016206510218282677
2025-12-10,AAPL,278.26300048828125,0.005772469911612843,0.0065645454981276205,0.008615967789540937,0.00904950951323321,0.011873152927352597,0.013743648309541098,0.008595471167743611,0.7458126582027022,0.007284951351730523,15.770000457763672,16.11000003814697,-0.06851741444195236
2025-12-11,AAPL,277.514404296875,-0.002690246960942222,0.00463667222384734,0.008661739552237238,0.009074052699183127,0.020789119176614895,0.013526684555678722,0.008430805089460128,0.7636040512722638,0.00780028927692065,14.850000381469727,15.92400016784668,-0.05833862077290075
2025-12-12,AAPL,277.7639465332031,0.0008992046267306542,0.0037902369983964256,0.008525985360995046,0.009020400531189233,0.008624385176844239,0.013034740535735737,0.00822454188808035,0.9185709311634684,0.008749967811940063,15.739999771118164,15.990000152587891,0.059932617291983625
2025-12-15,AAPL,273.6016540527344,-0.01498499906996098,0.007675914225363613,0.007779813267428573,0.009442965627186288,0.02666811845332177,0.015834973787234287,0.010319707600138327,1.1672478889999451,0.007204620254467104,16.5,15.958000183105469,0.04828464040237068
2025-12-16,AAPL,274.1007385253906,0.0018241281266524467,0.007943434568869664,0.006347151815653749,0.009389568716785411,0.01351003842896875,0.01629296283262045,0.010524205810477232,0.8792745073310633,0.0078023381401708366,16.479999542236328,15.868000030517578,-0.0012121489553740261
2025-12-17,AAPL,271.33587646484375,-0.010087028861802017,0.007284951351730523,0.006568905119390355,0.00957634537176228,0.016627387708075283,0.017243809788764986,0.010962877206070656,1.1649090736316436,0.006567385664932279,17.6200008392334,16.238000106811523,0.06917483790429602
2025-12-18,AAPL,271.68524169921875,0.001287574790797219,0.00780028927692065,0.006170958867775968,0.00957804846407391,0.024541653315202933,0.017994316616482594,0.011522582459727823,1.184158318651009,0.006702637724815138,16.8700008392334,16.642000198364258,-0.04256526471497213
2025-12-19,AAPL,273.1625061035156,0.005437411303821804,0.008749967811940063,0.006544614234682508,0.009616980243314812,0.017174012410652195,0.019704242063244188,0.012202209363865218,2.979547439721806,0.006243733720931296,14.90999984741211,16.476000213623045,-0.11618262562637516
2025-12-22,AAPL,270.4674987792969,-0.009865948891234266,0.007204620254467104,0.007021943008845144,0.009757359506734085,0.01243678304611542,0.016857974981802915,0.010465432280784774,0.7712535046864472,0.0036287030994249245,14.079999923706055,15.992000198364257,-0.05566733281020897
2025-12-23,AAPL,271.85491943359375,0.005129713035979311,0.0078023381401708366,0.0074238012465476675,0.009766476779286982,0.01079454618714007,0.01631487653343718,0.010234934831801394,0.6497380837877613,0.003801144318799952,14.0,15.496000289916992,-0.005681812794001595
2025-12-24,AAPL,273.3022155761719,0.005323781322749355,0.006567385664932279,0.0073746266778705535,0.008967903699844694,0.011796429997260275,0.015348684991274179,0.00975431148483117,0.4054806652648508,0.002169881885348569,13.470000267028809,14.666000175476075,-0.03785712378365658
2025-12-26,AAPL,272.8929748535156,-0.0014973926274014504,0.006702637724815138,0.00736777924253301,0.008892511252906764,0.009180723561300893,0.01227649904049377,0.007558521671676076,0.49389339954745526,0.005633993822320147,13.600000381469727,14.01200008392334,0.0096510847708835
2025-12-29,AAPL,273.2523498535156,0.001316908213532919,0.006243733720931296,0.007385022338813065,0.008887823364269477,0.00734212147993305,0.010310120854349942,0.006287437372663422,0.5420024966415098,0.00718524106534514,14.199999809265137,13.870000076293945,0.044117603747491074
2025-12-30,AAPL,272.5735778808594,-0.0024840480713893553,0.0036287030994249245,0.005745844986529354,0.008892450608363772,0.0065914306484426265,0.009141050374815381,0.005621940148802026,0.5205352393323909,0.006440243150449858,14.329999923706055,13.920000076293945,0.009154937759653814
2025-12-31,AAPL,271.3558349609375,-0.00446757506501283,0.003801144318799952,0.005823869126817576,0.008249163142721607,0.007099215698424509,0.008401984277072271,0.005170186397047374,0.662247734848562,0.006348024752269008,14.949999809265137,14.110000038146973,0.04326586802930965
2026-01-02,AAPL,270.5074157714844,-0.003126592761770741,0.002169881885348569,0.004969133463814828,0.008276249248950991,0.032618707868154524,0.01256643985125112,0.009597346189482726,0.9244915835034468,0.007642589226074248,14.510000228881836,14.318000030517577,-0.02943141043457509
2026-01-05,AAPL,266.7643737792969,-0.013837114156417418,0.005633993822320147,0.006500007410302929,0.008643554589642841,0.020092774530303628,0.014748850045051665,0.010716657795138829,1.1130353702398512,0.00858387100959826,14.899999618530273,14.577999877929688,0.02687797267378067
2026-01-06,AAPL,261.8734436035156,-0.018334270451824564,0.00718524106534514,0.007777508007959533,0.009140998816899198,0.02069672579263572,0.017419770907592204,0.011885838987477077,1.2686568068401487,0.005052248751904894,14.75,14.68799991607666,-0.010067088749702191
2026-01-07,AAPL,259.8471984863281,-0.007737497507594893,0.006440243150449858,0.007632514724299701,0.008399460811446364,0.014865729331235438,0.019074630644150763,0.01240609288408483,1.1565483627626754,0.004005758432560694,15.380000114440918,14.897999954223632,0.042711872165486
2026-01-08,AAPL,258.55963134765625,-0.004955093401707855,0.006348024752269008,0.006930323173834837,0.00772624777031853,0.013858907806734055,0.020426569065812673,0.012818753830804512,1.1812786523208747,0.004564264383934847,15.449999809265137,14.997999954223634,0.004551345533378326
2026-01-09,AAPL,258.8890075683594,0.0012738888084979916,0.007642589226074248,0.0063558228929082175,0.007673471559457737,0.01538339171642515,0.016979505835466795,0.01030187994227721,0.9295163445050599,0.006072755434315609,14.489999771118164,14.993999862670899,-0.062135925566243366
2026-01-12,AAPL,259.76739501953125,0.0033929113461488303,0.00858387100959826,0.006856577577358521,0.007701900411034301,0.017291066282420612,0.016419164185890196,0.009955449859287094,1.0374301853316799,0.014292683083666782,15.119999885559082,15.03799991607666,0.04347826945426525
2026-01-13,AAPL,260.5658874511719,0.003073874731586601,0.005052248751904894,0.007053158104746219,0.007658383214332739,0.013100873664351729,0.014899993760233396,0.009014217084918803,1.0407416013303417,0.014480870833251367,15.979999542236328,15.283999824523926,0.056878284602278395
2026-01-14,AAPL,259.4779052734375,-0.004175458991876879,0.004005758432560694,0.007013746795736173,0.006921383094720048,0.01965693197841048,0.015858234289668406,0.009670073695957659,0.9216577975157473,0.015533424066086855,16.75,15.557999801635741,0.04818526156577807
2026-01-15,AAPL,257.73114013671875,-0.0067318453757286845,0.004564264383934847,0.0070351360993208,0.0064479602386372,0.01545261951122948,0.01617697663056749,0.00982866388410887,0.9053163772589038,0.01592212354497061,15.84000015258789,15.635999870300292,-0.054328349099230455
2026-01-16,AAPL,255.05613708496097,-0.010379044807463988,0.006072755434315609,0.007179634913832422,0.00653938573829219,0.01553634109368142,0.01620756650601874,0.009828707542529371,1.6172502388007974,0.022919757926352004,15.859999656677246,15.90999984741211,0.0012625949429734273
2026-01-20,AAPL,246.2425079345703,-0.034555644302943334,0.014292683083666782,0.011458102786827566,0.008535220766036541,0.04608834721458441,0.0219670226924515,0.015005568063611899,1.7434239462729813,0.012279552901786816,20.09000015258789,16.903999900817873,0.2667087381764075
2026-01-21,AAPL,247.1907501220703,0.0038508468560267684,0.014480870833251367,0.011363451508604065,0.008646196132409915,0.02576218469635543,0.024499284898852242,0.016133772228738453,1.3153795073185568,0.014294370375344534,16.899999618530273,17.08799991607666,-0.1587854907829206
2026-01-22,AAPL,247.8894500732422,0.002826561879143208,0.015533424066086855,0.011640078751587945,0.008732643518913254,0.011475764177464065,0.02286305133866296,0.015546108421175375,0.9522954155960579,0.014101822375369784,15.640000343322754,16.86599998474121,-0.07455617181351726
2026-01-23,AAPL,247.58001708984375,-0.0012482700788880585,0.01592212354497061,0.011687780075966686,0.008741815561476659,0.019069549727296194,0.023586437381876303,0.015843360446612446,0.9855599824207248,0.013367866422829194,16.09000015258789,16.915999984741212,0.02877236568970143
2026-01-26,AAPL,254.9363555908203,0.0297129735567756,0.022919757926352004,0.015890280841552196,0.010540166309230922,0.026467226850593276,0.02577261453325867,0.016888412411809953,1.266193000705386,0.01772508357891674,16.149999618530273,16.973999977111816,0.0037289910113973423
2026-01-27,AAPL,257.791015625,0.011197539980376536,0.012279552901786816,0.01633846131358106,0.010848362883310607,0.014481050493850244,0.019451155189111842,0.01223944533239846,1.0885621093087525,0.018695227435523584,16.350000381469727,16.226000022888183,0.012383948462139527
2026-01-28,AAPL,255.96446228027344,-0.007085403423770176,0.014294370375344534,0.016397422864726535,0.010862634114702835,0.016962996425335282,0.01769131753490781,0.011086861950781804,0.8881488126806862,0.01754589696903822,16.350000381469727,16.116000175476074,0.0
2026-01-29,AAPL,257.801025390625,0.007175070687510443,0.014101822375369784,0.01659551129520943,0.010748724259669452,0.02028802175600378,0.019453769050615754,0.011978905756702483,1.3797362205633072,0.01904417846744347,16.8799991607666,16.363999938964845,0.032415826723621866
2026-01-30,AAPL,258.9988098144531,0.0046461584937966816,0.013367866422829194,0.016512419286703543,0.01079491401815733,0.03745953757191437,0.02313176661953939,0.014839991540956575,1.7777281204841497,0.018712585109714654,17.440000534057617,16.63400001525879,0.03317543845574367
2026-02-02,AAPL,269.5093078613281,0.04058126002356821,0.01772508357891674,0.020195630575815724,0.01316266039326272,0.041776224478078286,0.026193566145036394,0.017311268129202497,1.3737367955136945,0.014300831809944224,16.34000015258789,16.672000122070312,-0.06307341443720693
2026-02-03,AAPL,268.98028564453125,-0.0019629088916998105,0.018695227435523584,0.014914895982853506,0.013163866702539705,0.01584540358159113,0.026466436762584568,0.01740227400353346,1.176330680617197,0.014458397027209602,18.0,17.002000045776366,0.10159117698350828
2026-02-04,AAPL,275.97723388671875,0.02601286642781786,0.01754589696903822,0.015695903597316863,0.013981047782042294,0.024087684535934913,0.027891374384704497,0.018006775785075983,1.598287853220959,0.008049725428172956,18.639999389648438,17.45999984741211,0.03555552164713549
2026-02-05,AAPL,275.3983459472656,-0.002097593092373451,0.01904417846744347,0.016060293787204097,0.013855042193404332,0.02272476144558474,0.028378722322620686,0.01820421778161158,0.9313059587784597,0.023696512109211258,21.770000457763672,18.438000106811522,0.1679185177362963
2026-02-06,AAPL,277.6042175292969,0.008009748840153375,0.018712585109714654,0.015554309895799283,0.013896747577354993,0.014310409377977862,0.023748896683833388,0.01558542899387213,0.8869092057784261,0.02173634802289856,20.3700008392334,19.02400016784668,-0.06430866279706493
2026-02-09,AAPL,274.3672180175781,-0.01166048390953256,0.014300831809944224,0.01570842952271799,0.014050810720233778,0.023669070408461244,0.020127465869909978,0.012342521119311469,0.7812481124631443,0.03077218006086782,17.360000610351562,19.228000259399415,-0.1477663281723809
2026-02-10,AAPL,273.4280700683594,-0.003422959769044165,0.014458397027209602,0.01600180156941057,0.014063340150413222,0.008878956229219012,0.018734176399435552,0.011829136292262416,0.6076475934198805,0.031034156141162783,17.790000915527344,19.186000442504884,0.02476960196184419
2026-02-11,AAPL,275.24639892578125,0.006650117732854843,0.008049725428172956,0.015327207243294541,0.014112088857787948,0.02079847720054447,0.018076334932357465,0.011340407380310974,0.912937029314337,0.030213247575844933,17.649999618530273,18.98800048828125,-0.007869662158076385
2026-02-12,AAPL,261.4891052246094,-0.04998173910671744,0.023696512109211258,0.023756746955874514,0.01684032317459978,0.05937419437060129,0.025406221517360772,0.01828212489942806,1.375666690307866,0.021988617258848226,20.81999969482422,18.79800033569336,0.17960340763780214
2026-02-13,AAPL,255.5445556640625,-0.022733450234726726,0.02173634802289856,0.02492558162473997,0.01728517227783859,0.026507209595915893,0.02784558156094838,0.019210581900880687,0.9416031794979624,0.016971993760795778,20.600000381469727,18.844000244140624,-0.010566729902939609
2026-02-17,AAPL,263.6371154785156,0.03166790148756515,0.03077218006086782,0.02338263508321378,0.018332451908565722,0.040738271410761376,0.031259421761408404,0.021241804677907268,0.9893570146441306,0.01400076872516237,20.290000915527344,19.43000030517578,-0.015048517485525714
2026-02-18,AAPL,264.106689453125,0.0017811375828364895,0.031034156141162783,0.02341239438344333,0.018167369581042647,0.016531095200642085,0.03278984955569302,0.021568919968555512,0.6022251657588088,0.013775551300718019,19.6200008392334,19.796000289916993,-0.03302119497595557
2026-02-19,AAPL,260.3401184082031,-0.014261551090285374,0.030213247575844933,0.0215270379247568,0.018041765663178184,0.01700062714574912,0.032030279544733954,0.021330772310947276,0.5547211988839144,0.010201301925835791,20.229999542236328,20.312000274658203,0.031090656315525544
2026-02-20,AAPL,264.3364562988281,0.015350449692731916,0.021988617258848226,0.022526778798711487,0.018193785972653847,0.0249073878310545,0.025136918236824596,0.016064567319104838,0.7549912819014571,0.020316054417201437,19.09000015258789,19.966000366210938,-0.056351923650237334
2026-02-23,AAPL,265.9349670410156,0.006047257970275721,0.016971993760795778,0.022420177489737982,0.018186089265126854,0.02272893515455872,0.02438126334855316,0.015677282046075814,0.6721699218003997,0.020089069734005763,21.010000228881836,20.04800033569336,0.10057622110776498
2026-02-24,AAPL,271.8895263671875,0.02239103564464129,0.01400076872516237,0.02368700711897827,0.018597144198503186,0.026383562897337353,0.021510321645868354,0.013184105913770509,0.8539353924222056,0.015344110992986326,19.549999237060547,19.9,-0.06949076515545527
2026-02-25,AAPL,273.97760009765625,0.007679860855135612,0.013775551300718019,0.023802579161256384,0.01862623456005514,0.014185225878255365,0.02104114778139101,0.012992172220108168,0.6213507670242864,0.01343778808866168,17.93000030517578,19.561999893188478,-0.082864398726613
2026-02-26,AAPL,272.6987609863281,-0.0046676776162442035,0.010201301925835791,0.02374449858629949,0.018663648530100198,0.019454102660256115,0.02153184288429241,0.013244446383437431,0.6010698806384274,0.013264523120096296,18.6299991607666,19.24199981689453,0.03904064939635021
2026-02-27,AAPL,263.93682861328125,-0.03213044438249635,0.020316054417201437,0.020001532123917906,0.01963883894274206,0.03755009154811604,0.02406038362770472,0.015117827968613183,1.3384294877841365,0.004953035593786356,19.860000610351562,19.395999908447266,0.06602262506673928
2026-03-02,AAPL,264.476318359375,0.0020440108677830526,0.020089069734005763,0.01817018338087992,0.019588763911104843,0.02391200718901541,0.024296998034596055,0.015264937857341933,0.8116021273464371,0.007857383680856223,21.440000534057617,19.481999969482423,0.07955689200142912
2026-03-03,AAPL,263.5072326660156,-0.003664168116717992,0.015344110992986326,0.015314600747041728,0.019491815901484806,0.02058764995556879,0.023137815446242344,0.014603974093282419,0.7749393110980823,0.008510899409558589,23.56999969482422,20.286000061035157,0.09934697330735043
2026-03-04,AAPL,262.2783508300781,-0.0046635601744375865,0.01343778808866168,0.015369488082341455,0.01832638655973319,0.01801760119875545,0.02390429051034236,0.014893740458926278,0.8199953688290884,0.00842508538339693,21.149999618530273,20.929999923706056,-0.10267289383229639
2026-03-05,AAPL,260.0504150390625,-0.008494547048829904,0.013264523120096296,0.014900432935715717,0.01842794671659489,0.016558444108890576,0.023325158800069253,0.014647061653126512,1.0680122078570362,0.011568164015048229,23.75,21.954000091552736,0.12293146233401209
2026-03-06,AAPL,257.2229919433594,-0.010872595974432131,0.004953035593786356,0.014187056166394898,0.01857224896468773,0.017090010263797018,0.019233142543205448,0.011695597055817953,0.8957939186006095,0.0141527228610293,29.489999771118164,23.879999923706055,0.24168420088918596
2026-03-09,AAPL,259.6407775878906,0.009399570490431275,0.007857383680856223,0.014452088251244303,0.018621571720608684,0.02874403986590502,0.020199549078583373,0.012484653485102207,0.8438306646674764,0.014533209064955964,25.5,24.69199981689453,-0.1353000950181722
2026-03-10,AAPL,260.58990478515625,0.0036555398041986376,0.008510899409558589,0.011881664356064563,0.01786486838590543,0.021201545312983953,0.020322328150066404,0.012561270344785557,0.6860455832737535,0.014854649600474092,24.93000030517578,24.963999938964843,-0.022352929208792838
2026-03-11,AAPL,260.5699157714844,-7.670678451010549e-05,0.00842508538339693,0.011258888872679979,0.01775874917303861,0.00989232435104074,0.018697272780523463,0.011901613484117246,0.5934275705069967,0.01534740104792539,24.229999542236328,25.579999923706055,-0.028078650395929716
2026-03-12,AAPL,255.52456665039065,-0.01936274610273281,0.011568164015048229,0.012142682832104179,0.018078417974140566,0.018650373919688587,0.01911565874268306,0.012110721448634803,0.9351001225780239,0.01408766766050903,27.290000915527344,26.288000106811523,0.12628978254650813
2026-03-13,AAPL,249.8897705078125,-0.022051876328148534,0.0141527228610293,0.010000579572541558,0.01846739679617803,0.027226860837791328,0.021143028857481927,0.013332452424337565,0.8916431452428255,0.010595874696954218,27.190000534057617,25.828000259399413,-0.0036643597696923713
2026-03-16,AAPL,252.58729553222656,0.010794859745288043,0.014533209064955964,0.011052697903527104,0.018564625640104675,0.01586106475225859,0.018566433834752642,0.011631105629166248,0.7977249783558074,0.011625327053575314,23.510000228881836,25.43000030517578,-0.13534388499059757
2026-03-17,AAPL,253.99598693847656,0.005577047742174601,0.014854649600474092,0.011510328132366205,0.01690885490922098,0.011603714182463469,0.01664686760864854,0.010598733292266242,0.8318810623130626,0.01112340359246964,22.3700008392334,24.918000411987304,-0.048489977820074914
2026-03-18,AAPL,249.70994567871097,-0.0168744447950816,0.01534740104792539,0.012257995100452872,0.01713046787283323,0.02376571330473111,0.019421545399386612,0.012056862338673266,0.9173527226978219,0.007449740650263028,25.09000015258789,25.090000534057616,0.12159138181989015
2026-03-19,AAPL,248.73085021972656,-0.003920930967820424,0.01408766766050903,0.012191240462604964,0.01627285677811734,0.018195688693498694,0.01933060835414864,0.012008365961621852,0.8898355644029532,0.006731521401520305,24.059999465942383,24.444000244140625,-0.041052239154301895
2026-03-20,AAPL,247.76173400878903,-0.0038962445152317393,0.010595874696954218,0.011975697065245828,0.016271474360753373,0.012903733526996409,0.016465982891989653,0.010195562389611914,2.128798027349641,0.010896939182284675,26.780000686645508,24.362000274658204,0.11305075981208423
2026-03-23,AAPL,251.25851440429688,0.014113480475494988,0.011625327053575314,0.012622840952815432,0.016456039779665754,0.017177650124693186,0.016729299966476575,0.01033405118031076,0.9733717021911492,0.008359627757149168,26.149999618530273,24.89000015258789,-0.023525057952272554
2026-03-24,AAPL,251.4083709716797,0.0005964238375686381,0.01112340359246964,0.0124743198545903,0.016390410768335955,0.020982350946206808,0.01860502731922524,0.011342731461863107,1.086379100045125,0.017177041711386586,26.950000762939453,25.8060001373291,0.03059277843515873
2026-03-25,AAPL,252.3874664306641,0.0038944425565474727,0.007449740650263028,0.012657628664442188,0.01643486173468278,0.01345892630117086,0.01654366991851319,0.010077813530306293,0.68950321565344,0.01734311418385903,25.329999923706055,25.854000091552734,-0.06011134669284157
2026-03-26,AAPL,252.6572265625,0.0010688333127271132,0.006731521401520305,0.011321702663349517,0.016358730293762856,0.024635200057634622,0.017831572191340378,0.01101063340370839,1.0005698671351364,0.017341793617715966,27.440000534057617,26.530000305175783,0.08330045861456314
2026-03-27,AAPL,248.57098388671875,-0.016173068672430957,0.010896939182284675,0.010209114670471538,0.01398253243092073,0.02982314340004946,0.021215454165950987,0.013108866245212998,1.1812702329519154,0.013980273300487647,31.049999237060547,27.38400001525879,0.13155971693667867
2026-03-30,AAPL,246.40298461914065,-0.008721851736991582,0.008359627757149168,0.009664788011445602,0.013476896690063012,0.021732962349403966,0.022126516610893144,0.013578025874883078,0.9756548802221888,0.01801637089389874,30.610000610351562,28.276000213623046,-0.014170648551379394
2026-03-31,AAPL,253.5563812255859,0.029031290418426225,0.017177041711386586,0.013790227275229779,0.013262557761623784,0.03301938549868481,0.024533923521388744,0.015263533412914188,1.2102427056597729,0.015688686981697595,25.25,27.936000061035156,-0.17510619090085677
2026-04-01,AAPL,255.3946990966797,0.007250134515282669,0.01734311418385903,0.012584855357544618,0.013342486924773004,0.011148890154866874,0.024071916292127946,0.015132961234213156,0.9771834253938796,0.01564067879780183,24.540000915527344,27.778000259399413,-0.028118775622679504
2026-04-02,AAPL,255.68443298339844,0.0011344553655323608,0.017341793617715966,0.012406382241324052,0.013110124589735456,0.021412984626197507,0.023427473205840522,0.014809047338901538,0.7807457275247466,0.015700673358885503,23.8700008392334,27.06400032043457,-0.027302365578560805
2026-04-06,AAPL,258.6217041015625,0.011487876222620041,0.013980273300487647,0.01243347049156555,0.012967095133260834,0.022019672910395853,0.021866779107909802,0.013838629477983831,0.7427774272386503,0.015360120498083432,24.170000076293945,25.68800048828125,0.012568044680059565
2026-04-07,AAPL,253.26666259765625,-0.0207060792616357,0.01801637089389874,0.014157171816482834,0.01340345560314691,0.04142017853565717,0.025804222345160444,0.016857714630108097,1.5276058192962365,0.010355371361508147,25.780000686645508,24.722000503540038,0.06661152690399286
2026-04-08,AAPL,258.66168212890625,0.021301735790709264,0.015688686981697595,0.01555515945498033,0.013337708999985005,0.012437239461622182,0.021687793137747918,0.014668749401665909,0.9958119536361402,0.013751721549180177,21.040000915527344,23.88000068664551,-0.18386344627110762
2026-04-09,AAPL,260.2502136230469,0.006141348347641795,0.01564067879780183,0.015586405369590798,0.013303811885736738,0.01938649461510985,0.023335314029796512,0.015285794920791502,0.680902085821953,0.015738058300730048,19.489999771118164,22.870000457763673,-0.07366925270736524
2026-04-10,AAPL,260.240234375,-3.834482173115106e-05,0.015700673358885503,0.01560699869641141,0.013294161562164317,0.012169891331511019,0.02148669537085921,0.014511644053430021,0.7664717389035938,0.018759295237019406,19.229999542236328,21.94200019836426,-0.013340186348648642
2026-04-13,AAPL,258.96142578125,-0.004913954203973225,0.015360120498083432,0.014425902096516582,0.011994994025503936,0.013580203888494945,0.01979880156647903,0.013751897402538455,0.8883097251659481,0.017425192945500354,19.1200008392334,20.932000350952148,-0.005720161498773413
2026-04-14,AAPL,258.59173583984375,-0.00142758690909639,0.010355371361508147,0.013873970128049513,0.011985701613847367,0.018313141754352225,0.015177394210218043,0.009319372577911569,1.1626051785535738,0.02365172213569786,18.360000610351562,19.448000335693358,-0.039748964201003045
2026-04-15,AAPL,266.18475341796875,0.02936295529114541,0.013751721549180177,0.013938245240823157,0.013161325462021574,0.032841647864502686,0.019258275890794145,0.012489347707696094,1.1749042882647156,0.022917948504870066,18.170000076293945,18.87400016784668,-0.010348612622076536
2026-04-16,AAPL,263.15753173828125,-0.011372633634406881,0.015738058300730048,0.014814684140350372,0.013306887376089175,0.022361483617772005,0.019853273691326577,0.012818860031856305,1.0107744061396184,0.02129247245612452,17.940000534057617,18.56400032043457,-0.012658202601573132
2026-04-17,AAPL,269.98126220703125,0.02593021154924191,0.018759295237019406,0.016436057722456116,0.013997888576615203,0.02064902618291329,0.02154910066160703,0.013585775456648574,1.3902769637405832,0.019419859752702072,17.479999542236328,18.21400032043457,-0.02564108016318145
2026-04-20,AAPL,272.79864501953125,0.010435475371396441,0.017425192945500354,0.016397325562332192,0.013896842945085579,0.014612673183491603,0.021755594520606363,0.013663066802273976,0.8795117546620298,0.019298477674716905,18.8700008392334,18.16400032043457,0.07951952708227816
2026-04-21,AAPL,265.9250183105469,-0.025196703995697067,0.02365172213569786,0.01723402770336971,0.014679725761637752,0.027801756483336937,0.023653317466403305,0.014736927756851429,1.193027426671647,0.01583537575075663,19.5,18.392000198364258,0.03338628154465928
2026-04-22,AAPL,272.9185791015625,0.026298995241013978,0.022917948504870066,0.01782098128418257,0.01539110398911187,0.025149155395875485,0.022114818972677863,0.013543292619778203,1.029966384371275,0.009389350657363736,18.920000076293945,18.542000198364256,-0.029743585831079722
2026-04-23,AAPL,273.1783142089844,0.0009516944880663125,0.02129247245612452,0.017876418259123377,0.015388256224854619,0.015067824406786149,0.020656087130480692,0.012802912566474357,0.7907658279950082,0.009789126511102761,19.309999465942383,18.81599998474121,0.02061307547969271
2026-04-24,AAPL,270.81048583984375,-0.008667702544387201,0.019419859752702072,0.018348852595050504,0.015002752616619383,0.012580254160786914,0.019042332726055416,0.012015929459331963,0.9073131526415972,0.01690035388453345,18.709999084472656,19.061999893188478,-0.03107200404267052
2026-04-27,AAPL,267.3636474609375,-0.012727861582674027,0.019298477674716905,0.018934300591177015,0.014576833158630821,0.01229392850577544,0.018578583790512186,0.011826599329624462,0.9936120693765831,0.016640781079410465,18.020000457763672,18.891999816894533,-0.03687860291140321
2026-04-28,AAPL,270.4608154296875,0.011584102768505522,0.01583537575075663,0.019015748909338843,0.014593288269519842,0.016881561333051427,0.01639454476045508,0.01028767428104222,0.9582605249625706,0.01888691411261338,17.829999923706055,18.55799980163574,-0.010543869546671303
2026-04-29,AAPL,269.92132568359375,-0.001994705758897597,0.009389350657363736,0.016964335061068973,0.014601636466513654,0.014805492101994099,0.014325812101678806,0.00867069634188392,0.7367477583097408,0.017685213595780593,18.809999465942383,18.53599967956543,0.054963519149170637
2026-04-30,AAPL,271.1002502441406,0.004367659937802859,0.009789126511102761,0.01635401000891947,0.01415645390698093,0.028966225077452203,0.017105492235812016,0.010910957005515625,2.1175887695738145,0.018332988485464396,16.889999389648438,18.051999664306642,-0.10207337218538048
2026-05-01,AAPL,279.88214111328125,0.03239351812191993,0.01690035388453345,0.017447767601234114,0.015080826564651413,0.03159136731902423,0.02090771486745948,0.013353459650875433,1.744677548460324,0.015530951824029226,16.989999771118164,17.707999801635744,0.00592068591376127
2026-05-04,AAPL,276.5751647949219,-0.011815603186417278,0.016640781079410465,0.01791230368256621,0.015292545802175714,0.020843188278462453,0.022617566821996882,0.014088045659517509,0.9999190095684409,0.012324463104483837,18.290000915527344,17.761999893188477,0.07651566579883617
2026-05-05,AAPL,283.9184265136719,0.026550690927708454,0.01888691411261338,0.016775305629543942,0.015744082454282025,0.028397521050772038,0.024920758765541003,0.01541592553776296,1.071286312850224,0.00897830700846413,17.3799991607666,17.671999740600587,-0.04975405736520189
2026-05-06,AAPL,287.245361328125,0.011717924952267644,0.017685213595780593,0.015464379975755052,0.015787161147086518,0.02420782309719168,0.02680122496458052,0.016274692082086522,1.2439586459519703,0.009262813552768437,17.389999389648438,17.387999725341796,0.0005753871901450491
2026-05-07,AAPL,287.1754150390625,-0.00024350711440246364,0.018332988485464396,0.015505734561915391,0.015811339239990403,0.022091587982121887,0.02542629754551446,0.015475534755206428,0.9470925692867314,0.009729865357672875,17.079999923706055,17.42599983215332,-0.01782630689032183
2026-05-08,AAPL,293.0500183105469,0.020456497888878378,0.015530951824029226,0.01536352985078978,0.016063275255814177,0.01622804325230901,0.022353632732171416,0.013709645052346797,1.0793120053714886,0.006648720078776237,17.190000534057617,17.46599998474121,0.006440316794081857
2026-05-11,AAPL,292.67999267578125,-0.0012626705737772692,0.012324463104483837,0.014010663265127529,0.01560720925457027,0.012470937501107863,0.020679182576700497,0.01296484560589354,0.8600596563287336,0.008585893688748856,18.3799991607666,17.48399963378906,0.0692262123175218
2026-05-12,AAPL,294.79998779296875,0.007243389265544797,0.00897830700846413,0.013994978160190859,0.01537327578612973,0.009192644393802653,0.01683820724530662,0.01070136762769922,0.9338208863277433,0.00834830724639517,17.989999771118164,17.605999755859376,-0.021218683757119994
2026-05-13,AAPL,298.8699951171875,0.013805995565634221,0.009262813552768437,0.013532500853286833,0.014832255904637347,0.024826893127311,0.016962021251330485,0.010785330774384101,1.0723716470003217,0.007467179097533654,17.8700008392334,17.702000045776366,-0.006670313141271755
2026-05-14,AAPL,298.2099914550781,-0.00220833028705536,0.009729865357672875,0.014005474455960757,0.01489639329744183,0.01700146698465832,0.01594399705183777,0.010118156291583543,0.7249276917210868,0.007477420437126734,17.260000228881836,17.738000106811523,-0.0341354550477867
2026-05-15,AAPL,300.2300109863281,0.0067738157309671365,0.006648720078776237,0.011505816677948158,0.014877764400911831,0.022249685071168885,0.017148325415609744,0.010911397647011354,1.1335244758336693,0.00831238337725062,18.43000030517578,17.986000061035156,0.06778679378787822
2026-05-18,AAPL,297.8399963378906,-0.007960612067346995,0.008585893688748856,0.010847304931599994,0.015029640761240925,0.01930566770984242,0.018515271457356656,0.011605532856747388,0.7140101745880459,0.005807900280073866,17.81999969482422,17.87400016784668,-0.03309824201035161
2026-05-19,AAPL,298.9700012207031,0.003793999787491842,0.00834830724639517,0.00854672124538139,0.01423931286666967,0.013914451768150518,0.019459632932226228,0.011940393972605785,0.8819763941096347,0.005534824686340392,18.059999465942383,17.888000106811525,0.01346800085456068
2026-05-20,AAPL,302.25,0.0109709963070026,0.007467179097533654,0.008486595068930418,0.01396993068036301,0.01561621578396402,0.01761749746355683,0.010743035615584708,0.8023792358362953,0.005305608863163621,17.440000534057617,17.802000045776367,-0.03432995294678509
2026-05-21,AAPL,304.989990234375,0.009065310949131433,0.007477420437126734,0.008340116010929271,0.013986205739014433,0.016853060143015068,0.017587816095228182,0.010737000481525429,0.8928030970106803,0.006152224198825985,16.760000228881836,17.702000045776366,-0.03899084199268488
2026-05-22,AAPL,308.82000732421875,0.012557845216167651,0.00831238337725062,0.007109192987464621,0.014006502880062967,0.018004006951390664,0.016738680471272537,0.010143741174865826,0.902286553491897,0.01032978567288121,16.700000762939453,17.3560001373291,-0.003579920353401156
2026-05-26,AAPL,308.3299865722656,-0.001586751960143129,0.005807900280073866,0.007142980646007514,0.013931586251583219,0.013459585759465889,0.015569464081197231,0.009431216866966692,0.9851072827094026,0.0171496987862526,17.010000228881836,16.900000381469727,0.025316460062143387
2026-05-27,AAPL,310.8500061035156,0.008173125031610828,0.005534824686340392,0.00717783947751249,0.013866947978453408,0.015956319367111487,0.015977837600989427,0.00965947822076091,1.0240449296517242,0.019090517439355446,16.290000915527344,16.67000045776367,-0.042328001391321646
2026-05-28,AAPL,312.510009765625,0.005340207912225559,0.005305608863163621,0.006539008159203568,0.013161716932673498,0.010335606437606296,0.014921715731717883,0.009125384460679913,0.9614200986175164,0.018954069888913544,15.739999771118164,16.466000366210938,-0.03376311316747249
2026-05-29,AAPL,312.05999755859375,-0.001439992937726231,0.006152224198825985,0.006455512629909108,0.012845177001900127,0.017528684430871515,0.01505684058928917,0.009200282784042654,1.4272448899729988,0.019695955823000703,15.319999694824219,16.190000152587892,-0.026683613875561618
2026-06-01,AAPL,306.30999755859375,-0.018425943872925732,0.01032978567288121,0.009634751166946889,0.012997344608738588,0.01932686975586535,0.015321413150184107,0.00937475983271415,1.028179868491632,0.019784642509286052,16.049999237060547,16.08199996948242,0.04765010161736205
2026-06-02,AAPL,315.20001220703125,0.029022933365852488,0.0171496987862526,0.012138514390003385,0.013722774746464895,0.02779190807857966,0.01818787761400686,0.011495647570337407,0.9394642180592672,0.014181468438320712,15.770000457763672,15.83400001525879,-0.017445407639044563
2026-06-03,AAPL,310.260009765625,-0.015672595971098935,0.019090517439355446,0.013917169913924683,0.013098007940585582,0.0260748922943757,0.020211592199459703,0.012728011745167021,1.0706833800155473,0.01669792177847219,16.059999465942383,15.787999725341797,0.01838928343441748
2026-06-04,AAPL,311.2300109863281,0.0031264139436979477,0.018954069888913544,0.013687274720590593,0.012481781250992934,0.012498841728371698,0.020644239257612784,0.012863649488142627,0.9585927482189729,0.01961199641579773,15.399999618530273,15.719999694824219,-0.04109588227644323
2026-06-05,AAPL,307.3399963378906,-0.012498841728371679,0.019695955823000703,0.014312739723787854,0.012848447024618051,0.026094942496298998,0.02235749087069828,0.013829830661905244,1.3659978118267189,0.019733506912020117,21.510000228881836,16.957999801635744,0.3967532962143463
2026-06-08,AAPL,301.5400085449219,-0.01887156849768501,0.019784642509286052,0.01489736157914322,0.013322086028737141,0.053823638684191856,0.02925684465636358,0.01906145534629104,1.588386690938664,0.02260586750083789,18.920000076293945,17.53199996948242,-0.12040911785348352
2026-06-09,AAPL,290.54998779296875,-0.03644631040831148,0.014181468438320712,0.018386255600479264,0.014935206969591547,0.04463948293105727,0.0326263596268591,0.021125971974230065,1.3891882016649937,0.013029824522246854,19.8700008392334,18.352000045776368,0.05021145661250648
2026-06-10,AAPL,291.5799865722656,0.003544996808021894,0.01669792177847219,0.018051509331562396,0.014845574152820841,0.025276066453761598,0.03246659445873628,0.021079208796966536,1.038834924710329,0.015157611050799281,22.219999313354492,19.584000015258788,0.11826866506623457
2026-06-11,AAPL,295.6300048828125,0.013889904990249002,0.01961199641579773,0.018845510618110115,0.014958304064355473,0.025065127151239923,0.03497985154330993,0.021889243153639742,0.8461340780412977,0.01420825393255709,19.440000534057617,20.392000198364258,-0.12511246018023325
2026-06-12,AAPL,291.1300048828125,-0.015221729613622226,0.019733506912020117,0.01902863840481199,0.015326157111725405,0.025830451705852187,0.03492695338522057,0.02187718954354468,0.7673983891053558,0.0113895818131405,17.68000030517578,19.626000213623048,-0.09053498871043908
2026-06-15,AAPL,296.4200134277344,0.018170605764429082,0.02260586750083789,0.02002766399337957,0.01457067075770641,0.02051139024642104,0.028264503697666404,0.01762326439451888,0.9141313108053652,0.009280984772721879,16.200000762939453,19.08200035095215,-0.08371037990327757
2026-06-16,AAPL,299.239990234375,0.009513449426140408,0.013029824522246854,0.017318234206138147,0.014391644303930966,0.021755146297545786,0.023687636370964108,0.014318046262450895,0.7927623436693868,0.006994033918135428,16.40999984741211,18.39000015258789,0.012962905838441063
2026-06-17,AAPL,295.95001220703125,-0.010994446379867018,0.015157611050799281,0.017060569868615354,0.013871775621485035,0.026051771091878582,0.023842777298587504,0.014386621023401129,0.8494126706161432,0.026921830578590617,18.440000534057617,17.634000396728517,0.12370510088491216
2026-06-18,AAPL,298.010009765625,0.006960626705947437,0.01420825393255709,0.01729445949331525,0.01377754980053642,0.016610221283923553,0.02215179612512423,0.013446842527197037,1.6308597205317537,0.03319210481732355,16.399999618530273,17.026000213623046,-0.11062911369007722
2026-06-22,AAPL,297.010009765625,-0.0033555919842641613,0.0113895818131405,0.01704660910388831,0.013801417263851545,0.01905660912430449,0.02079702760881469,0.012616137532003585,0.8499098152398373,0.0330648632335779,17.280000686645508,16.94600028991699,0.0536586029624615
2026-06-23,AAPL,294.29998779296875,-0.00912434558954689,0.009280984772721879,0.016319245920780046,0.013431079198010518,0.02534835977602606,0.021764421514735694,0.013179799390200182,0.9772348246569309,0.0370373528157851,19.489999771118164,17.604000091552734,0.1278934604545825
2026-06-24,AAPL,293.0799865722656,-0.004145434153267291,0.006994033918135428,0.011206974505299654,0.013452418081482696,0.023065409019179698,0.022026474059062474,0.01329077590744863,0.9926193872870354,0.03807785084614095,18.6299991607666,18.047999954223634,-0.044125224240688765
2026-06-25,AAPL,275.1499938964844,-0.06117781321571136,0.026921830578590617,0.0225122249289952,0.017420280716719583,0.0546973946095408,0.027755598762594924,0.018304036213604498,1.9005827648447147,0.02045946759222471,18.889999389648438,18.137999725341796,0.013955997884818938
2026-06-26,AAPL,283.7799987792969,0.03136472859984596,0.03319210481732355,0.024755245376092565,0.018249980580149962,0.041370148715391485,0.032707584248888505,0.021022003655979,3.908060322630272,0.02031436119457534,18.40999984741211,18.539999771118165,-0.025410246572022843
2026-06-29,AAPL,281.739990234375,-0.007188697419469814,0.0330648632335779,0.02447218364530683,0.018278691830130943,0.03024060945904141,0.034944384315835894,0.02193300880373835,0.9943641421754955,0.020053369745364757,17.649999618530273,18.613999557495116,-0.04128192477897652
2026-06-30,AAPL,289.3599853515625,0.02704619642688466,0.0370373528157851,0.025465992004186127,0.01896565273149715,0.03193250864713975,0.03626121409005863,0.022616032552110952,0.962792687708133,0.02008741825352064,16.450000762939453,18.005999755859374,-0.06798860518563254
2026-07-01,AAPL,294.3800048828125,0.017348699838890536,0.03807785084614095,0.02597873088842726,0.019209107093065385,0.025103553258656944,0.036668842937954076,0.022800551889886174,0.7388226530040104,0.0203159038677252,16.59000015258789,17.59799995422363,0.008510600799718215
2026-07-02,AAPL,308.6300048828125,0.0484068203126522,0.02045946759222471,0.03000212184694117,0.02115770415519936,0.05099964521573217,0.03592929305919236,0.022580365087941104,1.0901217230834932,0.008436465447951142,16.149999618530273,17.05,-0.026522033153145053
2026-07-06,AAPL,312.6600036621094,0.01305770247720095,0.02031436119457534,0.03011685339393975,0.021194066505688787,0.023028248329493014,0.032260912982012654,0.020539233881357505,0.7704213963517621,0.0071291255181066705,15.569999694824219,16.481999969482423,-0.035913308817702494
2026-07-07,AAPL,310.6600036621094,-0.006396724801939757,0.020053369745364757,0.030228253924908858,0.02118792711497823,0.017157075346078233,0.02964420615942002,0.019440241175094707,0.6210325861600499,0.007575159532852131,16.1299991607666,16.177999877929686,0.035966568845119395
2026-07-08,AAPL,313.3900146484375,0.008787777487112347,0.02008741825352064,0.029831730738550975,0.021127077712096126,0.024793449593365147,0.028216394348665103,0.018636181899383382,0.6205938303600566,0.018689314332712797,16.899999618530273,16.26799964904785,0.0477371666352322
2026-07-09,AAPL,316.2200012207031,0.009030238488741738,0.0203159038677252,0.02958896955122604,0.02117619715963302,0.026468898503816434,0.028489463397697,0.018793284102565783,0.7348618975911778,0.019082340992797337,15.84000015258789,16.117999649047853,-0.06272186330585061
2026-07-10,AAPL,315.32000732421875,-0.0028461004775477416,0.008436465447951142,0.01785160802976418,0.021144119590961817,0.015032316771137333,0.021295997708778033,0.013150919501096535,0.5287340136704084,0.018406213599049058,15.029999732971191,15.893999671936035,-0.05113638963471623
2026-07-13,AAPL,317.30999755859375,0.0063110179758711915,0.0071291255181066705,0.016852218010452953,0.021152217779187656,0.024171987919536154,0.02152474562678666,0.013256189392425751,0.6697391182372611,0.023776456327367277,17.15999984741211,16.211999702453614,0.14171657699822537
2026-07-14,AAPL,314.8599853515625,-0.0077211944971221635,0.007575159532852131,0.016918038145107197,0.021205415671455997,0.013593339828552575,0.020811998523281527,0.012968476169981102,0.5636341878117256,0.022659152834613304,16.5,16.285999870300294,-0.03846152991147278
2026-07-15,AAPL,327.5,0.040144874663333496,0.018689314332712797,0.018687020685145026,0.02207952818535862,0.034839705838501905,0.022821249772308882,0.014599670163875398,0.934502314616975,0.014235194927118172,15.670000076293945,16.039999961853027,-0.05030302567915479
2026-07-16,AAPL,333.260009765625,0.017587816078244334,0.019082340992797337,0.018693906412417607,0.021700759969154215,0.023675160234221445,0.02226250211838988,0.01422676126544261,0.9485691948423454,0.01033895080344847,16.729999542236328,16.217999839782713,0.06764514746531392
2026-07-17,AAPL,333.739990234375,0.0014402582208634662,0.018406213599049058,0.014025323964657992,0.02144117576001331,0.017948074577962384,0.022845653679754892,0.014474185373935041,0.9405080325447572,0.021901477712883817,18.770000457763672,16.96599998474121,0.12193669882519642
2026-07-20,AAPL,326.5899963378906,-0.021423845225929217,0.023776456327367277,0.016624962269521235,0.021886562812624733,0.030711285990890607,0.024153513294025784,0.015334099191823217,0.8126673852311367,0.01866149539757509,18.649999618530273,17.263999938964844,-0.006393225162856231
2023-09-12,AMZN,141.22999572753906,-0.013067856717097759,0.021087423302054684,0.015911324347623997,0.021471075205946166,0.016922746314169866,0.024644989608741372,0.015861769496595988,0.9881330703314021,0.020733009729843314,14.229999542236328,14.1439998626709,0.031159372866542467
2023-09-13,AMZN,144.85000610351562,0.025632022130484877,0.019132764397828503,0.01697973260817789,0.02164265446018836,0.02837418320448251,0.02612361418538728,0.01672751729502489,1.3721785784717206,0.011868418659414891,13.479999542236328,13.949999809265137,-0.052705553346921175
2023-09-14,AMZN,144.72000122070312,-0.0008975138235036706,0.01990163181604818,0.017075099721339977,0.020919268448718567,0.020107819496708795,0.023079534411807507,0.014698145797336316,1.4172057430013216,0.01553348563301823,12.819999694824219,13.633999824523926,-0.04896141467543513
2023-09-15,AMZN,140.38999938964844,-0.029919857618376344,0.02695997335187917,0.019741519628695015,0.021826417353564748,0.024788168683365072,0.024998744986470325,0.01557929330636726,2.147937347261591,0.017067736332089658,13.789999961853027,13.623999786376952,0.07566304915127442
2023-09-18,AMZN,139.97999572753906,-0.0029204620264398073,0.020264729848380274,0.019799219312074175,0.01583045802540525,0.01807400240403875,0.021653384020553,0.013276822999116996,0.8991424935139268,0.022373781704464444,14.0,13.66399974822998,0.015228429204342975
2023-09-19,AMZN,137.6300048828125,-0.016788047695762587,0.020733009729843314,0.02052895769933019,0.015714947535659263,0.02383200365421543,0.023035235488562112,0.01403614840924252,1.2643164183051507,0.0257060167619587,14.109999656677246,13.639999771118164,0.007857118334088975
2023-09-20,AMZN,135.2899932861328,-0.01700219075536713,0.011868418659414891,0.02079060229552293,0.015747984707102196,0.030822665207218516,0.023524931889109313,0.014280008789470926,0.9384696338273192,0.026848677242615544,15.140000343322754,13.97199993133545,0.07299792428826057
2023-09-21,AMZN,129.3300018310547,-0.04405345369833069,0.01553348563301823,0.023852084459719994,0.017442290080519687,0.022655284103357678,0.024034424810439086,0.014520221086159493,1.3881516337496047,0.021072218746413473,17.540000915527344,14.916000175476075,0.15852050976095722
2023-09-22,AMZN,129.1199951171875,-0.0016238050792075631,0.017067736332089658,0.02371111006416427,0.017390613056107552,0.027183973354787658,0.024513585744723603,0.014824814290776187,1.1634845511898884,0.022025590147369604,17.200000762939453,15.59800033569336,-0.019384272225830057
2023-09-25,AMZN,131.27000427246094,0.01665124873434287,0.022373781704464444,0.0205977128852064,0.017728115744512902,0.022929796669987637,0.025484744597913382,0.015326134913284243,0.8921551540126896,0.022426161828878747,16.899999618530273,16.178000259399415,-0.017441926226863136
2023-09-26,AMZN,125.9800033569336,-0.040298626825268746,0.0257060167619587,0.022949289322998858,0.018763857958601648,0.04056199773128774,0.028830743413327847,0.017577036189112574,1.3646859519633654,0.02088375514599978,18.940000534057617,17.144000434875487,0.12071011606950299
2023-09-27,AMZN,125.9800033569336,0.0,0.026848677242615544,0.019570857271789387,0.018489480563089425,0.02659157020359981,0.027984524412604107,0.017133124600005226,1.2117616995259441,0.022797132158633177,18.219999313354492,17.760000228881836,-0.03801484690607215
2023-09-28,AMZN,125.9800033569336,0.0,0.021072218746413473,0.019637960531665482,0.01824231948908649,0.028099704883302795,0.02907340856859313,0.017758613620550024,0.9769223034737373,0.02325065338703647,17.34000015258789,17.720000076293946,-0.0482985287557941
2023-09-29,AMZN,127.12000274658205,0.009049050319664964,0.022025590147369604,0.019903322986203228,0.018318589663798273,0.022262383106629126,0.028089090518961423,0.01727449483519448,1.1139920534066192,0.024086911970294382,17.520000457763672,17.78400001525879,0.010380640345549086
2023-10-02,AMZN,129.4600067138672,0.01840783446134764,0.022426161828878747,0.02176597879982312,0.018657832705304075,0.030356867768915517,0.029574504738747,0.01809347239263362,0.8519352024999479,0.022280296828134767,17.610000610351562,17.92600021362305,0.0051369948765045415
2023-10-03,AMZN,124.72000122070312,-0.03661366636292884,0.02088375514599978,0.023530697934749517,0.019622044107297912,0.03423672410734494,0.02830945001395844,0.017159147969496334,0.905863456609114,0.010760704101662577,19.780000686645508,18.094000244140624,0.1232254401523627
2023-10-04,AMZN,127.0,0.018280939360016735,0.022797132158633177,0.02489458699640726,0.019979414624600747,0.013228348859651821,0.02563680574516884,0.01600000383111503,0.7749019143121748,0.010728109983781087,18.579999923706055,18.166000366210938,-0.06066737721347171
2023-10-05,AMZN,125.95999908447266,-0.008188983586829512,0.02325065338703647,0.021100822679850938,0.0199005488387336,0.019053680083543075,0.023827600785216896,0.014977705768854108,0.7006851894334527,0.00704133531440991,18.489999771118164,18.39600028991699,-0.004843926423974909
2023-10-06,AMZN,127.95999908447266,0.015878056641289273,0.024086911970294382,0.02188665746800081,0.019591468945248804,0.0337605480285475,0.02612723376960057,0.016533113350880244,0.8213071628151006,0.013834175244189655,17.450000762939453,18.382000350952147,-0.05624656684978524
2023-10-09,AMZN,128.25999450683594,0.0023444468936362206,0.022280296828134767,0.021080377676651576,0.01947982799197087,0.03142048434820057,0.026339957085457583,0.016696461154390448,0.6908149092031212,0.016047754880838382,17.700000762939453,18.400000381469727,0.01432664693808805
2023-10-10,AMZN,129.47999572753906,0.009511938819224852,0.010760704101662577,0.01642639422327386,0.019575829116408053,0.020775428870624484,0.02364769803811349,0.015086223662829686,0.7518066997682922,0.017179034135974637,17.030000686645508,17.850000381469727,-0.03785311002340763
2023-10-11,AMZN,131.8300018310547,0.01814956889912689,0.010728109983781087,0.017064699673584934,0.019715447444599764,0.018508703690478658,0.02470376900427886,0.015490869006585075,0.7391900275805124,0.01866469952410289,16.09000015258789,17.352000427246093,-0.05519674081955506
2023-10-12,AMZN,132.3300018310547,0.0037927633547389927,0.00704133531440991,0.01699106793077806,0.019729239472317157,0.024559812249902824,0.025804995437550805,0.01602402465663384,1.0153046452409984,0.018468224846671485,16.690000534057617,16.992000579833984,0.03729026574143468
2023-10-13,AMZN,129.7899932861328,-0.019194502454286222,0.013834175244189655,0.0185320549309872,0.019552194067952593,0.03359273315269829,0.02577143246238096,0.015877918727973082,0.8833070353617207,0.019694741714718716,19.31999969482422,17.366000366210937,0.15757933352966802
2023-10-16,AMZN,132.5500030517578,0.021265196921155027,0.016047754880838382,0.018828743969393692,0.02000004710260908,0.019917122502114415,0.023470760093163734,0.014428057555705493,0.8263172820381242,0.016266408379034054,17.209999084472656,17.268000030517577,-0.10921328383441054
2023-10-17,AMZN,131.47000122070312,-0.008147882355257097,0.017179034135974637,0.01371081297984007,0.020020461343171172,0.029436335903662226,0.02520294149977128,0.015501508421990209,0.9632160530933599,0.01976655341727781,17.8799991607666,17.437999725341797,0.03893086065869911
2023-10-18,AMZN,128.1300048828125,-0.025405007278304192,0.01866469952410289,0.015921216322619704,0.020377974106469326,0.02466242029417666,0.026433684820510884,0.016075876578026442,0.8364120480396044,0.02992402086664418,19.219999313354492,18.063999557495116,0.07494408364001504
2023-10-19,AMZN,128.39999389648438,0.002107149015711185,0.018468224846671485,0.01559038865070381,0.020040332541447357,0.03714956775080923,0.028951635920692165,0.017681008650951475,1.205206626111815,0.029105713861156356,21.399999618530273,19.00599937438965,0.11342353709976805
2023-10-20,AMZN,125.16999816894533,-0.025155731161039308,0.019694741714718716,0.016886793924468124,0.02044758082915668,0.02556520727852904,0.02734613074585831,0.01670239657484759,1.119023512797528,0.04543478402907857,21.709999084472656,19.483999252319336,0.01448595661066987
2023-10-23,AMZN,126.55999755859376,0.011104892625885654,0.016266408379034054,0.017361983903671475,0.01933206743094888,0.03081537588272133,0.029525781421979695,0.01786618793615897,0.9552857578196207,0.04801300628497138,20.3700008392334,20.115999603271483,-0.06172263020488311
2023-10-24,AMZN,128.55999755859375,0.015802781594350446,0.01976655341727781,0.017898796139464237,0.019577167876744565,0.019135086812256598,0.02746553160369857,0.01681429000403647,0.9448474422079522,0.04800139755068716,18.969999313354492,20.333999633789062,-0.06872859441333212
2023-10-25,AMZN,121.38999938964844,-0.055771610960691276,0.02992402086664418,0.023650106711876347,0.021065137387070162,0.045720367824934334,0.031677121109850104,0.019623089874204334,1.5038339169673562,0.032323878883623786,20.190000534057617,20.527999877929688,0.0643121383691494
2023-10-26,AMZN,119.56999969482422,-0.01499299533713827,0.029105713861156356,0.02335709671422186,0.021112519377804752,0.027515270752900712,0.029750261710268407,0.01849169721565008,1.9354317704383779,0.02634428450635691,20.68000030517578,20.38400001525879,0.024269428338627552
2023-10-27,AMZN,127.73999786376952,0.0683281608245998,0.04543478402907857,0.03360969362923125,0.024622398800495878,0.03522786679700465,0.03168279361396352,0.019629702374392863,2.2771218843066245,0.016505352416175227,21.270000457763672,20.296000289916993,0.02852998761514658
2023-10-30,AMZN,132.7100067138672,0.03890722509168998,0.04801300628497138,0.03533220012492845,0.025775494875852782,0.0334564254146956,0.03221100352035838,0.019982199677651104,1.2885744138369022,0.010856754829187024,19.75,20.172000122070312,-0.07146217325109949
2023-10-31,AMZN,133.08999633789062,0.002863308000901066,0.04800139755068716,0.03519791767458023,0.02562164207169444,0.01397551026772417,0.031179088211451895,0.019663368796960227,0.9170846466174355,0.010770146754546586,18.139999389648438,20.006000137329103,-0.08151901824564878
2023-11-01,AMZN,137.0,0.02937864429857373,0.032323878883623786,0.03475742281661313,0.02600671882474443,0.026569338610572535,0.027348882368579536,0.0171205329109013,1.0771959439054328,0.009287453822651481,16.8700008392334,19.342000198364257,-0.0700109478029951
2023-11-02,AMZN,138.07000732421875,0.007810272439553012,0.02634428450635691,0.03471028741315964,0.02461244094689507,0.01694789754298918,0.025235407726597225,0.016116126509924823,0.9045507891725841,0.01218355706610526,15.65999984741211,18.338000106811524,-0.07172501076628712
2023-11-03,AMZN,138.60000610351562,0.0038386235328597973,0.016505352416175227,0.03280783631474716,0.024601277855918813,0.014718675722122711,0.02113356951162084,0.01363417790513659,0.7647952358213246,0.014454058557954723,14.90999984741211,17.06599998474121,-0.047892720773170416
2023-11-06,AMZN,139.74000549316406,0.008225103459209127,0.010856754829187024,0.032816787837666894,0.02448381416645151,0.016960033090190754,0.01783429104671987,0.01111482794752913,0.7764258021419804,0.015674277637627253,14.890000343322754,16.09400005340576,-0.0013413483765277734
2023-11-07,AMZN,142.7100067138672,0.02125376487729147,0.010770146754546586,0.03296073804343757,0.023336538153936548,0.020110678874410152,0.019061324768057067,0.011783454605432512,0.9156242824445349,0.016023894269459243,14.8100004196167,15.428000259399415,-0.005372728130387805
2023-11-08,AMZN,142.0800018310547,-0.004414580990635519,0.009287453822651481,0.024254982130644757,0.023379299477450256,0.0133727046171046,0.01642199796936348,0.009984724284919918,0.7587524384344563,0.018758480500894324,14.449999809265137,14.944000053405762,-0.02430794059092134
2023-11-09,AMZN,140.60000610351562,-0.010416636461610618,0.01218355706610526,0.023638057772758344,0.02352198075049334,0.019985757017143457,0.017029569864194335,0.010363245453775774,0.6278567622164528,0.017794701952955617,15.289999961853027,14.870000076293945,0.058131499216304006
2023-11-10,AMZN,143.55999755859375,0.021052569890351647,0.014454058557954723,0.015445987039303374,0.02371331661322071,0.026051757439244382,0.019296186207618672,0.011913855623140882,0.8514352004965459,0.016733381651672513,14.170000076293945,14.722000122070312,-0.07325048321473948
2023-11-13,AMZN,142.58999633789062,-0.006756765374750118,0.015674277637627253,0.013135149395547288,0.0236432632784368,0.017953556521085896,0.019494890893797696,0.012024745398371433,0.6202054604626537,0.01596147147386618,14.760000228881836,14.696000099182129,0.04163727236494141
2023-11-14,AMZN,145.8000030517578,0.02251214528584833,0.016023894269459243,0.013850623501675522,0.022627098569496188,0.017695485439316542,0.019011852206778975,0.011731796574254634,0.9788901940850261,0.014482126857812415,14.15999984741211,14.565999984741211,-0.04065043171853533
2023-11-15,AMZN,143.1999969482422,-0.017832688951265996,0.018758480500894324,0.014266578954924638,0.022881006972704655,0.03282120843857938,0.022901552971073928,0.01416389140603734,1.0834543283420066,0.01425293145365656,14.180000305175781,14.51200008392334,0.0014124617216946245
2023-11-16,AMZN,142.8300018310547,-0.0025837648398919777,0.017794701952955617,0.014378999853828631,0.02279856935114877,0.026605075985734535,0.024225416764792146,0.014971716636675084,0.8503737912891383,0.013936191565751222,14.319999694824219,14.318000030517577,0.009873017393189798
2023-11-17,AMZN,145.17999267578125,0.016453061783939793,0.016733381651672513,0.014954983714428318,0.02280874900809797,0.018528740715765258,0.022720813420096322,0.01411262507378627,0.8550427101901545,0.012644047933672917,13.800000190734863,14.244000053405761,-0.03631281530524766
2023-11-20,AMZN,146.1300048828125,0.0065436854591447435,0.01596147147386618,0.014920975049390276,0.02280815497435395,0.013002183615864044,0.02173053883905195,0.013710369956114464,0.7266003282511447,0.012979010220514552,13.40999984741211,13.973999977111816,-0.028260894053073637
2023-11-21,AMZN,143.89999389648438,-0.015260459261028925,0.014482126857812415,0.0148552228097051,0.023071387506088666,0.017720661291981552,0.021735574009584955,0.01372769342799865,1.2077585079860162,0.010191346737716859,13.350000381469727,13.81200008392334,-0.004474233156233853
2023-11-22,AMZN,146.7100067138672,0.019527539517508297,0.01425293145365656,0.015797667409016596,0.023102329146691414,0.02160723893311417,0.019492780108491915,0.012104611057446929,0.7938546409079776,0.0047510780039961495,12.850000381469727,13.546000099182129,-0.03745318245039286
2023-11-24,AMZN,146.74000549316406,0.0002044767086364363,0.013936191565751222,0.01511344133100907,0.023111803866993623,0.012811704740674945,0.016734105859479993,0.010312677859798594,0.41730320989344116,0.0057949366369885935,12.460000038146973,13.17400016784668,-0.0303502203692656
2023-11-27,AMZN,147.72999572753906,0.006746559883569869,0.012644047933672917,0.013996332483904321,0.022707112256497915,0.016110402036515946,0.016250438123630133,0.009988709691208127,1.0741976495382815,0.007659503491119057,12.6899995803833,12.952000045776368,0.018459032225695893
2023-11-28,AMZN,147.02999877929688,-0.00473835354015173,0.012979010220514552,0.013854547108859598,0.022543676159108187,0.014078809368188781,0.01646576327409508,0.010094207843031673,0.8795618634190139,0.01103748488559245,12.6899995803833,12.807999992370606,0.0
2023-11-29,AMZN,146.32000732421875,-0.0048288883967405605,0.010191346737716859,0.012210868900444581,0.022491580446809614,0.017564187648891026,0.01643446854547697,0.010042638153239167,0.8458617272713544,0.013166229321960111,12.979999542236328,12.733999824523925,0.02285263762351275
2023-11-30,AMZN,146.08999633789062,-0.001571972217158657,0.0047510780039961495,0.01046800797265159,0.021835164624540822,0.017797186049023236,0.015672457968658786,0.00948217531069071,1.3647135473231435,0.01564878617726865,12.920000076293945,12.74799976348877,-0.004622455166284678
2023-12-01,AMZN,147.02999877929688,0.006434406632690459,0.0057949366369885935,0.010412843873547073,0.021832345341167056,0.011562245544149198,0.015422566129353638,0.00936589879921721,0.8391250305074892,0.015464678359926423,12.630000114440918,12.781999778747558,-0.022445817348339614
2023-12-04,AMZN,144.83999633789062,-0.014894936132684111,0.007659503491119057,0.01061313797550557,0.021424154704297843,0.017536651540617308,0.01570781603017391,0.009565700810878633,1.0098534219323012,0.01442868589844116,13.079999923706055,12.859999847412109,0.03562943825713938
2023-12-05,AMZN,146.8800048828125,0.014084566393959497,0.01103748488559245,0.011384145511025344,0.02145984274685472,0.037037052427568544,0.020299464642049864,0.01332251479005413,0.9771852912977366,0.013791888615464681,12.850000381469727,12.892000007629395,-0.01758406296467019
2023-12-06,AMZN,144.52000427246094,-0.016067541747663228,0.013166229321960111,0.011511002526182403,0.021704160730131695,0.024702513276212475,0.02172712976751415,0.014092978260648408,0.8402677107877274,0.010182385279750778,12.970000267028809,12.890000152587891,0.009338512217643702
2023-12-07,AMZN,146.8800048828125,0.016329923474831087,0.01564878617726865,0.010954343394860589,0.01861382107009492,0.01756537135951983,0.02168076682961347,0.014069542712923926,1.0995389744191815,0.010161929224347386,13.0600004196167,12.918000221252441,0.00693910182998847
2023-12-08,AMZN,147.4199981689453,0.0036764247561378305,0.015464678359926423,0.011010441296562543,0.018176101421351315,0.016551366651151183,0.022678591051013865,0.014429261083073854,0.8749201932315509,0.012654185873241835,12.350000381469727,12.862000274658204,-0.05436447284339452
2023-12-11,AMZN,145.88999938964844,-0.010378502226973785,0.01442868589844116,0.01126275466011049,0.014312200511512295,0.01747894346717467,0.02266704943632534,0.014426389098682256,1.0610569467222575,0.013524882906384119,12.630000114440918,12.772000312805176,0.022672042455262664
2023-12-12,AMZN,147.47999572753906,0.010898597193382598,0.013791888615464681,0.011789403615721457,0.012829542478784298,0.014917256658364415,0.01824309028248452,0.011137083015433294,0.9278133650969941,0.014703114436411356,12.069999694824219,12.616000175476074,-0.044338908514846676
2023-12-13,AMZN,148.83999633789062,0.009221593773735215,0.010182385279750778,0.011937528911836014,0.012869359635174516,0.017737163763799187,0.016850020380001857,0.01019064420849887,1.0936979227984764,0.017017121564444786,12.1899995803833,12.460000038146973,0.009941995740939458
2023-12-14,AMZN,147.4199981689453,-0.00954043404920335,0.010161929224347386,0.012440975135222498,0.012144761704431255,0.0340522932846526,0.020147404765028413,0.012825284989863153,1.2173951290478484,0.015176283131747955,12.479999542236328,12.343999862670898,0.023789989486111995
2023-12-15,AMZN,149.97000122070312,0.01729753821347546,0.012654185873241835,0.01340725135961122,0.0124080006439779,0.01793693685077399,0.020424518804952975,0.012959605940039635,2.158879352312466,0.01496595089754465,12.279999732971191,12.329999732971192,-0.016025626330215204
2023-12-18,AMZN,154.07000732421875,0.027338841569267247,0.013524882906384119,0.014105713077853611,0.013190739935159138,0.0311546882817814,0.02315966776787432,0.014735580749947061,1.2106078660230262,0.007953834110556083,12.5600004196167,12.315999794006348,0.022801359343169958
2023-12-19,AMZN,153.7899932861328,-0.0018174467759756174,0.014703114436411356,0.014024994697002682,0.013197195817938955,0.015800720345049663,0.023336360505211366,0.014792919804336684,0.8350584789298188,0.007934985782600207,12.529999732971191,12.407999801635743,-0.0023885896212750835
2023-12-20,AMZN,152.1199951171875,-0.01085895208954335,0.017017121564444786,0.013243129296257834,0.012989980967911879,0.02675524227491179,0.02513997620743389,0.01570274734087121,0.9934606483994936,0.005516962406340149,13.670000076293945,12.703999900817871,0.09098167339325469
2023-12-21,AMZN,153.83999633789062,0.011306871390431628,0.015176283131747955,0.01286462935030489,0.013030487937553402,0.012155454769254451,0.02076060850435426,0.013205105187180361,0.7234348314452258,0.004038212689890457,13.649999618530273,12.93799991607666,-0.0014630912693524012
2023-12-22,AMZN,153.4199981689453,-0.0027300973670256745,0.01496595089754465,0.013079787936165524,0.012837084019836471,0.010689606369584744,0.01931114240811641,0.012616024070369512,0.5839524806668044,0.006299778336409079,13.029999732971191,13.08799991607666,-0.045421238306660006
2023-12-26,AMZN,153.41000366210938,-6.514474615582078e-05,0.007953834110556083,0.012189945501327494,0.012383580628094226,0.006192535855318714,0.01431871192282387,0.009508104714278872,0.5104588034401069,0.0060485741327304205,12.989999771118164,13.173999786376953,-0.003069835968746104
2023-12-27,AMZN,153.33999633789062,-0.0004563413242133496,0.007934985782600207,0.012118971961510171,0.012277867860517896,0.010825640418377816,0.013323695937489503,0.008989324156621254,0.6475594131389174,0.009576197481189312,12.430000305175781,13.15399990081787,-0.04311004432713539
2023-12-28,AMZN,153.3800048828125,0.0002609139551152939,0.005516962406340149,0.012018354648129555,0.0116849234639072,0.0073673545888583184,0.00944611840027881,0.005836124041558745,0.5652696662429112,0.01102834451673569,12.470000267028809,12.913999938964844,0.0032180177691847334
2023-12-29,AMZN,151.94000244140625,-0.009388462612883952,0.004038212689890457,0.012000715181053714,0.011291864892779394,0.018823223406584356,0.010779672127744788,0.006976757958790169,0.8551970521050609,0.020141141010757382,12.449999809265137,12.673999977111816,-0.001603885913022296
2024-01-02,AMZN,149.92999267578125,-0.013228970207501023,0.006299778336409079,0.011866607616013885,0.011605030301503932,0.026612457067161473,0.013964242267260136,0.009551381864149578,1.0086056414879232,0.020752457275576616,13.199999809265137,12.707999992370606,0.06024096477831753
2024-01-03,AMZN,148.47000122070312,-0.00973782115920796,0.0060485741327304205,0.007302746081947341,0.011439578871404867,0.018320207438132893,0.01638977658382297,0.010596460602883544,1.0517841792617921,0.020229490757841237,14.039999961853027,12.918000030517579,0.06363637611557316
2024-01-04,AMZN,144.57000732421875,-0.026267891590348702,0.009576197481189312,0.01015078361671059,0.012400670235605867,0.023033835943486437,0.018831415688844694,0.0118984748146317,1.1809556523649491,0.00822128957806173,14.130000114440918,13.257999992370605,0.006410267295756666
2024-01-05,AMZN,145.24000549316406,0.00463442024626004,0.01102834451673569,0.010522121795043428,0.012100447070034976,0.014183403199407803,0.02019462541095459,0.01233341996252203,0.9460776928938833,0.0109992121537828,13.350000381469727,13.434000015258789,-0.05520167916870922
2024-01-08,AMZN,149.10000610351562,0.026576703830634596,0.020141141010757382,0.013707568254837044,0.012545353161655037,0.021797450482621866,0.020789470826162094,0.012713023225406812,0.9854627847225669,0.011380720722533546,13.079999923706055,13.560000038146972,-0.020224752812624813
2024-01-09,AMZN,151.3699951171875,0.015224607114340927,0.020752457275576616,0.014878579690206714,0.012825019420284696,0.023122151766539815,0.020091409766037762,0.012252921263734071,0.9215522848923088,0.01143019861444551,12.760000228881836,13.472000122070312,-0.02446480861549971
2024-01-10,AMZN,153.72999572753906,0.015590940651907248,0.020229490757841237,0.015810996299591824,0.01305845941264689,0.016522431254304654,0.019731854529272112,0.012089568984001459,0.9407830504956807,0.010242738515609482,12.6899995803833,13.202000045776368,-0.00548594414129322
2024-01-11,AMZN,155.17999267578125,0.009432101662268044,0.00822128957806173,0.01606418369175906,0.013084647012994746,0.026098744960115543,0.020344836332597937,0.012555628086328492,1.0347581156672356,0.01089021792275661,12.4399995803833,12.863999938964843,-0.019700552266877946
2024-01-12,AMZN,154.6199951171875,-0.0036086969005325598,0.0109992121537828,0.016138686824205214,0.013064947196987819,0.014163772542784217,0.020340910201273217,0.01255296873843907,0.8648581442257695,0.010889888486410301,12.699999809265137,12.733999824523925,0.020900340647264315
2024-01-16,AMZN,153.16000366210938,-0.009442449238027617,0.011380720722533546,0.016142527902631112,0.013215702590396339,0.018542775716727702,0.019689975248094384,0.012138991107546628,0.9004597752669149,0.0097414044841631,13.84000015258789,12.885999870300292,0.08976380790896399
2024-01-17,AMZN,151.7100067138672,-0.009467203666572499,0.01143019861444551,0.01581678704722392,0.01333598489520143,0.014764947170556361,0.018018534328897697,0.011132177274658655,0.8282282981753619,0.00639189832927843,14.789999961853027,13.291999816894531,0.06864160395890595
2024-01-18,AMZN,153.5,0.011798781932089941,0.010242738515609482,0.015612766827848457,0.013118606961176556,0.012768673974450325,0.01726778287292683,0.0107681017770189,0.9238632118514548,0.005729366893849779,14.130000114440918,13.579999923706055,-0.04462473624843866
2024-01-19,AMZN,155.33999633789062,0.011986946826648914,0.01089021792275661,0.011725702925333708,0.013057537879129737,0.019441155432390323,0.015936264967381784,0.009718151283253288,1.247819102032928,0.004927424964345945,13.300000190734863,13.752000045776366,-0.058740263056175857
2024-01-22,AMZN,154.77999877929688,-0.003604979862209201,0.010889888486410301,0.012211116123815379,0.012656622068197974,0.0203515259084934,0.017173815640523622,0.010472527440568214,1.0639458552322514,0.003244103471059736,13.1899995803833,13.85,-0.00827072246421412
2024-01-23,AMZN,156.02000427246094,0.008011406531487353,0.0097414044841631,0.01002685161888114,0.012429228973971704,0.014613600664337261,0.016387980630045533,0.01002980843629981,0.9232051351067916,0.010491742541726223,12.550000190734863,13.592000007629395,-0.04852156254805884
2024-01-24,AMZN,156.8699951171875,0.005447960655367012,0.00639189832927843,0.009327168669986416,0.012441234462431639,0.012940644116042671,0.016023120019142793,0.009834290080308037,1.1532125049394328,0.016083126954141068,13.140000343322754,13.26200008392334,0.04701196363514493
2024-01-25,AMZN,157.75,0.005609771850602074,0.005729366893849779,0.008390125826736643,0.0122267378263365,0.025102956926010302,0.01848997660945479,0.011446254416113397,1.0142375490735083,0.020572411437333227,13.449999809265137,13.126000022888183,0.02359204397585213
2024-01-26,AMZN,159.1199951171875,0.008684596622424712,0.004927424964345945,0.00832573782760138,0.012182025023114482,0.01765961315247819,0.018133668153472365,0.01121635230836396,1.1599928647147646,0.040411147505210084,13.260000228881836,13.118000030517578,-0.014126363054103419
2024-01-29,AMZN,161.25999450683594,0.01344896590822775,0.003244103471059736,0.008666082202720185,0.012285189026667876,0.014820783027790092,0.017027519577331705,0.010595790958251434,1.0078606648838355,0.04196218218047223,13.600000381469727,13.200000190734864,0.02564103670581619
2024-01-30,AMZN,159.0,-0.014014601164705653,0.010491742541726223,0.009544672153366228,0.012465346553866809,0.02037729707154088,0.018180258858772426,0.011234631980273685,1.0004618633030684,0.04097220986484057,13.3100004196167,13.35200023651123,-0.02132352600873144
2024-01-31,AMZN,155.1999969482422,-0.023899390262627773,0.016083126954141068,0.012427709772563059,0.013045919854490797,0.027061836538842518,0.021004497343332398,0.012881032864915553,1.1092037769627858,0.035932680508423014,14.350000381469727,13.594000244140625,0.07813673396435372
2024-02-01,AMZN,159.27999877929688,0.026288672108771616,0.020572411437333227,0.014348461355205625,0.01297464898701402,0.02599196020452602,0.02118229799903554,0.013018248192617663,1.639387765483231,0.03704659316927551,13.880000114440918,13.680000305175781,-0.03275263097802583
2024-02-02,AMZN,171.80999755859375,0.07866649218561839,0.040411147505210084,0.027782481653515698,0.019172054292622545,0.03009136978296124,0.02366864932513215,0.014622765172370189,2.3562154072832273,0.014940848700541265,13.850000381469727,13.79800033569336,-0.0021613640290952807
2024-02-05,AMZN,170.30999755859375,-0.008730574595861018,0.04196218218047223,0.02811615545014938,0.019119523953657246,0.01673422667119177,0.024051338053812488,0.014772733636135224,1.0962552263948464,0.0156674008506719,13.670000076293945,13.812000274658203,-0.012996411568089838
2024-02-06,AMZN,169.14999389648438,-0.00681113075414308,0.04097220986484057,0.028616059596566885,0.01916503432500442,0.01809052868932094,0.0235939843773685,0.014570276196751488,0.8495598250572929,0.018880133356863317,13.0600004196167,13.762000274658202,-0.04462323725477424
2024-02-07,AMZN,170.52999877929688,0.008158468416245013,0.035932680508423014,0.028597094751501885,0.019149205701779592,0.011376311823687032,0.0204568794343374,0.013038739073662792,0.9397145902362837,0.019688542050830826,12.829999923706055,13.458000183105469,-0.0176110634395672
2024-02-08,AMZN,169.83999633789062,-0.004046223223746481,0.03704659316927551,0.028876196000705047,0.01918997195488332,0.015014059396796266,0.01826129927279145,0.0116826181231555,0.844721818601746,0.019900211000520276,12.789999961853027,13.240000152587891,-0.0031176899525243718
2024-02-09,AMZN,174.4499969482422,0.02714319777292107,0.014940848700541265,0.02952354507666283,0.01964640658287116,0.02533676266131829,0.01731037784846286,0.010811894559681292,1.1286400279813047,0.013135296714230383,12.930000305175781,13.056000137329102,0.010946078478523358
2024-02-12,AMZN,172.33999633789062,-0.012095159915523457,0.0156674008506719,0.030251564115056667,0.019866419742001696,0.022339597222500136,0.018431451958724532,0.011486892834973075,1.000612220917375,0.013444268212345234,13.930000305175781,13.108000183105469,0.07733951866959421
2024-02-13,AMZN,168.63999938964844,-0.021469171561243172,0.018880133356863317,0.030913357449792383,0.020267205067590874,0.03083489662631828,0.020980325546124,0.013310933650341028,1.088432653964799,0.011513700323544264,15.850000381469727,13.666000175476075,0.13783201968635694
2024-02-14,AMZN,170.97999572753906,0.013875689909627953,0.019688542050830826,0.029062887975065014,0.02009099622898629,0.017136554028456954,0.022132373987077986,0.013757558218097701,0.8208446673854126,0.01940746574762892,14.380000114440918,13.976000213623047,-0.09274449411038432
2024-02-15,AMZN,169.8000030517578,-0.006901349311422389,0.019900211000520276,0.028903185342924582,0.02002787014381566,0.02108363820207615,0.02334628974813396,0.014328158923796326,0.9449333777731068,0.01848898531356315,14.010000228881836,14.220000267028809,-0.02573017264356725
2024-02-16,AMZN,169.50999450683594,-0.0017079419299743659,0.013135296714230383,0.014050554089524967,0.01920450070449801,0.019172910774113292,0.02211351937069296,0.013595348470171268,0.9148846545531998,0.018465566415728725,14.239999771118164,14.482000160217286,0.016416812168366768
2024-02-20,AMZN,167.0800018310547,-0.01433539469369316,0.013444268212345234,0.014486757974073651,0.019543050577477458,0.01777592284028273,0.021200784494249482,0.013116847472965536,0.7996553772820636,0.016582141146355322,15.420000076293945,14.780000114440918,0.082865191302115
2024-02-21,AMZN,168.58999633789062,0.00903755380828164,0.011513700323544264,0.0147445568073841,0.019128953976334663,0.018328467910383055,0.018699498751062436,0.01128829825674142,0.8409760790932246,0.017111495609287267,15.34000015258789,14.67800006866455,-0.005188062471480959
2024-02-22,AMZN,174.5800018310547,0.035530017339574504,0.01940746574762892,0.018530247496780613,0.019874432071947216,0.0173559327959515,0.018743374504561344,0.011313186829229441,1.0419557597115983,0.010713388369476298,14.539999961853027,14.710000038146973,-0.05215125050698921
2024-02-23,AMZN,174.99000549316406,0.0023485144793740087,0.01848898531356315,0.018388919872009593,0.019776823259854297,0.011714972212158113,0.016869641306577737,0.010280629704835642,1.1065382544271574,0.011010337977998151,13.75,14.657999992370605,-0.054332872347019445
2024-02-26,AMZN,174.72999572753906,-0.0014858549486425066,0.018465566415728725,0.016353058666647137,0.019783600479306444,0.012075777839780527,0.015450214719711187,0.00945499761512065,0.8272809584754132,0.011295397463094499,13.739999771118164,14.557999992370606,-0.0007272893732244157
2024-02-27,AMZN,173.5399932861328,-0.006810521779339163,0.016582141146355322,0.015990080949892908,0.019835453101137487,0.010141722801233821,0.013923374711901405,0.008604902696642668,0.5884074009447826,0.014957500127842875,13.430000305175781,14.160000038146972,-0.022561824680231046
2024-02-28,AMZN,173.16000366210938,-0.0021896371944472026,0.017111495609287267,0.014050233953528429,0.019709250405981288,0.010279503012544529,0.012313581732333698,0.007580259988134215,0.5411619528033728,0.015033544131610316,13.84000015258789,13.860000038146973,0.030528655107632474
2024-02-29,AMZN,176.75999450683594,0.02078996747858297,0.010713388369476298,0.014808978158295474,0.019755507219002353,0.024722761105417983,0.013786947394226996,0.008965043626936205,1.0297662531236775,0.014464069275528686,13.399999618530273,13.631999969482422,-0.03179194575191846
2024-03-01,AMZN,178.22000122070312,0.00825982552183624,0.011010337977998151,0.014404596316309276,0.019725850326463353,0.014925307962635744,0.014429014544322522,0.009309162178780831,0.6393420501558813,0.014034041042303751,13.109999656677246,13.50399990081787,-0.021641788814083185
2024-03-04,AMZN,177.5800018310547,-0.003591063770984282,0.011295397463094499,0.014513115199178347,0.019745319588410318,0.014922817148101591,0.014998422405986733,0.009594503702116456,0.8121079612715215,0.015807692377318137,13.489999771118164,13.453999900817871,0.02898551673472971
2024-03-05,AMZN,174.1199951171875,-0.01948421375262155,0.014957500127842875,0.015333780438042925,0.02018233842499877,0.020847632241089577,0.01713960429395788,0.010754091878449161,0.8247743121249798,0.01735317016784152,14.460000038146973,13.65999984741211,0.07190513591449865
2024-03-06,AMZN,173.50999450683594,-0.0035033346396604603,0.015033544131610316,0.015410495084186368,0.02021533066002955,0.018442811989744925,0.018772266089397964,0.011497290362844498,0.7192554917057083,0.017204730981759044,14.5,13.791999816894531,0.0027662490835065334
2024-03-07,AMZN,176.82000732421875,0.019076784751165476,0.014464069275528686,0.012065063442903852,0.020407253376074977,0.024148875102303437,0.018657488888775053,0.011390947880066764,0.7748475988761931,0.01591545980197698,14.4399995803833,13.999999809265137,-0.004137959973565475
2024-03-08,AMZN,175.35000610351562,-0.008313545751684748,0.014034041042303751,0.012431680016767123,0.020531907346268228,0.02543479498053297,0.0207593862923545,0.012632047414264326,0.8663258278297101,0.01970182021749234,14.739999771118164,14.32599983215332,0.020775637081209553
2024-03-11,AMZN,171.9600067138672,-0.019332758891648982,0.015807692377318137,0.013906140622130296,0.020932099683153117,0.01744591697412439,0.02126400625755906,0.01286179692569341,0.6731597836373405,0.016861735716627097,15.220000267028809,14.67199993133545,0.032564484624427736
2024-03-12,AMZN,175.38999938964844,0.019946455814511488,0.01735317016784152,0.015279285415850783,0.021079215675866528,0.027253542368043317,0.022545188282949807,0.0137346762563396,0.8802090251802734,0.014571162968750875,13.84000015258789,14.547999954223632,-0.09067017675620026
2024-03-13,AMZN,176.55999755859375,0.0066708374081581034,0.017204730981759044,0.015319935786844993,0.020839973904159436,0.011724015032016148,0.021201428891404053,0.01320583884472061,0.7633143947145502,0.01543325450483842,13.75,14.397999954223632,-0.00650290112685159
2024-03-14,AMZN,178.75,0.012403729449981915,0.01591545980197698,0.014380990991381034,0.020226921838644076,0.017118867460664336,0.019795427363076233,0.012376567461146588,1.0829266806024387,0.014274304230005475,14.399999618530273,14.389999961853027,0.04727269952947433
2024-03-15,AMZN,174.4199981689453,-0.024223786467438835,0.01970182021749234,0.01616988838729076,0.02048691736077482,0.02310514173606039,0.01932949671418172,0.0120418616297639,1.7395992508482812,0.005434437355938921,14.40999984741211,14.323999977111816,0.0006944603574132735
2024-03-18,AMZN,174.47999572753906,0.00034398325434925603,0.016861735716627097,0.01617569537064605,0.014721270024110193,0.013812492670350243,0.01860281185342689,0.011700919940389147,0.7691396104795079,0.004801272448634606,14.329999923706055,14.145999908447266,-0.005551694972461885
2024-03-19,AMZN,175.89999389648438,0.00813845829732096,0.014571162968750875,0.015113888848043938,0.014673949337599993,0.014610529588432536,0.01607420929750473,0.00991413608535542,0.674116389771178,0.007518667188809037,13.819999694824219,14.141999816894531,-0.03558968817844477
2024-03-20,AMZN,178.14999389648438,0.012791359170393646,0.01543325450483842,0.015434946588052629,0.014742089080255068,0.021835529177221057,0.01809651212654571,0.011107919641283952,0.7648936417475329,0.006237698311750469,13.039999961853027,13.999999809265137,-0.056439924037285816
2024-03-21,AMZN,178.14999389648438,0.0,0.014274304230005475,0.01433236509000855,0.01469658082259095,0.018355343163025884,0.01834380726701802,0.011221926799482574,0.8632588539175758,0.006154875954764416,12.920000076293945,13.703999900817871,-0.009202445238506662
2024-03-22,AMZN,178.8699951171875,0.0040415450203241665,0.005434437355938921,0.013983668059670967,0.014664297794738521,0.014032507269827469,0.016529280373771438,0.01011998604256019,0.7683083310794873,0.006116344654958075,13.0600004196167,13.434000015258789,0.010835939821674634
2024-03-25,AMZN,179.7100067138672,0.004696213001679439,0.004801272448634606,0.011787860497445247,0.013879965684892857,0.020866951532480593,0.01794017214619751,0.0109740417593699,0.8349327892476238,0.006155334073032327,13.1899995803833,13.205999946594238,0.009953993613303291
2024-03-26,AMZN,178.3000030517578,-0.007845994154095037,0.007518667188809037,0.010985387423003945,0.013762024577214649,0.014021312154853343,0.01782232865948167,0.010903070108745378,0.8322781013822428,0.004526983747586579,13.239999771118164,13.089999961853028,0.003790765149775055
2024-03-27,AMZN,179.8300018310547,0.008581036192426339,0.006237698311750469,0.011097431813375122,0.01313245372784569,0.014958585408531736,0.016446939905743807,0.010011147798250653,0.9270579175063729,0.008476133261371222,12.779999732971191,13.03799991607666,-0.0347432058987206
2024-03-28,AMZN,180.3800048828125,0.0030584610251771505,0.006154875954764416,0.010490842236186787,0.012948805499038206,0.013527011727222465,0.015481273618583119,0.009462729866235581,1.084003459549142,0.015283692249392676,13.010000228881836,13.055999946594238,0.017996909289228258
2024-04-01,AMZN,180.97000122070312,0.003270852211551434,0.006116344654958075,0.005638600343167941,0.012844060867673656,0.016853638896969236,0.016045499944011474,0.009776342036636255,0.8344510783766781,0.015412594351619822,13.649999618530273,13.173999786376953,0.04919288073705452
2024-04-02,AMZN,180.69000244140625,-0.0015472110151306673,0.006155334073032327,0.005793538081969534,0.012842405612666497,0.013337696445611695,0.014539648926637694,0.008771947349336905,0.9391629796159746,0.015100150129289744,14.609999656677246,13.457999801635742,0.0703296750897886
2024-04-03,AMZN,182.41000366210935,0.009519072430478559,0.004526983747586579,0.005930692991497402,0.012516972269670518,0.016830173805140895,0.015101421256695205,0.009142411093724512,0.9021261708584533,0.014997428880508708,14.329999923706055,13.67599983215332,-0.019164937683158856
2024-04-04,AMZN,180.0,-0.013212014767422287,0.008476133261371222,0.007071408813205192,0.012803153353820146,0.028333367241753313,0.017776377623339522,0.011114780735435805,1.1929608252303778,0.012134100974572482,16.350000381469727,14.389999961853027,0.14096304734949738
2024-04-05,AMZN,185.07000732421875,0.028166707356770848,0.015283692249392676,0.01107836399596663,0.012199802035823923,0.023234467399273352,0.0197178687577497,0.012235239001834352,1.2001543597786566,0.01138827483442046,16.030000686645508,14.994000053405761,-0.019571846321599473
2024-04-08,AMZN,185.19000244140625,0.0006483768975988902,0.015412594351619822,0.011124491812453405,0.012202166152215936,0.013391628569818332,0.01902546669231952,0.0119223262628005,1.108775403529136,0.013172166900341111,15.1899995803833,15.302000045776367,-0.05240181349224815
2024-04-09,AMZN,185.6699981689453,0.002591909504893186,0.015100150129289744,0.011119956807812127,0.012185133256697544,0.016911721983167736,0.019740271799830726,0.01223766697921534,1.02081897577644,0.012967379302966785,14.979999542236328,15.376000022888183,-0.013824887685854326
2024-04-10,AMZN,185.9499969482422,0.0015080453603608657,0.014997428880508708,0.010449224012563506,0.012069519234216255,0.019360076163473607,0.02024625227149727,0.012512327727473923,1.0039306102833832,0.013225321438812387,15.800000190734863,15.670000076293945,0.05473969783420429
2024-04-11,AMZN,189.0500030517578,0.016671181255133227,0.012134100974572482,0.01111316263476508,0.012312315247909288,0.022533772530322353,0.01908633332921108,0.011723177459052082,1.1055096898908956,0.005316485420995739,14.90999984741211,15.381999969482422,-0.05632913497334324
2024-04-12,AMZN,186.1300048828125,-0.015445639364236818,0.01138827483442046,0.012884251096437278,0.01228467431024271,0.017729559797924548,0.017985351808941313,0.010982508832323563,1.074069416918802,0.008573400203032643,17.309999465942383,15.637999725341796,0.16096577083110009
2024-04-15,AMZN,183.6199951171875,-0.013485250630092094,0.013172166900341111,0.01392410062436436,0.012529228001775602,0.030987923933746175,0.021504610881726883,0.013244904708309725,1.383140005635906,0.014919383599230052,19.229999542236328,16.445999717712404,0.11091855202373435
2024-04-16,AMZN,183.32000732421875,-0.001633742516860992,0.012967379302966785,0.013926260116039509,0.012509192254402042,0.014019240789541742,0.020926114643001682,0.012998490459454434,0.9445128527927644,0.01745703261678984,18.399999618530273,17.129999732971193,-0.04316172352906522
2024-04-17,AMZN,181.27999877929688,-0.011128128209780819,0.013225321438812387,0.014139609531821381,0.012121219965763926,0.026202559752788762,0.022294611360864712,0.013802957426461858,0.8947770882373921,0.018143194088593013,18.209999084472656,17.61199951171875,-0.010326116195473745
2024-04-18,AMZN,179.22000122070312,-0.011363622972558218,0.005316485420995739,0.013966452312448243,0.012314612621018503,0.020868237181621136,0.02196150429112447,0.013575818672538372,0.8756629718753715,0.01872781707292836,18.0,18.229999542236328,-0.011532075509642303
2024-04-19,AMZN,174.6300048828125,-0.02561096030926935,0.008573400203032643,0.011979551023414641,0.012766242844414029,0.03183872990397527,0.02478333831233462,0.01528378795006175,1.5450536140697444,0.022011352344857738,18.709999084472656,18.509999465942382,0.039444393581814285
2024-04-22,AMZN,177.22999572753906,0.014888568814227066,0.014919383599230052,0.013563028122488115,0.012967539995431439,0.024318668749615257,0.023449487275508434,0.014452624766037734,1.0322052984863899,0.02149279082124736,16.940000534057617,18.051999664306642,-0.09460174436266822
2024-04-23,AMZN,179.5399932861328,0.01303389727631088,0.01745703261678984,0.014520788191700891,0.01260744053934805,0.022000652199797507,0.025045769557559588,0.01517492266095727,0.9984725026901337,0.02617548116091244,15.6899995803833,17.509999656677245,-0.07378990048797274
2024-04-24,AMZN,176.58999633789062,-0.016430862529557833,0.018143194088593013,0.01496796491995341,0.012522756233897954,0.023444219572415177,0.02449410152148487,0.014837758479223051,0.915766841649013,0.02767852048137822,15.970000267028809,17.061999893188478,0.017845805872141796
2024-04-25,AMZN,173.6699981689453,-0.016535467634067658,0.01872781707292836,0.013191611746156925,0.012828857155739155,0.04376110396070442,0.029072674877301523,0.01825398839354827,1.2916750593784359,0.02760812793676659,15.369999885559082,16.535999870300294,-0.03757046784203688
2024-04-26,AMZN,179.6199951171875,0.034260361668536854,0.022011352344857738,0.0185187395047075,0.014138919867498243,0.026110692400066058,0.027927067376519683,0.017640986016742584,1.1430979292187,0.024845792293898987,15.029999732971191,15.8,-0.022121025056567434
2024-04-29,AMZN,180.9600067138672,0.007460258507441919,0.02149279082124736,0.018435704270959242,0.01341177957501471,0.022877979863222365,0.0276389295992411,0.017488331877473964,1.362971497143664,0.024984846887632535,14.670000076293945,15.345999908447265,-0.023952073391426465
2024-04-30,AMZN,175.0,-0.03293549122868411,0.02617548116091244,0.020979397226536734,0.014799340218775589,0.04680001395089302,0.03259880194946021,0.020531420958700235,2.2128846792134658,0.012399744275841411,15.649999618530273,15.33799991607666,0.06680296776684846
2024-05-01,AMZN,179.0,0.02285714285714291,0.02767852048137822,0.022474323637656907,0.015306692548781432,0.04798880635693102,0.03750771930636338,0.023354124834403623,2.059851299982545,0.014032132151228617,15.390000343322754,15.22199993133545,-0.01661337262268492
2024-05-02,AMZN,184.72000122070312,0.031955314082140474,0.02760812793676659,0.024358687991739257,0.016202561919427972,0.028096591636577656,0.03437481684153802,0.02144164715522939,1.1657739660594872,0.006922042824026031,14.680000305175781,15.08400001525879,-0.04613385460092079
2024-05-03,AMZN,186.2100067138672,0.008066292135759712,0.024845792293898987,0.022145867020129006,0.01624652207549027,0.01315717125775569,0.031784112613075954,0.020551297574164587,0.8438349554300387,0.009521781213638681,13.489999771118164,14.776000022888184,-0.08106270499449886
2024-05-06,AMZN,188.6999969482422,0.013371946429286963,0.024984846887632535,0.022088387525206102,0.016383536602263982,0.02093268156928279,0.03139505295428803,0.02042229108376233,0.7516851889532996,0.006926005194929496,13.489999771118164,14.539999961853027,0.0
2024-05-07,AMZN,188.7599945068359,0.0003179520909593059,0.012399744275841411,0.02203706748993263,0.016377401216913588,0.013933062933614649,0.02482166275083236,0.016728824807852063,0.7390200429578773,0.007219174053510693,13.229999542236328,14.055999946594238,-0.01927355324634561
2024-05-08,AMZN,188.0,-0.004026247769404301,0.014032132151228617,0.02100680274679133,0.016314805646013095,0.010851028117727726,0.0173941071029917,0.011207537492083128,0.5733439506514075,0.007395423882440733,13.0,13.577999877929688,-0.017384697671535276
2024-05-09,AMZN,189.5,0.007978723404255428,0.006922042824026031,0.019390864524120605,0.0163066635898495,0.022480182094121042,0.01627082519450038,0.010183122153292997,0.9478751088583038,0.005975457564515736,12.6899995803833,13.179999732971192,-0.023846186124361513
2024-05-10,AMZN,187.47999572753903,-0.010659653152828352,0.009521781213638681,0.018026071636351462,0.016463935283509198,0.015788386928325446,0.016797068328614332,0.01044372264432764,0.7498758783644212,0.007334337952166619,12.550000190734863,12.99199981689453,-0.011032261172400193
2024-05-13,AMZN,186.57000732421875,-0.004853789332504355,0.006926005194929496,0.01821631873490076,0.01649919789767105,0.015811742683354908,0.015772880551428753,0.009736034652593484,0.5611300487500689,0.007453135561565837,13.600000381469727,13.013999938964844,0.08366535257186958
2024-05-14,AMZN,187.07000732421875,0.002679959159411549,0.007219174053510693,0.013138767434751347,0.01649343964255987,0.022825702171810028,0.017551408399067832,0.010906726712201404,0.8664566922787057,0.006776956372920214,13.420000076293945,13.052000045776367,-0.013235316185802093
2024-05-15,AMZN,185.9900054931641,-0.005773249525686142,0.007395423882440733,0.012338472438406946,0.016466584382110946,0.02145279517888256,0.019671761811298795,0.012002764328372753,1.61006537565397,0.0069217781025722805,12.449999809265137,12.942000007629394,-0.07228019832446109
2024-05-16,AMZN,183.6300048828125,-0.01268885714634993,0.005975457564515736,0.008559800123289489,0.01645152697549262,0.02096602266706641,0.01936892992588787,0.011779201056696487,0.821491953093443,0.006470577168032084,12.420000076293945,12.888000106811523,-0.0024096171430353364
2024-05-17,AMZN,184.6999969482422,0.005826891232250109,0.007334337952166619,0.008335435947600042,0.01565628283266303,0.010557644723668602,0.018322781484956502,0.011358608136716622,0.7191490224169249,0.004555715363242914,11.989999771118164,12.776000022888184,-0.034621602458483336
2024-05-20,AMZN,183.5399932861328,-0.006280474722663021,0.007453135561565837,0.006803331146381327,0.015698225586981022,0.01847008561433006,0.01885445007115153,0.011630271756629408,0.6667609240398477,0.006800913906100571,12.149999618530273,12.485999870300294,0.01334444123990064
2024-05-21,AMZN,183.1499938964844,-0.0021248741632043933,0.006776956372920214,0.006724415947676972,0.015693131717762026,0.013704584168616174,0.01703022647051276,0.010525793481521875,1.094470586766316,0.006797818435839072,11.859999656677246,12.173999786376953,-0.023868310366918943
2024-05-22,AMZN,183.1300048828125,-0.0001091401274257997,0.0069217781025722805,0.006771410483763431,0.01568935369741567,0.017746955241330995,0.01628905848300245,0.009987033731878318,0.6099541171437025,0.009022452074819427,12.289999961853027,12.141999816894531,0.03625635055846632
2024-05-23,AMZN,181.0500030517578,-0.011358061353112014,0.006470577168032084,0.006146849775397559,0.01547134568692362,0.025849172034773868,0.01726568835654394,0.010775457999803747,0.7421233616820423,0.01013630410852997,12.770000457763672,12.211999893188477,0.03905618367782915
2024-05-24,AMZN,180.75,-0.0016570176564539851,0.004555715363242914,0.0057994709032254295,0.01524047507908928,0.011839554022951245,0.017522070216400468,0.0108664571043511,0.6166786482122805,0.012451420772927964,11.930000305175781,12.2,-0.06577917952048329
2024-05-28,AMZN,182.1499938964844,0.007745471073219434,0.006800913906100571,0.006789138474200103,0.015126758402297918,0.015097447664823144,0.016847542626499085,0.010513206525400267,0.690503619796852,0.012036271167332833,12.920000076293945,12.354000091552734,0.08298405245544349
2024-05-29,AMZN,182.02000427246097,-0.0007136405620595809,0.006797818435839072,0.006590352278087743,0.015124594799980687,0.013899564442981696,0.01688653868137219,0.010517786051432037,0.7960669800186797,0.013598338241042724,14.279999732971191,12.838000106811524,0.10526313070017856
2024-05-30,AMZN,179.32000732421875,-0.014833517662161233,0.009022452074819427,0.007602794170610596,0.015232279296749219,0.016618311431089352,0.01666080991932386,0.010383805653651991,0.7901363117595611,0.013629752931727654,14.470000267028809,13.27400016784668,0.01330535977664793
2024-05-31,AMZN,176.44000244140625,-0.016060700229647673,0.01013630410852997,0.008107724738905786,0.015373930070588801,0.030265311283097753,0.01754403776898864,0.011240567300030074,1.5848737182778865,0.008858115221045916,12.920000076293945,13.304000091552734,-0.10711818674023643
2024-06-03,AMZN,178.33999633789062,0.01076849847083472,0.012451420772927964,0.008883728916466629,0.014739003876026925,0.015588195785480279,0.018293766121494446,0.011577597300229479,0.837798206032133,0.009283114886698503,13.109999656677246,13.539999961853027,0.014705849788028802
2024-06-04,AMZN,179.33999633789062,0.00560726713319748,0.012036271167332833,0.009252446764108057,0.01452912032094749,0.018846910626920642,0.019043658713913943,0.01197235608783815,0.7478109433722594,0.010001786497909533,13.15999984741211,13.58799991607666,0.003813897181103032
2024-06-05,AMZN,181.27999877929688,0.010817455564965828,0.013598338241042724,0.01013833445197616,0.014468677136607386,0.01516990301477244,0.019297726428272093,0.01209693484372357,0.8853818837232607,0.010885933846970258,12.630000114440918,13.257999992370605,-0.04027353640702469
2024-06-06,AMZN,185.0,0.020520748266509736,0.013629752931727654,0.012220245891437817,0.014557059921950452,0.018972943280194103,0.01976865279809304,0.012369266209337247,0.8586426383652968,0.01121803040832797,12.579999923706055,12.879999923706055,-0.00395884325271656
2024-06-07,AMZN,184.3000030517578,-0.003783767287795614,0.008858115221045916,0.011581442333953551,0.014189141930677253,0.015897952399699128,0.016895181021413318,0.01025270166599224,0.7834136554942539,0.01112703099478583,12.220000267028809,12.739999961853027,-0.028616825028659476
2024-06-10,AMZN,187.05999755859375,0.014975553234585881,0.009283114886698503,0.012201009643628496,0.013073944108585528,0.018389834739138668,0.017455508812145,0.010592002673529319,0.9626072242490634,0.00752381016342499,12.739999771118164,12.66599998474121,0.042553149977613725
2024-06-11,AMZN,187.22999572753903,0.0009087895389929823,0.010001786497909533,0.012128283523960275,0.013024476636945784,0.017251567911311244,0.01713644026902312,0.010389188529841355,0.7594317582807074,0.007254374809845676,12.850000381469727,12.604000091552734,0.008634270983343129
2024-06-12,AMZN,186.88999938964844,-0.0018159287809063063,0.010885933846970258,0.012168915505997744,0.01134100981274804,0.015624235846062515,0.01722730683528113,0.010427413620869968,0.9528385007966209,0.012655295358693391,12.039999961853027,12.486000061035156,-0.06303505023896772
2024-06-13,AMZN,183.8300018310547,-0.016373254687715777,0.01121803040832797,0.01242266036215505,0.011143612897756866,0.027199042322782276,0.018872526643798765,0.01161310874449674,1.1724396760209868,0.010838502477091434,11.9399995803833,12.357999992370605,-0.008305679550378975
2024-06-14,AMZN,183.66000366210935,-0.0009247574783879386,0.01112703099478583,0.010705724184057446,0.009481770903357622,0.008112846909800492,0.017315505545819038,0.011023553235200705,0.7665177677508134,0.01542967176645241,12.65999984741211,12.445999908447266,0.060301532021133974
2024-06-17,AMZN,184.05999755859375,0.002177904217078641,0.00752381016342499,0.01045011496040071,0.009366098809405487,0.020536775124608747,0.017744893622913056,0.011289603769096084,1.0681074146699725,0.015455201018168193,12.75,12.447999954223633,0.0071090168777756535
2024-06-18,AMZN,182.80999755859375,-0.006791263808433312,0.007254374809845676,0.010861629591482718,0.009066520474685855,0.01564466193614429,0.017423512427879668,0.011107805283309742,1.0897784811913982,0.021078651441479353,12.300000190734863,12.33799991607666,-0.03529410268746169
2024-06-20,AMZN,186.1000061035156,0.01799687428947827,0.012655295358693391,0.011715077267472406,0.009708103469248603,0.020365358204365948,0.01837173689954035,0.011669465629915915,1.3417966872080547,0.021438303085673238,13.279999732971191,12.585999870300293,0.07967475829590032
2024-06-21,AMZN,189.0800018310547,0.01601287280926522,0.010838502477091434,0.011018723327418937,0.010132091365337943,0.018087572116701815,0.01654944285832426,0.010370999384580984,1.9960835398709176,0.026438678352214733,13.199999809265137,12.83799991607666,-0.006024090761646117
2024-06-24,AMZN,185.57000732421875,-0.0185635417434159,0.01542967176645241,0.012768527241562872,0.01058194284716072,0.030554496659791427,0.021037772808322447,0.012972385647347474,1.3937378950786101,0.023463846508000673,13.329999923706055,12.97199993133545,0.009848493660558288
2024-06-25,AMZN,186.33999633789065,0.004149318226444931,0.015455201018168193,0.01185565692885374,0.010443125827866028,0.01835353781344855,0.020601125346090408,0.012713614261358535,1.2192826974167807,0.023000827920646623,12.84000015258789,12.989999961853027,-0.03675917283740937
2024-06-26,AMZN,193.61000061035156,0.039014727999018506,0.021078651441479353,0.01721010443118255,0.012608648942493025,0.0441093358710795,0.026294060133077446,0.016998827233455124,1.6707747041385381,0.020582399343863,12.550000190734863,13.039999961853027,-0.022585666542580096
2024-06-27,AMZN,197.8500061035156,0.02189972356695158,0.021438303085673238,0.01801324186127497,0.013156937337997877,0.028506440311645,0.02792227655453326,0.017823522786824926,1.8107879614089621,0.01888987059071815,12.239999771118164,12.831999969482421,-0.024701228279307874
2024-06-28,AMZN,193.25,-0.023249966952787804,0.026438678352214733,0.019057321909277263,0.013877959679227666,0.03285902252789442,0.03087656663677178,0.019226943340220796,1.7696095367743365,0.013516958330463465,12.4399995803833,12.679999923706054,0.01633985400367921
2024-07-01,AMZN,197.1999969482422,0.02043982896891161,0.023463846508000673,0.01949050247009211,0.014037846824423616,0.027789025417568145,0.03032347238832712,0.018995182919233047,0.9672347809098868,0.01099813011721977,12.220000267028809,12.457999992370606,-0.017684832859754307
2024-07-02,AMZN,200.0,0.014198798656638534,0.023000827920646623,0.019509589205364292,0.014189195457278429,0.0225,0.03115276482563741,0.019336929280156893,1.052435887094401,0.008825689201919134,12.029999732971191,12.295999908447266,-0.015548324869538943
2024-07-03,AMZN,197.58999633789065,-0.01205001831054675,0.020582399343863,0.020031765388120532,0.01435400024912507,0.01654944244681833,0.025640786140785177,0.01576526871215394,0.7255873572237367,0.01320793949295248,12.09000015258789,12.203999900817871,0.004987566163634494
2024-07-05,AMZN,200.0,0.012196992290986808,0.01888987059071815,0.01979220499359922,0.014430744803156271,0.0119000244140625,0.02231950296126868,0.014131657114042392,0.907221108017031,0.01044157939997022,12.479999542236328,12.251999855041504,0.03225801362500036
2024-07-08,AMZN,199.2899932861328,-0.0035500335693359197,0.013516958330463465,0.01981364292818552,0.014470242880839585,0.016257666433472893,0.018999231742384375,0.011947192986553336,0.7882854898859448,0.010473797413991405,12.369999885559082,12.23799991607666,-0.008814075377564845
2024-07-09,AMZN,199.33999633789065,0.00025090598345323123,0.01099813011721977,0.018099292145096355,0.01422835580812977,0.007625184611142758,0.014966463581099296,0.009500509243807279,0.7375038030947549,0.010702284434550841,12.510000228881836,12.295999908447266,0.01131773198205055
2024-07-10,AMZN,199.7899932861328,0.002257434315787732,0.008825689201919134,0.018146060955302846,0.014199149184468041,0.01211270959641842,0.01288900550038298,0.007983926285353469,0.7429553916784152,0.01244442894788393,12.850000381469727,12.460000038146973,0.02717826909410692
2024-07-11,AMZN,195.0500030517578,-0.023724863074531144,0.01320793949295248,0.0166887750917636,0.015009536773485823,0.03799027708880943,0.0171771724287812,0.012111175582400347,0.9875726289143493,0.012111464736235146,12.920000076293945,12.626000022888183,0.00544744690631771
2024-07-12,AMZN,194.4900054931641,-0.0028710461411535215,0.01044157939997022,0.014969856438094896,0.015030083523273716,0.013573959150004897,0.017511959375969676,0.012231158882621648,0.6806244523874295,0.012020433525883546,12.460000038146973,12.622000122070313,-0.035603717912586985
2024-07-15,AMZN,192.72000122070312,-0.009100746683475047,0.010473797413991405,0.013269338329770083,0.01483971060402853,0.02781237326899601,0.0198229007430743,0.013635996369469643,0.903978804830929,0.012643394890087986,13.119999885559082,12.772000122070313,0.0529694899993165
2024-07-16,AMZN,193.02000427246097,0.0015566783408966778,0.010702284434550841,0.011186711131857676,0.014422140296219826,0.02269189476257991,0.022836242773361735,0.014777550548954034,0.74826260452272,0.01888991411087232,13.1899995803833,12.907999992370605,0.0053353426398474735
2024-07-17,AMZN,187.92999267578125,-0.026370383815217502,0.01244442894788393,0.011955607169013489,0.01530781412519549,0.029745099535732518,0.02636272076122455,0.016460636122608462,1.0438794994356775,0.01985538857148031,14.479999542236328,13.233999824523925,0.09780136488947022
2024-07-18,AMZN,183.75,-0.022242286163404512,0.012111464736235146,0.012911603735403291,0.015905533408705794,0.044789092394770406,0.02772248382241675,0.017616869575844536,1.0912712156468363,0.018081946095715864,15.930000305175781,13.835999870300293,0.1001381774018697
2024-07-19,AMZN,183.1300048828125,-0.0033741230867346816,0.012020433525883546,0.011134469036544142,0.015812155404945377,0.0263200564457696,0.030271703281569688,0.018640383113539463,0.9226767902726345,0.01998913989935281,16.520000457763672,14.647999954223632,0.037037045906157084
2024-07-22,AMZN,182.5500030517578,-0.003167158934036185,0.012643394890087986,0.011154849584960437,0.01536080629515143,0.014133124009443136,0.027535853429659113,0.017502330447875962,0.8844439187794413,0.020003340258291785,14.90999984741211,15.005999946594239,-0.09745766136434542
2024-07-23,AMZN,186.41000366210935,0.021144894800451564,0.01888991411087232,0.014475739071891442,0.015834524197238086,0.0312751553914578,0.029252505555434693,0.01844563190238396,1.0564983962294028,0.016577195843794017,14.720000267028809,15.31200008392334,-0.012743097406287318
2024-07-24,AMZN,180.8300018310547,-0.029934025650088403,0.01985538857148031,0.015807925944546792,0.016526600821641625,0.02787144409168115,0.028877774466624418,0.018213990510842926,0.9269833546577776,0.015305177305594204,18.040000915527344,16.024000358581542,0.22554351822499452
2024-07-25,AMZN,179.85000610351562,-0.005419431054668911,0.018081946095715864,0.015059502293086533,0.01654182129244761,0.039477289984855904,0.027815413984641518,0.017367735892751812,1.0158174753448792,0.017799499095401457,18.459999084472656,16.530000114440917,0.023281493771090345
2024-07-26,AMZN,182.5,0.014734466536293178,0.01998913989935281,0.016666229607371214,0.01679487838227036,0.016164366839683062,0.025784276063424212,0.016441979585117714,0.7105211479735061,0.04371039744073728,16.389999389648438,16.50399990081787,-0.11213433355830271
2024-07-29,AMZN,183.1999969482422,0.003835599716395466,0.020003340258291785,0.01691770347610217,0.016546166636166884,0.012936654785300422,0.02554498221859567,0.01637513234750431,0.8456150909942136,0.043284972020303944,16.600000381469727,16.842000007629395,0.012812751655983723
2024-07-30,AMZN,181.7100067138672,-0.008133134602594794,0.016577195843794017,0.016782254260968035,0.016612531909033015,0.03566119359481892,0.02642218985926789,0.016984329930088526,1.0063298377563576,0.045008880544031626,17.690000534057617,17.436000061035156,0.06566265828551643
2024-07-31,AMZN,186.97999572753903,0.029002194810164417,0.015305177305594204,0.018337838006813725,0.017447108618982857,0.01861159379108124,0.024570219799147912,0.016090440545237613,1.0666568023744956,0.039147944064069046,16.360000610351562,17.1,-0.07518371303299154
2024-08-01,AMZN,184.07000732421875,-0.015563100170141286,0.017799499095401457,0.017557089735642475,0.017648828665876012,0.04742766686020258,0.026160295174217245,0.017482653736181172,1.7177177411527376,0.04423434494312766,18.59000015258789,17.126000213623048,0.13630803539367387
2024-08-02,AMZN,167.89999389648438,-0.0878470841762542,0.04371039744073728,0.0330306853164466,0.02358625184511944,0.04895772197449283,0.0327189662011792,0.021598006077298077,3.069306017611224,0.023061997515508942,23.389999389648438,18.526000213623046,0.2582032919667483
2024-08-05,AMZN,161.02000427246094,-0.04097671157906757,0.043284972020303944,0.03452889652760844,0.024274676919593348,0.0704881741545004,0.04422927007501919,0.028816785945480768,1.714282062150853,0.007096271537497674,38.56999969482422,22.920000076293945,0.648995327118046
2024-08-06,AMZN,161.92999267578125,0.005651399696776416,0.045008880544031626,0.033202743452172966,0.024212298145348043,0.04038787649435878,0.04517460665492716,0.02928201266511714,1.202227028169538,0.00916752223682448,27.709999084472656,24.923999786376953,-0.2815660019776688
2024-08-07,AMZN,162.77000427246094,0.0051874985158653075,0.039147944064069046,0.03312456806410079,0.024225442632631638,0.037783430569793,0.04900897401066952,0.030546351751334983,0.9558776269223536,0.010280394312826723,27.850000381469727,27.221999740600587,0.005052374652567915
2024-08-08,AMZN,165.8000030517578,0.018615215947435537,0.04423434494312766,0.03433972143418301,0.02323653784948307,0.02496983904370649,0.0445174084473703,0.028638100583408512,0.8809555331315967,0.018933785281898922,23.790000915527344,28.261999893188477,-0.1457809483063327
2024-08-09,AMZN,166.94000244140625,0.00687575011257735,0.023061997515508942,0.03385965652668817,0.022797066745699764,0.01617345698308499,0.03796055544908873,0.025673127467381467,0.714650883001514,0.020320617474530484,20.3700008392334,27.658000183105468,-0.1437578791374391
2024-08-12,AMZN,166.8000030517578,-0.000838620987187122,0.007096271537497674,0.03370488294772616,0.022557486548384322,0.014628311731200152,0.02678858296442868,0.01727687496409829,0.5966252447185627,0.01940112598485943,20.709999084472656,24.086000061035158,0.01669112573546916
2024-08-13,AMZN,170.22999572753906,0.020563504874259175,0.00916752223682448,0.034966246948044136,0.022562239001139815,0.02314508183929769,0.02334002403341646,0.014825544091580833,0.7744271419266978,0.01932723492747172,18.1200008392334,22.168000411987304,-0.12506027811373066
2024-08-14,AMZN,170.10000610351562,-0.0007636117446156998,0.010280394312826723,0.032865720955414644,0.022295318916223453,0.020105808619807146,0.019804499643419293,0.012163748965078842,0.5802952738420596,0.01853880662571355,16.190000534057617,19.836000442504883,-0.10651215318914042
2024-08-15,AMZN,177.58999633789062,0.04403286281963403,0.018933785281898922,0.036704321700216105,0.023982888126644057,0.02207330508350791,0.019225192851379577,0.011753164008792318,1.0394138259721466,0.012129331618102623,15.229999542236328,18.12400016784668,-0.05929592094835401
2024-08-16,AMZN,177.05999755859375,-0.002984395462729106,0.020320617474530484,0.021595216336400373,0.02380487533130083,0.011747440753049603,0.0183399896053725,0.011368979185069579,0.6405647039677776,0.012438906868385053,14.800000190734863,17.010000038146973,-0.028233707447526624
2024-08-19,AMZN,178.22000122070312,0.006551472258579993,0.01940112598485943,0.014176893739805668,0.023879444997440033,0.012007627510889289,0.017815852761310327,0.011154919320838848,0.6389742519227081,0.012312141035229707,14.649999618530273,15.798000144958497,-0.01013517366699046
2024-08-20,AMZN,178.8800048828125,0.003703308593809629,0.01932723492747172,0.014260838969629618,0.023906124843854397,0.008832747025525715,0.014953385798555935,0.009535407581640084,0.5509516775726498,0.012379437659937386,15.880000114440918,15.35,0.08395908040535782
2024-08-21,AMZN,180.11000061035156,0.006876093995775934,0.01853880662571355,0.014206175385534231,0.023958097298453135,0.01943256891976737,0.014818737858547978,0.009434218252848887,0.7517081997706598,0.010012199163006713,16.270000457763672,15.365999984741212,0.024559215397492062
2024-08-22,AMZN,176.1300048828125,-0.022097583221652117,0.012129331618102623,0.017088157933098362,0.023911742937855324,0.03287349335381122,0.01697877551260864,0.011359748662513722,0.6857020714097273,0.010270384962858916,17.549999237060547,15.829999923706055,0.07867232595473528
2024-08-23,AMZN,177.0399932861328,0.005166572293719973,0.012438906868385053,0.01708910541896757,0.023959514198886044,0.021068661709168882,0.018843019703832495,0.01229286287317895,0.6239456238070291,0.021541685900730582,15.859999656677246,16.04199981689453,-0.09629627657273676
2024-08-26,AMZN,175.5,-0.00869856159361615,0.012312141035229707,0.017612401942167965,0.023956004777588427,0.01806266762931802,0.020054027727518242,0.012807424415526474,0.48439179118538706,0.022082914975080775,16.149999618530273,16.341999816894532,0.018284991685414864
2024-08-27,AMZN,173.1199951171875,-0.013561281383547064,0.012379437659937386,0.01761834601494767,0.024019461228233098,0.015249534797302776,0.021337385281873653,0.013230612501117903,0.6531342983052257,0.022614535765468034,15.430000305175781,16.251999855041504,-0.044582001879948985
2024-08-28,AMZN,170.8000030517578,-0.013401063602498708,0.010012199163006713,0.01826579417190721,0.02370521130220121,0.027927424983800936,0.023036356494680367,0.01427949651823597,0.6445945107711865,0.023492245089621312,17.110000610351562,16.419999885559083,0.10887882514248881
2024-08-29,AMZN,172.1199951171875,0.007728290643119529,0.010270384962858916,0.01071008981856846,0.023492619637576356,0.02021842799361989,0.0205053434226421,0.012545912954288222,0.6161704673427529,0.030957633959705327,15.649999618530273,16.039999961853027,-0.0853302711712346
2024-08-30,AMZN,178.5,0.037067191865004956,0.021541685900730582,0.016610122248434236,0.024542144740021185,0.035294049260329134,0.023350420932874153,0.014768589115566841,1.1441738209254975,0.02718817352615463,15.0,15.868000030517578,-0.041533522963198455
2024-09-03,AMZN,176.25,-0.012605042016806678,0.022082914975080775,0.016990509140191692,0.024637090450404655,0.01702127659574468,0.023142142726159484,0.014678485134551273,1.0595986595835294,0.028839510341468907,20.719999313354492,16.78199996948242,0.38133328755696616
2024-09-04,AMZN,173.3300018310547,-0.016567365497562103,0.022614535765468034,0.01756875280415796,0.024436389585170953,0.019846549385946648,0.02406154564388826,0.015062587383976327,0.8860183721387078,0.02769685421965849,21.31999969482422,17.95999984741211,0.028957548327861904
2024-09-05,AMZN,177.88999938964844,0.026308183871355473,0.023492245089621312,0.019725848616812848,0.024386844517074527,0.027432710661398043,0.023962602779407684,0.015017073960280397,1.1886016971908429,0.026720267263091856,19.899999618530273,18.51799964904785,-0.06660413211162819
2024-09-06,AMZN,171.38999938964844,-0.03653943460735232,0.030957633959705327,0.021850909956555694,0.025260454687785094,0.04212615232169256,0.028344147645022216,0.017869316238278348,1.232693053736814,0.01225911791859787,22.3799991607666,19.863999557495116,0.12462309496363155
2024-09-09,AMZN,175.39999389648438,0.023396899008788496,0.02718817352615463,0.023276532573840103,0.025498324283285207,0.013341001585557007,0.023953538110067788,0.015477327706167564,0.8727600834005345,0.015935820222900625,19.450000762939453,20.753999710083008,-0.13092039802055044
2024-09-10,AMZN,179.5500030517578,0.023660258265018275,0.028839510341468907,0.024267219296425713,0.025881984281881997,0.02066280507273356,0.024681843805465564,0.01580762638214445,1.0790671024175358,0.01426916405828315,19.079999923706055,20.42599983215332,-0.019023178648836292
2024-09-11,AMZN,184.52000427246097,0.02768031821904504,0.02769685421965849,0.024725300064840753,0.0263321390517318,0.05018431363112133,0.0307493966545005,0.02029774209143418,1.2613571842599056,0.009504343367187366,17.690000534057617,19.7,-0.07285112134206173
2024-09-12,AMZN,187.0,0.013440254011034325,0.026720267263091856,0.023741327545721516,0.025908385404994263,0.02069524265228093,0.029401903052677075,0.019718968579446564,0.9871695794430754,0.011125594912621155,17.06999969482422,19.13400001525879,-0.035048096128643014
2024-09-13,AMZN,186.4900054931641,-0.0027272433520636463,0.01225911791859787,0.024049253150051412,0.025742233355348625,0.013888124090304621,0.023754297406399488,0.016718333868112514,0.8097609949870148,0.010831257590663224,16.559999465942383,17.970000076293946,-0.029876991095463934
2024-09-16,AMZN,184.88999938964844,-0.00857958097692424,0.015935820222900625,0.022249460067414923,0.019690072421041344,0.013251105826870143,0.023736318254662117,0.016711255845408994,0.8032798707134061,0.007573378871392707,17.139999389648438,17.50799980163574,0.03502415111177348
2024-09-17,AMZN,186.8800048828125,0.010763186217390919,0.01426916405828315,0.021557647027755696,0.017848396044750536,0.017711887158122462,0.0231461346717399,0.016448817733713074,0.8103783791842298,0.00851910514814783,17.610000610351562,17.213999938964843,0.027421309068831112
2024-09-18,AMZN,186.42999267578125,-0.0024080275860086653,0.009504343367187366,0.020334927835620586,0.017900856521329965,0.020061179209872486,0.01712150778749013,0.010450437650175583,1.0564769442241413,0.010103654971790754,18.229999542236328,17.321999740600585,0.03520720672322497
2024-09-19,AMZN,189.8699951171875,0.01845197970580159,0.011125594912621155,0.019668365873915378,0.018072182090186833,0.013272261743650558,0.015636911605764053,0.009514741332881242,1.2054462617652202,0.0089465883290391,16.329999923706055,17.173999786376953,-0.10422378860340853
2024-09-20,AMZN,191.6000061035156,0.009111555436973173,0.010831257590663224,0.012508226732235969,0.017913394066719285,0.02312104663184571,0.017483496114072274,0.01077476782928341,2.7713323508282914,0.010654511827111971,16.149999618530273,17.091999816894532,-0.011022676424785383
2024-09-23,AMZN,193.8800048828125,0.011899784481557374,0.007573378871392707,0.011777682447086064,0.017955097397621744,0.020012324769481164,0.018835739902594476,0.0115191662187249,1.0103956327471855,0.006080609645138576,15.890000343322754,16.842000007629395,-0.01609902670890473
2024-09-24,AMZN,193.9600067138672,0.0004126358007008335,0.00851910514814783,0.011084039445146982,0.01794214473017054,0.027015828278997303,0.020696528126769444,0.0127905473359477,1.154262390283562,0.004229851781369685,15.390000343322754,16.397999954223632,-0.031466330345934046
2024-09-25,AMZN,192.52999877929688,-0.007372694808574054,0.010103654971790754,0.009534324693108383,0.01784173317594222,0.00929721756340302,0.018543735797475553,0.011871057218448262,0.7038456266045224,0.005362926781222099,15.40999984741211,15.83400001525879,0.0012995129072905787
2024-09-26,AMZN,191.16000366210935,-0.007115748848874226,0.0089465883290391,0.009560432164424865,0.017940883022695867,0.02610381563909309,0.021110046576564057,0.013300675859789063,0.9597154786407581,0.006111828188698735,15.369999885559082,15.642000007629395,-0.002595714617073419
2024-09-27,AMZN,187.97000122070312,-0.016687603998192024,0.010654511827111971,0.011238862996094369,0.016653961641786293,0.01893917931305333,0.020273673112805583,0.012770941105246743,0.9390320241628803,0.015538934298747328,16.959999084472656,15.803999900817871,0.10344822451218505
2024-09-30,AMZN,186.3300018310547,-0.008724793206352333,0.006080609645138576,0.011252482293681023,0.016746271992352933,0.020608659684130868,0.020392940095735522,0.01282002587325222,1.087231134563609,0.020415179349411155,16.729999542236328,15.971999740600586,-0.013561294495994303
2024-10-01,AMZN,185.1300048828125,-0.006440170323887107,0.004229851781369685,0.010874337887983159,0.01678810064083584,0.014800439803901529,0.017949862400716367,0.011264567340670977,0.9446002039629292,0.021676522192110217,19.260000228881836,16.7459997177124,0.15122538887453651
2024-10-02,AMZN,184.7599945068359,-0.0019986515757443035,0.005362926781222099,0.010868746009670515,0.01679345579301179,0.013855882731627092,0.01886159543436118,0.011595462261364082,0.6266178218408063,0.022817982723724706,18.899999618530273,17.443999671936034,-0.018691620253031727
2024-10-03,AMZN,181.9600067138672,-0.01515472979116772,0.006111828188698735,0.009324570143905628,0.01701754567341594,0.014069012223215379,0.01645463475118564,0.009999508161521353,0.8091088399164968,0.021091936865866263,20.489999771118164,18.46799964904785,0.08412699389840173
2024-10-04,AMZN,186.5099945068359,0.025005427704361427,0.015538934298747328,0.012619430768228586,0.017035539110241273,0.02144657186107736,0.016956113260790447,0.010389209923624767,1.0962100203959517,0.018674299098375254,19.209999084472656,18.91799964904785,-0.06246953152482426
2024-10-07,AMZN,180.8000030517578,-0.03061493551686756,0.020415179349411155,0.014242315152060883,0.018033217551756204,0.018528794507578557,0.016540140225479984,0.010091408375756353,1.1157910927821584,0.008150444057936596,22.639999389648438,20.099999618530273,0.17855286145995874
2024-10-08,AMZN,182.72000122070312,0.010619458719785868,0.021676522192110217,0.015158424480218691,0.01802512032465986,0.011876084470491285,0.015955269158797934,0.009809988588725293,0.7037293752931139,0.008353307893900068,21.420000076293945,20.531999588012695,-0.05388689691892423
2024-10-09,AMZN,185.1699981689453,0.013408477078997505,0.022817982723724706,0.016307191527921365,0.017920209497959968,0.02052169946176021,0.017288432504824557,0.010642157074597527,0.7185064134970575,0.007845774475970834,20.860000610351562,20.923999786376953,-0.026143765823892218
2024-10-10,AMZN,186.6499938964844,0.007992632403596822,0.021091936865866263,0.01665889654609048,0.017693956641740772,0.01232254555032768,0.01693913917024702,0.010484425860552505,0.7638333630921822,0.007194279267742039,20.93000030517578,21.011999893188477,0.0033556899700895038
2024-10-11,AMZN,188.82000732421875,0.011626110360002606,0.018674299098375254,0.016337217986503064,0.01774325255393325,0.019224602707436936,0.016494745339518935,0.010162553480004258,0.7086579828664026,0.0058505425278457535,20.459999084472656,21.261999893188477,-0.022455863060207304
2024-10-14,AMZN,187.5399932861328,-0.006779016992029097,0.008150444057936596,0.01622539560606575,0.016632128003617953,0.013170530602155905,0.015423092558434404,0.009549338933211048,0.6252946483699188,0.004415168059640833,19.700000762939453,20.67400016784668,-0.037145569674535084
2024-10-15,AMZN,187.69000244140625,0.0007998782160802964,0.008353307893900068,0.016028429347162504,0.016410876056250006,0.020405998088525376,0.017129075282041224,0.010552777655970057,0.8823304410294939,0.00444070077336807,20.639999389648438,20.518000030517577,0.047715664482478326
2024-10-16,AMZN,186.88999938964844,-0.004262363692000948,0.007845774475970834,0.016099011669228128,0.01607523100668091,0.011611098378897558,0.01534695506546869,0.009503755723004931,0.6530146821679983,0.013691602980860714,19.579999923706055,20.261999893188477,-0.051356564791082526
2024-10-17,AMZN,187.52999877929688,0.0034244710350397334,0.007194279267742039,0.015030244989707495,0.015443906115203314,0.015677504722144877,0.01601794689983213,0.009856372207939577,0.7114356214179643,0.014482943042772402,19.110000610351562,19.897999954223632,-0.024004050826652468
2024-10-18,AMZN,188.9900054931641,0.007785456851548744,0.0058505425278457535,0.013108036305003205,0.013659119001499567,0.02359916706827408,0.016892859771999558,0.010519895644867711,1.1675681916402345,0.014482069423111716,18.030000686645508,19.412000274658205,-0.05651490786039204
2024-10-21,AMZN,189.07000732421875,0.00042331249658356107,0.004415168059640833,0.006880286125742735,0.013130436237696781,0.01618454910267946,0.017495663472104274,0.010836073069098394,0.7839486424774653,0.014596091759177487,18.3700008392334,19.14600028991699,0.018857467534081795
2024-10-22,AMZN,189.6999969482422,0.003332044214411578,0.00444070077336807,0.006537980749985537,0.012515618953177083,0.02393257046894223,0.01820097794818764,0.011336317206018054,0.9646094711997515,0.01583131786303282,18.200000762939453,18.658000564575197,-0.009254222565459602
2024-10-23,AMZN,184.7100067138672,-0.026304640562205495,0.013691602980860714,0.01074441670674874,0.012563538797279963,0.029613995029390217,0.02180155727828617,0.013449096801053861,1.029705875240805,0.0036468490573259354,19.239999771118164,18.590000534057616,0.05714280025176999
2024-10-24,AMZN,186.3800048828125,0.009041189476714617,0.014482943042772402,0.01083792148270865,0.012427536002487007,0.017437492836441637,0.02215355490114552,0.013611891819879254,0.7148750675951802,0.01880744927292394,19.079999923706055,18.584000396728516,-0.008316000484173136
2024-10-25,AMZN,187.8300018310547,0.007779788122410869,0.014482069423111716,0.010436694624101857,0.01249693000709951,0.015545962521853831,0.020542913991861474,0.0127327251849307,0.9803914039579804,0.033829853301993555,20.329999923706055,19.044000244140626,0.06551362709634656
2024-10-28,AMZN,188.38999938964844,0.002981406341556969,0.014596091759177487,0.01023621115078641,0.01239101101632682,0.010616274783585435,0.01942925912804267,0.012290498954683836,0.9543539400226401,0.03518746226760528,19.799999237060547,19.329999923706055,-0.026069881388808724
2024-10-29,AMZN,190.8300018310547,0.012951868195294036,0.01583131786303282,0.010970722950872007,0.012458564447387752,0.01907456560667539,0.0184576581555893,0.011666905283904428,1.2202205376427722,0.0354938393051817,19.34000015258789,19.55799980163574,-0.023232277888761477
2024-10-30,AMZN,192.72999572753903,0.009956473710912794,0.0036468490573259354,0.011031163609987652,0.01255386339949052,0.016551665605368106,0.015845192270784878,0.009669892418834427,1.2590540966938961,0.03775076880025646,20.350000381469727,19.779999923706054,0.05222338267389759
2024-10-31,AMZN,186.3999938964844,-0.032843885079535395,0.01880744927292394,0.015840142949599803,0.013572903903364499,0.02880906948397622,0.018119507600291795,0.011413827760806357,2.3340215599475407,0.027220699582047845,23.15999984741211,20.595999908447265,0.13808350925148427
2024-11-01,AMZN,197.92999267578125,0.06185621865256041,0.033829853301993555,0.025351663615426498,0.017663812796239638,0.017581952489835295,0.01852670559388809,0.011626210224512906,2.837186202813911,0.020481896562271673,21.8799991607666,20.905999755859376,-0.055267732948130144
2024-11-04,AMZN,195.77999877929688,-0.01086239567545566,0.03518746226760528,0.025820813168688284,0.017678700573350636,0.015425499495816185,0.01948855053633424,0.012011111856204825,1.1015826122567776,0.01940524645384875,21.979999542236328,21.341999816894532,0.004570401522182799
2024-11-05,AMZN,199.5,0.0190009257528736,0.0354938393051817,0.026261670595569126,0.017999295036977492,0.019198004165687513,0.019513238248136663,0.012029443014496379,0.8694994165368976,0.018911939074261315,20.489999771118164,21.571999740600585,-0.06778888999770039
2024-11-06,AMZN,207.08999633789065,0.03804509442551707,0.03775076880025646,0.025515157245856415,0.01913670663103553,0.040610381046062245,0.024324981336275493,0.015767941945836198,1.9303846352574598,0.014263381711684118,16.270000457763672,20.755999755859374,-0.20595409275225196
2024-11-07,AMZN,210.0500030517578,0.01429333510169939,0.027220699582047845,0.025506326985261375,0.019160761175030044,0.02408949052643875,0.023381065544767998,0.015221966550643638,1.366214946890275,0.015630103663363485,15.199999809265137,19.16399974822998,-0.06576525005492273
2024-11-08,AMZN,208.17999267578125,-0.008902691496347037,0.020481896562271673,0.026367015756851537,0.018931775837766247,0.012104930161975665,0.02228566107919607,0.014836166239921622,0.9198196403081398,0.025174019070896864,14.9399995803833,17.77599983215332,-0.017105278430553206
2024-11-11,AMZN,206.83999633789065,-0.006436720074140423,0.01940524645384875,0.026835320206156348,0.018885041340781027,0.019628687055096444,0.023126298591052124,0.015183536192491683,0.8894553904481131,0.025164251707837308,14.970000267028809,16.373999977111815,0.002008078145122605
2024-11-12,AMZN,208.91000366210935,0.01000777103494599,0.018911939074261315,0.026811890570499583,0.018820427059824296,0.016897222332188155,0.022666142224352252,0.014978112682369493,0.9687096984027306,0.02588028234456785,14.710000038146973,15.218000030517578,-0.017368084451840793
2024-11-13,AMZN,214.1000061035156,0.024843245179395845,0.014263381711684118,0.027255132139138882,0.019150441840727204,0.027790736938911816,0.020102213402922165,0.012557389991756684,1.1179115886846676,0.02033039127345494,14.020000457763672,14.768000030517578,-0.04690683742990798
2024-11-14,AMZN,211.47999572753903,-0.012237320417028852,0.015630103663363485,0.0241865927383185,0.019051188378819812,0.02373741779406608,0.02003179885644763,0.012474646606705516,1.0095375997405824,0.021012808423488297,14.3100004196167,14.59000015258789,0.020684732695029018
2024-11-15,AMZN,202.61000061035156,-0.041942478231440705,0.025174019070896864,0.023120700930791792,0.02051570756915593,0.03815209369849909,0.02524123156375232,0.015787070469885457,1.9381880533343003,0.013093678385162458,16.139999389648438,14.830000114440917,0.1278825238553527
2024-11-18,AMZN,201.6999969482422,-0.004491405455644082,0.025164251707837308,0.022794585021335804,0.01957401025022252,0.0184432388546724,0.025004141923667504,0.01568171456189032,0.8043748746267523,0.017988937098571352,15.579999923706055,14.952000045776368,-0.03469637466662756
2024-11-19,AMZN,204.61000061035156,0.014427385751800914,0.02588028234456785,0.022486528288185797,0.019631771027029454,0.03186552100587345,0.027997801658404563,0.017327108149314006,0.6880543193697792,0.02259624068234432,16.350000381469727,15.280000114440918,0.04942236595213734
2024-11-20,AMZN,202.8800048828125,-0.00845508881471324,0.02033039127345494,0.01890140212849424,0.019674839387594498,0.018138839934945573,0.026067422257611318,0.016357674932830493,0.7220417858354743,0.022836402700643327,17.15999984741211,15.907999992370605,0.049541250583724494
2024-11-21,AMZN,198.3800048828125,-0.022180598835253806,0.021012808423488297,0.018950767526459314,0.020187783252452678,0.039016056571509236,0.029123150013099952,0.018333666672172743,1.2446701973246788,0.01798460331648619,16.8700008392334,16.420000076293945,-0.016899709251596895
2024-11-22,AMZN,197.1199951171875,-0.006351495788949668,0.013093678385162458,0.018917563567448104,0.020166040163220034,0.012733332837917947,0.02403939784098372,0.015607139498540267,0.6659110854909512,0.015638337931896118,15.239999771118164,16.24000015258789,-0.0966212796103989
2024-11-25,AMZN,201.4499969482422,0.021966324768223133,0.017988937098571352,0.020766730113977047,0.02043384442025171,0.014643817289310357,0.02327951352791131,0.015327508086869708,0.8478375980800044,0.014924615959658069,14.600000381469727,16.044000244140626,-0.041994711237550164
2024-11-26,AMZN,207.86000061035156,0.03181932866326265,0.02259624068234432,0.023220090681815485,0.021113737177923645,0.02987591020702578,0.02288159136814178,0.01503562763495887,0.8630456552450116,0.012001616317337566,14.100000381469727,15.594000244140625,-0.0342465744476691
2024-11-27,AMZN,205.7400054931641,-0.010199148999145646,0.022836402700643327,0.021598239605899423,0.02121775034022159,0.012588686053946276,0.021771560591941918,0.014605603368663917,0.5870076834840915,0.004716653703310086,14.100000381469727,14.982000350952148,0.0
2024-11-29,AMZN,207.88999938964844,0.010450052683389277,0.01798460331648619,0.021799965439047962,0.021256489020535597,0.01736495560609102,0.017441340398858276,0.011265794508542874,0.5496010146656903,0.007761771959851177,13.510000228881836,14.310000228881837,-0.041843981320970114
2024-12-02,AMZN,210.7100067138672,0.01356490130596999,0.015638337931896118,0.01686521977268477,0.021321272919723137,0.016515641760924286,0.018197802183459545,0.011614763309703346,0.9347184430062434,0.012664204668604871,13.34000015258789,13.930000305175781,-0.012583277084667777
2024-12-03,AMZN,213.44000244140625,0.012956175029913197,0.014924615959658069,0.016785138649179236,0.0213745100916077,0.020474186309926704,0.019363875987582813,0.012246759448842438,0.767573345227637,0.015288907210666596,13.300000190734863,13.670000267028808,-0.002998497855734139
2024-12-04,AMZN,218.16000366210935,0.022113948494724367,0.012001616317337566,0.017389256096330748,0.02161978008747548,0.019481114451127744,0.017284916836403205,0.010543258334120752,1.1368274445724411,0.01549649782636319,13.449999809265137,13.54000015258789,0.01127816664504766
2024-12-05,AMZN,220.5500030517578,0.010955259211262947,0.004716653703310086,0.016590953551543008,0.02082113514428028,0.0219904365341968,0.019165266932453313,0.011616520415736142,0.9956217299557382,0.017173372019824985,13.539999961853027,13.42800006866455,0.006691461253842901
2024-12-06,AMZN,227.02999877929688,0.029381072944344444,0.007761771959851177,0.01376477009760878,0.021245799650464824,0.028850759054693295,0.021462427622173767,0.013214769236462077,1.0805163613061652,0.012753985477549457,12.770000457763672,13.280000114440918,-0.056868501200791455
2024-12-09,AMZN,226.08999633789065,-0.004140432746599365,0.012664204668604871,0.013420968982852501,0.02133839689050913,0.019505523170156722,0.022060403904020254,0.01349340396087165,1.1302678107576223,0.01603075570271851,14.1899995803833,13.45,0.1111980479026784
2024-12-10,AMZN,225.0399932861328,-0.004644181824783655,0.015288907210666596,0.014253286468839714,0.021425979315965443,0.021596164039039013,0.022284799449842716,0.013584802395808317,0.7570866387732731,0.016578794943857358,14.180000305175781,13.626000022888183,-0.0007046705780979767
2024-12-11,AMZN,230.2599945068359,0.023195882405070867,0.01549649782636319,0.013081610823729634,0.02161866178023663,0.02145401962675553,0.02267938048496827,0.013811133692179485,0.8623821730125933,0.02488646740286789,13.579999923706055,13.652000045776367,-0.04231314305760081
2024-12-12,AMZN,228.97000122070312,-0.0056023335225715565,0.017173372019824985,0.012338424460406885,0.021719394322225128,0.015111112532785829,0.021303515684686077,0.013115470283651884,0.7027801629515267,0.026651895436221134,13.920000076293945,13.728000068664551,0.02503683022813319
2024-12-13,AMZN,227.4600067138672,-0.006594726378065796,0.012753985477549457,0.013516727452622872,0.020601109965715805,0.019080261187849668,0.019349416111317352,0.011678678842334726,0.7294222528288214,0.027128064367135923,13.8100004196167,13.936000061035156,-0.00790227414327227
2024-12-16,AMZN,232.92999267578125,0.024048121869595374,0.01603075570271851,0.014284604914532421,0.018128902223755725,0.021422769287207055,0.019732865334727418,0.011965842221092742,1.0152613225722553,0.023264628148822398,14.6899995803833,14.036000061035157,0.06372187791657047
2024-12-17,AMZN,231.1499938964844,-0.007641775792155969,0.016578794943857358,0.015287576200688687,0.018037354169275262,0.02111178781258734,0.019635990089437085,0.011933148124153132,0.9725025585338161,0.025634522758279488,15.869999885559082,14.373999977111817,0.0803267759620312
2024-12-18,AMZN,220.52000427246097,-0.045987410359975445,0.02488646740286789,0.022034398263240575,0.0201631325455582,0.05119713888715338,0.025584613941516655,0.017006872976856227,1.1520599392499689,0.010346342784658643,27.6200008392334,17.182000160217285,0.7403907396600702
2024-12-19,AMZN,223.2899932861328,0.012561168873593154,0.026651895436221134,0.022118303543058878,0.019171854245179733,0.014196776677238631,0.025401746770407213,0.01694696435109684,1.0525365189595897,0.012789945347414906,24.09000015258789,19.216000175476076,-0.1278059587033482
2024-12-20,AMZN,224.9199981689453,0.00729994595290151,0.027128064367135923,0.02002394815862805,0.01906817111199882,0.03325631801183661,0.028236958135204604,0.018510268579952225,2.240580302359255,0.012958956294743373,18.360000610351562,20.126000213623048,-0.23785801186974165
2024-12-23,AMZN,225.05999755859375,0.0006224408269079884,0.023264628148822398,0.019990975828304988,0.018951400520567506,0.013240962492911514,0.0266005967763455,0.01792853213613405,0.7155765489734013,0.012942155912859524,16.780000686645508,20.54400043487549,-0.08605663786390261
2024-12-24,AMZN,229.0500030517578,0.017728630305015702,0.025634522758279488,0.020687373498472543,0.01905953320963137,0.013141211380624943,0.025006481489953013,0.017368103757108067,0.39552541693900356,0.006910129589916782,14.270000457763672,20.224000549316408,-0.14958284422952606
2024-12-26,AMZN,227.0500030517578,-0.00873171784917226,0.010346342784658643,0.0194745160339135,0.01914856296162726,0.008059906656938138,0.016379035043909966,0.01121745473575248,0.4403623436428272,0.013366513688689111,14.729999542236328,17.64600028991699,0.03223539381334706
2024-12-27,AMZN,223.75,-0.014534256804240364,0.012789945347414906,0.019897579929003005,0.018945174001745363,0.022927396124301547,0.01812515893332255,0.012225709607128349,0.7470792371449922,0.01327832385523555,15.949999809265137,16.018000221252443,0.08282418906603617
2024-12-30,AMZN,221.3000030517578,-0.010949707031249978,0.012958956294743373,0.02005337706174722,0.01891407152036687,0.02065073321824543,0.015604041974604316,0.009941505120345622,0.76952327851935,0.01751258666721176,17.399999618530273,15.826000022888184,0.0909090800379102
2024-12-31,AMZN,219.38999938964844,-0.008630834323407832,0.012942155912859524,0.017768304361522914,0.017160884936071714,0.019554187966943404,0.016866687069410694,0.010648266113505967,0.6881288574289011,0.01674941341138347,17.350000381469727,15.939999961853028,-0.002873519434293592
2025-01-02,AMZN,220.22000122070312,0.003783225458606987,0.006910129589916782,0.01800434793260398,0.017106086371941488,0.0316047199005457,0.020559388773394843,0.013110962677354048,0.9391826633196406,0.018320356001305667,17.93000030517578,16.67199993133545,0.03342938968033171
2025-01-03,AMZN,224.19000244140625,0.018027432561515733,0.013366513688689111,0.012098839877692367,0.017200840864297805,0.016682302745152703,0.022283867991037758,0.01369069810198682,0.784054812827558,0.014990974254285059,16.1299991607666,16.951999855041503,-0.10039046925668937
2025-01-06,AMZN,227.61000061035156,0.015254909370185477,0.01327832385523555,0.01239348976081277,0.017191826651134886,0.017573920255145776,0.021213172817206603,0.013109054001738542,0.9197314829240021,0.01025891667737455,16.040000915527344,16.970000076293946,-0.005579556721748813
2025-01-07,AMZN,222.11000061035156,-0.02416414035082548,0.01751258666721176,0.014678190931409983,0.017299403319200508,0.031155725315966713,0.02331417123675086,0.014464148126643806,0.8302852703167739,0.014774030928912631,17.81999969482422,17.054000091552734,0.11097248614080613
2025-01-08,AMZN,222.1300048828125,9.006470850470016e-05,0.01674941341138347,0.01467197427510237,0.01720726747855954,0.01494623531823308,0.022392580707008794,0.014078469834744884,0.7647151994679775,0.015951679417792877,17.700000762939453,17.12400016784668,-0.006733946910202238
2025-01-10,AMZN,218.94000244140625,-0.014360970473526025,0.018320356001305667,0.013534048119958016,0.017187246541406062,0.023796504319769127,0.020830937590853478,0.012956431685414323,1.1149582316592528,0.01721071086874432,19.540000915527344,17.44600028991699,0.1039548063998117
2025-01-13,AMZN,218.4600067138672,-0.0021923619356289947,0.014990974254285059,0.013460436630815423,0.016315010957955324,0.013412032343379449,0.02017688351049883,0.012676985204461628,0.8360257688774078,0.017445284398407528,19.190000534057617,18.058000564575195,-0.017911994118260277
2025-01-14,AMZN,217.7599945068359,-0.003204303696411337,0.01025891667737455,0.012919456715584865,0.016187265483843534,0.025808277542917275,0.02182375496805313,0.01363011054835577,0.7618776602993163,0.015608268714655768,18.709999084472656,18.592000198364257,-0.025013102460996528
2025-01-15,AMZN,223.3500061035156,0.025670516796895804,0.014774030928912631,0.015275800874594564,0.01669121547814642,0.012625955886080283,0.018117801082075842,0.011362712995135313,0.9609931016522006,0.015361352733874635,16.1200008392334,18.252000427246095,-0.13842856076827315
2025-01-16,AMZN,220.66000366210935,-0.012043887924316987,0.015951679417792877,0.015551215387378064,0.01676205578980765,0.019668251000921632,0.019062204218613554,0.011849425982893905,0.7755638174431922,0.01204898745911375,16.600000381469727,18.03200035095215,0.029776644990494594
2025-01-17,AMZN,225.94000244140625,0.023928209424767477,0.01721071086874432,0.017212999621138602,0.01713228949780382,0.015180988929442597,0.017339101140548246,0.010789500976016185,1.3140957448458228,0.010763669288308257,15.970000267028809,17.31800022125244,-0.03795181325081021
2025-01-21,AMZN,230.7100067138672,0.021111818274402117,0.017445284398407528,0.017542634889998188,0.01709273373835947,0.020978701387206495,0.018852434949313657,0.01164039070143581,1.245515183569419,0.008544609607301917,15.0600004196167,16.49200019836426,-0.05698183044435312
2025-01-22,AMZN,235.0099945068359,0.018638063663626303,0.015608268714655768,0.017835224852996222,0.01728785215385698,0.018084337259436756,0.017307646892617552,0.010579711956505835,1.2891023974302673,0.0062109880278656965,15.100000381469727,15.770000457763672,0.0026560398896751103
2025-01-23,AMZN,235.4199981689453,0.0017446222360448793,0.015361352733874635,0.015060692008566589,0.01651195731044616,0.017033428752077973,0.01818914146581709,0.011026334377767488,0.9086472978097678,0.008213272970053033,15.020000457763672,15.550000381469726,-0.005298008058610915
2025-01-24,AMZN,234.8500061035156,-0.002421170970448583,0.01204898745911375,0.01518942484897995,0.016495245529986092,0.014775393359681966,0.01721056993756916,0.010483400645381651,0.894322998695512,0.010051284430596913,14.850000381469727,15.200000381469726,-0.011318247078086707
2025-01-27,AMZN,235.4199981689453,0.0024270472668350695,0.010763669288308257,0.01356870691165606,0.016456374906525927,0.041415343113727625,0.022457440774426164,0.014897935967511622,1.6115596785833697,0.010174894941565473,17.899999618530273,15.58600025177002,0.20538714873478559
2025-01-28,AMZN,238.1499938964844,0.011596277923594078,0.008544609607301917,0.013184639905121106,0.016063928061920998,0.03271051330913735,0.02480380315881233,0.016346232578328682,1.3019141524059015,0.0124637776358943,16.40999984741211,15.8560001373291,-0.08324021245093771
2025-01-29,AMZN,237.07000732421875,-0.004534900692607535,0.0062109880278656965,0.013324599942256926,0.01604940465981432,0.01788503548390822,0.024763942803706623,0.01631276308134795,0.818451442705074,0.017650296711381196,16.559999465942383,16.147999954223632,0.009140744663317601
2025-01-30,AMZN,234.63999938964844,-0.010250170242948609,0.008213272970053033,0.013053901558116145,0.01612498661590391,0.024420370535475938,0.026241331160386218,0.016961507523926327,0.9986394536607273,0.01733999669502889,15.84000015258789,16.311999893188478,-0.04347822080763086
2025-01-31,AMZN,237.67999267578125,0.012955989149507907,0.010051284430596913,0.011751897413809796,0.015703811789035498,0.016324426723271366,0.0265511378331041,0.017059757098538127,1.1066954550957204,0.024988609738997972,16.43000030517578,16.62799987792969,0.03724748402174094
2025-02-03,AMZN,237.4199981689453,-0.0010938846972727845,0.010174894941565473,0.01046317298693707,0.015627855284183485,0.026745877148044647,0.023617244639967505,0.014642085896052986,1.136927637377473,0.02734693542187065,18.6200008392334,16.772000122070313,0.1332927871807601
2025-02-04,AMZN,242.05999755859375,0.019543422733693472,0.0124637776358943,0.010203653236633324,0.013227552969014953,0.018549142933363977,0.02078497056481283,0.012736042358550791,0.9030116037802507,0.024400286208513672,17.209999084472656,16.931999969482423,-0.07572511768043466
2025-02-05,AMZN,236.1699981689453,-0.024332807771026643,0.017650296711381196,0.012537994613440745,0.014018229873767345,0.013210866749233103,0.019850136817877805,0.012324385894819462,1.164762354469745,0.023275148384220207,15.770000457763672,16.77400016784668,-0.08367220821110855
2025-02-06,AMZN,238.8300018310547,0.011263088803542765,0.01733999669502889,0.012990761269864362,0.014088726583745837,0.015282875381190206,0.018022637787020658,0.011225918461683432,1.7454154508724555,0.02244513400943586,15.5,16.706000137329102,-0.01712114457363567
2025-02-07,AMZN,229.1499938964844,-0.04053095448794497,0.024988609738997972,0.018636863801389385,0.016097625807320735,0.029456688543702196,0.020649090151106823,0.012972096217341656,2.0668854322312553,0.012936307198958745,16.540000915527344,16.728000259399415,0.06709683325982874
2025-02-10,AMZN,233.13999938964844,0.017412199866636113,0.02734693542187065,0.019634537040326017,0.01608620075413233,0.020245351432872552,0.019348985008072406,0.012085173836890577,0.9459062666200032,0.008495802619125633,15.8100004196167,16.166000175476075,-0.04413545680190001
2025-02-11,AMZN,232.7599945068359,-0.0016299428832776686,0.024400286208513672,0.019146331143725225,0.01599437081471119,0.014220646316850378,0.018483285684769687,0.011643514521451157,0.6363016651141736,0.008701473866617388,16.020000457763672,15.928000450134277,0.013282734508116123
2025-02-12,AMZN,228.92999267578125,-0.01645472556041916,0.023275148384220207,0.019677079780507506,0.01606219125809427,0.013191757787494969,0.01847946389242206,0.011641174263528653,0.8575840266435111,0.00873104554139659,15.890000343322754,15.952000427246094,-0.008114863341212808
2025-02-13,AMZN,230.3699951171875,0.006290143220533118,0.02244513400943586,0.019724166345694995,0.015931920332506077,0.012588418448371027,0.017940572505858225,0.011406066438228796,0.8325885238695386,0.010705320954661266,15.100000381469727,15.87200050354004,-0.04971679954588537
2025-02-14,AMZN,228.67999267578125,-0.007336035409240549,0.012936307198958745,0.019087196653011326,0.015905364479718555,0.011631991198638498,0.014375633036845484,0.008859963950081156,0.715806471601673,0.010538287019902606,14.770000457763672,15.518000411987305,-0.021854299031079605
2025-02-18,AMZN,226.6499938964844,-0.008877028355405603,0.008495802619125633,0.01912835267265775,0.016010473364433432,0.02461946605479807,0.015250455961230588,0.009607628338805515,1.137106250590381,0.012397896291957056,15.350000381469727,15.42600040435791,0.03926878170143766
2025-02-19,AMZN,226.6300048828125,-8.81933122002243e-05,0.008701473866617388,0.017311674155561337,0.01568777832193472,0.013766911044284758,0.015159708906717464,0.009562061592316198,0.7674238364072786,0.01449877751335361,15.270000457763672,15.27600040435791,-0.005211721284556381
2025-02-20,AMZN,222.8800048828125,-0.016546793977871843,0.00873104554139659,0.01657641844129196,0.015729404185274964,0.014895940647364792,0.01550054547869143,0.009740762266153509,0.8185595123844447,0.015983215589083954,15.65999984741211,15.230000305175782,0.025540234312838583
2025-02-21,AMZN,216.5800018310547,-0.028266344731418536,0.010705320954661266,0.01680674995825663,0.015957674740742903,0.03956963705316968,0.020896789199651163,0.013920377470561237,1.4521547175952416,0.017818732575780937,18.209999084472656,15.852000045776368,0.1628352019097845
2025-02-24,AMZN,212.7100067138672,-0.017868663239768212,0.010538287019902606,0.013344228622850628,0.016260351733625385,0.02491656661403457,0.023553704282730372,0.015093613291960703,1.089021570861898,0.02202540638738816,18.979999542236328,16.6939998626709,0.04228448635234905
2025-02-25,AMZN,212.8000030517578,0.000423094048469963,0.012397896291957056,0.010653454394626713,0.016074301442435383,0.043139062707384095,0.027257623613247583,0.017988388696602367,1.496428982061279,0.021659564713478713,19.43000030517578,17.50999984741211,0.023709208313628327
2025-02-26,AMZN,214.3500061035156,0.007283848822975836,0.01449877751335361,0.011666653369207015,0.01613942516626902,0.023652937624691485,0.029234828929328927,0.018698369152191835,0.9960484573197745,0.025162434118255184,19.100000381469727,18.27599983215332,-0.016984041097423352
2025-02-27,AMZN,208.7400054931641,-0.02617215045770649,0.015983215589083954,0.012786707789921067,0.016802933970357134,0.05557155216178964,0.03736995123221389,0.023354316650215798,1.0137493407589182,0.027669382277724943,21.1299991607666,19.36999969482422,0.1062826564792283
2025-02-28,AMZN,212.27999877929688,0.016958863624484843,0.017818732575780937,0.014539838625650376,0.016391497925937755,0.02652152655171622,0.0347603291319232,0.022065978615775583,1.2631497019911218,0.02422020223495112,19.6299991607666,19.653999710083006,-0.07098911782188544
2025-03-03,AMZN,205.02000427246097,-0.034200087377916244,0.02202540638738816,0.016712831719289983,0.01735109085347953,0.055896942816606135,0.04095640437243751,0.025721381371120795,1.0392056446817486,0.022216157893940148,22.780000686645508,20.413999938964842,0.16046875499488777
2025-03-04,AMZN,203.8000030517578,-0.005950644792114157,0.021659564713478713,0.01677449235147886,0.016636422640233187,0.045976497721626236,0.041523891375285935,0.026021791161105243,1.4316198724123494,0.0241515420190337,23.510000228881836,21.229999923706053,0.032045633021612785
2025-03-05,AMZN,208.36000061035156,0.022374865016246748,0.025162434118255184,0.019583923479025375,0.016701793133247586,0.03225187752456393,0.04324367935526043,0.026712639160554177,0.8989278084378394,0.02120379812423996,21.93000030517578,21.795999908447264,-0.06720544059225653
2025-03-06,AMZN,200.6999969482422,-0.03676331176651382,0.027669382277724943,0.02149221845176873,0.017251449898974886,0.037219737589879315,0.03957331644087837,0.024504755249244094,1.1460807130073811,0.01776847980827299,24.8700008392334,22.544000244140626,0.1340629499838053
2025-03-07,AMZN,199.25,-0.007224698407026442,0.02422020223495112,0.020537725013822568,0.017206374653509954,0.0488833399907859,0.044045679128692304,0.026911388089277698,1.3762516572354884,0.021626949760738336,23.3700008392334,23.292000579833985,-0.06031362884530711
2025-03-10,AMZN,194.5399932861328,-0.02363867861413893,0.022216157893940148,0.02091973419566804,0.017513020856401,0.03022509420659353,0.038911309406689784,0.02391966526988968,1.460414667457723,0.018931348247303192,27.860000610351562,24.308000564575195,0.1921266414154501
2025-03-11,AMZN,196.58999633789065,0.010537694677220655,0.0241515420190337,0.02164142313565007,0.01771080488541099,0.034488015186915556,0.03661361289974764,0.02242101652486806,1.2379421737830765,0.01927086920430681,26.920000076293945,24.990000534057618,-0.03374014764767641
2025-03-12,AMZN,198.88999938964844,0.011699491808345286,0.02120379812423996,0.022022346893825703,0.017714317961226675,0.0313239026871474,0.03642801793226434,0.022305198546543968,0.9788868121573954,0.01977566721588051,24.229999542236328,25.450000381469728,-0.09992572535044164
2025-03-13,AMZN,193.88999938964844,-0.025139524437347016,0.01776847980827299,0.021925909277670814,0.018058317773195984,0.036412386305730605,0.03626654767543459,0.02220638938063693,0.9156906441171955,0.015705682375740545,24.65999984741211,25.408000183105468,0.017746608060236646
2025-03-14,AMZN,197.9499969482422,0.02093969555611075,0.021626949760738336,0.022442013878322876,0.018721849476332597,0.01682236233191932,0.029854352143661278,0.018386125675098175,0.8389830116549459,0.01206749287935229,21.770000457763672,25.088000106811524,-0.1171938121464231
2025-03-17,AMZN,195.7400054931641,-0.011164392468548168,0.018931348247303192,0.020399047014922324,0.018418229107905193,0.023909229306446973,0.02859117916363197,0.017677218958036086,1.0197759873857601,0.019144003437349334,20.510000228881836,23.618000030517578,-0.0578778228014456
2025-03-18,AMZN,192.82000732421875,-0.014917738259935365,0.01927086920430681,0.02066848534135777,0.018456760284789066,0.023960143873551318,0.026485604900959126,0.0163935399890944,0.8729728010464899,0.01438025466401443,21.700000762939453,22.57400016784668,0.05802050320710772
2025-03-19,AMZN,195.5399932861328,0.014106347155876442,0.01977566721588051,0.019573387292482904,0.018214820212183677,0.020507285693562086,0.02432228150224206,0.015114409395819135,0.8420858238848494,0.021288265676561457,19.899999618530273,21.70800018310547,-0.08294935857713559
2025-03-20,AMZN,194.9499969482422,-0.003017266841301769,0.015705682375740545,0.016354600062809827,0.01792589553085965,0.03600925561606804,0.02424165536430955,0.015064632838294182,0.8231086509721427,0.020934187935074844,19.799999237060547,20.736000061035156,-0.005025144893802347
2025-03-21,AMZN,196.2100067138672,0.006463245885351521,0.01206749287935229,0.016513479218030182,0.017785372969727712,0.02278171891213338,0.02543352668035236,0.015631103098619446,1.2637666081781451,0.030507998836334906,19.280000686645508,20.238000106811523,-0.02626255406322109
2025-03-24,AMZN,203.2599945068359,0.03593082692897376,0.019144003437349334,0.01825740760862921,0.018196041598053228,0.018154100861604374,0.02428250099138384,0.015086346405491318,0.8766188467344866,0.02126084016090167,17.479999542236328,19.631999969482422,-0.09336105188294774
2025-03-25,AMZN,205.7100067138672,0.012053587883713579,0.01438025466401443,0.01831889317833965,0.018005655255658507,0.014535051264292735,0.022397482469532125,0.01418030938867958,0.6762426782518032,0.020679701419487037,17.149999618530273,18.721999740600587,-0.018878714665219953
2025-03-26,AMZN,201.1300048828125,-0.022264360904062586,0.021288265676561457,0.019951762824409792,0.018303395672003737,0.030229213361761438,0.02434186800317199,0.01532922827991953,0.717655608398427,0.02441977356964315,18.329999923706055,18.407999801635743,0.06880468404796991
2025-03-27,AMZN,201.36000061035156,0.0011435177345771042,0.020934187935074844,0.017684274613796024,0.01819517144915273,0.022397668321242976,0.02161955054420698,0.013355802893600412,0.6054470218618687,0.04444430167449741,18.690000534057617,18.186000061035156,0.019639967913255507
2025-03-28,AMZN,192.72000122070312,-0.04290822091507418,0.030507998836334906,0.02188631434053846,0.019402761371699613,0.03829384380073679,0.024721975521927664,0.015592235136948886,1.1636337707609452,0.04429504841443492,21.649999618530273,18.65999984741211,0.15837340823392898
2025-03-31,AMZN,190.2599945068359,-0.012764667384212003,0.02126084016090167,0.02196276801158513,0.019443357794563736,0.036423883815056526,0.028375932112618095,0.01780942177223524,1.3758265825796672,0.04934844404559655,22.280000686645508,19.620000076293945,0.029099357007656312
2025-04-01,AMZN,192.1699981689453,0.010038913682617556,0.020679701419487037,0.021827283520465222,0.019650060525402146,0.03502105319074011,0.032473132497907564,0.019793265865406893,0.9128039358203983,0.04732095769549333,21.770000457763672,20.544000244140626,-0.02289049430718948
2025-04-02,AMZN,196.0099945068359,0.01998228846583361,0.02441977356964315,0.02232625354473294,0.020168383622530463,0.0544869801290099,0.03732468585135726,0.023410188489676992,1.1678827034929415,0.07970057158326674,21.510000228881836,21.18000030517578,-0.011943051144452932
2025-04-03,AMZN,178.41000366210938,-0.08979129298487243,0.04444430167449741,0.036312516885888775,0.02541239053190083,0.040412569731920506,0.04092766613349277,0.02504006743371342,1.9804952917078822,0.07057870011871598,30.020000457763672,23.44600028991699,0.395629945993925
2025-04-04,AMZN,171.0,-0.041533565999713695,0.04429504841443492,0.03731550364896043,0.02590464562814934,0.07099414847747625,0.04746772706884066,0.029725802240013557,2.3953910087405164,0.0656192912580729,45.310001373291016,28.17800064086914,0.5093271379872046
2025-04-07,AMZN,175.25999450683594,0.024912248577988017,0.04934844404559655,0.03584340046666483,0.02648590996974769,0.12569895851752738,0.06532274200933483,0.044346396579383295,2.0334642357571657,0.06687722145641703,46.97999954223633,33.1180004119873,0.03685716438600095
2025-04-08,AMZN,170.66000366210938,-0.026246667744515673,0.04732095769549333,0.03476680559138832,0.02670653745985125,0.10154685456691648,0.0786279022845701,0.05066940197436957,1.5818114336437548,0.06544293928974906,52.33000183105469,39.23000068664551,0.11387829589075582
2025-04-09,AMZN,191.1000061035156,0.11977031526306248,0.07970057158326674,0.05558529621849344,0.03529354026492302,0.11889063576688803,0.09150863341214574,0.05901118304173503,1.976197175258719,0.026194181887770486,33.619998931884766,41.652000427246094,-0.35753873962348437
2025-04-10,AMZN,181.22000122070312,-0.051700704171933065,0.07057870011871598,0.05754677898157732,0.03616290916045887,0.060810004080349374,0.0955881202818315,0.06028035323090605,1.1297588457279246,0.01815561126379625,40.720001220703125,43.79200057983398,0.21118389394369697
2025-04-11,AMZN,184.8699951171875,0.020141230945248445,0.0656192912580729,0.05687183440304863,0.03623134591185074,0.04251636727403588,0.08989256404114343,0.058387011650933664,0.8283008930777186,0.009558983096220459,37.560001373291016,42.242000579833984,-0.07760313734483593
2025-04-14,AMZN,182.1199951171875,-0.014875318183769082,0.06687722145641703,0.05691715645138578,0.035845099015836615,0.04508020499662517,0.07376881333696299,0.04870924284752627,0.7854446362774874,0.026646822412706956,30.889999389648438,39.024000549316405,-0.17758258093104407
2025-04-15,AMZN,179.58999633789062,-0.013891933050343641,0.06544293928974906,0.05681427322927728,0.035894431633136686,0.024611690616766244,0.05838178054693294,0.04153613827996877,0.712215237117312,0.03515591193867335,30.1200008392334,34.58200035095215,-0.024927114458703215
2025-04-16,AMZN,174.3300018310547,-0.029288905919567454,0.026194181887770486,0.056511516281908536,0.03584498181313284,0.044111755639506756,0.04342600452145669,0.026986083494675434,0.8380766176118016,0.03237985334417737,32.63999938964844,34.38600044250488,0.08366528818726215
2025-04-17,AMZN,172.61000061035156,-0.009866352335440198,0.01815561126379625,0.049189618323956345,0.03536438599580581,0.02439028271236047,0.036142060247858904,0.022448489038592923,0.7192107326923661,0.029651763689288325,29.649999618530273,32.172000122070315,-0.09160538685752617
2025-04-21,AMZN,167.32000732421875,-0.030647084568839134,0.009558983096220459,0.04833687882584692,0.03568559726351448,0.02575910009991351,0.03279060681303443,0.020421755812329388,0.7813722515199677,0.020138735717465793,33.81999969482422,31.423999786376953,0.14064081382610993
2025-04-22,AMZN,173.17999267578125,0.03502262189247651,0.026646822412706956,0.04904359863876896,0.036243105357403375,0.04290329708981628,0.032355225231672655,0.02013299724960336,0.9080272553185824,0.021486916133083248,30.56999969482422,31.35999984741211,-0.09609698490025054
2025-04-23,AMZN,180.6000061035156,0.042845673527805994,0.03515591193867335,0.049820602564765705,0.037135702886948285,0.03981175082178631,0.03539523727267667,0.021733307161872096,0.9924056150962371,0.019109129126265917,28.450000762939453,31.02599983215332,-0.06934900075395489
2025-04-24,AMZN,186.5399932861328,0.032890293365840595,0.03237985334417737,0.032478894411924863,0.03760706966669238,0.03516679025135628,0.033606244195046577,0.020631434131593164,0.6784866017996565,0.01853453265683053,26.469999313354492,29.79199981689453,-0.0695958311594923
2025-04-25,AMZN,188.9900054931641,0.013133978209558528,0.029651763689288325,0.027536375885118928,0.03742479189252836,0.023546202544573812,0.03343742816148924,0.020591647468041027,0.5605992238134011,0.017869551315974577,24.84000015258789,28.829999923706055,-0.06157911609556577
2025-04-28,AMZN,187.6999969482422,-0.006825802991833663,0.020138735717465793,0.027157309694001246,0.03722720186259204,0.028396387414563583,0.03396488562441925,0.020844242711556896,0.5192182417040951,0.019964904408187344,25.149999618530273,27.095999908447265,0.01247984959895776
2025-04-29,AMZN,187.38999938964844,-0.0016515586767922308,0.021486916133083248,0.02656798527970356,0.037179081375392074,0.02316031597638962,0.03001628940173392,0.018461520547989337,0.6624810162325521,0.020143244779700958,24.170000076293945,25.81599998474121,-0.038966185172991996
2025-04-30,AMZN,184.4199981689453,-0.015849304820837684,0.019109129126265917,0.02671447804671485,0.03719167310961764,0.033618897135886706,0.028777718664553996,0.017724835894310464,0.8676737226633203,0.02053213893043338,24.700000762939453,25.06599998474121,0.021928038269446892
2025-05-01,AMZN,190.1999969482422,0.031341496782804956,0.01853453265683053,0.025427237311338908,0.03756151794846225,0.02266034504599177,0.0262764296234811,0.01609898544318879,1.1492612886532847,0.01669850331975076,24.600000381469727,24.69200019836426,-0.004048598315015806
2025-05-02,AMZN,189.97999572753903,-0.0011566836184704332,0.017869551315974577,0.02485032184334701,0.03755832445755378,0.03410891215947517,0.02838897154646137,0.017403322624438472,1.222243167296941,0.016629615663366584,22.68000030517578,24.260000228881836,-0.07804878237889012
2025-05-05,AMZN,186.3500061035156,-0.01910722026349243,0.019964904408187344,0.022953196828596385,0.0376921233522338,0.014220519504637577,0.025553797964476165,0.016097226028591847,0.5934762855521238,0.03389750818546971,23.639999389648438,23.95800018310547,0.042328001391321646
2025-05-06,AMZN,185.0099945068359,-0.007190832051464091,0.020143244779700958,0.021915743849973798,0.037050433567728434,0.02205279008380762,0.025332292785959765,0.015954075205386945,0.529705338180667,0.030367996660504572,24.760000228881836,24.076000213623047,0.04737736328892761
2025-05-07,AMZN,188.7100067138672,0.019998985551532344,0.02053213893043338,0.018700531710602118,0.0371860273268557,0.03168889181057268,0.024946291720896963,0.015612688625395327,0.8268428647490325,0.03381090465809877,23.549999237060547,23.845999908447265,-0.048869183385945925
2025-05-08,AMZN,192.0800018310547,0.01785806262143419,0.01669850331975076,0.01666324989859937,0.03716144264171696,0.02868593530982102,0.026151409773662815,0.01631499688492491,0.8314435553735076,0.039867392467940216,22.479999542236328,23.421999740600587,-0.04543523267467309
2025-05-09,AMZN,193.05999755859375,0.0051020185245573835,0.016629615663366584,0.016313355538920802,0.03717587785108773,0.018284465057167257,0.022986520353201232,0.01435583490260828,0.6253773798119089,0.04005860412224925,21.899999618530273,23.265999603271485,-0.025800708875297285
2025-05-12,AMZN,208.63999938964844,0.08070031092964336,0.03389750818546971,0.029251388808559174,0.03913939362500077,0.028326321316134783,0.02580768071550067,0.01579342050829507,1.545429260161575,0.013858607406648236,18.389999389648438,22.215999603271484,-0.16027398584573105
2025-05-13,AMZN,211.3699951171875,0.01308471882441209,0.030367996660504572,0.028912182392548967,0.03905619971601854,0.022425085602841205,0.025882139819307388,0.01582982985243826,1.14511788343818,0.011006892290814415,18.219999313354492,20.907999420166014,-0.009244158887228515
2025-05-14,AMZN,210.25,-0.005298742220089303,0.03381090465809877,0.027939757154794572,0.03907805364626348,0.014649163245020944,0.02247419410619704,0.01389410911740471,0.788531457185631,0.01141646833194169,18.6200008392334,19.921999740600587,0.021953981391520827
2025-05-15,AMZN,205.1699981689453,-0.024161720956264898,0.039867392467940216,0.02947952671854991,0.0392755419929729,0.020519602044352006,0.020840927453103238,0.012800714768768935,1.3015620208695569,0.01001035739362656,17.829999923706055,18.99199981689453,-0.0424275445714678
2025-05-16,AMZN,205.58999633789065,0.002047074000553817,0.04005860412224925,0.02938642574200662,0.03522364024896515,0.012062897176437304,0.01959661387695725,0.012255683212283796,0.8774589755494031,0.0102986263315064,17.239999771118164,18.059999847412108,-0.03309030595134499
2025-05-19,AMZN,206.16000366210935,0.0027725440652368594,0.013858607406648236,0.02789551915885002,0.03410246565256648,0.025999226402500877,0.019131194894230465,0.011924086715217396,0.7049409116789042,0.01690342791011729,18.139999389648438,18.00999984741211,0.05220415490016572
2025-05-20,AMZN,204.07000732421875,-0.0101377391383638,0.011006892290814415,0.02811774962499433,0.034060761842097415,0.014406832635308748,0.017527544300723973,0.01101114460091413,0.6227801080351385,0.016410267266367424,18.09000015258789,17.98400001525879,-0.0027562976153725494
2025-05-21,AMZN,201.1199951171875,-0.014455883280997672,0.01141646833194169,0.028883697064757994,0.033746869420485257,0.01690537608303112,0.017978786868326012,0.011237049399540393,0.9176716229465345,0.014039846881917735,20.8700008392334,18.43400001525879,0.1536761007847649
2025-05-22,AMZN,203.1000061035156,0.009844923599835909,0.01001035739362656,0.028651540815089097,0.026063199072867624,0.02757257841672526,0.01938938214280066,0.012276078527098512,0.8459637654837033,0.014046099249650078,20.280000686645508,18.92400016784668,-0.02827025054444432
2025-05-23,AMZN,200.9900054931641,-0.010388973643240984,0.0102986263315064,0.029117454274755896,0.024128137521333685,0.022488625753212556,0.021474527858155713,0.013304635079287095,0.7278761061946902,0.0123067066446682,22.290000915527344,19.934000396728514,0.09911243396581493
2025-05-27,AMZN,206.02000427246097,0.025026113945093353,0.01690342791011729,0.014622073536636611,0.02425881630225874,0.021842539106293586,0.020643190398914255,0.012733110773556705,0.7591593504675068,0.006290109627331131,18.959999084472656,20.09800033569336,-0.14939442325168273
2025-05-28,AMZN,204.72000122070312,-0.006310081665849232,0.016410267266367424,0.013783961138933458,0.02408002044142858,0.01587534183578019,0.02093689223900854,0.012849753064353805,0.630162039964693,0.005985944538379664,19.309999465942383,20.342000198364257,0.018459936622906348
2025-05-29,AMZN,205.6999969482422,0.004787005283780621,0.014039846881917735,0.013973397181077174,0.023836850595466814,0.02226544433156762,0.02200890588871584,0.013420527031041308,0.7825350816800632,0.0058761377061258184,19.18000030517578,20.004000091552733,-0.0067322198012426115
2025-05-30,AMZN,205.0099945068359,-0.0033544115296214594,0.014046099249650078,0.011684582712074423,0.0230138513731523,0.020925850738359276,0.020679560353042647,0.012535520279101438,1.19767317766105,0.011718393893848105,18.56999969482422,19.661999893188476,-0.03180399377715093
2025-06-02,AMZN,206.6499938964844,0.00799960701230007,0.0123067066446682,0.011950020453004993,0.02282840626030086,0.02090494774649129,0.020362824751698393,0.01234582161800262,0.715133077419549,0.012204200959083594,18.360000610351562,18.87599983215332,-0.01130851308151537
2025-06-03,AMZN,205.7100067138672,-0.00454869204152053,0.006290109627331131,0.012024689153934892,0.021849588368888305,0.01905594303148239,0.01980550553673615,0.011972470397898977,0.8161052425103872,0.01031274118139939,17.690000534057617,18.62200012207031,-0.03649237766997637
2025-06-04,AMZN,207.22999572753903,0.00738898917924824,0.005985944538379664,0.011680157967818306,0.021206344710821466,0.014476668734502736,0.01952577091648066,0.011857041058804871,0.7361759679972281,0.017723337155947098,17.610000610351562,18.28200035095215,-0.004522324550077617
2025-06-05,AMZN,207.91000366210935,0.0032814165352026414,0.0058761377061258184,0.010227684959731233,0.020048227130021096,0.025251310218493295,0.020122944093865797,0.012252293631845749,1.2639859466673296,0.017887445101935306,18.479999542236328,18.142000198364258,0.04940368550432428
2025-06-06,AMZN,213.57000732421875,0.027223334916139486,0.011718393893848105,0.012641272268577624,0.019800511273998258,0.01577934635770996,0.019093643217735934,0.011677489438738222,0.9721953235775763,0.013172734408290289,16.770000457763672,17.78200035095215,-0.0925324202830431
2025-06-09,AMZN,216.97999572753903,0.015966607137600564,0.012204200959083594,0.011768032233828291,0.019848786345995996,0.02290534297430768,0.01949372226329921,0.011945572109054293,0.9204908720957973,0.014148530002910185,17.15999984741211,17.542000198364256,0.0232557769232431
2025-06-10,AMZN,217.61000061035156,0.0029035159702170965,0.01031274118139939,0.010123049229283504,0.019731426589576904,0.016267673980942265,0.018936068453191186,0.011671087926502559,0.7985822959448287,0.014132122154494347,16.950000762939453,17.394000244140624,-0.012237708994171426
2025-06-11,AMZN,213.1999969482422,-0.020265629565462184,0.017723337155947098,0.0125969152004032,0.02023799426967896,0.02584425227817244,0.02120958516192513,0.012965917920155015,1.0253106455825227,0.011535587867109365,17.260000228881836,17.32400016784668,0.01828905321468688
2025-06-12,AMZN,213.2400054931641,0.0001876573428452044,0.017887445101935306,0.01265442678554507,0.019890681805446817,0.010551491005622438,0.018269621319350955,0.011454087137317636,0.7309732734591116,0.012818697043214505,18.020000457763672,17.23200035095215,0.04403245763636199
2025-06-13,AMZN,212.1000061035156,-0.005346085913907173,0.013172734408290289,0.012792333847554902,0.019337850457293318,0.02088641116025354,0.019291034279859676,0.012022842530372215,0.8135349761002714,0.012839377517540078,20.81999969482422,18.042000198364256,0.15538286159444614
2025-06-16,AMZN,216.1000061035156,0.018859028217320217,0.014148530002910185,0.013650841893941041,0.019504970146749765,0.025266040263148926,0.019763173737627922,0.012367190605287669,0.935990333069838,0.013606196378758685,19.110000610351562,18.432000350952148,-0.08213252207192667
2025-06-17,AMZN,214.82000732421875,-0.005923177895162612,0.014132122154494347,0.01375929169079484,0.019099457668792896,0.01326694910318201,0.01916302876207587,0.01208790066600068,0.9051401612768321,0.013523297004303192,21.600000381469727,19.362000274658204,0.130298257016767
2025-06-18,AMZN,212.52000427246097,-0.010706651956707613,0.011535587867109365,0.014496713262906562,0.019186928817193367,0.026444618214723013,0.019283101949385983,0.01217550468025633,1.2256485903956762,0.01687192302081495,20.139999389648438,19.938000106811522,-0.06759263731651588
2025-06-20,AMZN,209.69000244140625,-0.013316402099383118,0.012818697043214505,0.015338073898908329,0.019241213375724847,0.03157038981406517,0.02348688171107453,0.01451829902965811,1.991403875154012,0.016234964048128218,20.6200008392334,20.45800018310547,0.023833240522920462
2025-06-23,AMZN,208.47000122070312,-0.005818118205440093,0.012839377517540078,0.012311680580356315,0.019125427032715633,0.014774316750705774,0.02226446282916498,0.013961397907443869,0.9882161062086595,0.019988197365319142,19.829999923706055,20.260000228881836,-0.03831236097838653
2025-06-24,AMZN,212.77000427246097,0.02062648355436769,0.013606196378758685,0.013141996261285429,0.019395053561017814,0.015462674343512565,0.020303789645237706,0.012859348916761298,1.009812033057512,0.019203761764412332,17.479999542236328,19.93400001525879,-0.11850733184624906
2025-06-25,AMZN,211.9900054931641,-0.0036659245365152637,0.013523297004303192,0.013040113973712368,0.012798114632975604,0.023208632678222957,0.022292126360245895,0.013823452394211856,0.8390087259739804,0.019037519746776605,16.760000228881836,18.96599998474121,-0.041189893147009715
2025-06-26,AMZN,217.1199951171875,0.024199205109171285,0.01687192302081495,0.013877235046574584,0.01332184372411553,0.027772655282358012,0.022557733773772893,0.01409250781974948,1.2961868369280036,0.01751630274098683,16.59000015258789,18.256000137329103,-0.010143202504316884
2025-06-27,AMZN,223.3000030517578,0.028463559660798277,0.016234964048128218,0.016177466556911692,0.014172054491508783,0.029377507697898268,0.022119157350539518,0.013860178816269787,2.7613185952880177,0.012125163285559355,16.31999969482422,17.395999908447266,-0.01627489181918751
2025-06-30,AMZN,219.38999938964844,-0.017510092291414314,0.019988197365319142,0.01742879694849951,0.013793915337834535,0.021423092301868216,0.023448912460772003,0.014453556597096484,1.3526729842001939,0.012449374142017662,16.729999542236328,16.77599983215332,0.02512254013963844
2025-07-01,AMZN,220.4600067138672,0.00487719279454657,0.019203761764412332,0.01660286387318648,0.01380160588627992,0.017917137289022816,0.02393980504987405,0.014660173860398338,0.8913578693947559,0.014027991107589012,16.829999923706055,16.645999908447266,0.005977309277102272
2025-07-02,AMZN,219.9199981689453,-0.002449462616694653,0.019037519746776605,0.01645147170879955,0.013829933151226438,0.011549693370634625,0.021608017188356386,0.013646327371998461,0.7032705373915943,0.01394427162492735,16.639999389648438,16.621999740600586,-0.011289396014196651
2025-07-03,AMZN,223.41000366210935,0.015869432167251007,0.01751630274098683,0.016231489329441903,0.013841890754661867,0.01186157223511021,0.018425800578906828,0.011819556264534015,0.6747646285742066,0.01316168675649368,16.3799991607666,16.57999954223633,-0.015625014328040088
2025-07-07,AMZN,223.47000122070312,0.0002685535903061975,0.012125163285559355,0.015041149382522465,0.013452964054386184,0.008591749042186144,0.0142686488477644,0.008994385974407236,0.8482564951557465,0.013153733776222913,17.790000915527344,16.873999786376952,0.08608069761920256
2025-07-08,AMZN,219.36000061035156,-0.018391733064396676,0.012449374142017662,0.016626045018279193,0.01397887975010614,0.025392082917216688,0.015062446970834096,0.009702930124000543,1.0517172981508747,0.006785538864531753,16.809999465942383,16.889999771118163,-0.055087206247954934
2025-07-09,AMZN,222.5399932861328,0.014496684294917905,0.014027991107589012,0.016099948136431445,0.013915796087610437,0.017165418264923276,0.01491210316601419,0.009599888146418692,0.878183262130975,0.00956796150500605,15.9399995803833,16.711999702453614,-0.05175490262933857
2025-07-10,AMZN,222.2599945068359,-0.0012581953255336176,0.01394427162492735,0.015979891514736392,0.013328412743910372,0.013902620418698823,0.015382688575627029,0.009830669437715185,0.6997651904455022,0.009552209308823627,15.779999732971191,16.539999771118165,-0.010037631845926431
2025-07-11,AMZN,225.02000427246097,0.01241793320363005,0.01316168675649368,0.014785007157546187,0.01333441973295164,0.01915384177744071,0.01684114248409313,0.010630568873275755,1.1491684228736343,0.00891224411388144,16.399999618530273,16.543999862670898,0.03929023422374556
2025-07-14,AMZN,225.69000244140625,0.0029775049161142597,0.013153733776222913,0.011965693996518723,0.013331282511439047,0.010722664463498054,0.01726732556835551,0.010769816840340028,0.8047673923885144,0.010706732194943013,17.200000762939453,16.42599983215332,0.048780558720578515
2025-07-15,AMZN,226.3500061035156,0.0029243814744550622,0.006785538864531753,0.01001454168673275,0.013274295340785367,0.00799645464893878,0.013788199914699928,0.00865236279554562,0.7819324027520953,0.011834549753342357,17.3799991607666,16.539999771118165,0.010465022665288926
2025-07-16,AMZN,223.19000244140625,-0.013960696164789121,0.00956796150500605,0.011342156884129064,0.013612581494735003,0.017563570880660132,0.013867830437847301,0.008697245349061184,0.87945628216346,0.008365762867832801,17.15999984741211,16.783999824523924,-0.012658188951534366
2025-07-17,AMZN,223.8800048828125,0.0030915472640284936,0.009552209308823627,0.011274349555413087,0.013544383052543572,0.008888714712176896,0.012865049296542913,0.008203018831552339,0.7087980195539235,0.009987422475462564,16.520000457763672,16.931999969482423,-0.03729600205940298
2025-07-18,AMZN,226.1300048828125,0.010050026580880944,0.00891224411388144,0.010599962569308355,0.013583359479446893,0.015124035267755454,0.012059087994605863,0.007577577123776918,0.847966837808171,0.010865055617536791,16.40999984741211,16.93400001525879,-0.006658632403358511
2025-07-21,AMZN,229.3000030517578,0.014018476542235536,0.010706732194943013,0.011323910589956427,0.013731608816114101,0.017618876978426956,0.013438330497591643,0.008474875325279387,0.9401177013476445,0.009659779413599016,16.649999618530273,16.82399978637695,0.014625214707483014
2025-07-22,AMZN,227.47000122070312,-0.007980819043607368,0.011834549753342357,0.009508936080118836,0.013112274715457626,0.016046045091207394,0.015048248586045365,0.009255845182289234,0.8742957692273602,0.00956488125956653,16.5,16.647999954223632,-0.00900898630432001
2025-07-23,AMZN,228.2899932861328,0.003604836070819184,0.008365762867832801,0.008723340976941796,0.012856040201903318,0.007446655561951971,0.013024865522303735,0.008223023184238155,0.667823570750428,0.010001221889486463,15.369999885559082,16.289999961853027,-0.06848485542066174
2025-07-24,AMZN,232.22999572753903,0.01725876103762425,0.009987422475462564,0.009723978629522581,0.013162991741990487,0.03169272163698695,0.017585666907265745,0.011589209349551618,0.9994442782028812,0.009912141792230338,15.390000343322754,16.063999938964844,0.0013012659669868754
2025-07-25,AMZN,231.44000244140625,-0.003401771091877559,0.010865055617536791,0.00956746611282264,0.0125121527051289,0.005617019694280838,0.015684263792570822,0.010948305393815697,0.6862730569447857,0.03944839442906477,14.930000305175781,15.768000030517578,-0.02988954047337322
2025-07-28,AMZN,232.7899932861328,0.005833005662313484,0.009659779413599016,0.009613921477605737,0.012513721468065871,0.008763234438627109,0.013913135284610852,0.010132464076348902,0.7071464812067799,0.03788480751914314,15.029999732971191,15.444000053405762,0.0066978851809362805
2025-07-29,AMZN,231.0099945068359,-0.007646371539299923,0.00956488125956653,0.010203770648172858,0.012573551478618007,0.01909009898694611,0.014521946063758595,0.010495629900672203,0.9382998328291119,0.03987753607971679,15.979999542236328,15.339999961853028,0.0632069079270261
2025-07-30,AMZN,230.19000244140625,-0.003549595623255186,0.010001221889486463,0.008822082343927538,0.012256041539036826,0.0109040781050598,0.015213430572380162,0.010709639174028042,0.9262547299468292,0.04705748154002988,15.479999542236328,15.361999893188477,-0.03128911228554565
2025-07-31,AMZN,234.11000061035156,0.017029402351838252,0.009912141792230338,0.009856125100520885,0.012447670903266763,0.02191279684523498,0.013257445614029768,0.008773191948307456,2.6558568426603335,0.04578437044530299,16.719999313354492,15.627999687194825,0.0801033467562382
2025-08-01,AMZN,214.75,-0.08269617085933034,0.03944839442906477,0.029041116919405585,0.01988647885773383,0.03557624861303114,0.019249291397779828,0.012823746874071954,2.783379423689555,0.020313504032175668,20.3799991607666,16.71799945831299,0.21889952139464608
2025-08-04,AMZN,211.6499938964844,-0.014435418409851408,0.03788480751914314,0.02838406306655979,0.01991440545569927,0.028443205509399886,0.02318528561193438,0.014689925456699322,1.693672102109879,0.01834136166326664,17.520000457763672,17.215999603271484,-0.14033360258957683
2025-08-05,AMZN,213.75,0.009922070229506863,0.03987753607971679,0.028916863823068663,0.019949303456832188,0.016046820746527777,0.022576629963850715,0.014431722091324196,1.1129128430281672,0.01869090945115374,17.850000381469727,17.589999771118165,0.0188356115915409
2025-08-06,AMZN,222.30999755859375,0.04004677220394748,0.04705748154002988,0.03232977888819228,0.020899491905031674,0.040079117004047135,0.02841163774364818,0.01788971497190959,1.163650580923203,0.007598043700509978,16.770000457763672,17.84799995422363,-0.06050419611347535
2025-08-07,AMZN,223.1300048828125,0.0036885760119835798,0.04578437044530299,0.03170265900243165,0.020877743544668443,0.02420111046616273,0.02886930046783373,0.018095989862523813,0.8525743583907346,0.014222383613652988,16.56999969482422,17.818000030517577,-0.01192610360644697
2025-08-08,AMZN,222.69000244140625,-0.001971955504762035,0.020313504032175668,0.031706480294162856,0.020457486111663477,0.00862184268667606,0.023478419282562717,0.015590768261020349,0.7052936545176668,0.013906681744289398,15.149999618530273,16.772000122070313,-0.08569704903117736
2025-08-11,AMZN,221.3000030517578,-0.006241858073597895,0.01834136166326664,0.03154624051855799,0.019825508176198305,0.01197473618946866,0.020184725418576473,0.014018350104226515,0.6799145976286071,0.012270355693371834,16.25,16.518000030517577,0.07260728773380909
2025-08-12,AMZN,221.47000122070312,0.0007681796954406295,0.01869090945115374,0.031567739058713254,0.0195511031180845,0.020093000964982156,0.020993961462267348,0.014396495630270227,0.7969814588186882,0.01632028103417281,14.729999542236328,15.8939998626709,-0.09353848970853362
2025-08-13,AMZN,224.55999755859375,0.01395221168040428,0.007598043700509978,0.03206102882753484,0.019690785499807736,0.013003198257443008,0.015578777712946523,0.009962869280060347,0.7850079085004984,0.018609427121991765,14.489999771118164,15.437999725341797,-0.01629326399026665
2025-08-14,AMZN,230.97999572753903,0.02858923333961183,0.014222383613652988,0.03301727375756722,0.020319150353467864,0.02636590376022985,0.016011736371759948,0.010378049891368361,1.2824334016372094,0.009019917829983229,14.829999923706055,15.089999771118164,0.023464469148273492
2025-08-15,AMZN,231.02999877929688,0.00021648217457248542,0.013906681744289398,0.016411842234604693,0.02014677874887495,0.018482466757661527,0.017983861185957038,0.011260441493544831,0.8246130219942145,0.019917061441394768,15.09000015258789,15.077999877929688,0.017532045193487944
2025-08-18,AMZN,231.4900054931641,0.0019911124801876845,0.012270355693371834,0.014711557240361682,0.02014613145654027,0.015465038429749299,0.01868192163401317,0.011573772840733356,0.533467794202611,0.01981511692239096,14.989999771118164,14.82599983215332,-0.006626930447881874
2025-08-19,AMZN,228.0099945068359,-0.015033093886340332,0.01632028103417281,0.01655673115842147,0.02004154032913572,0.014955500830061818,0.017654421607029097,0.010990726195164906,0.6366543898077364,0.018682184548959403,15.569999694824219,14.993999862670899,0.038692457142231795
2025-08-20,AMZN,223.80999755859375,-0.01842023178556873,0.018609427121991765,0.013468814507465714,0.0202052960101615,0.028372307639444094,0.020728243483429314,0.01289985693364168,0.7728036323415374,0.015394102260247984,15.6899995803833,15.233999824523925,0.007707121895382807
2025-08-21,AMZN,221.9499969482422,-0.008310623433453235,0.009019917829983229,0.013710640782284298,0.020266101881927137,0.010272578556640221,0.01750957844271139,0.011112561068522106,0.6863595109711174,0.013595172110396887,16.600000381469727,15.58799991607666,0.05799877791100583
2025-08-22,AMZN,228.83999633789065,0.031043025385826706,0.019917061441394768,0.016905192846744747,0.02092907351116427,0.03635724610458792,0.021084534312096666,0.014061082707911787,0.7896137895951683,0.008263511851080908,14.220000267028809,15.413999938964844,-0.1433734975751969
2025-08-25,AMZN,227.94000244140625,-0.003932852258726305,0.01981511692239096,0.01678245386004949,0.020942061119357893,0.010046540845810999,0.020000834795309008,0.013693178487453708,0.4808075907171508,0.01104655782974558,14.789999961853027,15.373999977111817,0.040084365971908564
2025-08-26,AMZN,228.7100067138672,0.0033781006590050122,0.018682184548959403,0.01676267972402848,0.020944000055772505,0.013029581741332485,0.019615650977563143,0.013559472825883153,0.559076365598859,0.010985814067484573,14.619999885559082,15.184000015258789,-0.011494258061691465
2025-08-27,AMZN,229.1199951171875,0.0017926124405795996,0.015394102260247984,0.01634372147933792,0.020764005744150285,0.008990911323737274,0.015739371714421777,0.011479417946836979,0.460983463198318,0.02330697378719546,14.850000381469727,15.016000175476075,0.015731908188168164
2025-08-28,AMZN,231.6000061035156,0.0108240705271474,0.013595172110396887,0.013936521670646058,0.020837591079991977,0.020250441786732878,0.01773494436044031,0.012411472348667693,0.7911028064165119,0.024630194434355674,14.430000305175781,14.582000160217286,-0.028282832693932725
2025-08-29,AMZN,229.0,-0.011226278216735053,0.008263511851080908,0.014410835696307795,0.020893137276907656,0.015938837975914426,0.01365126273470561,0.008575583342706328,0.6936511376292213,0.02420947291790812,15.359999656677246,14.810000038146972,0.06444901814505788
2025-09-02,AMZN,225.33999633789065,-0.015982548742835556,0.01104655782974558,0.015128502790733004,0.020948471745563187,0.01925976927497118,0.015493908420537647,0.009662964323675048,1.0844894079558742,0.02082485039307566,17.170000076293945,15.286000061035157,0.11783857161935951
2025-09-03,AMZN,225.9900054931641,0.0028845707190781056,0.010985814067484573,0.014540231995121266,0.02090610926586359,0.012434167398074375,0.015374825551886023,0.009600617606734403,0.8420772666570326,0.029106038937169385,16.350000381469727,15.632000160217284,-0.047757698962177964
2025-09-04,AMZN,235.67999267578125,0.042877945692648245,0.02330697378719546,0.01863001684452536,0.022321379080191408,0.02117280061200914,0.0178112034095404,0.01092411155245671,1.7002106233463419,0.01953085972695235,15.300000190734863,15.722000122070312,-0.06422019365362708
2025-09-05,AMZN,232.3300018310547,-0.014214150326010255,0.024630194434355674,0.019195417539746327,0.022285438759708738,0.01751821672681934,0.01726475839755769,0.010548229459526109,1.0571093162116119,0.018958139628136538,15.180000305175781,15.872000122070313,-0.007843129677328364
2025-09-08,AMZN,235.83999633789065,0.015107797009308976,0.02420947291790812,0.017341559654214994,0.022436302586039018,0.016324652999059792,0.01734192140218676,0.010599373347633468,0.9758623752650792,0.01878088872372585,15.109999656677246,15.822000122070312,-0.0046113733261696765
2025-09-09,AMZN,238.2400054931641,0.010176429751274751,0.02082485039307566,0.017275023089385392,0.02248335677041623,0.015824396346268064,0.01665484681644614,0.010174743480181204,0.7823151595302139,0.01899689565654254,15.039999961853027,15.396000099182128,-0.004632673488730754
2025-09-10,AMZN,230.3300018310547,-0.03320182790348525,0.029106038937169385,0.02102042169949432,0.023292623891750547,0.037250842287402094,0.021618181794311683,0.013778993675967795,1.7040815427234635,0.011178374557556206,15.350000381469727,15.196000099182129,0.02061173007998507
2025-09-11,AMZN,229.9499969482422,-0.0016498279850283293,0.01953085972695235,0.02103243413836379,0.023284746473221336,0.009523820267321655,0.019288385725374186,0.012781481515172086,1.0473438795276258,0.011180524536745035,14.710000038146973,15.07800006866455,-0.04169383240506963
2025-09-12,AMZN,228.1499938964844,-0.00782780202498956,0.018958139628136538,0.020847249133864463,0.023108017920081127,0.01972386640536895,0.01972951566108411,0.013019407188551975,1.1113661250459386,0.010041861188642111,14.760000228881836,14.994000053405761,0.003399061224010902
2025-09-15,AMZN,231.42999267578125,0.014376501718361023,0.01878088872372585,0.02106452208238902,0.01727575921125464,0.014734427305182788,0.01941147052230871,0.01287768304429121,0.9686746166444263,0.010764245371708243,15.6899995803833,15.110000038146973,0.0630080851680257
2025-09-16,AMZN,234.0500030517578,0.011320962964584513,0.01899689565654254,0.02033902943627779,0.017036271586163124,0.01568040214096381,0.019382671681247857,0.01285730378165507,1.0925987281675944,0.012643131840050378,16.360000610351562,15.37400016784668,0.04270242497685861
2025-09-17,AMZN,231.6199951171875,-0.010382430689534927,0.011178374557556206,0.020845189810407404,0.017175024036480763,0.024134342698100747,0.016759371763387588,0.010481494888979216,1.202258938942295,0.013340972104843392,15.720000267028809,15.448000144958495,-0.03911982392701152
2025-09-18,AMZN,231.22999572753903,-0.0016837898189711042,0.011180524536745035,0.015323771629907022,0.01568106085559758,0.020282846205353502,0.01891117695099396,0.011534666518215565,1.063147962514853,0.012567023001917338,15.699999809265137,15.646000099182128,-0.0012722937292578562
2025-09-19,AMZN,231.47999572753903,0.0010811746080494622,0.010041861188642111,0.014697279625854346,0.01567533731407741,0.019267352670581352,0.018819874204036434,0.011478512482321793,2.513374802406027,0.014364738467189195,15.449999809265137,15.784000015258789,-0.01592356707243181
2025-09-22,AMZN,227.6300048828125,-0.016632067201427292,0.010764245371708243,0.014432594540151202,0.016007251410187627,0.013442923831408708,0.01856157350928162,0.011360071264538526,1.165379316506408,0.016422621129705856,16.100000381469727,15.866000175476074,0.04207123496628107
2025-09-23,AMZN,220.7100067138672,-0.030400202172415014,0.012643131840050378,0.015816001302356185,0.01695611421252228,0.03529515223218634,0.02248452352752613,0.01409265438012971,1.696912475067192,0.009984100461718938,16.639999389648438,15.92199993133545,0.0335403102723042
2025-09-24,AMZN,220.2100067138672,-0.0022654160880354324,0.013340972104843392,0.013006065037508048,0.016960724994018992,0.023205124447370416,0.022298679877380063,0.013955706793266767,1.1517721329489672,0.0102586514334703,16.18000030517578,16.013999938964844,-0.02764417676354103
2025-09-25,AMZN,218.1499938964844,-0.009354764790773018,0.012567023001917338,0.013052765861590272,0.016830442467046583,0.01925279425052449,0.02209266948641426,0.013845457482770785,1.172737786736795,0.008987182445780846,16.739999771118164,16.22199993133545,0.03461059674784095
2025-09-26,AMZN,219.77999877929688,0.007471945580644457,0.014364738467189195,0.013592998547409127,0.015977652119683196,0.013786508308881975,0.020996500614074383,0.01337018191822454,0.9269548016588557,0.011329505100657824,15.289999961853027,16.189999961853026,-0.08661886673181729
2025-09-29,AMZN,222.1699981689453,0.01087450815780766,0.016422621129705856,0.01311372908793178,0.016135593806792005,0.014853504428839912,0.021278616733560622,0.013489901170911207,0.9656163671660065,0.010360762220557216,16.1200008392334,16.194000053405762,0.05428390316881204
2025-09-30,AMZN,219.57000732421875,-0.011702709034319914,0.009984100461718938,0.012108113278956762,0.01623625215033071,0.01981147678832292,0.01818188164478794,0.01108504716181047,1.0449896092452184,0.008568600620038858,16.280000686645508,16.122000312805177,0.00992554833016479
2025-10-01,AMZN,220.6300048828125,0.004827606336181178,0.0102586514334703,0.012487600589081023,0.01607516511473726,0.02510988153708017,0.018562833062729888,0.011430817193571762,0.9338012775796128,0.010543587926098077,16.290000915527344,16.144000434875487,0.0006142646474234237
2025-10-02,AMZN,222.41000366210935,0.008067800117405932,0.008987182445780846,0.013120805589857334,0.015808978122977112,0.01735533720064035,0.018183341652753062,0.011227516463096221,0.8941720370823082,0.010917738508233568,16.6299991607666,16.122000312805177,0.020871591536571144
2025-10-03,AMZN,219.5099945068359,-0.013039023009411066,0.011329505100657824,0.013295382722582063,0.015916977577925605,0.022140224736783842,0.019854084938333436,0.012122748881551682,0.9387246561121539,0.026837312333338987,16.649999618530273,16.394000244140624,0.001202673407877164
2025-10-06,AMZN,220.8999938964844,0.006332282923023014,0.010360762220557216,0.013085911264245778,0.014845240994798801,0.02580351790735325,0.022044087634036102,0.013408741570244484,0.9300936907992872,0.028132297496509914,16.3700008392334,16.444000244140625,-0.016816743886603813
2025-10-07,AMZN,221.77999877929688,0.003983725247293846,0.008568600620038858,0.008915413698884348,0.014862948722387756,0.012264411739896883,0.020534674624350897,0.01274685137055636,0.6611459372620623,0.02883565112196333,17.239999771118164,16.636000061035155,0.05314593080531016
2025-10-08,AMZN,225.22000122070312,0.015510877718191152,0.010543587926098077,0.010004132491059572,0.015143157067555455,0.024598140733974587,0.02043232646372978,0.012673579349784072,1.0046116248408439,0.026687400453114542,16.299999237060547,16.637999725341796,-0.0545243936506532
2025-10-09,AMZN,227.7400054931641,0.01118907849570383,0.010917738508233568,0.009438898523266768,0.015286606303580261,0.02836570895780141,0.022634400815161992,0.014073750530828369,0.9892170416843082,0.02460672674296382,16.43000030517578,16.59799995422363,0.007975526024544655
2025-10-10,AMZN,216.3699951171875,-0.04992539782966621,0.026837312333338987,0.01946120569526217,0.01763454970858115,0.05661598316053626,0.029529552499912477,0.019568566576728248,1.488688497678948,0.012357271359327687,21.65999984741211,17.6,0.3183201123002275
2025-10-13,AMZN,220.07000732421875,0.017100394188331425,0.028132297496509914,0.01998950766232841,0.01788635324308143,0.016540188433246145,0.027676886605091055,0.018813771930828976,0.7741559667403086,0.011970251777140482,19.030000686645508,18.131999969482422,-0.12142193810222157
2025-10-14,AMZN,216.38999938964844,-0.016721987604375044,0.02883565112196333,0.02035433620866502,0.017907966727631702,0.031055045240804328,0.03143501330527254,0.02032091307289817,0.9279177030208592,0.014708160410146859,20.809999465942383,18.845999908447265,0.09353645376092956
2025-10-15,AMZN,215.57000732421875,-0.003789417568938358,0.026687400453114542,0.020249762889892102,0.01789700475239488,0.023426278611024965,0.03120064088068262,0.020212084082953646,0.9299501495917372,0.018021462416354533,20.639999389648438,19.713999938964843,-0.008169153323245748
2025-10-16,AMZN,214.47000122070312,-0.00510277898660183,0.02460672674296382,0.019938778228992683,0.015826258499659563,0.026950150353889916,0.030917529159900325,0.020021223926518266,0.8552736846148797,0.018122251897570288,25.309999465942383,21.489999771118164,0.22625970030968534
2025-10-17,AMZN,213.0399932861328,-0.006667636156250767,0.012357271359327687,0.019698533927330935,0.015701611011580463,0.017696227897442084,0.023133578107281484,0.014281553748786617,0.9785689799321318,0.016756322910491176,20.780000686645508,21.313999938964844,-0.1789805956097521
2025-10-20,AMZN,216.47999572753903,0.016147214372026264,0.011970251777140482,0.020435354873386175,0.015743498237093253,0.014320058040915953,0.022689552028815445,0.014106246016272386,0.833635543762768,0.016512559845583533,18.229999542236328,21.153999710083006,-0.12271419923715232
2025-10-21,AMZN,222.02999877929688,0.025637486886977978,0.014708160410146859,0.022191350179742768,0.01641911288504489,0.02400577336557484,0.02127969765376955,0.013085224206741328,1.1068676646419782,0.014014249069929324,17.8700008392334,20.56599998474121,-0.01974759802757342
2025-10-22,AMZN,217.9499969482422,-0.018375903497213075,0.018021462416354533,0.02220423406544982,0.015659822231686295,0.016012802400743924,0.019797002411713345,0.012244765903244099,0.9768329962472999,0.004033971615297679,18.600000381469727,20.158000183105468,0.04085056004214738
2025-10-23,AMZN,221.08999633789065,0.014406971477930908,0.018122251897570288,0.022455429597557426,0.015934294788831627,0.014111947295924993,0.017229361800120357,0.010614830962750085,0.7115619224129033,0.019370997118573867,17.299999237060547,18.5560001373291,-0.06989253321222011
2025-10-24,AMZN,224.2100067138672,0.014111947295924798,0.016756322910491176,0.015578723933684525,0.016121269860847793,0.015610364815102288,0.016812189183652397,0.010379035041276895,0.8756886395623039,0.04708024171910217,16.3700008392334,17.67400016784668,-0.05375713519309755
2025-10-27,AMZN,226.97000122070312,0.012309863182682124,0.016512559845583533,0.015188778514176049,0.016060013856758062,0.012600786865972468,0.016468334948663697,0.0102078700965759,0.872139300704592,0.04785581440970355,15.789999961853027,17.186000251770018,-0.03543071763260408
2025-10-28,AMZN,229.25,0.010045375014470892,0.014014249069929324,0.013559958105565444,0.01602923610063975,0.02303161953891779,0.016273504183332288,0.010025406695498373,1.0750394666160874,0.05143779510530733,16.420000076293945,16.896000099182128,0.03989867738840602
2025-10-29,AMZN,230.3000030517578,0.0045801659836763875,0.004033971615297679,0.013149430918057897,0.015945791054341876,0.02197139709219044,0.017465223121621593,0.010811734593941282,1.1768245872982541,0.051508151784920596,16.920000076293945,16.560000038146974,0.03045066977325206
2025-10-30,AMZN,222.86000061035156,-0.03230569840563213,0.019370997118573867,0.01784131038872527,0.016998273801492617,0.025531734837220297,0.019749180629880653,0.012175578308226105,2.163295969846308,0.05063117610787683,16.90999984741211,16.482000160217286,-0.0005910300730935791
2025-10-31,AMZN,244.22000122070312,0.09584492754129248,0.04708024171910217,0.033562347538358246,0.0245448375616123,0.026697257554137828,0.02196655917768776,0.013444286780928603,3.1148638438028944,0.026482958503206002,17.440000534057617,16.69600009918213,0.03134244183488977
2025-11-03,AMZN,254.0,0.04004585509136338,0.04785581440970355,0.03454957711017583,0.02522732344518965,0.0224409929410678,0.02393460039270683,0.014322341048277086,1.7137073757959884,0.018549109238156274,17.170000076293945,16.972000122070312,-0.01548167714997506
2025-11-04,AMZN,249.32000732421875,-0.018425168014886806,0.05143779510530733,0.03605034514352032,0.024755201608063628,0.033491119277311764,0.026026500340385623,0.01566583737311873,0.9037630186063185,0.016864169164736466,19.0,17.488000106811523,0.10658124144289749
2025-11-05,AMZN,250.1999969482422,0.0035295587926045258,0.051508151784920596,0.034621618234123956,0.024724307188106937,0.019344509979717876,0.02550112291789111,0.015425251905581779,0.7158412893875582,0.018718839507725956,18.010000228881836,17.706000137329102,-0.05210525111148234
2025-11-06,AMZN,243.0399932861328,-0.028617121300727022,0.05063117610787683,0.03719992655033321,0.025340396160908208,0.033780476220641946,0.027150871194575443,0.016499251741684987,0.8112036749108882,0.01824321854450944,19.5,18.22400016784668,0.08273180189796547
2025-11-07,AMZN,244.41000366210935,0.005636975040414827,0.026482958503206002,0.037195211867748476,0.025333719435644476,0.026226374973513603,0.0270566946784506,0.016516569882769415,0.8369093890920412,0.017517339475553173,19.079999923706055,18.552000045776367,-0.0215384654509716
2025-11-10,AMZN,248.3999938964844,0.01632498741700905,0.018549109238156274,0.03725336436833223,0.025405274133823673,0.024798727107362174,0.027528241511709472,0.016769975450921303,0.6590782877823113,0.011420725248917046,17.600000381469727,18.638000106811525,-0.07756811049026757
2025-11-11,AMZN,249.1000061035156,0.0028180846386127723,0.016864169164736466,0.03731524093025249,0.02523289758175429,0.010116436012505585,0.022853304858748237,0.014490009029001395,0.43444425516098556,0.014396264658173188,17.280000686645508,18.294000244140626,-0.018181800448205276
2025-11-12,AMZN,244.1999969482422,-0.019670851205186968,0.018718839507725956,0.03840249453303422,0.02561598171453067,0.02710890745256888,0.024406184353318434,0.015310433932595176,0.5829525339102907,0.017758720033452868,17.510000228881836,18.194000244140625,0.013310158165333874
2025-11-13,AMZN,237.5800018310547,-0.027108907452568887,0.01824321854450944,0.03784992492281496,0.026207396055311857,0.03051603646823583,0.023753296402837208,0.014832261351452386,0.7745436296636159,0.017507911778522425,20.0,18.294000244140626,0.1422044396670561
2025-11-14,AMZN,234.69000244140625,-0.012164320933474637,0.017517339475553173,0.02162553654319536,0.02618996201970765,0.024883873523111135,0.023484796112756716,0.014611664835332973,0.733626903111898,0.023412206963340804,19.829999923706055,18.444000244140625,-0.008500003814697288
2025-11-17,AMZN,232.8699951171875,-0.007754941860691922,0.011420725248917046,0.015192081247158214,0.026246149120976815,0.0232318623074942,0.023171423152783123,0.014439371745569458,1.1064694550149967,0.028936573615817376,22.3799991607666,19.4,0.12859300286794828
2025-11-18,AMZN,222.5500030517578,-0.04431653833391602,0.014396264658173188,0.01883329693154635,0.027573615157224656,0.0349584303420005,0.028139822018682103,0.01692169436200777,1.1088454484589596,0.01965535465836982,24.690000534057617,20.881999969482422,0.10321722340993555
2025-11-19,AMZN,222.69000244140625,0.0006290693674619874,0.017758720033452868,0.018603333149486485,0.027427289412739045,0.023440662640778414,0.027406173056324014,0.016575490631883513,1.0537429572815356,0.01990688229952673,23.65999984741211,22.111999893188475,-0.041717321359500015
2025-11-20,AMZN,217.13999938964844,-0.02492255148822009,0.017507911778522425,0.018257377144340604,0.0277093799650969,0.049138796163476085,0.03113072499537206,0.019379532584143593,0.8936066510807864,0.010134504081486494,26.420000076293945,23.395999908447266,0.11665258861714323
2025-11-21,AMZN,220.69000244140625,0.016348913427910006,0.023412206963340804,0.019609576057715617,0.02629866078743027,0.0318547009847101,0.03252489048769185,0.020146210149662416,1.1851804553420031,0.01123824924445138,23.43000030517578,24.11599998474121,-0.11317183052550484
2025-11-24,AMZN,226.27999877929688,0.02532963104830621,0.028936573615817376,0.02110176216164082,0.026514571046047857,0.02236166513121211,0.032350851052435445,0.020078739511738983,0.9270670945318839,0.008701914943032933,20.520000457763672,23.744000244140626,-0.12419973578785137
2025-11-25,AMZN,229.6699981689453,0.0149814363087164,0.01965535465836982,0.0221865401637874,0.026404719699674492,0.02925937769094211,0.031211040522223767,0.01951987417276218,0.6765548862330746,0.00973921601049774,18.559999465942383,22.518000030517577,-0.09551661540434953
2025-11-26,AMZN,229.16000366210935,-0.0022205534501760216,0.01990688229952673,0.02183832046913511,0.02639376024362857,0.013003995810424942,0.02912370715615307,0.018785829524121785,0.6691945638968786,0.012257355471982617,17.190000534057617,21.22400016784668,-0.07381459974709137
2025-11-28,AMZN,233.22000122070312,0.017716868099636462,0.010134504081486494,0.021651086990842682,0.026499609728391976,0.013163502484182141,0.021928648420294277,0.014105980091060257,0.3797874180152676,0.0077540975813157895,16.350000381469727,19.210000228881835,-0.04886562690464402
2025-12-01,AMZN,233.8800048828125,0.0028299616613276513,0.01123824924445138,0.02135827053024006,0.02643517952007042,0.015178736863532095,0.018593455596058676,0.011875480902886856,0.907851314166831,0.007634095860210551,17.239999771118164,17.972000122070312,0.05443421216412436
2025-12-02,AMZN,234.4199981689453,0.0023088475921804186,0.008701914943032933,0.02119596436515933,0.026326427946607202,0.023120886491258937,0.018745299868068045,0.011934964957804885,1.0231781286495865,0.008280834338187501,16.59000015258789,17.186000061035156,-0.03770299461483784
2025-12-03,AMZN,232.3800048828125,-0.008702300580441968,0.00973921601049774,0.014781725541200953,0.02605266808394897,0.011920148955405307,0.015277454120960682,0.009465223737520814,0.8077043330331141,0.012649793667092462,16.079999923706055,16.690000152587892,-0.03074142400187263
2025-12-04,AMZN,229.11000061035156,-0.014071797072686909,0.012257355471982617,0.015891124602320745,0.025949144395559565,0.029243581381839825,0.01852537123524366,0.011774939824167685,1.033573280653748,0.010946108672042786,15.779999732971191,16.407999992370605,-0.01865672836805088
2025-12-05,AMZN,229.52999877929688,0.0018331725713693903,0.0077540975813157895,0.012583079557254604,0.02584289815506929,0.011719611622500088,0.018236593062907248,0.011656217596267308,0.7603591279933886,0.01375127132458532,15.40999984741211,16.219999885559083,-0.023447394918898135
2025-12-08,AMZN,226.88999938964844,-0.011501761877265149,0.007634095860210551,0.013022813130427899,0.025837184566709002,0.020097834064350416,0.01922041250307091,0.012164909004595425,0.8146426877402314,0.014609632428038236,16.65999984741211,16.103999900817872,0.08111615914194314
2025-12-09,AMZN,227.9199981689453,0.004539639393836836,0.008280834338187501,0.010438477013551136,0.025755719821321656,0.015180794759845791,0.017632394156788283,0.01126062885156708,0.6086780378019783,0.014102973838057161,16.93000030517578,16.17199993133545,0.016206510218282677
2025-12-10,AMZN,231.77999877929688,0.016935769749744978,0.012649793667092462,0.010747796608006729,0.02587466794632528,0.017085130192139083,0.01866539040413504,0.011739708021216566,0.8975842253865282,0.00752897651414699,15.770000457763672,16.11000003814697,-0.06851741444195236
2025-12-11,AMZN,230.27999877929688,-0.006471654188885845,0.010946108672042786,0.010969656377880558,0.02589591638199273,0.014851477275814476,0.01578696958292997,0.009621547442745496,0.6559034292161634,0.01718494274737791,14.850000381469727,15.92400016784668,-0.05833862077290075
2025-12-12,AMZN,226.19000244140625,-0.017760970816273702,0.01375127132458532,0.010525799504540271,0.025395481629785107,0.021928496663560806,0.01782874659114211,0.010814741878418141,0.8330468980549477,0.015084493910585433,15.739999771118164,15.990000152587891,0.059932617291983625
2025-12-15,AMZN,222.5399932861328,-0.01613691637948922,0.014609632428038236,0.011052984608332973,0.018135401751998046,0.02889364999447011,0.01958790977716605,0.012137162512215282,1.0946339184633027,0.011603244543019942,16.5,15.958000183105469,0.04828464040237068
2025-12-16,AMZN,222.55999755859375,8.989068511033871e-05,0.014102973838057161,0.010913513303730978,0.0162379974399235,0.011367715703855405,0.018825293965967972,0.011826373727339268,0.9319803666793227,0.012033401230074686,16.479999542236328,15.868000030517578,-0.0012121489553740261
2025-12-17,AMZN,221.27000427246097,-0.005796159688549407,0.00752897651414699,0.010846146160626851,0.016020524149979832,0.0189813208620473,0.019204532099949618,0.012005368622193442,1.065218069692603,0.010258494962175149,17.6200008392334,16.238000106811523,0.06917483790429602
2025-12-18,AMZN,226.7599945068359,0.024811271877659635,0.01718494274737791,0.013748018235869379,0.01681007499032798,0.021255918954806573,0.020485420435748036,0.012681130390834908,1.2280961900055283,0.006466035997278898,16.8700008392334,16.642000198364258,-0.04256526471497213
2025-12-19,AMZN,227.3500061035156,0.0026019210221046585,0.015084493910585433,0.01376741944653069,0.016130859773926542,0.015614704009031111,0.0192226619048421,0.012005745193535247,2.003522495725695,0.007174366524676818,14.90999984741211,16.476000213623045,-0.11618262562637516
2025-12-22,AMZN,228.42999267578125,0.00475032567966549,0.011603244543019942,0.013324919669141608,0.016117010183303464,0.012126205412979152,0.015869172988543907,0.009783008800935855,0.7890638108240713,0.007222004439806903,14.079999923706055,15.992000198364257,-0.05566733281020897
2025-12-23,AMZN,232.13999938964844,0.016241329216049705,0.012033401230074686,0.014180427048426616,0.01611371473865356,0.016024817913689697,0.01680059343051076,0.010254078380190471,0.7375565622277235,0.0037667589482198237,14.0,15.496000289916992,-0.005681812794001595
2025-12-24,AMZN,232.3800048828125,0.001033882544133169,0.010258494962175149,0.013165576216450734,0.016098115777194322,0.006971318887803843,0.014398593035662072,0.009115396021135038,0.2987064380450598,0.008413701707303914,13.470000267028809,14.666000175476075,-0.03785712378365658
2025-12-26,AMZN,232.52000427246097,0.000602458846315379,0.006466035997278898,0.012947372020027739,0.015760861189891087,0.007784331602118476,0.011704275565124454,0.007409537577985475,0.4310306960515015,0.017671550798157735,13.600000381469727,14.01200008392334,0.0096510847708835
2025-12-29,AMZN,232.07000732421875,-0.0019353042317808988,0.007174366524676818,0.011249313682955599,0.015002949431797181,0.007885559414396814,0.010158446646197593,0.006466369698382454,0.5338762909783404,0.022851408758597695,14.199999809265137,13.870000076293945,0.044117603747491074
2025-12-30,AMZN,232.52999877929688,0.001982123671998126,0.007222004439806903,0.009155759127051596,0.01485084137205222,0.011052368888790434,0.00994367934135985,0.006329848486472093,0.6080568890704476,0.02281334879257982,14.329999923706055,13.920000076293945,0.009154937759653814
2025-12-31,AMZN,230.82000732421875,-0.0073538531116630335,0.0037667589482198237,0.009826578072961386,0.01484398515886171,0.012433975759931689,0.009225510910608248,0.0056898481942534666,0.6974034387240426,0.021464396037745546,14.949999809265137,14.110000038146973,0.04326586802930965
2026-01-02,AMZN,226.5,-0.018715913643268745,0.008413701707303914,0.011853263241677042,0.012817088121511928,0.047505561879139076,0.017332359508875295,0.013663252146443572,1.438867187308847,0.01407291005763723,14.510000228881836,14.318000030517577,-0.02943141043457509
2026-01-05,AMZN,233.05999755859375,0.028962461627345393,0.017671550798157735,0.01276305224331677,0.013819014617624508,0.029262882500906782,0.021628069688632956,0.015665462750666465,1.3828591893418187,0.01516926854948134,14.899999618530273,14.577999877929688,0.02687797267378067
2026-01-06,AMZN,240.92999267578125,0.033768107781812384,0.022851408758597695,0.016079160979261587,0.014085083603566365,0.04611291947579633,0.02927354170091286,0.019966161560281283,1.4532384504199387,0.012839675382136867,14.75,14.68799991607666,-0.010067088749702191
2026-01-07,AMZN,241.55999755859375,0.0026148877348795008,0.02281334879257982,0.016110770381773474,0.013876960791569675,0.023886359794618953,0.03184033988207856,0.020751640215026436,1.1306078002341708,0.01721486615038868,15.380000114440918,14.897999954223632,0.042711872165486
2026-01-08,AMZN,246.2899932861328,0.019581038977249277,0.021464396037745546,0.016385382533949878,0.013596399165967726,0.018392946943784357,0.033032134118849095,0.021080417484862075,1.0386179345330908,0.013275773610954037,15.449999809265137,14.997999954223634,0.004551345533378326
2026-01-09,AMZN,247.3800048828125,0.004425724253495522,0.01407291005763723,0.016304826024352122,0.013408717364087268,0.022718065349904674,0.02807463481300222,0.01801402528102813,0.9135797443298446,0.013177633557705236,14.489999771118164,14.993999862670899,-0.062135925566243366
2026-01-12,AMZN,246.47000122070312,-0.003678565947722645,0.01516926854948134,0.0165284300675615,0.013429288999414802,0.012090703585750408,0.024640199029970944,0.0164880942778126,0.9386989624738158,0.017643418559152114,15.119999885559082,15.03799991607666,0.04347826945426525
2026-01-13,AMZN,242.6000061035156,-0.01570168822988771,0.012839675382136867,0.017785081733540924,0.013510754272025735,0.030544119850300224,0.02152643910487172,0.013441661987703845,1.0006531191491952,0.018554625388956046,15.979999542236328,15.283999824523926,0.056878284602278395
2026-01-14,AMZN,236.6499938964844,-0.02452601837319146,0.01721486615038868,0.02004819865804721,0.014310593268104523,0.021381777684757082,0.021025522682899346,0.013122774395875302,1.088235402325915,0.01848866112095623,16.75,15.557999801635741,0.04818526156577807
2026-01-15,AMZN,238.17999267578125,0.006465239039753046,0.013275773610954037,0.019811454621590036,0.01434886807288312,0.016877945827901884,0.02072252245972285,0.012955399326779235,1.124623625867473,0.020977164663616495,15.84000015258789,15.635999870300292,-0.054328349099230455
2026-01-16,AMZN,239.1199951171875,0.0039466053837939885,0.013177633557705236,0.018244990787441195,0.014250706974740651,0.013215137699215637,0.018821936929585045,0.01194219787084333,1.1971617684004894,0.020966203989504092,15.859999656677246,15.90999984741211,0.0012625949429734273
2026-01-20,AMZN,231.0,-0.033957825706746436,0.017643418559152114,0.020047854843711275,0.01539496208028739,0.024891774891774892,0.021382151190789938,0.013281074326401123,1.2495463520554095,0.012436076996965221,20.09000015258789,16.903999900817873,0.2667087381764075
2026-01-21,AMZN,231.30999755859375,0.001341980773133189,0.018554625388956046,0.016082485020559537,0.01539363357123935,0.023431750577803532,0.019959677336290605,0.01224864521289778,1.3027031391177426,0.014492295832174228,16.899999618530273,17.08799991607666,-0.1587854907829206
2026-01-22,AMZN,234.33999633789065,0.013099298825289152,0.01848866112095623,0.016879907890986513,0.015394560272267946,0.02056843645789274,0.019797009090917733,0.012182589679493767,0.8797996987872921,0.015780978475686797,15.640000343322754,16.86599998474121,-0.07455617181351726
2026-01-23,AMZN,239.16000366210935,0.020568436457892636,0.020977164663616495,0.017028261952686766,0.015787881200944952,0.024586007417573132,0.021338621408851986,0.013121008780087146,0.9254184533291544,0.014782879608757845,16.09000015258789,16.915999984741212,0.02877236568970143
2026-01-26,AMZN,238.4199981689453,-0.003094185824689677,0.020966203989504092,0.016838615040961884,0.015544145045522265,0.0143025068714791,0.021556095243304676,0.013194616107217425,0.8736916616750111,0.01599512164117073,16.149999618530273,16.973999977111816,0.0037289910113973423
2026-01-27,AMZN,244.67999267578125,0.026256163723313408,0.012436076996965221,0.019295516270630666,0.016134672333341808,0.02779141431791814,0.022136023128533324,0.01367747298264106,0.9833588293155182,0.012311018157824778,16.350000381469727,16.226000022888183,0.012383948462139527
2026-01-28,AMZN,243.0099945068359,-0.006825233852112311,0.014492295832174228,0.018717072900602243,0.0157891647686519,0.025719106790993266,0.022593494371171273,0.013926568470633999,1.0290910463916227,0.01495269520000668,16.350000381469727,16.116000175476074,0.0
2026-01-29,AMZN,241.72999572753903,-0.005267268047532414,0.015780978475686797,0.016764630583768793,0.015467859966164706,0.02589663929788727,0.023659134939170177,0.014570332170795054,1.1521394346906682,0.0216305123213637,16.8799991607666,16.363999938964845,0.032415826723621866
2026-01-30,AMZN,239.3000030517578,-0.010052507834071744,0.014782879608757845,0.017113623954108984,0.015640738761118902,0.023735929219114105,0.023489119299478372,0.014433464725907147,1.1064526962673937,0.027287946981474145,17.440000534057617,16.63400001525879,0.03317543845574367
2026-02-02,AMZN,242.9600067138672,0.015294624385431943,0.01599512164117073,0.01772538823072567,0.015726961428470108,0.030704669524695895,0.02676955183012173,0.016195220054625988,0.9067460339023001,0.019647243554423526,16.34000015258789,16.672000122070312,-0.06307341443720693
2026-02-03,AMZN,238.6199951171875,-0.017863069956986388,0.012311018157824778,0.014574953834177621,0.015638382332939564,0.04567936207491899,0.030347141381521902,0.01878319564070143,1.29363556525138,0.021445739773093594,18.0,17.002000045776366,0.10159117698350828
2026-02-04,AMZN,232.9900054931641,-0.023593955826118007,0.01495269520000668,0.01690305614271832,0.016310070781565662,0.030215859565441167,0.031246491936411484,0.019242855260775144,1.2364646922962435,0.02234689963293956,18.639999389648438,17.45999984741211,0.03555552164713549
2026-02-05,AMZN,222.69000244140625,-0.04420791797466195,0.0216305123213637,0.021404657637291942,0.018250182196829598,0.026628912886834864,0.031392946654201004,0.019287552492216038,2.3232922906546185,0.019879390183843923,21.770000457763672,18.438000106811522,0.1679185177362963
2026-02-06,AMZN,210.32000732421875,-0.05554804877440456,0.027287946981474145,0.02463944507045149,0.02051952978274564,0.05291938234699205,0.03722963727977659,0.023295795989021564,3.4772666659746188,0.006974161530363634,20.3700008392334,19.02400016784668,-0.06430866279706493
2026-02-09,AMZN,208.72000122070312,-0.00760748406141476,0.019647243554423526,0.02448908978955339,0.020520451896874178,0.04532383767607897,0.04015347091005321,0.024964496982613334,1.67703582119777,0.012627394404161987,17.360000610351562,19.228000259399415,-0.1477663281723809
2026-02-10,AMZN,206.9600067138672,-0.008432323191560842,0.021445739773093594,0.02044229951142991,0.020526478765698495,0.03015070560469281,0.03704773961600797,0.02322672093053467,1.2009658858645287,0.01688626742709417,17.790000915527344,19.186000442504884,0.02476960196184419
2026-02-11,AMZN,204.0800018310547,-0.013915755650289796,0.02234689963293956,0.020194360956060062,0.020607976287827148,0.02979224704284313,0.03696301711148836,0.02319601194138034,1.144043678763992,0.015517647648009612,17.649999618530273,18.98800048828125,-0.007869662158076385
2026-02-12,AMZN,199.6000061035156,-0.021952154485219033,0.019879390183843923,0.019791566240663683,0.020827803044577535,0.03206417314413455,0.0380500691629483,0.023675267824667008,1.4132259819622905,0.01228276905627794,20.81999969482422,18.79800033569336,0.17960340763780214
2026-02-13,AMZN,198.7899932861328,-0.004058180323715521,0.006974161530363634,0.020172640244898538,0.02082291737202704,0.01951810963254926,0.031369814620059736,0.019415228973014093,1.094651209657786,0.018969797885333886,20.600000381469727,18.844000244140624,-0.010566729902939609
2026-02-17,AMZN,201.1499938964844,0.011871828009746288,0.012627394404161987,0.019561161578081375,0.020864611212089032,0.028535946643468486,0.028012236413537644,0.01696779982114534,1.1309781754157846,0.019346905156755165,20.290000915527344,19.43000030517578,-0.015048517485525714
2026-02-18,AMZN,204.7899932861328,0.018095945812067082,0.01688626742709417,0.022743771308973086,0.020365735476812048,0.026124353136926074,0.0272069659199843,0.01653628878257448,0.8233006781218046,0.018550058021182807,19.6200008392334,19.796000289916993,-0.03302119497595557
2026-02-19,AMZN,204.86000061035156,0.00034184934085601526,0.015517647648009612,0.022989406210482944,0.019097509466028798,0.013814321110139095,0.024011380733443492,0.014972196714528234,0.5812272097554712,0.02037963712819073,20.229999542236328,20.312000274658203,0.031090656315525544
2026-02-20,AMZN,210.11000061035156,0.025627257563010764,0.01228276905627794,0.022907964414723446,0.019869320461368172,0.035314826269053606,0.024661511358427302,0.015592972677387948,1.0446142350602425,0.016983873796321203,19.09000015258789,19.966000366210938,-0.056351923650237334
2026-02-23,AMZN,205.27000427246097,-0.023035535309270494,0.018969797885333886,0.016410387406815875,0.019614104130590528,0.025917045621377317,0.02594129855619291,0.01624807613387778,0.8364525756140624,0.012593298057487204,21.010000228881836,20.04800033569336,0.10057622110776498
2026-02-24,AMZN,208.55999755859375,0.016027637831418806,0.019346905156755165,0.017242980847549064,0.019935764482766537,0.034090912416481246,0.027052291710795463,0.01700522649633941,0.6380471017521743,0.010338223711440931,19.549999237060547,19.9,-0.06949076515545527
2026-02-25,AMZN,210.63999938964844,0.00997315810991184,0.018550058021182807,0.017218422979326728,0.020133118748002898,0.012628198204600474,0.024353060724330345,0.015849119466565947,0.6396463337338626,0.020326655602631548,17.93000030517578,19.561999893188478,-0.082864398726613
2026-02-26,AMZN,207.9199981689453,-0.012913032798065993,0.02037963712819073,0.017118732041870904,0.02008850926886998,0.027414375713925725,0.02707307164508767,0.017070919663456918,0.7349102286861176,0.017377965214836415,18.6299991607666,19.24199981689453,0.03904064939635021
2026-02-27,AMZN,210.0,0.01000385652833935,0.016983873796321203,0.015003080767317985,0.019915566165706722,0.024428594680059524,0.024895825327288852,0.015591799579722919,0.8767798798143339,0.023931493865640346,19.860000610351562,19.395999908447266,0.06602262506673928
2026-03-02,AMZN,208.38999938964844,-0.007666669573102691,0.012593298057487204,0.015290955897854912,0.01983182548518105,0.030087763482105477,0.025729968899434484,0.01616580191708619,0.7026954736014889,0.023232683728410915,21.440000534057617,19.481999969482423,0.07955689200142912
2026-03-03,AMZN,208.72999572753903,0.001631538648142472,0.010338223711440931,0.015108975646751455,0.019803309289571105,0.03209886976181375,0.02533156036850099,0.015890212075147514,0.6568487689095426,0.023170419106252584,23.56999969482422,20.286000061035157,0.09934697330735043
2026-03-04,AMZN,216.82000732421875,0.038758260730479055,0.020326655602631548,0.018346018912566046,0.020489939399026005,0.034083567659869494,0.029622634259554793,0.01808636630924844,0.8318989204607073,0.014027800926240902,21.149999618530273,20.929999923706056,-0.10267289383229639
2026-03-05,AMZN,218.94000244140625,0.009777672934109694,0.017377965214836415,0.01827233026859599,0.02059365153741219,0.02228923370967113,0.028597605858703874,0.01758359862869311,0.9195847342361279,0.012263345991772067,23.75,21.954000091552736,0.12293146233401209
2026-03-06,AMZN,213.2100067138672,-0.026171534044230005,0.023931493865640346,0.01963883659123756,0.020871769834854132,0.022466152591750436,0.028205117441042055,0.017350307155480898,0.8035938780218307,0.007682111156667848,29.489999771118164,23.879999923706055,0.24168420088918596
2026-03-09,AMZN,213.4900054931641,0.0013132534612818603,0.023232683728410915,0.017648307504683707,0.020415227656996618,0.03143007420121145,0.02847357958486325,0.017547518674502306,0.9515273563091893,0.013626724381443796,25.5,24.69199981689453,-0.1353000950181722
2026-03-10,AMZN,214.3300018310547,0.003934593265620068,0.023170419106252584,0.017145315056689765,0.02046120937414717,0.015023567364317548,0.025058519105364007,0.015741531850189602,0.6528416813910167,0.015831015360645167,24.93000030517578,24.963999938964843,-0.022352929208792838
2026-03-11,AMZN,212.6499938964844,-0.007838417021498234,0.014027800926240902,0.01724959498570315,0.01969309307097194,0.026569452427234755,0.02355569605883706,0.014554669230325189,0.6452363320771092,0.019544719018703506,24.229999542236328,25.579999923706055,-0.028078650395929716
2026-03-12,AMZN,209.52999877929688,-0.014671973697334306,0.012263345991772067,0.017416331579675964,0.019777291850790222,0.01699046837265834,0.022495942991434505,0.014015834938001126,0.8538117299845311,0.018503632875429915,27.290000915527344,26.288000106811523,0.12628978254650813
2026-03-13,AMZN,207.6699981689453,-0.008877013416636048,0.007682111156667848,0.01734385911472611,0.019791597689193762,0.020898523504391413,0.022182417173962698,0.013852820025529441,0.7200495645985844,0.01958811005177581,27.190000534057617,25.828000259399413,-0.0036643597696923713
2026-03-16,AMZN,211.7400054931641,0.0195984367511175,0.013626724381443796,0.018293177393491355,0.020258135136160087,0.024889034361676526,0.020874209206055712,0.01280481423809739,0.8735066482594662,0.020630918408206654,23.510000228881836,25.43000030517578,-0.13534388499059757
2026-03-17,AMZN,215.1999969482422,0.016340754535353108,0.015831015360645167,0.01886541796064294,0.02029313171390129,0.01519518735517179,0.020908533204226563,0.012824599212311235,0.9552575446555218,0.01846044326864669,22.3700008392334,24.918000411987304,-0.048489977820074914
2026-03-18,AMZN,209.8699951171875,-0.024767666852414494,0.019544719018703506,0.016053612140983914,0.020495855001467382,0.0300662205432004,0.02160788682741969,0.01334869133661588,0.8153366867470788,0.019163031097428555,25.09000015258789,25.090000534057616,0.12159138181989015
2026-03-19,AMZN,208.7599945068359,-0.005288991452693348,0.018503632875429915,0.015400694224693543,0.02016422682210368,0.014705844731803534,0.02115096209924873,0.013161304845179767,0.7843955217005346,0.02145882089768093,24.059999465942383,24.444000244140625,-0.041052239154301895
2026-03-20,AMZN,205.3699951171875,-0.01623874055781982,0.01958811005177581,0.014125418232108309,0.01881657883773056,0.015678950374793967,0.020107047473329243,0.012632004327843324,1.374281326939039,0.027317579610762335,26.780000686645508,24.362000274658204,0.11305075981208423
2026-03-23,AMZN,210.13999938964844,0.02322639327005427,0.020630918408206654,0.016483717428118636,0.016517869795543375,0.01565626988901557,0.018260494578797047,0.011475355822043875,0.9650200027832044,0.02394735491404895,26.149999618530273,24.89000015258789,-0.023525057952272554
2026-03-24,AMZN,207.2400054931641,-0.013800294588880657,0.01846044326864669,0.016790230954928015,0.016655672197505172,0.013076658183916859,0.017836788744546063,0.01127370914200637,0.7753677504752641,0.03080990969294367,26.950000762939453,25.8060001373291,0.03059277843515873
2026-03-25,AMZN,211.7100067138672,0.021569200454641724,0.019163031097428555,0.018392606431702135,0.017034717459141483,0.01497337550047278,0.01481821973600054,0.008909621864801405,0.8024841441303758,0.02941290384070544,25.329999923706055,25.854000091552734,-0.06011134669284157
2026-03-26,AMZN,207.5399932861328,-0.019696817795534227,0.02145882089768093,0.018891033443693465,0.017239523982647123,0.027801891004717843,0.017437428990583405,0.010865795652662307,1.0320423016799665,0.02765715977570914,27.440000534057617,26.530000305175783,0.08330045861456314
2026-03-27,AMZN,199.33999633789065,-0.039510442389467215,0.027317579610762335,0.022488662916558058,0.018300604583719838,0.03742353190988374,0.021786345297601355,0.014070937203012132,1.2384971211638598,0.014669655446459243,31.049999237060547,27.38400001525879,0.13155971693667867
2026-03-30,AMZN,200.9499969482422,0.008076656164990093,0.02394735491404895,0.02142336043668456,0.01833917021182201,0.019009740643104768,0.022457039448419196,0.014363331074870573,1.0250019644076955,0.015051596776808516,30.610000610351562,28.276000213623046,-0.014170648551379394
2026-03-31,AMZN,208.27000427246097,0.03642700888472361,0.03080990969294367,0.02438448550426219,0.01938149779411186,0.02948095867716038,0.0257378995470679,0.01604387592105912,1.270898357540026,0.014484700991312854,25.25,27.936000061035156,-0.17510619090085677
2026-04-01,AMZN,210.57000732421875,0.011043371606930474,0.02941290384070544,0.023444015065396933,0.019213311455902573,0.025597184794458168,0.027862661405864974,0.016980166043135396,1.0084989242479172,0.02424347968704848,24.540000915527344,27.778000259399413,-0.028118775622679504
2026-04-02,AMZN,209.77000427246097,-0.0037992260242741827,0.02765715977570914,0.023407275728400668,0.019233858684435702,0.034847750719822324,0.02927183334888588,0.017958395445001732,0.7133234755157211,0.020056320440231555,23.8700008392334,27.06400032043457,-0.027302365578560805
2026-04-06,AMZN,212.7899932861328,0.01439666755094926,0.014669655446459243,0.022939799353226025,0.018842682385959885,0.015790219072160196,0.024945170781341165,0.015594450327681048,0.5930465522445383,0.021500189279710584,24.170000076293945,25.68800048828125,0.012568044680059565
2026-04-07,AMZN,213.77000427246097,0.00460553135602737,0.015051596776808516,0.021920180217506465,0.018315830398216795,0.022875049314289575,0.025718232515578126,0.015997339489159518,0.6787377059159262,0.01882160561995417,25.780000686645508,24.722000503540038,0.06661152690399286
2026-04-08,AMZN,221.25,0.03499085736091101,0.014484700991312854,0.023409056754729648,0.01914250783432519,0.02928818524894055,0.02567967782993416,0.015923664428105486,1.2092511701354176,0.023616372733763494,21.040000915527344,23.88000068664551,-0.18386344627110762
2026-04-09,AMZN,233.6499938964844,0.056045170153601775,0.02424347968704848,0.027926977838363426,0.021495462140031327,0.04506740446979008,0.029573721765000543,0.018963963710384158,1.5046659123286814,0.01595426508674934,19.489999771118164,22.870000457763673,-0.07366925270736524
2026-04-10,AMZN,238.3800048828125,0.02024400218227118,0.020056320440231555,0.025953284552576072,0.021465100383651778,0.021897750880910526,0.026983721797218186,0.017485636647958283,1.2798616890869443,0.01594151947800318,19.229999542236328,21.94200019836426,-0.013340186348648642
2026-04-13,AMZN,239.88999938964844,0.006334400855383171,0.021500189279710584,0.018331132314613252,0.021444802153557797,0.017716453419539226,0.02736896866669399,0.01762183650996055,0.9413540713325825,0.0181921408834374,19.1200008392334,20.932000350952148,-0.005720161498773413
2026-04-14,AMZN,249.02000427246097,0.038059130876826774,0.01882160561995417,0.018821139074040805,0.022151360116311365,0.04176368853124506,0.031146696510085087,0.01999792781350749,1.569296922161491,0.006379282431146409,18.360000610351562,19.448000335693358,-0.039748964201003045
2026-04-15,AMZN,248.5,-0.002088202809168771,0.023616372733763494,0.01943406080734798,0.022188138080634398,0.013038251481545523,0.027896709756606082,0.018739096515887087,0.9312973185057729,0.011010283002638632,18.170000076293945,18.87400016784668,-0.010348612622076536
2026-04-16,AMZN,249.6999969482422,0.004828961562342915,0.01595426508674934,0.019776964680328447,0.021311718501097702,0.023227885953719243,0.023528806053391915,0.015417626586949404,0.902474498709049,0.011413333444847415,17.940000534057617,18.56400032043457,-0.012658202601573132
2026-04-17,AMZN,250.55999755859375,0.003444135445984209,0.01594151947800318,0.019034535127029798,0.02129345898573494,0.024225702923748683,0.023994396461959545,0.015634143721010872,1.1022555443214697,0.0177393125973976,17.479999542236328,18.21400032043457,-0.02564108016318145
2026-04-20,AMZN,248.27999877929688,-0.009099612075002872,0.0181921408834374,0.020899398283986004,0.02065793928098178,0.019373278484947524,0.024325761475041202,0.015766577638000347,0.8580613598312713,0.018242367627828975,18.8700008392334,18.16400032043457,0.07951952708227816
2026-04-21,AMZN,249.91000366210935,0.00656518805713957,0.006379282431146409,0.020792344630358308,0.020645296668655104,0.02396858927853812,0.020766741624499815,0.012703219106372647,0.9346551038961746,0.019591235202653375,19.5,18.392000198364258,0.03338628154465928
2026-04-22,AMZN,255.36000061035156,0.021807838295304416,0.011010283002638632,0.019846105745650763,0.020856318771012267,0.021968987300057786,0.022552888788202267,0.01358575755000124,0.7847244502075603,0.018370073359581095,18.920000076293945,18.542000198364256,-0.029743585831079722
2026-04-23,AMZN,255.0800018310547,-0.001096486445127054,0.011413333444847415,0.013938688856182473,0.02073733295059456,0.022424342087356625,0.022392180014929743,0.013448499058687478,0.8480788144851187,0.017927241024977048,19.309999465942383,18.81599998474121,0.02061307547969271
2026-04-24,AMZN,263.989990234375,0.03493017225717909,0.0177393125973976,0.01590213276430685,0.02098441136418415,0.025796423389188784,0.02270632410801777,0.013728145700520595,1.1578569223997046,0.010778837523869524,18.709999084472656,19.061999893188478,-0.03107200404267052
2026-04-27,AMZN,261.1199951171875,-0.010871605831113018,0.018242367627828975,0.0172599913783459,0.02104261800955548,0.014590983570154668,0.021749865125059196,0.01328541377963788,0.9785645107041253,0.008032953689644668,18.020000457763672,18.891999816894533,-0.03687860291140321
2026-04-28,AMZN,259.70001220703125,-0.005438047398549362,0.019591235202653375,0.014241423149756457,0.02105813671288882,0.01694260180849251,0.020344667631050074,0.0125147735719027,0.9238734324657089,0.003674823398974178,17.829999923706055,18.55799980163574,-0.010543869546671303
2026-04-29,AMZN,263.0400085449219,0.012860978748156615,0.018370073359581095,0.014281104129383921,0.021014685983012017,0.031211949469185124,0.02219326006487554,0.013861309877403553,1.5604297009470554,0.003986542335422109,18.809999465942383,18.53599967956543,0.054963519149170637
2026-04-30,AMZN,265.05999755859375,0.0076793983730687465,0.017927241024977048,0.014288165958333343,0.020144241425251737,0.06685279326913889,0.03107895030123199,0.021882179386144122,2.0553482055403163,0.011066040525005616,16.889999389648438,18.051999664306642,-0.10207337218538048
2026-05-01,AMZN,268.260009765625,0.012072784412985094,0.010778837523869524,0.014371718508561476,0.01999795408561846,0.03943941215497369,0.03380754805438897,0.023284682752658076,1.0145461288804865,0.010328236922083385,16.989999771118164,17.707999801635744,0.00592068591376127
2026-05-04,AMZN,272.04998779296875,0.014128002271583506,0.008032953689644668,0.013330472062922304,0.019459381637328417,0.026833371211551833,0.036256025582668404,0.024057080120401413,0.9571443057326828,0.010496075068360774,18.290000915527344,17.761999893188477,0.07651566579883617
2026-05-05,AMZN,273.54998779296875,0.005513692583370089,0.003674823398974178,0.013358241944250908,0.019299672304329312,0.022591822158875265,0.03738586965274496,0.02437631543454496,0.8064119646493748,0.010156938105562997,17.3799991607666,17.671999740600587,-0.04975405736520189
2026-05-06,AMZN,274.989990234375,0.005264129064761924,0.003986542335422109,0.012621763830833937,0.01883096196211384,0.02032799933236206,0.03520907962538035,0.023517287086600825,0.8627076456671171,0.013676076731484955,17.389999389648438,17.387999725341796,0.0005753871901450491
2026-05-07,AMZN,271.1700134277344,-0.01389133038400725,0.011066040525005616,0.01414688428547212,0.019166472813220176,0.02264267560717508,0.026367056092987583,0.01633021487633359,0.7158750975672484,0.01314357100471143,17.079999923706055,17.42599983215332,-0.01782630689032183
2026-05-08,AMZN,272.67999267578125,0.0055683857848436435,0.010328236922083385,0.009952280977830139,0.018427387576177862,0.01485253007830398,0.021449679677653644,0.013047864574532043,0.7084042685330808,0.01261528917310786,17.190000534057617,17.46599998474121,0.006440316794081857
2026-05-11,AMZN,268.989990234375,-0.013532354923427414,0.010496075068360774,0.010398485001901896,0.0165713640278612,0.019145671153031042,0.019912139665949482,0.012020627949418949,0.7818285536058098,0.012371691306044128,18.3799991607666,17.48399963378906,0.0692262123175218
2026-05-12,AMZN,265.82000732421875,-0.011784761609137218,0.010156938105562997,0.011139535595153714,0.01704773529614875,0.018884917896902435,0.019170758813554917,0.011577859066932763,0.7818971469392463,0.014460684791314774,17.989999771118164,17.605999755859376,-0.021218683757119994
2026-05-13,AMZN,270.1300048828125,0.016213969753363422,0.013676076731484955,0.01153330395816273,0.016331488832807235,0.02783840698086904,0.020672840343256314,0.012707706290928064,0.8464775851760749,0.016582042756721083,17.8700008392334,17.702000045776366,-0.006670313141271755
2026-05-14,AMZN,267.2200012207031,-0.010772604336833247,0.01314357100471143,0.012113714822605967,0.01671097635675603,0.015530251768305322,0.01925035557548236,0.011931065121324112,0.6763003017286354,0.017440032368295676,17.260000228881836,17.738000106811523,-0.0341354550477867
2026-05-15,AMZN,264.1400146484375,-0.011526033074604314,0.01261528917310786,0.011988535211180804,0.01695850611582121,0.013136861174719884,0.01890722179476554,0.011787602873698554,0.8906665192792274,0.016862189223760173,18.43000030517578,17.986000061035156,0.06778679378787822
2026-05-18,AMZN,264.8599853515625,0.0027257161474880665,0.012371691306044128,0.01082465692224026,0.016936961164386945,0.023861691738107867,0.019850425911780906,0.012398613955104908,0.7406780439792703,0.017024703869715094,17.81999969482422,17.87400016784668,-0.03309824201035161
2026-05-19,AMZN,259.3399963378906,-0.020841158796957915,0.014460684791314774,0.011789085979048824,0.017704617105238022,0.02722294153731449,0.021518030639863316,0.013475430731016085,0.8893972960718931,0.014841100361365307,18.059999465942383,17.888000106811525,0.01346800085456068
2026-05-20,AMZN,265.010009765625,0.021863243262898013,0.016582042756721083,0.014329935148456284,0.017131967308446492,0.022829280291409983,0.020516205301971506,0.012753275216622218,0.7711395506696909,0.013165093445932785,17.440000534057617,17.802000045776367,-0.03432995294678509
2026-05-21,AMZN,268.4599914550781,0.01301830709151064,0.017440032368295676,0.014703903457386614,0.014395387644837781,0.030246574445511865,0.023459469837412816,0.014593069914375157,0.809985176786713,0.014902268357063181,16.760000228881836,17.702000045776366,-0.03899084199268488
2026-05-22,AMZN,266.32000732421875,-0.007971333528174807,0.016862189223760173,0.014664742736746032,0.014268627613358098,0.013329897164748394,0.023498077035418515,0.014595224658249506,0.6277518502213791,0.022218536037633664,16.700000762939453,17.3560001373291,-0.003579920353401156
2026-05-26,AMZN,265.2900085449219,-0.003867523096163561,0.017024703869715094,0.01414874518776843,0.014327563054553644,0.027253120117133017,0.02417636271122355,0.015020821546637898,0.8738127656337981,0.023154106233029197,17.010000228881836,16.900000381469727,0.025316460062143387
2026-05-27,AMZN,271.8500061035156,0.024727646527565872,0.014841100361365307,0.015760193293142856,0.013393704872179136,0.024682697459727405,0.023668313895706127,0.014723218546169124,0.922817126176012,0.016002385278221867,16.290000915527344,16.67000045776367,-0.042328001391321646
2026-05-28,AMZN,274.0,0.007908750591183455,0.013165093445932785,0.015156085221015282,0.013386735228081923,0.025766414447422444,0.02425574072690862,0.015081178117306207,0.9714210640888917,0.01881115608030847,15.739999771118164,16.466000366210938,-0.03376311316747249
2026-05-29,AMZN,270.6400146484375,-0.01226272026117703,0.014902268357063181,0.01529711250759907,0.013681961923534576,0.018881115411556536,0.021982648920117556,0.013614241550688532,1.385558252457897,0.019881617575917977,15.319999694824219,16.190000152587892,-0.026683613875561618
2026-06-01,AMZN,261.260009765625,-0.03465860321873382,0.022218536037633664,0.01881076040300292,0.015291805034584851,0.022697666899350634,0.023856202867038004,0.01446313780371704,1.35182252834118,0.018498661928077316,16.049999237060547,16.08199996948242,0.04765010161736205
2026-06-02,AMZN,256.5199890136719,-0.0181429249589532,0.023154106233029197,0.019504222188014966,0.015594260109482902,0.026625672003594725,0.023730713244330345,0.014366684001356272,1.064169461815721,0.018477644051565677,15.770000457763672,15.83400001525879,-0.017445407639044563
2026-06-03,AMZN,250.02000427246097,-0.02533909644314103,0.016002385278221867,0.020006203747300434,0.01628862740185481,0.037516956498414945,0.026297565052067852,0.016161081184151414,1.2924780354531025,0.01847977070024949,16.059999465942383,15.787999725341797,0.01838928343441748
2026-06-04,AMZN,253.7899932861328,0.015078749497034138,0.01881115608030847,0.019148196153104067,0.01602418703673616,0.016076291181641403,0.024359540398911646,0.015193780166072587,0.9057106893028634,0.018369262912901096,15.399999618530273,15.719999694824219,-0.04109588227644323
2026-06-05,AMZN,246.02999877929688,-0.03057644001781823,0.019881617575917977,0.019757868299649293,0.01696488196804592,0.04308420174819593,0.029200157666239523,0.01827656288444945,1.3797532002496606,0.014616334937368391,21.510000228881836,16.957999801635744,0.3967532962143463
2026-06-08,AMZN,245.22000122070312,-0.0032922715222234444,0.018498661928077316,0.01982733431701901,0.015544251605738834,0.024712492979476114,0.02960312288226462,0.018471115119260896,0.8419923422274951,0.022387998200893332,18.920000076293945,17.53199996948242,-0.12040911785348352
2026-06-09,AMZN,244.19000244140625,-0.004200304926880172,0.018477644051565677,0.01981982640710829,0.015465482633083725,0.04107456766868889,0.03249290201528345,0.020274620714384694,1.0949366199456838,0.022230878054308942,19.8700008392334,18.352000045776368,0.05021145661250648
2026-06-10,AMZN,238.0,-0.025349123139844942,0.01847977070024949,0.016689886612260472,0.016029916761764972,0.027815169646960347,0.030552544644992536,0.01912997431995186,0.9489971397438385,0.02520942914485012,22.219999313354492,19.584000015258788,0.11826866506623457
2026-06-11,AMZN,241.5099945068359,0.014747876079142408,0.018369262912901096,0.017752004559235944,0.01609696303149176,0.028818710911238023,0.03310102859091186,0.020215572832398616,1.0144299951297524,0.027974151598746447,19.440000534057617,20.392000198364258,-0.12511246018023325
2026-06-12,AMZN,238.5500030517578,-0.01225618617201496,0.014616334937368391,0.017752010272838698,0.016064453985143334,0.040955791856942994,0.03267534661266127,0.020029240022757296,1.2263252181819162,0.03596598489455801,17.68000030517578,19.626000213623048,-0.09053498871043908
2026-06-15,AMZN,246.02000427246097,0.031314194613874635,0.022387998200893332,0.020592056607219883,0.017056229825234793,0.012519314598676664,0.030236710936501383,0.01920451735074943,0.9981982387298983,0.031108311901184706,16.200000762939453,19.08200035095215,-0.08371037990327757
2026-06-16,AMZN,246.0,-8.131156862678512e-05,0.022230878054308942,0.020177227701165767,0.016766500618491654,0.01650405511623464,0.02532260842601053,0.01636174663990426,0.8405626906873391,0.031167921834674105,16.40999984741211,18.39000015258789,0.012962905838441063
2026-06-17,AMZN,237.5,-0.03455284552845528,0.02520942914485012,0.02143154373218684,0.017621342935359326,0.04172633120888146,0.028104840738394754,0.01830885103856701,1.0640883144255886,0.030480256297726188,18.440000534057617,17.634000396728517,0.12370510088491216
2026-06-18,AMZN,244.38999938964844,0.029010523745888195,0.027974151598746447,0.023251357246698943,0.01858436922406974,0.03973154171336093,0.030287406898819334,0.01977644310079366,1.7141282803717326,0.0292774377827105,16.399999618530273,17.026000213623046,-0.11062911369007722
2026-06-22,AMZN,232.7899932861328,-0.047465142323687703,0.03596598489455801,0.025897471054891992,0.020159777649632768,0.04192617719112803,0.030481483965656343,0.019805181399198946,1.4962000738380759,0.024668541183833024,17.280000686645508,16.94600028991699,0.0536586029624615
2026-06-23,AMZN,234.11000061035156,0.005670378290686617,0.031108311901184706,0.026125396718010965,0.020161608335908302,0.02080216609495906,0.03213805426491282,0.020300063472378102,1.2774015024079324,0.025466403761618923,19.489999771118164,17.604000091552734,0.1278934604545825
2026-06-24,AMZN,234.27000427246097,0.0006834550497298864,0.031167921834674105,0.026173407057889255,0.0201180822195267,0.04042344750926505,0.0369219327435189,0.022521486524416292,1.4352554350783833,0.025754731558496242,18.6299991607666,18.047999954223634,-0.044125224240688765
2026-06-25,AMZN,227.0099945068359,-0.030989924587961792,0.030480256297726188,0.026743341284144385,0.02065947492638772,0.02982249432307296,0.0345411653663572,0.02117205890954714,1.527534835031701,0.015864846344021393,18.889999389648438,18.137999725341796,0.013955997884818938
2026-06-26,AMZN,232.69000244140625,0.025020959746330895,0.0292774377827105,0.02773903858883918,0.021031124489805195,0.03339201913338957,0.03327326085036293,0.020330633168607268,4.055955281499239,0.014646388847607064,18.40999984741211,18.539999771118165,-0.025410246572022843
2026-06-29,AMZN,240.13999938964844,0.03201683299701785,0.024668541183833024,0.02963080779163565,0.0220353010833006,0.06625303449049312,0.03813863231023595,0.024570964708269267,1.2442986424468916,0.00785933604271412,17.649999618530273,18.613999557495116,-0.04128192477897652
2026-06-30,AMZN,238.33999633789065,-0.007495640277891069,0.025466403761618923,0.02770747151899023,0.02199579283175399,0.01833513125926305,0.03764522534309675,0.02442637562541925,1.0510580878044058,0.008694595244369595,16.450000762939453,18.005999755859374,-0.06798860518563254
2026-07-01,AMZN,241.6999969482422,0.014097510539473612,0.025754731558496242,0.02822112020956548,0.02219822505107578,0.04137360416326943,0.03783525667389762,0.02464716668202692,0.8462221448084811,0.008678133441068237,16.59000015258789,17.59799995422363,0.008510600799718215
2026-07-02,AMZN,242.6699981689453,0.004013244654325954,0.015864846344021393,0.025710724902991002,0.02196448957268487,0.023241436651439316,0.036519045139570896,0.02414474600642207,0.760329072913986,0.010060401853114603,16.149999618530273,17.05,-0.026522033153145053
2026-07-06,AMZN,244.16000366210935,0.006140048231783046,0.014646388847607064,0.024049730983517162,0.02155985512579053,0.021133635017720472,0.03406736831643707,0.023087762327452608,0.6288678023893961,0.010277102767227868,15.569999694824219,16.481999969482423,-0.035913308817702494
2026-07-07,AMZN,245.97999572753903,0.007454095831143315,0.00785933604271412,0.017281769328535757,0.02144536583969911,0.025327245449828156,0.025882210508304082,0.016332230858302772,0.6448890765551905,0.009918342723243212,16.1299991607666,16.177999877929686,0.035966568845119395
2026-07-08,AMZN,243.6199951171875,-0.009594278605344786,0.008694595244369595,0.017942381096612302,0.021461196347712406,0.017568339483949407,0.025728852153241354,0.016283041079897777,0.4728395511556249,0.014101906412703081,16.899999618530273,16.26799964904785,0.0477371666352322
2026-07-09,AMZN,247.0399932861328,0.01403824906613349,0.008678133441068237,0.018152738865691794,0.021676703254082535,0.03744333003315068,0.024942797327217603,0.015633922242003596,0.6104838265066049,0.01863578427411058,15.84000015258789,16.117999649047853,-0.06272186330585061
2026-07-10,AMZN,245.33999633789065,-0.006881464517662694,0.010060401853114603,0.013867639600258738,0.021085644714634234,0.026982942920037563,0.02569109858093725,0.016042602190523902,0.5101443034396465,0.019174314555700435,15.029999732971191,15.893999671936035,-0.05113638963471623
2026-07-13,AMZN,247.30999755859375,0.008029678202122081,0.010277102767227868,0.0125085520515091,0.021087852662113892,0.022117994722017566,0.02588797052179667,0.01613580392253369,0.5612343815182078,0.019482445058372523,17.15999984741211,16.211999702453614,0.14171657699822537
2026-07-14,AMZN,247.4900054931641,0.0007278635572656178,0.009918342723243212,0.008644671638523026,0.02102850665099538,0.01923307770489913,0.024669136972810864,0.015524004344923733,0.4963401055914403,0.020244937650453997,16.5,16.285999870300294,-0.03846152991147278
2026-07-15,AMZN,254.9600067138672,0.03018304196089816,0.014101906412703081,0.011330271203335362,0.020969154452521083,0.026396339853728447,0.02643473704676667,0.016418142376509494,0.7436403077288747,0.011478860258092225,15.670000076293945,16.039999961853027,-0.05030302567915479
2026-07-16,AMZN,249.88999938964844,-0.019885500434225545,0.01863578427411058,0.013744359641882729,0.021021773555747067,0.040337694973331464,0.02701361003480283,0.01671518562683143,0.7391650610482752,0.020454526654641272,16.729999542236328,16.217999839782713,0.06764514746531392
2026-07-17,AMZN,247.22999572753903,-0.010644698341696013,0.019174314555700435,0.014438445182864704,0.02059369423451179,0.026898067670567415,0.026996634984908802,0.01673933451426664,0.7109906955421446,0.02065599154865542,18.770000457763672,16.96599998474121,0.12193669882519642
2026-07-20,AMZN,249.9900054931641,0.01116373341957555,0.019482445058372523,0.014685456067694008,0.020505963249310866,0.019560779559973863,0.026485191952500063,0.016501598182232995,0.5481184449345324,0.017306808610719242,18.649999618530273,17.263999938964844,-0.006393225162856231
2023-09-12,GOOGL,134.15045166015625,-0.011539721633644473,0.009274996674773344,0.010998410748203936,0.012827699743612267,0.01241312783537384,0.015748436501579005,0.009740176104727254,0.7325337436949781,0.006868740135465022,14.229999542236328,14.1439998626709,0.031159372866542467
2023-09-13,GOOGL,135.50840759277344,0.010122634071015213,0.008645952712482073,0.007721446787889831,0.012807665579260516,0.02011557212308347,0.015517496980716272,0.009604405568767332,0.8242188749081669,0.016157067090855317,13.479999542236328,13.949999809265137,-0.052705553346921175
2023-09-14,GOOGL,136.88623046875,0.010167803610512172,0.009153386850634139,0.007773130066314234,0.01195861939647459,0.017813116193739868,0.01519130609907098,0.009362979383301254,0.9840768876913455,0.01588080079282819,12.819999694824219,13.633999824523926,-0.04896141467543513
2023-09-15,GOOGL,136.19235229492188,-0.005069013672536871,0.009600944294686423,0.008051941670082614,0.012034029372788387,0.014847224421704056,0.015506406513855528,0.00952475078332072,1.5307517299304567,0.016308461043688556,13.789999961853027,13.623999786376952,0.07566304915127442
2023-09-18,GOOGL,136.99522399902344,0.005895130604418597,0.009761165973523372,0.008007139961705293,0.01201355683843066,0.018450205686170076,0.016727849252014263,0.010215562146294226,0.8746976150903174,0.01648863041470302,14.0,13.66399974822998,0.015228429204342975
2023-09-19,GOOGL,136.8267059326172,-0.001230101761850122,0.006868740135465022,0.008063594925448616,0.011131840120848464,0.012967318400338643,0.01683868736500722,0.01027509897965478,0.8224305334159251,0.01595898648765006,14.109999656677246,13.639999771118164,0.007857118334088975
2023-09-20,GOOGL,132.5645294189453,-0.031150179963923552,0.016157067090855317,0.012861755127033414,0.01264020722703495,0.03334833655360621,0.01948524025111177,0.012395073654059285,1.190345503475081,0.016981314615890333,15.140000343322754,13.97199993133545,0.07299792428826057
2023-09-21,GOOGL,129.2935333251953,-0.024674746013035098,0.01588080079282819,0.014682654759666652,0.013232440658664146,0.01655924841223906,0.01923446669481161,0.012251724493490459,1.2439316482975842,0.01411307163241645,17.540000915527344,14.916000175476075,0.15852050976095722
2023-09-22,GOOGL,129.10519409179688,-0.0014566794529834448,0.016308461043688556,0.014125144049880287,0.013236264320633163,0.01865637371041283,0.019996296552553364,0.012614204834255696,1.0466438548981203,0.015430004955115253,17.200000762939453,15.59800033569336,-0.019384272225830057
2023-09-25,GOOGL,129.9576416015625,0.00660273597636607,0.01648863041470302,0.01432430563845279,0.013284614202335667,0.016856009799328896,0.01967745737518513,0.012460835369615057,0.8074178648425102,0.01897468761431995,16.899999618530273,16.178000259399415,-0.017441926226863136
2023-09-26,GOOGL,127.43994903564452,-0.01937317832865104,0.01595898648765006,0.014967998280299852,0.013521493089244004,0.0244224874447599,0.021968491184069378,0.013635705117931926,1.0227646224060005,0.017056821158121304,18.940000534057617,17.144000434875487,0.12071011606950299
2023-09-27,GOOGL,129.39263916015625,0.01532243334439487,0.016981314615890333,0.015628124254030564,0.01365414561477675,0.01784883324728307,0.018868590522804752,0.011464610414109436,0.9426725459804889,0.018034065326814213,18.219999313354492,17.760000228881836,-0.03801484690607215
2023-09-28,GOOGL,131.1470947265625,0.013559160534894588,0.01411307163241645,0.016013743735226484,0.013762515822173966,0.026528681357359873,0.020862477111828915,0.012776330880883776,0.9443547130381237,0.017950943522556634,17.34000015258789,17.720000076293946,-0.0482985287557941
2023-09-29,GOOGL,129.70982360839844,-0.01095922956708062,0.015430004955115253,0.016158670739315387,0.013834723808803727,0.028198092802961025,0.022770820930338553,0.013947947412625557,1.2922883262182336,0.016489282273429655,17.520000457763672,17.78400001525879,0.010380640345549086
2023-10-02,GOOGL,132.99075317382812,0.025294379979537984,0.01897468761431995,0.01856370263879105,0.014065356652022278,0.0242230010013688,0.024244219170746532,0.014728508864354999,0.9318824376452408,0.014158671566913097,17.610000610351562,17.92600021362305,0.0051369948765045415
2023-10-03,GOOGL,131.26602172851562,-0.01296880726029237,0.017056821158121304,0.018822286690383824,0.014279986502096373,0.018273792213143347,0.023014480124423226,0.014068107612837066,0.954055766201682,0.011040351742308373,19.780000686645508,18.094000244140624,0.1232254401523627
2023-10-04,GOOGL,134.0513458251953,0.021218926726066956,0.018034065326814213,0.01767315678551042,0.014726694512580293,0.0224786189104045,0.02394043725704751,0.014551481491018488,1.091935737657544,0.010174948324382354,18.579999923706055,18.166000366210938,-0.06066737721347171
2023-10-05,GOOGL,133.88282775878906,-0.001257115811623355,0.017950943522556634,0.015239256544058841,0.014027420440169278,0.015103342224784868,0.021655369430532506,0.013303515697907026,0.8078682487891712,0.012982763045105537,18.489999771118164,18.39600028991699,-0.004843926423974909
2023-10-06,GOOGL,136.37075805664062,0.018582893261964495,0.016489282273429655,0.015807672992828613,0.013848465722274828,0.030164334205850477,0.022048617711110396,0.013706770442026608,1.1149975566905368,0.012545945223094273,17.450000762939453,18.382000350952147,-0.05624656684978524
2023-10-09,GOOGL,137.20339965820312,0.006105719535684173,0.014158671566913097,0.015804958806756076,0.013865844040910149,0.024057230711636898,0.02201546365316402,0.013679048938138297,0.7812173278761599,0.01367071960011305,17.700000762939453,18.400000381469727,0.01432664693808805
2023-10-10,GOOGL,136.8465576171875,-0.0026008250663218657,0.011040351742308373,0.013602393499111288,0.013837150213826602,0.01731130980669554,0.021822967171874458,0.013591342731205979,1.105008320390614,0.013562822377453765,17.030000686645508,17.850000381469727,-0.03785311002340763
2023-10-11,GOOGL,139.314697265625,0.018035818301997963,0.010174948324382354,0.013807281908965286,0.013352376174093634,0.01800070241453642,0.020927383872700843,0.013085625491997602,1.0189548039890886,0.011539432577144319,16.09000015258789,17.352000427246093,-0.05519674081955506
2023-10-12,GOOGL,137.74853515625,-0.011241901537415444,0.012982763045105537,0.014790611327423974,0.013457098149497039,0.02129960918087849,0.022166637263919566,0.01367477386355963,0.9748845829239412,0.010733356245363718,16.690000534057617,16.992000579833984,0.03729026574143468
2023-10-13,GOOGL,136.15267944335938,-0.011585282638979955,0.012545945223094273,0.014866895831810101,0.013643342758877559,0.024606907890169158,0.021055152000783305,0.012766693940894797,0.9509486240875179,0.011759805292819111,19.31999969482422,17.366000366210937,0.15757933352966802
2023-10-16,GOOGL,137.8773956298828,0.01266751556836554,0.01367071960011305,0.013412910217352157,0.013800377582284617,0.011790074174605012,0.018601720693376924,0.011428310871561643,1.1418758246748526,0.009988643032810001,17.209999084472656,17.268000030517577,-0.10921328383441054
2023-10-17,GOOGL,138.49195861816406,0.004457315033212339,0.013562822377453765,0.012072295792211208,0.01381536644273418,0.01946751500815256,0.01903296173366833,0.011702139174802393,0.936186984199023,0.013485539452401576,17.8799991607666,17.437999725341797,0.03893086065869911
2023-10-18,GOOGL,136.74745178222656,-0.01259644858332376,0.011539432577144319,0.011895561150242985,0.013904272925926584,0.02420988819475683,0.020274798889712408,0.012447984093128438,0.9428796451948938,0.04485249488462402,19.219999313354492,18.063999557495116,0.07494408364001504
2023-10-19,GOOGL,136.53927612304688,-0.0015223366612433509,0.010733356245363718,0.011904063294100438,0.01387853720284633,0.01655171527620235,0.01932522010877718,0.011921732306173211,1.0630861227822463,0.043978327125285696,21.399999618530273,19.00599937438965,0.11342353709976805
2023-10-20,GOOGL,134.4081573486328,-0.015608100723293217,0.011759805292819111,0.011525716619330472,0.014112046084171458,0.02057517080053031,0.01851887269084941,0.011366306050757804,1.0742206142086221,0.04505264418109833,21.709999084472656,19.483999252319336,0.01448595661066987
2023-10-23,GOOGL,135.30027770996094,0.006637397453594263,0.009988643032810001,0.011565288595472149,0.014146999711823777,0.027179536365327273,0.021596765128993865,0.013151615753247687,1.0600402420484092,0.047106565557415825,20.3700008392334,20.115999603271483,-0.06172263020488311
2023-10-24,GOOGL,137.5899658203125,0.016923011165282942,0.013485539452401576,0.012899028759047883,0.014300373927304183,0.01397595616689889,0.02049845336074313,0.012622741685900551,1.738198036656906,0.044230564133497345,18.969999313354492,20.333999633789062,-0.06872859441333212
2023-10-25,GOOGL,124.5059814453125,-0.0950940302731611,0.04485249488462402,0.03175382066932896,0.02251467724505003,0.025794107539416092,0.020815297229674984,0.0128411268031399,2.9229848702648336,0.018829711904062168,20.190000534057617,20.527999877929688,0.0643121383691494
2023-10-26,GOOGL,121.20524597167967,-0.026510657844038055,0.043978327125285696,0.032147627022907306,0.022793613393960976,0.025024576533659096,0.02250986948116633,0.013789363435468225,1.8653252013783395,0.010478479745255807,20.68000030517578,20.38400001525879,0.024269428338627552
2023-10-27,GOOGL,121.09620666503906,-0.0008996253071924531,0.04505264418109833,0.032348152221646595,0.02279823466558516,0.02537446607664012,0.023469728536388297,0.014379176113232653,1.4249531546230763,0.009129040192246822,21.270000457763672,20.296000289916993,0.02852998761514658
2023-10-30,GOOGL,123.3660888671875,0.01874445339503561,0.047106565557415825,0.03289781115214266,0.023102366975929805,0.021291993776091152,0.02229222001854107,0.013631847829634324,0.9155834356532779,0.008076868669867503,19.75,20.172000122070312,-0.07146217325109949
2023-10-31,GOOGL,122.98943328857422,-0.0030531532779545234,0.044230564133497345,0.03260160669455809,0.023099351783693114,0.021598970548250156,0.023816822894811324,0.014329445517459275,0.8274910723601088,0.005249319796486737,18.139999389648438,20.006000137329103,-0.08151901824564878
2023-11-01,GOOGL,125.33859252929688,0.019100496505344067,0.018829711904062168,0.03397334345718464,0.022829043820380594,0.021905865637942445,0.023039174514516595,0.0139109692149832,0.9418403620285773,0.002715934994668606,16.8700008392334,19.342000198364257,-0.0700109478029951
2023-11-02,GOOGL,126.36944580078124,0.008224548007776722,0.010478479745255807,0.03432195347868284,0.022469995131618584,0.01607965688848663,0.021250190585482102,0.012931960176622051,0.8396507991736166,0.009588095921314323,15.65999984741211,18.338000106811524,-0.07172501076628712
2023-11-03,GOOGL,127.96529388427734,0.0126284330312878,0.009129040192246822,0.03470844688232673,0.022596293978403702,0.012935693958110863,0.018762436161776246,0.011516040592204006,0.8185329574333772,0.010968463648244248,14.90999984741211,17.06599998474121,-0.047892720773170416
2023-11-06,GOOGL,129.10519409179688,0.00890788566898748,0.008076868669867503,0.034795479378943395,0.02262356021656293,0.01282148306291989,0.017068334019141998,0.010569135795529015,0.5910906869873771,0.01141062855049319,14.890000343322754,16.09400005340576,-0.0013413483765277734
2023-11-07,GOOGL,129.81884765625,0.005527690574135269,0.005249319796486737,0.03421208897960847,0.02234186865299091,0.01549972329828444,0.015848484569148853,0.009766023053122722,0.9203764978352488,0.012066813762359555,14.8100004196167,15.428000259399415,-0.005372728130387805
2023-11-08,GOOGL,130.68121337890625,0.006642839142585233,0.002715934994668606,0.013195566824386206,0.022204007888993224,0.010846541067138414,0.013636619654988047,0.008278899043183753,0.8166512071624555,0.012117359584834814,14.449999809265137,14.944000053405762,-0.02430794059092134
2023-11-09,GOOGL,129.0952911376953,-0.012135808967526196,0.009588095921314323,0.009713295474753718,0.02218160129049043,0.01904173543411915,0.01422903536411455,0.008703794689407603,0.7350473646497678,0.008865453623522932,15.289999961853027,14.870000076293945,0.058131499216304006
2023-11-10,GOOGL,131.42462158203125,0.01804349658154014,0.010968463648244248,0.009981751359772924,0.022331528666980873,0.025567535132962792,0.016755403599084936,0.010575593853629278,0.8285479345949156,0.011765870225139412,14.170000076293945,14.722000122070312,-0.07325048321473948
2023-11-13,GOOGL,130.92901611328125,-0.0037710245065507575,0.01141062855049319,0.009893793866273754,0.021852580299727153,0.010144570936794354,0.01622002117385983,0.010358117175183153,0.5731221989617383,0.010913139642117632,14.760000228881836,14.696000099182129,0.04163727236494141
2023-11-14,GOOGL,132.445556640625,0.011582921588837225,0.012066813762359555,0.009477661252599518,0.021820701525050407,0.017811627832616927,0.016682402080726327,0.010607763971101544,0.9993088631933174,0.010502112057076463,14.15999984741211,14.565999984741211,-0.04065043171853533
2023-11-15,GOOGL,133.436767578125,0.007483912353432265,0.012117359584834814,0.008562135027511094,0.021513762901763368,0.010845279364385629,0.01668214974017577,0.010607477200469742,0.735514194130867,0.010834087165683553,14.180000305175781,14.51200008392334,0.0014124617216946245
2023-11-16,GOOGL,135.7264862060547,0.017159578049498858,0.008865453623522932,0.009224324274010156,0.021735884455703607,0.021178661006364587,0.01710953485462486,0.010940709961148704,0.860903848854723,0.011267084211250297,14.319999694824219,14.318000030517577,0.009873017393189798
2023-11-17,GOOGL,134.12071228027344,-0.011830954817053319,0.011765870225139412,0.010744604189863302,0.02158150071975098,0.01781098001325257,0.015558223830682815,0.009721336215780899,1.1256195681758865,0.00947022638865388,13.800000190734863,14.244000053405761,-0.03631281530524766
2023-11-20,GOOGL,135.0524444580078,0.006946967115618374,0.010913139642117632,0.010678202897977043,0.02159068133317636,0.022311989320527557,0.017991707507429455,0.011116089309333688,0.8388416985040297,0.0093217440078726,13.40999984741211,13.973999977111816,-0.028260894053073637
2023-11-21,GOOGL,135.76612854003906,0.005284495848226989,0.010502112057076463,0.010676043390678017,0.02160958394596848,0.008906957370528577,0.016210773415011783,0.010331478130776292,0.7062393634538532,0.011710820457519264,13.350000381469727,13.81200008392334,-0.004474233156233853
2023-11-22,GOOGL,137.27276611328125,0.011097300847006553,0.010834087165683553,0.0108647617946526,0.02144609165506654,0.014080416426428958,0.01685780082742045,0.0106077976450895,0.6201995971848198,0.010225864274742416,12.850000381469727,13.546000099182129,-0.03745318245039286
2023-11-24,GOOGL,135.48858642578125,-0.012997331794331601,0.011267084211250297,0.011017951261315917,0.021479458184036463,0.01565585888818583,0.015753240403784695,0.00985893838446565,0.4723177625190079,0.010009324188883374,12.460000038146973,13.17400016784668,-0.0303502203692656
2023-11-27,GOOGL,135.2110595703125,-0.002048341213012672,0.00947022638865388,0.010152801649083788,0.021377284188960646,0.017740620951376213,0.015739168591409426,0.00982850569406781,0.9212819209552573,0.010835196616547848,12.6899995803833,12.952000045776368,0.018459032225695893
2023-11-28,GOOGL,135.99407958984375,0.005791094471262914,0.0093217440078726,0.009902882484880809,0.021273385742830893,0.013338206062388197,0.013944411939781553,0.008549310877990093,0.7513487070323712,0.013800633989399305,12.6899995803833,12.807999992370606,0.0
2023-11-29,GOOGL,133.80352783203125,-0.016107699426468947,0.011710820457519264,0.01127568795918322,0.021447776466080384,0.025557425052604315,0.017274505476196703,0.010647808623321764,0.9659422261181473,0.013240323822738717,12.979999542236328,12.733999824523925,0.02285263762351275
2023-11-30,GOOGL,131.3651580810547,-0.01822350868085887,0.010225864274742416,0.012515282186853247,0.02157767004670704,0.03221915273365242,0.020902252737641396,0.013151745962501793,1.543629834174303,0.02842419717600234,12.920000076293945,12.74799976348877,-0.004622455166284678
2023-12-01,GOOGL,130.70103454589844,-0.00505555312274264,0.010009324188883374,0.010672496407576044,0.021589679440943702,0.010920691906118439,0.019955219341227917,0.012808087870953867,1.2343174829616586,0.029645833216863197,12.630000114440918,12.781999778747558,-0.022445817348339614
2023-12-04,GOOGL,128.13381958007812,-0.019641887110838252,0.010835196616547848,0.01157979881991079,0.021694681615348002,0.016477119076507372,0.01970251896625415,0.012699797943502272,1.411071651620197,0.0283161157480697,13.079999923706055,12.859999847412109,0.03562943825713938
2023-12-05,GOOGL,129.8386993408203,0.01330546272896127,0.013800633989399305,0.012421872095924257,0.02181322175847755,0.029696917524378995,0.022974261258652307,0.014583990873142806,1.0371507969947593,0.028447947786126675,12.850000381469727,12.892000007629395,-0.01758406296467019
2023-12-06,GOOGL,128.87721252441406,-0.007405240666208401,0.013240323822738717,0.012025807330174621,0.0215696943177804,0.015074537691683943,0.020877683786468232,0.013521618240931534,0.9034819937443523,0.027969782971491934,12.970000267028809,12.890000152587891,0.009338512217643702
2023-12-07,GOOGL,135.7264862060547,0.05314573109922849,0.02842419717600234,0.021749555924043106,0.015666330568734333,0.028189591885038383,0.020071771616745428,0.012903962742317442,2.055893684911407,0.005977200168930935,13.0600004196167,12.918000221252441,0.00693910182998847
2023-12-08,GOOGL,133.80352783203125,-0.01416789329611079,0.029645833216863197,0.021824776012327428,0.015013115222089458,0.01755681917730952,0.021398997070983642,0.013416768514106772,1.1506054391440035,0.00664742500372552,12.350000381469727,12.862000274658204,-0.05436447284339452
2023-12-11,GOOGL,132.11846923828125,-0.012593528893089623,0.0283161157480697,0.02213147152482899,0.015278315603549536,0.014854796513408139,0.021074532558363796,0.013284461046060386,1.102279447203565,0.012159716722012708,12.630000114440918,12.772000312805176,0.022672042455262664
2023-12-12,GOOGL,131.35525512695312,-0.005776740494560451,0.028447947786126675,0.021975224785841563,0.015062442729680424,0.013130134599049693,0.017761175973297936,0.011161623852420801,1.0086389603161603,0.010918748975248247,12.069999694824219,12.616000175476074,-0.044338908514846676
2023-12-13,GOOGL,131.40481567382812,0.0003773015919850131,0.027969782971491934,0.021517240282340717,0.01503416558683661,0.014558290481656008,0.01765792653129235,0.011121875674245224,1.050059444467601,0.010632074782026728,12.1899995803833,12.460000038146973,0.009941995740939458
2023-12-14,GOOGL,130.7803497314453,-0.004752230267822566,0.005977200168930935,0.020769821195423702,0.014743855138526612,0.03054417693441055,0.018128843541166784,0.011561278164300701,1.3165215250847764,0.007696005356982915,12.479999542236328,12.343999862670898,0.023789989486111995
2023-12-15,GOOGL,131.43453979492188,0.005002204572934099,0.00664742500372552,0.020755121505373803,0.0147050241690432,0.017571657042276118,0.018131811114160103,0.011569815112214549,1.6641522951474512,0.007120922132223006,12.279999732971191,12.329999732971192,-0.016025626330215204
2023-12-18,GOOGL,134.60641479492188,0.02413273561842333,0.012159716722012708,0.02059216905876088,0.015150805684833513,0.03475700378964034,0.02211225256940654,0.014359204783044744,1.0644369081569267,0.005743540053833887,12.5600004196167,12.315999794006348,0.022801359343169958
2023-12-19,GOOGL,135.44894409179688,0.0062592061318818,0.010918748975248247,0.020400880717020668,0.015115618392794896,0.010171968179533161,0.021520619285503233,0.014181925541063886,0.8439298814209085,0.009436439015296987,12.529999732971191,12.407999801635743,-0.0023885896212750835
2023-12-20,GOOGL,137.12408447265625,0.012367319598476145,0.010632074782026728,0.02008290141384702,0.015226373809039849,0.02623962498276571,0.023856886185725172,0.01531046549570655,1.558370754399491,0.00885193583235906,13.670000076293945,12.703999900817871,0.09098167339325469
2023-12-21,GOOGL,139.18582153320312,0.01503555752788266,0.007696005356982915,0.01235598092145854,0.015392013139235454,0.010753523609993586,0.019898755520841784,0.013238624580053282,0.8591273707748298,0.005802533900268289,13.649999618530273,12.93799991607666,-0.0014630912693524012
2023-12-22,GOOGL,140.2464141845703,0.007619976228068426,0.007120922132223006,0.010909246563143796,0.015177899709106761,0.00904656675102541,0.01819373746259164,0.012602256696049377,0.8114691174896396,0.004703774004744491,13.029999732971191,13.08799991607666,-0.045421238306660006
2023-12-26,GOOGL,140.27615356445312,0.0002120509109322377,0.005743540053833887,0.009273987763757032,0.014910209090706112,0.01052847787869205,0.013348032280401984,0.008848452996815455,0.5184915564325329,0.00636027033057228,12.989999771118164,13.173999786376953,-0.003069835968746104
2023-12-27,GOOGL,139.13624572753906,-0.008126169758356672,0.009436439015296987,0.009629763062360082,0.014992143004205734,0.015601642214049468,0.014433967087305244,0.009394209907567497,0.6056598522245008,0.009120977046367235,12.430000305175781,13.15399990081787,-0.04311004432713539
2023-12-28,GOOGL,138.99746704101562,-0.0009974301505533134,0.00885193583235906,0.009725319872507807,0.014894412300693436,0.009912282906641165,0.011168498672080335,0.006836418565488155,0.5012316265389084,0.008780998869737608,12.470000267028809,12.913999938964844,0.0032180177691847334
2023-12-29,GOOGL,138.4622344970703,-0.0038506640109303714,0.005802533900268289,0.009621537764248877,0.014886826983458097,0.011310772449284152,0.011279948439938448,0.006897936356568504,0.6042946111230467,0.015982273844608187,12.449999809265137,12.673999977111816,-0.001603885913022296
2024-01-02,GOOGL,136.95558166503906,-0.010881326865074703,0.004703774004744491,0.010977101370690212,0.014738796507818046,0.021495268582631073,0.013769688806259584,0.008665883087236488,0.7745410684434587,0.01625263210818174,13.199999809265137,12.707999992370606,0.06024096477831753
2024-01-03,GOOGL,137.69900512695312,0.00542820856861681,0.00636027033057228,0.008516804903087243,0.01458074991485528,0.01835591049070329,0.01533517532866183,0.009573576285324407,0.8073300948455561,0.0164324837607728,14.039999961853027,12.918000030517579,0.06363637611557316
2024-01-04,GOOGL,135.19122314453125,-0.018212055926691728,0.009120977046367235,0.010532147268913973,0.014944665108504186,0.020602665673206455,0.016335380020493225,0.010210994879995775,0.9052544567712701,0.011502621957148318,14.130000114440918,13.257999992370605,0.006410267295756666
2024-01-05,GOOGL,134.53701782226562,-0.00483911090564082,0.008780998869737608,0.009628441705999888,0.014938807486565944,0.014808884026341727,0.01731470024443334,0.010626374743580825,0.7523475878671466,0.0094871677295378,13.350000381469727,13.434000015258789,-0.05520167916870922
2024-01-08,GOOGL,137.6197052001953,0.022913302433997584,0.015982273844608187,0.011335441200651122,0.015395628760569218,0.019806972576601137,0.019013940269896733,0.011509759080446895,0.7601740402198979,0.007122091369999077,13.079999923706055,13.560000038146972,-0.020224752812624813
2024-01-09,GOOGL,139.71116638183594,0.015197396176646283,0.01625263210818174,0.012201325750917851,0.015422948758249504,0.02369642901025516,0.019454172355421552,0.011841016199470316,0.8912202409609065,0.006260510177849832,12.760000228881836,13.472000122070312,-0.02446480861549971
2024-01-10,GOOGL,141.02944946289062,0.009435774642749584,0.0164324837607728,0.012588151240529722,0.015483563704863633,0.014689319340890605,0.01872085412545902,0.011460418547451327,0.7812231193704691,0.00802917435128374,12.6899995803833,13.202000045776368,-0.00548594414129322
2024-01-11,GOOGL,140.83120727539062,-0.001405679368777224,0.011502621957148318,0.012244830564900173,0.015470850011686785,0.03223537283241798,0.021047395557301323,0.013244028643530881,0.8879091731790312,0.011148459047735003,12.4399995803833,12.863999938964843,-0.019700552266877946
2024-01-12,GOOGL,141.39622497558594,0.004012020567930152,0.0094871677295378,0.012243829629720584,0.015123301538969618,0.009673955016253582,0.020020409755283693,0.012901437636796676,0.7095930383542111,0.011829626721322388,12.699999809265137,12.733999824523925,0.020900340647264315
2024-01-16,GOOGL,141.2376251220703,-0.0011216696453035802,0.007122091369999077,0.012134313191323718,0.014651599272750386,0.02035236889237526,0.020129489018438515,0.012936701964208246,0.8831161040285489,0.01138351479546229,13.84000015258789,12.885999870300292,0.08976380790896399
2024-01-17,GOOGL,140.22659301757812,-0.007158376555952195,0.006260510177849832,0.011744232431192879,0.014694062184581837,0.020781808270572084,0.019546564870501902,0.012563364999256893,0.8672915967399736,0.008542604209255605,14.789999961853027,13.291999816894531,0.06864160395890595
2024-01-18,GOOGL,142.2189178466797,0.014207895850766539,0.00802917435128374,0.012308318660686544,0.014231484451821675,0.015472548695351291,0.019703210741394035,0.012631818617885282,1.0794446057432387,0.009893291943059582,14.130000114440918,13.579999923706055,-0.04462473624843866
2024-01-19,GOOGL,145.09341430664062,0.020211772832217756,0.011148459047735003,0.010743608658975482,0.014448454448014838,0.014141221453619056,0.016084380465634256,0.010005003737580275,1.4108725435629577,0.009181196822089486,13.300000190734863,13.752000045776366,-0.058740263056175857
2024-01-22,GOOGL,144.70684814453125,-0.002664257119846969,0.011829626721322388,0.01049314225035324,0.014347139290313842,0.017466970037734727,0.01764298346993048,0.01072425760728619,1.373389166738463,0.0070998353134189805,13.1899995803833,13.85,-0.00827072246421412
2024-01-23,GOOGL,145.7476348876953,0.007192380709754254,0.01138351479546229,0.008971876136905617,0.010971500631379033,0.011425413169817506,0.015857592325418935,0.009736851487869175,0.9344703332090891,0.012840387589582967,12.550000190734863,13.592000007629395,-0.04852156254805884
2024-01-24,GOOGL,147.39305114746094,0.011289488580953577,0.008542604209255605,0.008593762745819739,0.010621985530945037,0.011768661976564097,0.014054963066617335,0.008550678684053178,1.09290836370393,0.03776552358981034,13.140000343322754,13.26200008392334,0.04701196363514493
2024-01-25,GOOGL,150.53517150878906,0.02131796809189157,0.009893291943059582,0.009931162770592968,0.010678331786431985,0.023111937041392357,0.015582840735825549,0.00972527984306938,1.2295652287620848,0.03521520396027178,13.449999809265137,13.126000022888183,0.02359204397585213
2024-01-26,GOOGL,150.85238647460938,0.002107248177558141,0.009181196822089486,0.009675829117965397,0.010514637949827049,0.010053214762815533,0.014765239397664845,0.009343120380124723,1.086733984764793,0.03607343357309323,13.260000228881836,13.118000030517578,-0.014126363054103419
2024-01-29,GOOGL,152.16075134277344,0.008673146635199469,0.0070998353134189805,0.009631304861290303,0.010506743332779926,0.015308489268501414,0.014333543243818182,0.009095422044842044,1.1286122289647742,0.03614169381346547,13.600000381469727,13.200000190734864,0.02564103670581619
2024-01-30,GOOGL,150.12876892089844,-0.013354182362687927,0.012840387589582967,0.011441387419787985,0.010891094993343913,0.016043790889115245,0.015257218787677728,0.009568629323616242,1.42488543241542,0.03678455161588913,13.3100004196167,13.35200023651123,-0.02132352600873144
2024-01-31,GOOGL,138.8686065673828,-0.07500336167712474,0.03776552358981034,0.02814840251313205,0.01816943777127369,0.029478977179779566,0.018799281828320823,0.011945233233015324,2.5766814449912014,0.0027847492074585868,14.350000381469727,13.594000244140625,0.07813673396435372
2024-02-01,GOOGL,139.9193115234375,0.007566180593486793,0.03521520396027178,0.027836757220719648,0.017719753927994318,0.016081072637930537,0.01739310894762846,0.011059584357816697,1.4089658647018128,0.003607766918988787,13.880000114440918,13.680000305175781,-0.03275263097802583
2024-02-02,GOOGL,141.12857055664062,0.008642545621735387,0.03607343357309323,0.02707491039478548,0.017747390591767824,0.042983529339141555,0.02397917186289366,0.015929338204308408,2.049919634436312,0.007546578097454223,13.850000381469727,13.79800033569336,-0.0021613640290952807
2024-02-05,GOOGL,142.4171600341797,0.009130606740056946,0.03614169381346547,0.027319060103193907,0.017688960800235805,0.018722178302697515,0.024661909669732883,0.01617923068204193,1.230661350955211,0.011372719150917178,13.670000076293945,13.812000274658203,-0.012996411568089838
2024-02-06,GOOGL,142.8334503173828,0.0029230345774569066,0.03678455161588913,0.027205698047185502,0.017504727628205003,0.015058973470038995,0.024464946185917633,0.016116690231354404,0.9196077991854038,0.015024025173283736,13.0600004196167,13.762000274658202,-0.04462323725477424
2024-02-07,GOOGL,144.2608184814453,0.009993234504178217,0.0027847492074585868,0.027140095030641655,0.017540929265175302,0.011611945302784768,0.020891539810518674,0.014439299538721594,0.7953073242924303,0.014518022745121418,12.829999923706055,13.458000183105469,-0.0176110634395672
2024-02-08,GOOGL,144.62757873535156,0.002542341418598104,0.003607766918988787,0.025988058046145165,0.01754204558178991,0.008429824526544547,0.019361290188241474,0.013970642492475779,0.71046421615634,0.017474385633561754,12.789999961853027,13.240000152587891,-0.0031176899525243718
2024-02-09,GOOGL,147.69039916992188,0.021177291781775853,0.007546578097454223,0.027134150677019197,0.017820068237366475,0.021879260171979813,0.015140436354809128,0.009566142828959843,0.8410429063699294,0.010448956042757711,12.930000305175781,13.056000137329102,0.010946078478523358
2024-02-12,GOOGL,146.2333221435547,-0.009865753187455195,0.011372719150917178,0.026974139987799555,0.017947168664307286,0.01335322467974939,0.014066645630219504,0.008893864418892249,0.6730535292620401,0.012706283479555321,13.930000305175781,13.108000183105469,0.07733951866959421
2024-02-13,GOOGL,143.8643341064453,-0.016200056200486146,0.015024025173283736,0.027102899199179464,0.018222035902411907,0.0205318708837723,0.015161225112966165,0.00965277254882589,0.861913274266961,0.014228191535109083,15.850000381469727,13.666000175476075,0.13783201968635694
2024-02-14,GOOGL,144.65728759765625,0.00551181428069758,0.014518022745121418,0.010526378543992474,0.018085029730090914,0.016650732451138316,0.01616898254263687,0.010174553324527612,0.7010856634586866,0.015228842150316255,14.380000114440918,13.976000213623047,-0.09274449411038432
2024-02-15,GOOGL,141.51516723632812,-0.02172113423049582,0.017474385633561754,0.01320206671449823,0.01857948045104859,0.021433056433577388,0.018769628924043442,0.011484177622660198,1.1399218111288745,0.010865166149218208,14.010000228881836,14.220000267028809,-0.02573017264356725
2024-02-16,GOOGL,139.28492736816406,-0.01575972322768482,0.010448956042757711,0.013912417955032244,0.018496870001521896,0.021705116417759452,0.01873480017319937,0.011411976437737687,0.9583538517152149,0.02306520581076643,14.239999771118164,14.482000160217286,0.016416812168366768
2024-02-20,GOOGL,139.879638671875,0.004269746303122712,0.012706283479555321,0.013591547114458586,0.018469653478528414,0.018353149287879837,0.019734785094825458,0.011913358794837355,0.7740730906726081,0.02364917676193008,15.420000076293945,14.780000114440918,0.082865191302115
2024-02-21,GOOGL,141.297119140625,0.010133572564303472,0.014228191535109083,0.014048406425430988,0.018101704891547665,0.014100383883507926,0.018448487694772583,0.011227279593225196,0.7131809322763254,0.02309366594625735,15.34000015258789,14.67800006866455,-0.005188062471480959
2024-02-22,GOOGL,142.8235626220703,0.01080307575079531,0.015228842150316255,0.014120914915081929,0.01800071435385568,0.015268214339343762,0.018171984072413674,0.011078699296593617,0.8325519455140634,0.024091808474321828,14.539999961853027,14.710000038146973,-0.05215125050698921
2024-02-23,GOOGL,142.69471740722656,-0.0009021285597299311,0.010865166149218208,0.014069237625960128,0.017930415014420116,0.008682967086022165,0.01562196620290263,0.009729561782473055,0.605808788202177,0.02378998252794931,13.75,14.657999992370605,-0.054332872347019445
2024-02-26,GOOGL,136.36087036132812,-0.044387396821584546,0.02306520581076643,0.017348618019511094,0.019720108976521118,0.03670860494945088,0.018622663909240913,0.012458649031546773,1.598649121256775,0.018146282952642045,13.739999771118164,14.557999992370606,-0.0007272893732244157
2024-02-27,GOOGL,137.65933227539062,0.00952224718588135,0.02364917676193008,0.018158046494094436,0.019792782593292618,0.015553021213759182,0.01806263829441678,0.01218329630350818,0.9786813797671214,0.01606191907403886,13.430000305175781,14.160000038146972,-0.022561824680231046
2024-02-28,GOOGL,135.1813201904297,-0.018001046816089605,0.02309366594625735,0.018280374879332213,0.020043583213691728,0.01906431112801807,0.01905542374331881,0.012649389885382065,1.1021126635811471,0.01530607002284056,13.84000015258789,13.860000038146973,0.030528655107632474
2024-02-29,GOOGL,137.24302673339844,0.015251415950550129,0.024091808474321828,0.0192012675321677,0.020232877298779855,0.017766911704336898,0.01955516321631744,0.012891587138777503,1.3011566282770954,0.01814172672639319,13.399999618530273,13.631999969482422,-0.03179194575191846
2024-03-01,GOOGL,135.9346466064453,-0.009533308599312118,0.02378998252794931,0.018397546157829542,0.020101106683005535,0.014219024040548301,0.020662374607222665,0.013235825072393147,0.9760517016539341,0.018879975965664982,13.109999656677246,13.50399990081787,-0.021641788814083185
2024-03-04,GOOGL,132.177978515625,-0.02763583960825322,0.018146282952642045,0.019595356141007176,0.02023283618871523,0.028121483527259752,0.01894495032278444,0.011742103564933713,1.772670883347193,0.01378234962933958,13.489999771118164,13.453999900817871,0.02898551673472971
2024-03-05,GOOGL,131.50390625,-0.005099731991629164,0.01606191907403886,0.019322428075144796,0.020236746011261113,0.01937142805222652,0.019708631690477908,0.012149565406450406,1.2689803402570112,0.012260995090122795,14.460000038146973,13.65999984741211,0.07190513591449865
2024-03-06,GOOGL,130.2451171875,-0.009572256052279848,0.01530607002284056,0.01848253675012482,0.020177526433371083,0.020776224157892615,0.020051014296452816,0.012340021065251469,1.1042445692274985,0.007010093870944352,14.5,13.791999816894531,0.0027662490835065334
2024-03-07,GOOGL,133.1988983154297,0.02267863234886147,0.01814172672639319,0.020129857388413563,0.020569486404506503,0.024780486010241395,0.021453729157633716,0.013201036535976431,1.1572278134909946,0.007378478621352575,14.4399995803833,13.999999809265137,-0.004137959973565475
2024-03-08,GOOGL,134.21983337402344,0.007664741011416343,0.018879975965664982,0.020584395007469652,0.020156121013436848,0.03020453605552258,0.024650831560628573,0.015001612020869267,1.1769504796465418,0.014005287354910915,14.739999771118164,14.32599983215332,0.020775637081209553
2024-03-11,GOOGL,136.45999145507812,0.01669021652569147,0.01378234962933958,0.016569118933623634,0.0204722447306541,0.021573336676146505,0.023341202190405926,0.01421152524761382,0.9616439891247408,0.022118610529102595,15.220000267028809,14.67199993133545,0.032564484624427736
2024-03-12,GOOGL,137.28268432617188,0.006028821065583667,0.012260995090122795,0.01638646926527689,0.02042531784379256,0.016967553093975716,0.02286042719875576,0.013980702851791552,0.8099360667262682,0.023543101880302342,13.84000015258789,14.547999954223632,-0.09067017675620026
2024-03-13,GOOGL,138.56134033203125,0.009314037033406164,0.007010093870944352,0.015322818963932998,0.020456636536670247,0.01502246902915382,0.021709676173008004,0.013450836424895272,0.6906015165475841,0.02349380029232643,13.75,14.397999954223632,-0.00650290112685159
2024-03-14,GOOGL,141.84225463867188,0.02367842501219064,0.007378478621352575,0.01629791638294513,0.015791826054526992,0.021872742770949066,0.02112812752514954,0.013073809608541894,1.2282103367729107,0.024010008344840055,14.399999618530273,14.389999961853027,0.04727269952947433
2024-03-15,GOOGL,139.93911743164062,-0.013417279723022535,0.014005287354910915,0.01668268109976218,0.01594702916885957,0.02231190012679999,0.01954960033940502,0.011891843046411874,1.3974623306093747,0.021762155208101583,14.40999984741211,14.323999977111816,0.0006944603574132735
2024-03-18,GOOGL,146.38198852539062,0.04604052971033856,0.022118610529102595,0.01786075536844749,0.017969050792911744,0.03372153287190514,0.02197923957855675,0.0137003804980449,1.8575032944320646,0.012672884945040984,14.329999923706055,14.145999908447266,-0.005551694972461885
2024-03-19,GOOGL,145.73768615722656,-0.0044015139748719845,0.023543101880302342,0.017794670730226548,0.017937476539538814,0.01843155463223557,0.022272039886208718,0.013828084858187465,0.646354067787371,0.011935364523743842,13.819999694824219,14.141999816894531,-0.03558968817844477
2024-03-20,GOOGL,147.43267822265625,0.011630430742540332,0.02349380029232643,0.01634534754672031,0.01804108301509741,0.014253025674958219,0.022118151215369593,0.013778098576505835,0.5737429963052583,0.011371852543304748,13.039999961853027,13.999999809265137,-0.056439924037285816
2024-03-21,GOOGL,146.30271911621094,-0.007664237807162522,0.024010008344840055,0.017065106922908618,0.018032834672826806,0.023509492393039094,0.022445501139787598,0.013932593203111627,0.6686570582800656,0.009986868893194388,12.920000076293945,13.703999900817871,-0.009202445238506662
2024-03-22,GOOGL,149.44483947753906,0.021476841854403794,0.021762155208101583,0.017449614919095444,0.018429222045013603,0.017244849969076523,0.021432091108242908,0.01341686385919989,0.7787993019764847,0.01375157716704359,13.0600004196167,13.434000015258789,0.010835939821674634
2024-03-25,GOOGL,148.75099182128906,-0.004642834497836756,0.012672884945040984,0.01796462615788519,0.018066179744492195,0.017058688836224387,0.018099522301106757,0.011017818828361635,0.5373092873784444,0.014027069219666467,13.1899995803833,13.205999946594238,0.009953993613303291
2024-03-26,GOOGL,149.34571838378906,0.003998135106315859,0.011935364523743842,0.01801090347283295,0.017971696163067628,0.015132400657099065,0.017439691506079456,0.01065082769948675,0.6285102410895831,0.01410598504323674,13.239999771118164,13.089999961853028,0.003790765149775055
2024-03-27,GOOGL,149.54393005371094,0.0013272002175015452,0.011371852543304748,0.018152314291578615,0.01768055638728407,0.018161367944870572,0.01822135996006193,0.011071713473189321,0.6628162302370361,0.020957024034657244,12.779999732971191,13.03799991607666,-0.0347432058987206
2024-03-28,GOOGL,149.60342407226562,0.0003978363985306377,0.009986868893194388,0.017365826397907406,0.017664617464019317,0.008348204916054005,0.01518910246466491,0.009396805033029254,0.7279568471495462,0.02180994080713108,13.010000228881836,13.055999946594238,0.017996909289228258
2024-04-01,GOOGL,154.1233673095703,0.030212832796669975,0.01375157716704359,0.017571673835099465,0.01787705111274877,0.032992505637528174,0.01833863359835524,0.012150410930772106,0.9425521101139263,0.017681130041534862,13.649999618530273,13.173999786376953,0.04919288073705452
2024-04-02,GOOGL,153.2015380859375,-0.005981112661399557,0.014027069219666467,0.012683409135822532,0.017610302043301856,0.016498467210386048,0.01822658927318757,0.01209519895187438,0.7660598053847903,0.018075119788940594,14.609999656677246,13.457999801635742,0.0703296750897886
2024-04-03,GOOGL,153.55836486816406,0.0023291331580914676,0.01410598504323674,0.012324065279252363,0.017610292740084812,0.015169159122716006,0.01823394096631096,0.01211165126413191,0.7888029257069293,0.01825887545733071,14.329999923706055,13.67599983215332,-0.019164937683158856
2024-04-04,GOOGL,149.2069549560547,-0.02833717274760794,0.020957024034657244,0.015983535368890793,0.018472448794544252,0.028698647174990197,0.020341396812334885,0.013435704065987911,1.1097729092584623,0.008880137560197506,16.350000381469727,14.389999961853027,0.14096304734949738
2024-04-05,GOOGL,151.15963745117188,0.013087074229832574,0.02180994080713108,0.016035697951628333,0.018514715167233315,0.025049128297899535,0.023681581488703994,0.014877568230332055,0.7672431597825285,0.013132511503762477,16.030000686645508,14.994000053405761,-0.019571846321599473
2024-04-08,GOOGL,153.48898315429688,0.015409839176661277,0.017681130041534862,0.01537644447957838,0.018663694942964208,0.017177937082748094,0.020518667777747975,0.01272617854369734,0.6983880770021602,0.0159454356755754,15.1899995803833,15.302000045776367,-0.05240181349224815
2024-04-09,GOOGL,155.22360229492188,0.011301261530159756,0.018075119788940594,0.01534783531756472,0.01646935919863459,0.02151976363883327,0.02152292706343742,0.013240817434579274,1.0508838149454447,0.014668513532088746,14.979999542236328,15.376000022888183,-0.013824887685854326
2024-04-10,GOOGL,154.7676544189453,-0.0029373617751137227,0.01825887545733071,0.015522442671955915,0.016494340815286057,0.012360752799505033,0.020961245798795224,0.0130227618302793,0.7784544414332211,0.015286094003891871,15.800000190734863,15.670000076293945,0.05473969783420429
2024-04-11,GOOGL,158.00889587402344,0.020942628272341057,0.008880137560197506,0.016406180463262275,0.016229952342178687,0.020199397076354465,0.01926139577906808,0.011904506977636623,0.9199796135031757,0.010250742399127287,14.90999984741211,15.381999969482422,-0.05632913497334324
2024-04-12,GOOGL,156.34365844726562,-0.010538884013754912,0.013132511503762477,0.01714265061984698,0.016369362661354105,0.01952705201599729,0.01815698052268763,0.011092166360184244,0.8846567256462242,0.01054762389490178,17.309999465942383,15.637999725341796,0.16096577083110009
2024-04-15,GOOGL,153.49887084960938,-0.018195733846255058,0.0159454356755754,0.015878597910525597,0.016698200406999424,0.03002718027215746,0.020726829160569504,0.0128395058926253,0.9852620067517669,0.010061275484380478,19.229999542236328,16.445999717712404,0.11091855202373435
2024-04-16,GOOGL,153.04293823242188,-0.002970266912479147,0.014668513532088746,0.01578701869654134,0.015651411165539742,0.01437824681645712,0.019298525796094278,0.012101568269917764,0.8272848121902833,0.010598015711230844,18.399999618530273,17.129999732971193,-0.04316172352906522
2024-04-17,GOOGL,154.10354614257812,0.006930132957494228,0.015286094003891871,0.015928560309301933,0.015537018416977307,0.016080272595167963,0.02004242975522686,0.012406574320346997,0.8704423525073348,0.01055190568915483,18.209999084472656,17.61199951171875,-0.010326116195473745
2024-04-18,GOOGL,154.6387481689453,0.003473002664533098,0.010250742399127287,0.012299509335397201,0.01528355438888343,0.014870889083436796,0.018976728156643325,0.011831637054735776,0.7975237175362963,0.015256551918415242,18.0,18.229999542236328,-0.011532075509642303
2024-04-19,GOOGL,152.73565673828125,-0.012306691907418399,0.01054762389490178,0.012747911700262236,0.01529000872707028,0.02634822282486731,0.02034096231841733,0.012756842883387158,1.2879364648127145,0.04634253027536983,18.709999084472656,18.509999465942382,0.039444393581814285
2024-04-22,GOOGL,154.90640258789062,0.014212436676322548,0.010061275484380478,0.012603483829307219,0.015380479239423688,0.022907613635897606,0.018917048991165357,0.011723780849190632,1.0500507432012844,0.05308266040303653,16.940000534057617,18.051999664306642,-0.09460174436266822
2024-04-23,GOOGL,156.8690185546875,0.012669689141372453,0.010598015711230844,0.01273461217938471,0.01529148812488674,0.016997362155791423,0.019440872059032218,0.011982093826682704,0.8366349567108771,0.05519973842848938,15.6899995803833,17.509999656677245,-0.07378990048797274
2024-04-24,GOOGL,157.73138427734375,0.005497361624377195,0.01055190568915483,0.012714753434777981,0.015290285974659687,0.015082065491299774,0.01924123063825858,0.011898340099917153,0.8998882206180122,0.05519531219614922,15.970000267028809,17.061999893188478,0.017845805872141796
2024-04-25,GOOGL,154.62887573242188,-0.019669570257918045,0.015256551918415242,0.012465378615183178,0.01589572149493447,0.03602570753831128,0.023472194329233483,0.014901688874980083,2.113234594324172,0.05315597053441672,15.369999885559082,16.535999870300294,-0.03757046784203688
2024-04-26,GOOGL,170.43869018554688,0.1022436099224,0.04634253027536983,0.03486572195095866,0.02379519919056533,0.029427234121474848,0.02408799658855499,0.01531144464299151,2.2272439598364318,0.02089816782865845,15.029999732971191,15.8,-0.022121025056567434
2024-04-29,GOOGL,164.68966674804688,-0.03373074171856971,0.05308266040303653,0.036527912164425316,0.024652264218160108,0.02612095394113905,0.024730664649603277,0.01564854792056604,1.5342574871580361,0.013696094727329243,14.670000076293945,15.345999908447265,-0.023952073391426465
2024-04-30,GOOGL,161.34927368164062,-0.020282954798351738,0.05519973842848938,0.03748415859181424,0.02387393101249482,0.03378793488908368,0.028088779196261727,0.017426783871188848,1.11221682510079,0.0070234397992545465,15.649999618530273,15.33799991607666,0.06680296776684846
2024-05-01,GOOGL,162.41978454589844,0.006634742381115721,0.05519531219614922,0.03748337616410965,0.02383271597177425,0.024594158209970608,0.029991197739995888,0.018168845759540267,1.0939773628094338,0.011932969134111553,15.390000343322754,15.22199993133545,-0.01661337262268492
2024-05-02,GOOGL,165.155517578125,0.016843594762025127,0.05315597053441672,0.03762640766282625,0.023910026279787586,0.01704475105699767,0.02619500644373317,0.015965858048962504,0.807274290833402,0.01050649062100218,14.680000305175781,15.08400001525879,-0.04613385460092079
2024-05-03,GOOGL,165.77008056640625,0.0037211169041964087,0.02089816782865845,0.03703941470129817,0.023807692793451636,0.029359025955724958,0.02618136481058319,0.016003029242226467,1.130739098550823,0.011756969097112649,13.489999771118164,14.776000022888184,-0.08106270499449886
2024-05-06,GOOGL,166.62252807617188,0.0051423484072214976,0.013696094727329243,0.03700356459075723,0.023590350087804607,0.012552055524925049,0.023467585127340394,0.014801969591822534,0.7121162122813698,0.011636869485348344,13.489999771118164,14.539999961853027,0.0
2024-05-07,GOOGL,169.74484252929688,0.018738849357138765,0.0070234397992545465,0.03713988181238517,0.023684684275724295,0.019678803604014677,0.020645758870326596,0.012945908725893577,0.9174959748687179,0.007806090827377992,13.229999542236328,14.055999946594238,-0.01927355324634561
2024-05-08,GOOGL,167.89126586914062,-0.010919781906400639,0.011932969134111553,0.03764741617993374,0.0238553092173246,0.008324408800766127,0.017391808988485698,0.011384654386307067,0.6437703716472726,0.007484599421798402,13.0,13.577999877929688,-0.017384697671535276
2024-05-09,GOOGL,168.4661865234375,0.003424363091913296,0.01050649062100218,0.03653011569639984,0.02384974895211361,0.014768237623399768,0.016936506301766116,0.011142256608103508,0.5148749499063212,0.007938052675579815,12.6899995803833,13.179999732971192,-0.023846186124361513
2024-05-10,GOOGL,167.1676788330078,-0.007707823850153117,0.011756969097112649,0.01641749937857909,0.02394057294161688,0.021701771684354974,0.015405055447492119,0.009740864165780835,0.9923718649643769,0.0038012532572377113,12.550000190734863,12.99199981689453,-0.011032261172400193
2024-05-13,GOOGL,167.6533660888672,0.002905389721565399,0.011636869485348344,0.011996087297549791,0.02342207768329288,0.031216736421603754,0.01913799162682786,0.012482460263763559,1.0360163129676982,0.003091178973859637,13.600000381469727,13.013999938964844,0.08366535257186958
2024-05-14,GOOGL,168.8428192138672,0.007094716633184062,0.007806090827377992,0.009176307191213814,0.023369552801974086,0.014382981101997299,0.018078827126424384,0.011935931671760547,0.8250322597591928,0.00346661309057719,13.420000076293945,13.052000045776367,-0.013235316185802093
2024-05-15,GOOGL,170.99374389648438,0.012739213267297433,0.007484599421798402,0.00952407022695284,0.023428777445261506,0.012405074823439444,0.018894960330959047,0.012193977139875974,0.8773646503282662,0.0075848380708667664,12.449999809265137,12.942000007629394,-0.07228019832446109
2024-05-16,GOOGL,172.64906311035156,0.009680583488886452,0.007938052675579815,0.008792148474752882,0.02264291092569499,0.013951043621321248,0.018731521530543343,0.01212216147431054,0.8956589567341948,0.011084612031444186,12.420000076293945,12.888000106811523,-0.0024096171430353364
2024-05-17,GOOGL,174.5125732421875,0.010793630143505872,0.0038012532572377113,0.009006010403876375,0.022618923915301764,0.014654105798201159,0.01732198835331258,0.011331309075927536,0.7971741193017559,0.010478571186100502,11.989999771118164,12.776000022888184,-0.034621602458483336
2024-05-20,GOOGL,175.364990234375,0.004884559183048198,0.003091178973859637,0.009006528185466399,0.022533967249147156,0.01520462621098091,0.014119566311188011,0.00851758489144292,0.739173345922501,0.011019350506065227,12.149999618530273,12.485999870300294,0.01334444123990064
2024-05-21,GOOGL,176.28683471679688,0.005256719036050628,0.00346661309057719,0.0076564877190046935,0.022499785698943175,0.013157133863288402,0.013874396863446232,0.008377443764384878,0.5606157025127458,0.010538941956627022,11.859999656677246,12.173999786376953,-0.023868310366918943
2024-05-22,GOOGL,174.8297576904297,-0.00826537630395352,0.0075848380708667664,0.00711580800265704,0.022581279572696386,0.010998906502503672,0.013593163199259078,0.008228405904797877,0.5948115664901527,0.013671230538695815,12.289999961853027,12.141999816894531,0.03625635055846632
2024-05-23,GOOGL,172.0246124267578,-0.01604501030447536,0.011084612031444186,0.009559267204250621,0.022651364331826258,0.03053876668718474,0.01691070781243178,0.010924491299264087,0.7440941119844845,0.01229380127788638,12.770000457763672,12.211999893188477,0.03905618367782915
2024-05-24,GOOGL,173.45196533203125,0.008297376085536268,0.010478571186100502,0.009054994025420284,0.022521674908332054,0.01211503691311897,0.01640289403541534,0.010690343994802587,0.6413345812345596,0.011583674436920046,11.930000305175781,12.2,-0.06577917952048329
2024-05-28,GOOGL,174.84954833984375,0.008057464238800494,0.011019350506065227,0.009148683914608416,0.022148388865748377,0.016439961766524874,0.016649961146524134,0.01083176868864893,0.8362847804113211,0.010751659641538742,12.920000076293945,12.354000091552734,0.08298405245544349
2024-05-29,GOOGL,174.3539581298828,-0.002834380841508888,0.010538941956627022,0.009342322668775691,0.022146805769266264,0.012052275103745074,0.016428989394615467,0.010733553918344614,0.9708558929433865,0.012072059878787688,14.279999732971191,12.838000106811524,0.10526313070017856
2024-05-30,GOOGL,170.59725952148438,-0.021546391310485413,0.013671230538695815,0.011514342320310738,0.022647320848653552,0.01992916113187214,0.018215040320489158,0.011604114219360409,0.9732110724059022,0.0029703467064250313,14.470000267028809,13.27400016784668,0.01330535977664793
2024-05-31,GOOGL,170.98385620117188,0.0022661365180887127,0.01229380127788638,0.011038282836349556,0.022648687441451914,0.020985478940217298,0.016304382771095673,0.010058246389137698,1.5534045895284925,0.00880492059504183,12.920000076293945,13.304000091552734,-0.10711818674023643
2024-06-03,GOOGL,171.64796447753906,0.0038840408160278894,0.011583674436920046,0.010423147706284358,0.02244876861780884,0.019460617617491294,0.017773498911970137,0.010861386032327511,1.1503711283411762,0.008825856985510085,13.109999656677246,13.539999961853027,0.014705849788028802
2024-06-04,GOOGL,172.2624969482422,0.0035801908433557017,0.010751659641538742,0.01034075594226259,0.022367933221499686,0.011278018238024719,0.01674111020627011,0.010373868639780431,1.1144024984877814,0.009358994634529523,13.15999984741211,13.58799991607666,0.003813897181103032
2024-06-05,GOOGL,173.86830139160156,0.009321845856221644,0.012072059878787688,0.010719129606477498,0.0223303645139379,0.01550653419939863,0.017431962025400816,0.010700183549893768,0.9264059596257687,0.009010843945326053,12.630000114440918,13.257999992370605,-0.04027353640702469
2024-06-06,GOOGL,175.17666625976562,0.007525033934835834,0.0029703467064250313,0.01074670973958204,0.022339163012607757,0.007921654106995668,0.015030460620425522,0.009531114235859818,0.9685606246010067,0.011396919730079278,12.579999923706055,12.879999923706055,-0.00395884325271656
2024-06-07,GOOGL,172.9266357421875,-0.012844350595424658,0.00880492059504183,0.010243329156685207,0.02212633288372594,0.020463097145725067,0.014925984261527076,0.009394654266414459,0.8117347178906639,0.010119165016838278,12.220000267028809,12.739999961853027,-0.028616825028659476
2024-06-10,GOOGL,173.67088317871094,0.004303833433925153,0.008825856985510085,0.009983163749279185,0.012061276313907436,0.024570042778841717,0.015947869293797164,0.010219462514833424,0.9920101347113865,0.010089915868569709,12.739999771118164,12.66599998474121,0.042553149977613725
2024-06-11,GOOGL,175.26856994628906,0.009199508509057708,0.009358994634529523,0.010089369903141543,0.010245808784664563,0.017381905505051976,0.017168646747202608,0.010829942379496063,0.9194206189483299,0.011052828143729886,12.850000381469727,12.604000091552734,0.008634270983343129
2024-06-12,GOOGL,176.42959594726562,0.0066242681236707845,0.009010843945326053,0.010207063471871562,0.009355317677477845,0.024185855301976675,0.01890451096771822,0.011911997691998856,1.1824447185759759,0.011107308313335455,12.039999961853027,12.486000061035156,-0.06303505023896772
2024-06-13,GOOGL,173.81971740722656,-0.014792747928863093,0.011396919730079278,0.008634823009056877,0.009873830923131686,0.01061886601657976,0.019443953349635036,0.012059381170124428,0.8989718906058076,0.011341303585555382,11.9399995803833,12.357999992370605,-0.008305679550378975
2024-06-14,GOOGL,175.43727111816406,0.009305927630453237,0.010119165016838278,0.008948643318938142,0.009582890381733036,0.01646022836484629,0.018643379593459283,0.011644126372630226,0.7931899377167005,0.011451492042889902,12.65999984741211,12.445999908447266,0.060301532021133974
2024-06-17,GOOGL,175.88381958007812,0.002545345462044324,0.010089915868569709,0.008937485145450513,0.009578264434701146,0.020029355347174885,0.017735242107125918,0.01100637900926635,0.8707599359440966,0.015692058216511946,12.75,12.447999954223633,0.0071090168777756535
2024-06-18,GOOGL,173.75027465820312,-0.012130421814632086,0.011052828143729886,0.010035390579050897,0.00989794403785792,0.01879029844619873,0.018016920695355265,0.011148897845397002,0.9721642800672738,0.012647754867900358,12.300000190734863,12.33799991607666,-0.03529410268746169
2024-06-20,GOOGL,174.95101928710938,0.006910749529854376,0.011107308313335455,0.00983773882167453,0.009408795533889888,0.013045874946998933,0.01578892462435972,0.009727284802313343,0.8898887335613074,0.012579763099917438,13.279999732971191,12.585999870300293,0.07967475829590032
2024-06-21,GOOGL,178.25555419921875,0.018888343295024423,0.011341303585555382,0.011270187452549657,0.009671361686199677,0.023604104981960913,0.01838597241743595,0.011275892431123152,2.3432992894519686,0.016298963697178637,13.199999809265137,12.83799991607666,-0.006024090761646117
2024-06-24,GOOGL,177.8486785888672,-0.0022825409967133226,0.011451492042889902,0.010188157587568029,0.009699361585070228,0.012387017105134686,0.017571330165493632,0.010878222121164245,0.7464843577095275,0.01604094837254628,13.329999923706055,12.97199993133545,0.009848493660558288
2024-06-25,GOOGL,182.62185668945312,0.026838423194698535,0.015692058216511946,0.012720985915159166,0.010539371058274525,0.026463050315117385,0.01885806915908213,0.01187085587319537,0.9311759063840152,0.011642216754690423,12.84000015258789,12.989999961853027,-0.03675917283740937
2024-06-26,GOOGL,182.47300720214844,-0.0008150694007991177,0.012647754867900358,0.012757473906895125,0.0105624522637405,0.011039801639066683,0.01730796979765572,0.011156385195320301,0.7998592112321375,0.011591032627499167,12.550000190734863,13.039999961853027,-0.022585666542580096
2024-06-27,GOOGL,183.9912872314453,0.00832057328684721,0.012579763099917438,0.012805816918417914,0.010581667696837478,0.010948701468106168,0.016888535101877166,0.010993072709625289,0.7669598034677965,0.015766301768427988,12.239999771118164,12.831999969482421,-0.024701228279307874
2024-06-28,GOOGL,180.7562561035156,-0.017582523480366374,0.016298963697178637,0.013288742464346968,0.011049426638434915,0.01740322961935894,0.015648360029356774,0.010087902161214645,1.1715415604213864,0.012551991520364366,12.4399995803833,12.679999923706054,0.01633985400367921
2024-07-01,GOOGL,181.58981323242188,0.004611498085183463,0.01604094837254628,0.013162793781464037,0.01096496002566047,0.014099140683129029,0.015990784744955643,0.010255186343173815,0.6723630519362137,0.013013894375629255,12.220000267028809,12.457999992370606,-0.017684832859754307
2024-07-02,GOOGL,183.82261657714844,0.012295862333801422,0.011642216754690423,0.013439937438895494,0.011011052774975003,0.021647644389499694,0.015027703559832104,0.009373255560524837,0.7455557410474302,0.012944495746830972,12.029999732971191,12.295999908447266,-0.015548324869538943
2024-07-03,GOOGL,184.39816284179688,0.003130987227607518,0.011591032627499167,0.012145103809252801,0.010998720748665381,0.011247423611624376,0.01506922795434364,0.009393156670079393,0.455821626927304,0.020773730735816343,12.09000015258789,12.203999900817871,0.004987566163634494
2024-07-05,GOOGL,189.14161682128903,0.025723976347648225,0.015766301768427988,0.013659159769446025,0.011828257266090299,0.026547730307236356,0.01818903372216968,0.011472904537893404,0.9354442004801805,0.015039495963300396,12.479999542236328,12.251999855041504,0.03225801362500036
2024-07-08,GOOGL,187.5835876464844,-0.008237368385598298,0.012551991520364366,0.013928177176725787,0.011827386158931807,0.012643492594204001,0.017237086317138692,0.011029415800278,0.9431561447345355,0.016074254227199193,12.369999885559082,12.23799991607666,-0.008814075377564845
2024-07-09,GOOGL,187.53399658203125,-0.00026436782170202733,0.013013894375629255,0.013821919498714823,0.011317908695481294,0.013969729332911456,0.017211204047095176,0.011007563680595581,0.6849474537216336,0.016743754224977682,12.510000228881836,12.295999908447266,0.01131773198205055
2024-07-10,GOOGL,189.71713256835935,0.011641281186972163,0.012944495746830972,0.011905779447008793,0.011388700066864123,0.01422743657761256,0.015727162484717748,0.010072914687941624,0.7355443235482078,0.014086542818511998,12.850000381469727,12.460000038146973,0.02717826909410692
2024-07-11,GOOGL,184.1500701904297,-0.0293440149688311,0.020773730735816343,0.01590342892424056,0.012783883358923394,0.031147268153082323,0.019707131393009343,0.01266800107340588,1.170540482763787,0.010990567893618096,12.920000076293945,12.626000022888183,0.00544744690631771
2024-07-12,GOOGL,183.6539001464844,-0.002694378793514418,0.015039495963300396,0.0157227650299561,0.012782155619056122,0.014156778589183155,0.017228941049398698,0.011078975603864897,1.0579577263223259,0.011380523273080277,12.460000038146973,12.622000122070313,-0.035603717912586985
2024-07-15,GOOGL,185.10272216796875,0.007888871515000506,0.016074254227199193,0.014593457665533667,0.012035161019512852,0.01779878489222006,0.018259999509001913,0.011577840135065479,0.7690225002334049,0.0170267799857564,13.119999885559082,12.772000122070313,0.0529694899993165
2024-07-16,GOOGL,182.51271057128903,-0.01399229339441832,0.016743754224977682,0.015451453772854961,0.012419668122485815,0.028871235382005908,0.021240300718820805,0.013375645979839774,0.8533754981429645,0.01637300056843656,13.1899995803833,12.907999992370605,0.0053353426398474735
2024-07-17,GOOGL,179.63490295410156,-0.015767710688091574,0.014086542818511998,0.01564151511494184,0.012841702723361074,0.02016356794346141,0.02242752699199057,0.013902773149940532,0.964864337256944,0.02724507213796385,14.479999542236328,13.233999824523925,0.09780136488947022
2024-07-18,GOOGL,176.3303680419922,-0.01839583988281901,0.010990567893618096,0.01629527610995381,0.013341730075645417,0.0339354983198074,0.022985173025335585,0.014370248169740214,1.168699658494305,0.028849343242971323,15.930000305175781,13.835999870300293,0.1001381774018697
2024-07-19,GOOGL,176.3006134033203,-0.00016874369969432923,0.011380523273080277,0.012632062055922919,0.013246454494390887,0.01778671810302498,0.023711160928103953,0.014653155579556177,0.8742626177131952,0.028706922418210275,16.520000457763672,14.647999954223632,0.037037045906157084
2024-07-22,GOOGL,180.2799072265625,0.022571071911921425,0.0170267799857564,0.015670290137338713,0.013793272486908347,0.01359608766223543,0.022870621482107025,0.014326160741093063,1.2101836945594635,0.026588556574060916,14.90999984741211,15.005999946594239,-0.09745766136434542
2024-07-23,GOOGL,180.39898681640625,0.0006605261322556455,0.01637300056843656,0.015696529391301433,0.013542279391206315,0.011386805658552494,0.019373735537416344,0.012479145165708954,1.7462722738258993,0.027144777810047333,14.720000267028809,15.31200008392334,-0.012743097406287318
2024-07-24,GOOGL,171.30908203125,-0.05038778180282755,0.02724507213796385,0.020465700723405478,0.016508258991821036,0.02531422692222022,0.020403867333168103,0.013119765027330633,2.2396140210067133,0.017750018274841076,18.040000915527344,16.024000358581542,0.22554351822499452
2024-07-25,GOOGL,166.0000457763672,-0.030990979532038776,0.028849343242971323,0.02064484060086841,0.017319649105263922,0.03724292068987099,0.021065351807180825,0.01368381096678325,1.9175129960755795,0.007759484416244624,18.459999084472656,16.530000114440917,0.023281493771090345
2024-07-26,GOOGL,165.72218322753906,-0.0016738703144845157,0.028706922418210275,0.020688144409730484,0.017248851656940286,0.024131729217346548,0.022334354030045137,0.014393477549241716,1.6861801382534816,0.015001300230783493,16.389999389648438,16.50399990081787,-0.11213433355830271
2024-07-29,GOOGL,168.23280334472656,0.015149571821295504,0.026588556574060916,0.021498279441456405,0.017345489016092782,0.014392657347881517,0.022493667967174356,0.014450154743807446,0.843046737959806,0.02178884803018523,16.600000381469727,16.842000007629395,0.012812751655983723
2024-07-30,GOOGL,168.9869842529297,0.004482959881835447,0.027144777810047333,0.021841317726941575,0.017269420197875963,0.016383777063429063,0.02349306224814967,0.014798710934581375,0.78282287670902,0.0202229142271701,17.690000534057617,17.436000061035156,0.06566265828551643
2024-07-31,GOOGL,170.22743225097656,0.0073404943199071315,0.017750018274841076,0.02208483655299953,0.01732644181393444,0.024717300099759462,0.023373676883657518,0.014740190934632242,1.044307079233128,0.019390641300409593,16.360000610351562,17.1,-0.07518371303299154
2024-08-01,GOOGL,169.45338439941406,-0.004547139326059213,0.007759484416244624,0.021589993738038323,0.01721253331900855,0.03027640158853679,0.021980373063390676,0.013649594171513468,0.967633653427054,0.0248257433616727,18.59000015258789,17.126000213623048,0.13630803539367387
2024-08-02,GOOGL,165.384765625,-0.024010253845529794,0.015001300230783493,0.022449094377564028,0.017661649611364218,0.023040899157040197,0.021762207051329408,0.013496730520019864,1.1308233514802748,0.024768314939903693,23.389999389648438,18.526000213623046,0.2582032919667483
2024-08-05,GOOGL,158.03146362304688,-0.04446178566789094,0.02178884803018523,0.022926155239707837,0.01885920599276276,0.059654631083202576,0.030814601798393616,0.02055811835579557,1.9580522982626392,0.011520718622973223,38.56999969482422,22.920000076293945,0.648995327118046
2024-08-06,GOOGL,157.0788116455078,-0.00602824245057576,0.0202229142271701,0.022583396159808602,0.018860993053845018,0.026280901121712417,0.03279402661005029,0.02128076482567975,1.6849344553255778,0.010378772271610407,27.709999084472656,24.923999786376953,-0.2815660019776688
2024-08-07,GOOGL,157.7238311767578,0.004106343334871143,0.019390641300409593,0.018984749420325776,0.018018969764293572,0.02837545260827939,0.03352565711175427,0.02158478125530698,0.8509074058622798,0.01731320946775195,27.850000381469727,27.221999740600587,0.005052374652567915
2024-08-08,GOOGL,160.79017639160156,0.019441229597113807,0.0248257433616727,0.01891579378937461,0.01854206387224514,0.02147747795936987,0.03176587238592089,0.020823599879266626,0.8658764524548732,0.014744816668241815,23.790000915527344,28.261999893188477,-0.1457809483063327
2024-08-09,GOOGL,162.41766357421875,0.010121807309007913,0.024768314939903693,0.01937136534897293,0.01858633030959746,0.02889958929831836,0.03293761041417652,0.02138302618215353,0.9589678580493011,0.01477643512819147,20.3700008392334,27.658000183105468,-0.1437578791374391
2024-08-12,GOOGL,161.04820251464844,-0.00843172490869204,0.011520718622973223,0.018488501045668848,0.018429815446495072,0.018855121604439792,0.024777708518423966,0.015068781469499852,0.5334495411396946,0.017136688429622727,20.709999084472656,24.086000061035158,0.01669112573546916
2024-08-13,GOOGL,162.90390014648438,0.011522622437634134,0.010378772271610407,0.01898319182046883,0.018579544900068752,0.010721213861925424,0.02166577106646657,0.013626765764813463,0.6223263176803814,0.016802678560588313,18.1200008392334,22.168000411987304,-0.12506027811373066
2024-08-14,GOOGL,159.14291381835938,-0.023087147236764083,0.01731320946775195,0.01948542103369016,0.018668769648091284,0.03435801380931417,0.022862283306673524,0.014627124588861633,1.3177604393324762,0.011178431136729589,16.190000534057617,19.836000442504883,-0.10651215318914042
2024-08-15,GOOGL,160.06578063964844,0.005798981551527804,0.014744816668241815,0.019873645999709786,0.018713285037546063,0.012585237079291765,0.021083835130657903,0.013862347978362888,1.0132024577735887,0.014139681544173213,15.229999542236328,18.12400016784668,-0.05929592094835401
2024-08-16,GOOGL,161.7130889892578,0.010291446073148691,0.01477643512819147,0.019275572084807284,0.0180532924840407,0.02411630163148999,0.02012717759729223,0.013119085620642453,0.7714693437128145,0.014247384111113301,14.800000190734863,17.010000038146973,-0.028233707447526624
2024-08-19,GOOGL,165.39471435546875,0.022766403073628094,0.017136688429622727,0.013792532229225047,0.018738860760756194,0.014579756172476508,0.01927210451089957,0.012741989757718153,0.7162719553241497,0.009458616712738935,14.649999618530273,15.798000144958497,-0.01013517366699046
2024-08-20,GOOGL,165.90078735351562,0.003059789425671866,0.016802678560588313,0.013301407858150628,0.018771605530758684,0.010886422689102917,0.019305146276335068,0.012748664033983247,0.6034361794230286,0.009815605379519471,15.880000114440918,15.35,0.08395908040535782
2024-08-21,GOOGL,164.5809783935547,-0.007955411068354845,0.011178431136729589,0.013977469810721767,0.018551656703074574,0.013144454955338695,0.015062434505539974,0.009483485095302438,0.7880682435028329,0.010305735876597374,16.270000457763672,15.365999984741212,0.024559215397492062
2024-08-22,GOOGL,162.54664611816406,-0.012360676763787493,0.014139681544173213,0.01377949527364687,0.018020745093746522,0.02612941819020882,0.017771270727723384,0.011255771029418172,0.8049708334824464,0.009357110237589795,17.549999237060547,15.829999923706055,0.07867232595473528
2024-08-23,GOOGL,164.3527374267578,0.011111218543880641,0.014247384111113301,0.013854242534416321,0.018230074721647036,0.014189052735231418,0.01578582094847167,0.009971772781620916,0.5251648795775109,0.008920612261630483,15.859999656677246,16.04199981689453,-0.09629627657273676
2024-08-26,GOOGL,164.88858032226562,0.0032603223037073192,0.009458616712738935,0.013431271958071258,0.01814949658795914,0.018596511012206236,0.016589171916417615,0.01043428100347588,0.5402003976585124,0.016793133295322338,16.149999618530273,16.341999816894532,0.018284991685414864
2024-08-27,GOOGL,163.419921875,-0.00890697490629866,0.009815605379519471,0.01345009460533284,0.018073506698379187,0.012023292540686766,0.016816545886734386,0.010521987168274061,0.45623474637888106,0.016934469037514322,15.430000305175781,16.251999855041504,-0.044582001879948985
2024-08-28,GOOGL,161.60394287109375,-0.011112347766848774,0.010305735876597374,0.011521702681172407,0.01798445526550495,0.02499236826329409,0.019186128548325465,0.01195421958479096,0.6447980894289214,0.018185495011091235,17.110000610351562,16.419999885559083,0.10887882514248881
2024-08-29,GOOGL,160.5421142578125,-0.00657056130201128,0.009357110237589795,0.011683111599954263,0.017771902654384886,0.03535666500100808,0.021031577910485315,0.013540843832363661,0.7816073621019342,0.023496277911091944,15.649999618530273,16.039999961853027,-0.0853302711712346
2024-08-30,GOOGL,162.1298828125,0.00989004388055914,0.008920612261630483,0.011645821972336308,0.01792077885110533,0.012057786521160754,0.020605324667671187,0.013390358866473679,0.8901540603285601,0.019683634025926024,15.0,15.868000030517578,-0.041533522963198455
2024-09-03,GOOGL,156.1559295654297,-0.036846712915835966,0.016793133295322338,0.013914663631537033,0.018318338075070682,0.03412563774242455,0.02371115001371485,0.015376395642263297,1.6146723643770655,0.01772139121125251,20.719999313354492,16.78199996948242,0.38133328755696616
2024-09-04,GOOGL,155.25286865234375,-0.005783071546492602,0.016934469037514322,0.013577022727167345,0.018292139155203557,0.01943108562116819,0.025192708629811135,0.015905490706915278,0.8549597143449091,0.021777172120257024,21.31999969482422,17.95999984741211,0.028957548327861904
2024-09-05,GOOGL,156.03683471679688,0.005049607593458738,0.018185495011091235,0.014040003163795342,0.01621280114683805,0.02206818302899391,0.024607871582951097,0.015596085349077476,0.8375101587100281,0.02541699723732838,19.899999618530273,18.51799964904785,-0.06660413211162819
2024-09-06,GOOGL,149.7652130126953,-0.040193212810836654,0.023496277911091944,0.01785242468106337,0.016836121015496152,0.04823746930574029,0.027184032443897544,0.01775871776168866,1.6532933646036023,0.015267823440584742,22.3799991607666,19.863999557495116,0.12462309496363155
2024-09-09,GOOGL,147.7679443359375,-0.013335998638004831,0.019683634025926024,0.016570898068337444,0.01693198059613488,0.04155734245693465,0.03308394363105231,0.020658338910115426,1.6732106867619865,0.010071613247368709,19.450000762939453,20.753999710083008,-0.13092039802055044
2024-09-10,GOOGL,147.71826171875,-0.00033622053423543186,0.01772139121125251,0.016276564174399853,0.0165705058718174,0.019709456897565644,0.030200707462080534,0.01929345511859058,1.2845554934305372,0.007918883316289423,19.079999923706055,20.42599983215332,-0.019023178648836292
2024-09-11,GOOGL,150.2024383544922,0.0168169907148783,0.021777172120257024,0.018493330834122253,0.016941980781840164,0.02632968795393545,0.03158042792863398,0.019911771342832098,1.1949118870682207,0.008995862927851907,17.690000534057617,19.7,-0.07285112134206173
2024-09-12,GOOGL,153.71005249023438,0.02335257785538669,0.02541699723732838,0.020947646742256153,0.017545846694386677,0.014028142694977033,0.029972419861830614,0.0193889101943144,1.2225303156275582,0.0065661695505361195,17.06999969482422,19.13400001525879,-0.035048096128643014
2024-09-13,GOOGL,156.4625244140625,0.01790690900976033,0.015267823440584742,0.02211479303544681,0.017962402262755674,0.020132084553417855,0.024351342911366126,0.015638211493592853,1.2261711241158895,0.004622330196645586,16.559999465942383,17.970000076293946,-0.029876991095463934
2024-09-16,GOOGL,157.05868530273438,0.003810247156016633,0.010071613247368709,0.02182260715122875,0.017526312187046138,0.010439035315514968,0.018127681483082185,0.011423841916445639,0.7709139960162019,0.00954095529099548,17.139999389648438,17.50799980163574,0.03502415111177348
2024-09-17,GOOGL,158.3107452392578,0.00797192421488857,0.007918883316289423,0.01842701436505067,0.015611323543863246,0.013620374524144468,0.016909865008397956,0.01078265264353311,0.871995669403036,0.009390586857760584,17.610000610351562,17.213999938964843,0.027421309068831112
2024-09-18,GOOGL,158.79762268066406,0.0030754541687643133,0.008995862927851907,0.018248668434946557,0.015574969365249162,0.011889080317317136,0.014021743481074291,0.008681697067129316,0.9855960851389045,0.01018048645744144,18.229999542236328,17.321999740600585,0.03520720672322497
2024-09-19,GOOGL,161.11285400390625,0.014579760604464642,0.0065661695505361195,0.01864624901301973,0.01577512585677179,0.01511037965625295,0.014238190873329476,0.008796808933529932,1.098319681637369,0.008380052427977224,16.329999923706055,17.173999786376953,-0.10422378860340853
2024-09-20,GOOGL,162.55368041992188,0.00894296376861825,0.004622330196645586,0.010653732906536767,0.015461361069661174,0.010208436984716206,0.012253461359589147,0.00744840783895984,1.6275379788974509,0.008045146091183302,16.149999618530273,17.091999816894532,-0.011022676424785383
2024-09-23,GOOGL,160.82472229003906,-0.010636228754811516,0.00954095529099548,0.010062968260115697,0.015479477244185412,0.023602145073603118,0.014886083311206777,0.009321797877508484,0.9420135247038228,0.006336016982493276,15.890000343322754,16.842000007629395,-0.01609902670890473
2024-09-24,GOOGL,161.26190185546875,0.002718360456057667,0.009390586857760584,0.009806401386226276,0.015409002169644642,0.015589370164285127,0.015279882439234907,0.009546826140494033,0.8941346710806042,0.0062484757154270655,15.390000343322754,16.397999954223632,-0.031466330345934046
2024-09-25,GOOGL,160.4669952392578,-0.004929289603215592,0.01018048645744144,0.010245675656869336,0.015282911065891655,0.009350389841307321,0.014772144344032945,0.00933675765587572,0.7134727670229266,0.007037334014160562,15.40999984741211,15.83400001525879,0.0012995129072905787
2024-09-26,GOOGL,161.69911193847656,0.007678318506442183,0.008380052427977224,0.008453765914503435,0.014729444772390844,0.011061286173518866,0.013962325647486127,0.008920076445446214,0.7626627681445957,0.007243588654841854,15.369999885559082,15.642000007629395,-0.002595714617073419
2024-09-27,GOOGL,162.91140747070312,0.007497230613658701,0.008045146091183302,0.00725974916059688,0.014753210999567456,0.018725173056263356,0.01566567286179556,0.009859718597425892,0.7899366030700811,0.007211366820193296,16.959999084472656,15.803999900817871,0.10344822451218505
2024-09-30,GOOGL,164.79937744140625,0.011588936588388554,0.006336016982493276,0.00763572129254131,0.014784186545680516,0.01742538006205814,0.014430319859486562,0.0089488806712449,0.7666571963846682,0.013071836451300958,16.729999542236328,15.971999740600586,-0.013561294495994303
2024-10-01,GOOGL,165.93214416503906,0.006873610454235957,0.0062484757154270655,0.007593589072621663,0.014242405576664579,0.027426802086321006,0.016797806243893737,0.010808567708519498,1.0858843011182024,0.013427352576600956,19.260000228881836,16.7459997177124,0.15122538887453651
2024-10-02,GOOGL,164.8092803955078,-0.006767005725029529,0.007037334014160562,0.00842545744094947,0.014287469574978976,0.016821467108735475,0.01829202169737937,0.011441568218757638,0.6826352575986999,0.014518189991938964,18.899999618530273,17.443999671936034,-0.018691620253031727
2024-10-03,GOOGL,164.8092803955078,0.0,0.007243588654841854,0.007561252765375515,0.014210653885475176,0.016399380264643233,0.019359640515604244,0.011902489468611978,0.5834070505743172,0.014642402864877503,20.489999771118164,18.46799964904785,0.08412699389840173
2024-10-04,GOOGL,166.00169372558594,0.007235110348255747,0.007211366820193296,0.007412274005345317,0.014065635198749768,0.016461151922592974,0.018906836288870167,0.011663468554261277,0.7651678577597808,0.014626737299293674,19.209999084472656,18.91799964904785,-0.06246953152482426
2024-10-07,GOOGL,161.94752502441406,-0.024422453832752655,0.013071836451300958,0.010632306806767902,0.01465116932325804,0.03515766276689669,0.02245329282983788,0.014148922993424214,0.9338912071268599,0.010518877058127938,22.639999389648438,20.099999618530273,0.17855286145995874
2024-10-08,GOOGL,163.33868408203125,0.00859018411925394,0.013427352576600956,0.010911724921868787,0.014729023161271535,0.011315248540584672,0.01923098212069061,0.012455790819134971,0.9755516961810162,0.009989758142413905,21.420000076293945,20.531999588012695,-0.05388689691892423
2024-10-09,GOOGL,160.83462524414062,-0.015330470255491058,0.014518189991938964,0.012015076818698655,0.014905462762666181,0.03150865455019898,0.02216841960898331,0.014354345469632209,1.3140449303255044,0.0048576430331806674,20.860000610351562,20.923999786376953,-0.026143765823892218
2024-10-10,GOOGL,161.05325317382812,0.0013593337215518364,0.014642402864877503,0.011746757621978247,0.014770354406951406,0.016473429155791263,0.022183229387212917,0.01435862258937386,0.6161460130267958,0.009369859305792897,20.93000030517578,21.011999893188477,0.0033556899700895038
2024-10-11,GOOGL,162.2058868408203,0.007156848087682688,0.014626737299293674,0.011721999542360908,0.01477264486337739,0.016294954139974553,0.02214998983068923,0.014348779007342709,0.6898356210141293,0.008867589769954795,20.459999084472656,21.261999893188477,-0.022455863060207304
2024-10-14,GOOGL,163.91502380371094,0.01053683683236395,0.010518877058127938,0.011606877014987292,0.014787361055821586,0.017155684504568978,0.01854959417822369,0.011865532655467118,0.8536881549595672,0.0073149526248896405,19.700000762939453,20.67400016784668,-0.037145569674535084
2024-10-15,GOOGL,164.41183471679688,0.003030905292005892,0.009989758142413905,0.011398221917082202,0.013001549122833859,0.018433383713341384,0.019973221212775033,0.012481857614691595,0.9099124970058615,0.007942581541881159,20.639999389648438,20.518000030517577,0.047715664482478326
2024-10-16,GOOGL,164.1137237548828,-0.0018131964917705856,0.0048576430331806674,0.011219267269708682,0.012941759318943317,0.012472738634761515,0.016166038029687538,0.009788994932484037,0.7495347388518357,0.01016260131014298,19.579999923706055,20.261999893188477,-0.051356564791082526
2024-10-17,GOOGL,161.8978271484375,-0.013502201740025921,0.009369859305792897,0.011958497132793724,0.013227801295452335,0.02215675917653305,0.017302704033835898,0.010529937600475677,0.9917652611720021,0.008238554980424875,19.110000610351562,19.897999954223632,-0.024004050826652468
2024-10-18,GOOGL,162.38475036621094,0.0030075957556057187,0.008867589769954795,0.011678348594952698,0.010654401682866774,0.009974329342039318,0.016038579074248847,0.009934886556608746,0.9602959377815213,0.010974956141013428,18.030000686645508,19.412000274658205,-0.05651490786039204
2024-10-21,GOOGL,163.03065490722656,0.003977618215743606,0.0073149526248896405,0.00874096054147686,0.010212477793502834,0.011458553049841787,0.01489915278330341,0.00932542639140971,1.026066191103083,0.011360808276862002,18.3700008392334,19.14600028991699,0.018857467534081795
2024-10-22,GOOGL,164.09384155273438,0.006521390999213228,0.007942581541881159,0.008556028962332573,0.010204276184376335,0.016894807770580462,0.014591437594751228,0.009134496708328237,0.8252617841795064,0.013138189543203367,18.200000762939453,18.658000564575197,-0.009254222565459602
2024-10-23,GOOGL,161.74879455566406,-0.014290889742603063,0.01016260131014298,0.008346128500571592,0.010389647894900579,0.02389737484708865,0.016876364837216655,0.01062138299792828,0.9118939039464771,0.010623848943326885,19.239999771118164,18.590000534057616,0.05714280025176999
2024-10-24,GOOGL,161.68919372558594,-0.0003684777388409666,0.008238554980424875,0.008346510454992743,0.00962428646582822,0.0142576653565289,0.015296546073215822,0.00963651349351419,1.1122056035808927,0.017863827261722257,19.079999923706055,18.584000396728516,-0.008316000484173136
2024-10-25,GOOGL,164.22303771972656,0.01567107817014035,0.010974956141013428,0.009468327859448669,0.009502611725135814,0.013130018229853177,0.015927683850778595,0.009913599862130317,0.9871125629611635,0.017947538682739708,20.329999923706055,19.044000244140626,0.06551362709634656
2024-10-28,GOOGL,165.66387939453125,0.008773687874801928,0.011360808276862002,0.009291502726023231,0.009584220398708893,0.028790805042063224,0.019394134249222882,0.012199048538002485,1.5545408088366,0.019823530737533544,19.799999237060547,19.329999923706055,-0.026069881388808724
2024-10-29,GOOGL,168.60508728027344,0.017754068638810905,0.013138189543203367,0.010692253391611655,0.009959637600206827,0.01938949013987929,0.019893070723082645,0.012468340688740892,1.97369036898635,0.018132692713268186,19.34000015258789,19.55799980163574,-0.023232277888761477
2024-10-30,GOOGL,173.35482788085938,0.02817080241885228,0.010623848943326885,0.01322883740489836,0.011035764751307384,0.04562654137072496,0.02423890402780991,0.016094960870845776,2.87979854603005,0.022804598498203765,20.350000381469727,19.779999923706054,0.05222338267389759
2024-10-31,GOOGL,170.02603149414062,-0.019202213329798434,0.017863827261722257,0.014227128388651379,0.011524742229525535,0.03401325056080131,0.028190021068664396,0.018030148951184363,1.7620814200560202,0.020584632843600986,23.15999984741211,20.595999908447265,0.13808350925148427
2024-11-01,GOOGL,170.20486450195312,0.0010517978114348292,0.017947538682739708,0.01427095919016652,0.011447318258918883,0.02008291538467082,0.029580600499627917,0.01848960719746154,1.2208602713679824,0.0231824446528008,21.8799991607666,20.905999755859376,-0.055267732948130144
2024-11-04,GOOGL,168.1678924560547,-0.011967766325944651,0.019823530737533544,0.01523222589868875,0.011498853846880234,0.016071857317524044,0.027036810954720086,0.01733212772101025,0.8267752277096856,0.02024149271616434,21.979999542236328,21.341999816894532,0.004570401522182799
2024-11-05,GOOGL,168.6647186279297,0.0029543461871286425,0.018132692713268186,0.015187800791684499,0.01149975899358803,0.009956417972864607,0.02515019652131715,0.01673716126209561,0.7083130616297324,0.019814450335894646,20.489999771118164,21.571999740600585,-0.06778888999770039
2024-11-06,GOOGL,175.39183044433594,0.039884522804357836,0.022804598498203765,0.017825601956097784,0.013383852935155342,0.019488995232352337,0.019922687293642622,0.01279449602040756,1.3019912113516339,0.016714923611052857,16.270000457763672,20.755999755859374,-0.20595409275225196
2024-11-07,GOOGL,179.60496520996094,0.024021271429527147,0.020584632843600986,0.01817707795623473,0.013901134843026412,0.021521435074126925,0.017424324196307746,0.010812746723402478,0.9588692159332598,0.013752063888117222,15.199999809265137,19.16399974822998,-0.06576525005492273
2024-11-08,GOOGL,177.22018432617188,-0.013277922918229046,0.0231824446528008,0.019552568137172963,0.014214227376348927,0.015811561362061004,0.016570053391785782,0.010265988259269507,0.8219392974623051,0.014463739429922459,14.9399995803833,17.77599983215332,-0.017105278430553206
2024-11-11,GOOGL,179.20751953125,0.011213932615149913,0.02024149271616434,0.019581051841836,0.014206492129246026,0.011533139787424483,0.01566230988576587,0.009821948548014044,0.653689938931026,0.016109359609765596,14.970000267028809,16.373999977111815,0.002008078145122605
2024-11-12,GOOGL,180.46945190429688,0.007041737848655583,0.019814450335894646,0.019282550811562285,0.01420814892109814,0.017068638844062466,0.017084754060005446,0.01051142701049395,0.9330090524695792,0.018244587919774846,14.710000038146973,15.218000030517578,-0.017368084451840793
2024-11-13,GOOGL,177.74679565429688,-0.015086521409971465,0.016714923611052857,0.01884997959668119,0.01448189832385324,0.01352869723656242,0.01589269446084746,0.009785730982586834,0.8498997929139092,0.017814052041485413,14.020000457763672,14.768000030517578,-0.04690683742990798
2024-11-14,GOOGL,174.46771240234375,-0.01844805831735319,0.013752063888117222,0.018754043863619674,0.014980219343230445,0.025629342482465622,0.0167142759425152,0.010421122218628887,1.1171371889142665,0.02660008543151354,14.3100004196167,14.59000015258789,0.020684732695029018
2024-11-15,GOOGL,171.39730834960938,-0.01759869497029709,0.014463739429922459,0.019836578517246288,0.01536268375675754,0.016928506440687843,0.01693766495824057,0.010555605686384802,1.1447877617318858,0.026562039493451883,16.139999389648438,14.830000114440917,0.1278825238553527
2024-11-18,GOOGL,174.1894989013672,0.016290749129282744,0.016109359609765596,0.01981676413587326,0.014811367688081006,0.014489495155182346,0.01752893603179214,0.01082024779456984,0.7101647092018482,0.026861903701295386,15.579999923706055,14.952000045776368,-0.03469637466662756
2024-11-19,GOOGL,176.9916229248047,0.01608664150887873,0.018244587919774846,0.020193443980223182,0.014979289316536738,0.02981135023667742,0.02007747831031513,0.012704868709170595,0.8166511826943784,0.025337160911395467,16.350000381469727,15.280000114440918,0.04942236595213734
2024-11-20,GOOGL,174.8651885986328,-0.012014321870336797,0.017814052041485413,0.0165814819242596,0.014852681226489996,0.022161575128814986,0.021804053888765645,0.01355986717221534,0.661178741459486,0.025722443819942188,17.15999984741211,15.907999992370605,0.049541250583724494
2024-11-21,GOOGL,166.56808471679688,-0.04744857423212023,0.02660008543151354,0.020035369905530665,0.01746962727442795,0.062220411804329204,0.029122267753138364,0.020303086008596198,1.9522152644929378,0.01291761301773874,16.8700008392334,16.420000076293945,-0.016899709251596895
2024-11-22,GOOGL,163.71624755859375,-0.017121149967305516,0.026562039493451883,0.020198464027131068,0.017747679953430656,0.015537830193825297,0.02884413250376585,0.0202216500366579,1.2241030787597444,0.008489668277706018,15.239999771118164,16.24000015258789,-0.0966212796103989
2024-11-25,GOOGL,166.58795166015625,0.01754073981285642,0.026861903701295386,0.02094241684775843,0.017929916406608796,0.018013745197781813,0.02954898251228575,0.02042377101804293,1.0490208198750843,0.007257850099503059,14.600000381469727,16.044000244140626,-0.041994711237550164
2024-11-26,GOOGL,168.0486297607422,0.008768209741637056,0.025337160911395467,0.021078406330842226,0.01798619882765723,0.013245065975858708,0.026235725660122,0.019087633924820966,0.6716340843798776,0.00938704891722916,14.100000381469727,15.594000244140625,-0.0342465744476691
2024-11-27,GOOGL,168.15794372558594,0.000650490069448173,0.025722443819942188,0.02098681025953474,0.01797907107255689,0.008627261667185315,0.023528862967796067,0.018281292757077187,0.6875599873026319,0.011816647948702462,14.100000381469727,14.982000350952148,0.0
2024-11-29,GOOGL,167.8797149658203,-0.0016545680424093767,0.01291761301773874,0.020486360780706692,0.01777926356700164,0.013435863004882398,0.013771953207906706,0.008492724477274703,0.5380894789074487,0.011744211664400296,13.510000228881836,14.310000228881837,-0.041843981320970114
2024-12-02,GOOGL,170.4036407470703,0.015034131918581384,0.008489668277706018,0.020616235464336052,0.017952359213685768,0.020467633065507498,0.014757913782243146,0.009243105677524578,0.9116136267442838,0.010800794464128462,13.34000015258789,13.930000305175781,-0.012583277084667777
2024-12-03,GOOGL,170.2545623779297,-0.0008748543662978614,0.007257850099503059,0.019770616342940788,0.01795358960303307,0.010680440127107296,0.013291252768108242,0.008370524421536173,0.8513513073980629,0.024514828807937285,13.300000190734863,13.670000267028808,-0.002998497855734139
2024-12-04,GOOGL,173.26536560058594,0.01768412652562512,0.00938704891722916,0.019939655066109147,0.0181733788263869,0.022079521771668203,0.015058143927270142,0.00964789496082013,1.1795779016116121,0.03021058229645489,13.449999809265137,13.54000015258789,0.01127816664504766
2024-12-05,GOOGL,171.54635620117188,-0.009921252256361202,0.011816647948702462,0.01983289608420572,0.018055649449331097,0.021605628711341963,0.017653817336101472,0.010989041117524884,0.815586585948945,0.03245561983355706,13.539999961853027,13.42800006866455,0.006691461253842901
2024-12-06,GOOGL,173.60324096679688,0.011990256226794394,0.011744211664400296,0.011950646032466017,0.018137710227318558,0.018430548319860802,0.018652754399097155,0.011510482910660773,0.8257769024170512,0.03573894450169328,12.770000457763672,13.280000114440918,-0.056868501200791455
2024-12-09,GOOGL,174.45877075195312,0.004928074962148088,0.010800794464128462,0.009322966705056923,0.0179746785105893,0.01488282307704612,0.017535792401404876,0.010858613481254458,0.9705606614748434,0.035719329963798715,14.1899995803833,13.45,0.1111980479026784
2024-12-10,GOOGL,184.2078399658203,0.055881794717724365,0.024514828807937285,0.018130615726999706,0.020457331750248473,0.028676338559711117,0.02113497208792564,0.013038346177690468,1.9556616087816923,0.03237450147833353,14.180000305175781,13.626000022888183,-0.0007046705780979767
2024-12-11,GOOGL,194.3846893310547,0.05524655935992029,0.03021058229645489,0.023009829605166766,0.022396055788473278,0.05506650380212493,0.027732368494016984,0.0191095220635465,2.2506966909397277,0.02654532234844672,13.579999923706055,13.652000045776367,-0.04231314305760081
2024-12-12,GOOGL,190.96255493164065,-0.01760495855507338,0.03245561983355706,0.024911263216676114,0.022321808285430008,0.018076608879715173,0.027026564527691626,0.018849637605019218,1.1323688535226777,0.025966872256923536,13.920000076293945,13.728000068664551,0.02503683022813319
2024-12-13,GOOGL,188.8336639404297,-0.01114821171078828,0.03573894450169328,0.025703119008689313,0.022086943320318828,0.016278559786444487,0.026596166821008366,0.01868948075888223,0.8256143879893441,0.026676539098839002,13.8100004196167,13.936000061035156,-0.00790227414327227
2024-12-16,GOOGL,195.6381378173828,0.036034220461345745,0.035719329963798715,0.026801916481221155,0.02285055203987396,0.032441801911965135,0.03010796258799217,0.020244413690570146,1.4459770229604672,0.02140316873654601,14.6899995803833,14.036000061035157,0.06372187791657047
2024-12-17,GOOGL,194.40457153320312,-0.006305346687214719,0.03237450147833353,0.0271939287731672,0.022729459500215207,0.03295467455607439,0.030963629787264822,0.02063321568458038,1.349202214100875,0.021588545453570834,15.869999885559082,14.373999977111817,0.0803267759620312
2024-12-18,GOOGL,187.42105102539065,-0.035922614641907935,0.02654532234844672,0.03129154649646707,0.02393197057987797,0.04915071553518096,0.02978047213387603,0.019027049492907677,1.042259493361968,0.008644552784913639,27.6200008392334,17.182000160217285,0.7403907396600702
2024-12-19,GOOGL,187.53048706054688,0.0005839047137847775,0.025966872256923536,0.03078340303110154,0.022943606719323082,0.02466709475351307,0.03109856930863561,0.019537349892275405,0.9647471064120077,0.013153820825846938,24.09000015258789,19.216000175476076,-0.1278059587033482
2024-12-20,GOOGL,190.4154052734375,0.01538372911045216,0.026676539098839002,0.030834179854963124,0.02271711667206024,0.04007104133640243,0.0358570656186272,0.021945983763032816,1.887056531501194,0.012455099580276376,18.360000610351562,20.126000213623048,-0.23785801186974165
2024-12-23,GOOGL,193.61871337890625,0.016822736064179278,0.02140316873654601,0.030858728445425296,0.02267472154746728,0.025432934711231463,0.034455292178480465,0.021276119209028766,0.7784041729133538,0.00849608114492569,16.780000686645508,20.54400043487549,-0.08605663786390261
2024-12-24,GOOGL,195.09100341796875,0.007604068911362338,0.021588545453570834,0.02650891957594884,0.022640285407292095,0.01188109644486789,0.030240576556239164,0.01966743045506479,0.3266593505622882,0.006033134915410633,14.270000457763672,20.224000549316408,-0.14958284422952606
2024-12-26,GOOGL,194.5836639404297,-0.002600527285474663,0.008644552784913639,0.020129173007482227,0.022650555221740743,0.012116539075838572,0.022833741264370683,0.015172120453814221,0.38333782278079825,0.010680360394885423,14.729999542236328,17.64600028991699,0.03223539381334706
2024-12-27,GOOGL,191.75840759277344,-0.014519494033790936,0.013153820825846938,0.019846143543921033,0.022635381596552547,0.024227088404325258,0.022745739994533123,0.015150812365462486,0.6015068716032425,0.015239841389715738,15.949999809265137,16.018000221252443,0.08282418906603617
2024-12-30,GOOGL,190.24630737304688,-0.007885444183170942,0.012455099580276376,0.019657586920260938,0.022374472471692216,0.01793561930583037,0.018318655588418713,0.011579707936693738,0.4541861705760453,0.015068549030471723,17.399999618530273,15.826000022888184,0.0909090800379102
2024-12-31,GOOGL,188.31640625,-0.010144223820663156,0.00849608114492569,0.015470064922892086,0.022176845857024542,0.018225103810948995,0.016877089408362217,0.010496428376036177,0.561798240683695,0.014542965472262996,17.350000381469727,15.939999961853028,-0.002873519434293592
2025-01-02,GOOGL,188.4457092285156,0.0006866262005018609,0.006033134915410633,0.015497127302209729,0.02204617120667516,0.023755477875681302,0.0192519656945249,0.01185090791645819,0.6571827870682346,0.016004481515163343,17.93000030517578,16.67199993133545,0.03342938968033171
2025-01-03,GOOGL,190.79344177246097,0.01245840275990795,0.010680360394885423,0.010966389026741501,0.021980958278209797,0.01684139475154609,0.020196936829666404,0.012261820029284392,0.6128012999314741,0.015296319558356086,16.1299991607666,16.951999855041503,-0.10039046925668937
2025-01-06,GOOGL,195.8470458984375,0.026487305218821033,0.015239841389715738,0.013421464618825006,0.022212700964705605,0.02219736488836824,0.019790992126474997,0.01199816656762147,0.9612120461358112,0.001629735430401093,16.040000915527344,16.970000076293946,-0.005579556721748813
2025-01-07,GOOGL,194.47422790527344,-0.007009643606654015,0.015068549030471723,0.013257810333654682,0.02010897468455404,0.0327382153391376,0.022751511333136444,0.014006522003758612,0.8542101872672463,0.017335241157986153,17.81999969482422,17.054000091552734,0.11097248614080613
2025-01-08,GOOGL,192.9422149658203,-0.007877717042277466,0.014542965472262996,0.012508466375821372,0.019821247526893727,0.020159775534122536,0.023138445677771152,0.014200672836217221,0.8025670733114526,0.01815174110167934,17.700000762939453,17.12400016784668,-0.006733946910202238
2025-01-10,GOOGL,191.0421600341797,-0.009847792677083245,0.016004481515163343,0.01250369140445569,0.019886620118981554,0.03233704921356919,0.02485475994534873,0.015344690657739668,0.9016373902992119,0.018658796432752714,19.540000915527344,17.44600028991699,0.1039548063998117
2025-01-13,GOOGL,190.0174865722656,-0.005363598599025243,0.015296319558356086,0.012548266170915173,0.01995575907093145,0.01999891196946219,0.02548626338893195,0.015631467785510927,0.8002625530904534,0.017953749064016103,19.190000534057617,18.058000564575195,-0.017911994118260277
2025-01-14,GOOGL,188.6745147705078,-0.00706762217511514,0.001629735430401093,0.011949036326174499,0.020053850501581223,0.01935040650681238,0.024916871712620782,0.01534170810049271,0.650846797350896,0.016572094705880266,18.709999084472656,18.592000198364257,-0.025013102460996528
2025-01-15,GOOGL,194.53390502929688,0.031055546987445837,0.017335241157986153,0.015480651558505401,0.02061516281021841,0.02301201702773139,0.022971632050339537,0.014092843182249388,0.8305056755924923,0.011432602440840054,16.1200008392334,18.252000427246095,-0.13842856076827315
2025-01-16,GOOGL,191.9076232910156,-0.013500380501207498,0.01815174110167934,0.01581411232320203,0.020799709147330914,0.013840641326314893,0.02170780520877801,0.013529564241137276,0.7165082159305781,0.00741125324296151,16.600000381469727,18.03200035095215,0.029776644990494594
2025-01-17,GOOGL,194.9815673828125,0.01601783211673391,0.018658796432752714,0.016404540824703124,0.020886759155711386,0.017755080242546198,0.01879141141457341,0.011468860822975198,1.1519931881665162,0.021899353125177518,15.970000267028809,17.31800022125244,-0.03795181325081021
2025-01-21,GOOGL,197.0209197998047,0.01045920619249241,0.017953749064016103,0.016295532467285094,0.020773688282055853,0.02231758697721515,0.019255146416124004,0.011719859824624508,1.2558152787164676,0.023407917195847033,15.0600004196167,16.49200019836426,-0.05698183044435312
2025-01-22,GOOGL,197.33924865722656,0.0016157109496053312,0.016572094705880266,0.01412240970275406,0.02060365546369662,0.014871185264180109,0.018359302167597548,0.011239783751497383,1.11194859010694,0.02336556585219531,15.100000381469727,15.770000457763672,0.0026560398896751103
2025-01-23,GOOGL,196.9512634277344,-0.0019660824297861312,0.011432602440840054,0.013898894013449214,0.02059518082768082,0.02576020918059976,0.01890894059817122,0.011642411611864883,1.239874215659281,0.02714790384688254,15.020000457763672,15.550000381469726,-0.005298008058610915
2025-01-24,GOOGL,199.16970825195312,0.011263927865244217,0.00741125324296151,0.013804235011369452,0.020633056171556086,0.014484759998180005,0.019037764332544248,0.011711223334589174,1.1030228670233235,0.02754491876718671,14.850000381469727,15.200000381469726,-0.011318247078086707
2025-01-27,GOOGL,190.81332397460935,-0.041956100406457475,0.021899353125177518,0.01967804172208663,0.019974125856267497,0.03206302712868098,0.021899353709771203,0.013672722491986871,1.7976049395160856,0.016359764195869108,17.899999618530273,15.58600025177002,0.20538714873478559
2025-01-28,GOOGL,194.28521728515625,0.018195235208045002,0.023407917195847033,0.02035570688317986,0.01752279630059811,0.024577588206620263,0.02235135395565222,0.014011540242862318,1.0142206856450737,0.01760269546783096,16.40999984741211,15.8560001373291,-0.08324021245093771
2025-01-29,GOOGL,194.39463806152344,0.0005631966131864896,0.02336556585219531,0.0201023196087874,0.017199639643402483,0.017194619248671956,0.022816040752550594,0.01420792940993557,0.7659407908677212,0.042207979305752055,16.559999465942383,16.147999954223632,0.009140744663317601
2025-01-30,GOOGL,199.8262481689453,0.027941151883535076,0.02714790384688254,0.019641213834166272,0.01774032779027018,0.01856920305774402,0.021377839527979444,0.013382425889426678,1.0026628220149674,0.03880108932114565,15.84000015258789,16.311999893188478,-0.04347822080763086
2025-01-31,GOOGL,202.9599151611328,0.015681958806222918,0.02754491876718671,0.019100257526851048,0.016757453274015947,0.01803741103184542,0.022088369734712527,0.01368928857085954,1.2791879674122077,0.037170777363410845,16.43000030517578,16.62799987792969,0.03724748402174094
2025-02-03,GOOGL,200.18438720703125,-0.013675251844178393,0.016359764195869108,0.019632737594498878,0.016926893737051477,0.018138418595537685,0.01930344802808387,0.011760813895503566,1.0964231932085353,0.038821275324304294,18.6200008392334,16.772000122070313,0.1332927871807601
2025-02-04,GOOGL,205.30763244628903,0.025592631427141743,0.01760269546783096,0.02083417566701194,0.0159850842291824,0.0205446525479619,0.018496860896352198,0.011162985403057504,1.6454511977305466,0.03274410730575835,17.209999084472656,16.931999969482423,-0.07572511768043466
2025-02-05,GOOGL,190.3358459472656,-0.07292367225042273,0.042207979305752055,0.03216462189968057,0.021183205805136825,0.024669425471865725,0.01999182214099095,0.012147323199479863,2.4525966216195023,0.015006742929979175,15.770000457763672,16.77400016784668,-0.08367220821110855
2025-02-06,GOOGL,190.60443115234375,0.0014111120464013194,0.03880108932114565,0.03219589533672731,0.021002431758153986,0.017640943502821794,0.019806170230006505,0.012044919633625901,1.0160663713223284,0.01773937816828882,15.5,16.706000137329102,-0.01712114457363567
2025-02-07,GOOGL,184.37696838378903,-0.0326721825453119,0.037170777363410845,0.033051346912791504,0.02159149047080807,0.04284011729525421,0.024766711482688265,0.01585297211193678,1.6407350785932564,0.009670582450255975,16.540000915527344,16.728000259399415,0.06709683325982874
2025-02-10,GOOGL,185.50108337402344,0.006096829772656243,0.038821275324304294,0.03085434476909378,0.021571562750485426,0.012548915764316434,0.023648810916444014,0.015460848915904832,0.7733142070915473,0.009456173538826503,15.8100004196167,16.166000175476075,-0.04413545680190001
2025-02-11,GOOGL,184.35707092285156,-0.0061671470072507395,0.03274410730575835,0.02999929364669046,0.021587947651633972,0.014353569808874894,0.022410594368626614,0.014932250061605284,0.7115539108580189,0.01033997746724268,16.020000457763672,15.928000450134277,0.013282734508116123
2025-02-12,GOOGL,182.6559600830078,-0.009227261158622047,0.015006742929979175,0.02996400364221352,0.021499910134725738,0.017863944057478286,0.021049498085749123,0.014201733510724188,0.733446765496973,0.009374238305893151,15.890000343322754,15.952000427246094,-0.008114863341212808
2025-02-13,GOOGL,185.1728057861328,0.013779160022926229,0.01773937816828882,0.028490856938897368,0.02163768134023585,0.016869020092105187,0.0208951134036058,0.014135241010779386,0.711621719482891,0.012523555821451666,15.100000381469727,15.87200050354004,-0.04971679954588537
2025-02-14,GOOGL,184.26751708984375,-0.0048888857758878634,0.009670582450255975,0.027375119407612006,0.021579526785851268,0.011229210280419056,0.014572932000638772,0.008893470513363031,0.6769352594007015,0.012686522694563059,14.770000457763672,15.518000411987305,-0.021854299031079605
2025-02-18,GOOGL,182.8151092529297,-0.007882061145947472,0.009456173538826503,0.027332742140794807,0.021620022225197027,0.022963493076086892,0.01665584746299286,0.01028642248680388,0.9868157169057012,0.014380252554185216,15.350000381469727,15.42600040435791,0.03926878170143766
2025-02-19,GOOGL,184.3073272705078,0.008162443594930568,0.01033997746724268,0.025390502604100314,0.021543404871819112,0.010093433005088375,0.015803820102235556,0.009919844301726908,0.6561235067068453,0.010655521232219519,15.270000457763672,15.27600040435791,-0.005211721284556381
2025-02-20,GOOGL,183.60101318359375,-0.0038322626526801074,0.009374238305893151,0.01274959068515381,0.02091518371737306,0.014033357022929075,0.015037702695325717,0.009467727783220399,0.6927596005740942,0.009755749835538778,15.65999984741211,15.230000305175782,0.025540234312838583
2025-02-21,GOOGL,178.72647094726562,-0.026549647803162046,0.012523555821451666,0.01449415092122465,0.021377833387160535,0.0348435621687351,0.018632611110651696,0.012407676397044279,1.1764540734645421,0.01456310354647245,18.209999084472656,15.852000045776368,0.1628352019097845
2025-02-24,GOOGL,178.31861877441406,-0.002281990858376548,0.012686522694563059,0.011156064234324565,0.021354463835285678,0.023598302524625112,0.021106429559492913,0.01357445898618883,0.9879420191057984,0.014111337568465231,18.979999542236328,16.6939998626709,0.04228448635234905
2025-02-25,GOOGL,174.5084991455078,-0.021366919815178242,0.014380252554185216,0.011944112019362274,0.02159522471141557,0.023087464907263835,0.0211312239257283,0.013570164206175742,1.3865845347660102,0.02084361464060426,19.43000030517578,17.50999984741211,0.023709208313628327
2025-02-26,GOOGL,171.8324737548828,-0.01533464217346625,0.010655521232219519,0.012302632321704437,0.021712725965298548,0.026052220872500982,0.02432298149921082,0.015002925263950544,1.1506855632420276,0.021082176684672594,19.100000381469727,18.27599983215332,-0.016984041097423352
2025-02-27,GOOGL,167.62448120117188,-0.024488924949736757,0.009755749835538778,0.01350541811167505,0.022052389934824352,0.03928780484977754,0.029373871064580514,0.01784990303977561,1.2544187040789232,0.01648427367724949,21.1299991607666,19.36999969482422,0.1062826564792283
2025-02-28,GOOGL,169.3952178955078,0.01056371170635173,0.01456310354647245,0.012943468864494826,0.021241310428299666,0.02255107097380068,0.02691537282559363,0.016457268157581945,1.4554641974785978,0.016341359064623112,19.6299991607666,19.653999710083006,-0.07098911782188544
2025-03-03,GOOGL,166.14219665527344,-0.01920373715768653,0.014111337568465231,0.013251995894143732,0.021351002585265885,0.044548246728441876,0.031105361666356985,0.01924113846665398,1.216762163070393,0.026454721274098786,22.780000686645508,20.413999938964842,0.16046875499488777
2025-03-04,GOOGL,170.03187561035156,0.02341174628350906,0.02084361464060426,0.017023919566087523,0.021637593017629228,0.043821614290982816,0.03525219154310078,0.021752104663564285,1.319999749889886,0.02278648148970649,23.510000228881836,21.229999923706053,0.032045633021612785
2025-03-05,GOOGL,172.12098693847656,0.012286586386381249,0.021082176684672594,0.01747841661630555,0.02168316490996527,0.027280089609004892,0.035497765290401564,0.021897575273265423,0.917460042715157,0.02432838194370926,21.93000030517578,21.795999908447264,-0.06720544059225653
2025-03-06,GOOGL,171.45445251464844,-0.0038724761906365757,0.01648427367724949,0.017477693333902214,0.021655000990886176,0.025007237632501757,0.03264165184694641,0.020411704639801676,0.8946084997290287,0.025718313084016665,24.8700008392334,22.544000244140626,0.1340629499838053
2025-03-07,GOOGL,172.9566192626953,0.008761316641330952,0.016341359064623112,0.0165610960873494,0.021785515089126357,0.02703322749190385,0.03353808315056704,0.020802353328390023,0.8682712332246004,0.02744062248099361,23.3700008392334,23.292000579833985,-0.06031362884530711
2025-03-10,GOOGL,165.19815063476562,-0.044857887839179655,0.026454721274098786,0.021149565820900884,0.022807491963970625,0.02875748726640343,0.030379931258159347,0.01880093935603961,1.3951023282473827,0.019156773458617472,27.860000610351562,24.308000564575195,0.1921266414154501
2025-03-11,GOOGL,163.3755645751953,-0.011032726774283574,0.02278648148970649,0.020638122034293594,0.02180103684913086,0.03279690991835291,0.02817499038363337,0.017036331335885713,1.2340540871647296,0.02102775966446393,26.920000076293945,24.990000534057618,-0.03374014764767641
2025-03-12,GOOGL,166.43316650390625,0.018715172839103733,0.02432838194370926,0.02177360105538346,0.02182025048711814,0.02459458198396401,0.02763788885862519,0.016732775115351782,0.8747251107495763,0.021390547227912678,24.229999542236328,25.450000381469728,-0.09992572535044164
2025-03-13,GOOGL,162.1007537841797,-0.026030945698704122,0.025718313084016665,0.021947683549168928,0.022128275473050508,0.02469897031295452,0.027576235394715744,0.01668271740889219,0.9646485097039882,0.017784518345235686,24.65999984741211,25.408000183105468,0.017746608060236646
2025-03-14,GOOGL,164.8197021484375,0.016773200005459676,0.02744062248099361,0.022459891545807374,0.02162945712081071,0.024412402023207186,0.02705207030097641,0.016381688016375805,0.9565394425769604,0.01598952568192239,21.770000457763672,25.088000106811524,-0.1171938121464231
2025-03-17,GOOGL,163.6245574951172,-0.007251224445509297,0.019156773458617472,0.02178024723874672,0.02123219025764289,0.01600830841980748,0.02450223453165722,0.015072319308658126,0.917551370127523,0.018718433915074058,20.510000228881836,23.618000030517578,-0.0578778228014456
2025-03-18,GOOGL,160.0192108154297,-0.02203426389584029,0.02102775966446393,0.02076651689565323,0.021378070107016513,0.04686624052474974,0.027316100652936586,0.017562823166219377,1.2162336382194312,0.011953525892299196,21.700000762939453,22.57400016784668,0.05802050320710772
2025-03-19,GOOGL,163.22618103027344,0.020041157549156807,0.021390547227912678,0.021645384489631513,0.02110662879338661,0.029715023096736324,0.02834018887549105,0.018112572610547915,0.9701378265047487,0.02194164717687918,19.899999618530273,21.70800018310547,-0.08294935857713559
2025-03-20,GOOGL,162.14059448242188,-0.006650811413949742,0.017784518345235686,0.0216460099961758,0.017099659765601273,0.02414000369847537,0.02822839555259522,0.018076437926384293,0.787851213058756,0.023374027606518924,19.799999237060547,20.736000061035156,-0.005025144893802347
2025-03-21,GOOGL,163.32579040527344,0.007309680383465356,0.01598952568192239,0.021545445015796628,0.01721169416003565,0.020428111417163664,0.027431537431386516,0.017716183230664755,1.023443540542708,0.030934441778894643,19.280000686645508,20.238000106811523,-0.02626255406322109
2025-03-24,GOOGL,167.00082397460938,0.022501244660851016,0.018718433915074058,0.018133480828570425,0.017099220652581463,0.018964742804581627,0.028022824308341344,0.017938067866448186,0.8616283101143127,0.026280769357941634,17.479999542236328,19.631999969482422,-0.09336105188294774
2025-03-25,GOOGL,169.86917114257812,0.01717564680043049,0.011953525892299196,0.018207134436535346,0.017422430909396963,0.013543606892936228,0.02135829758197864,0.013278272415355227,0.6916630008333066,0.025826741928317118,17.149999618530273,18.721999740600587,-0.018878714665219953
2025-03-26,GOOGL,164.3914337158203,-0.032246801405536485,0.02194164717687918,0.020620038482370533,0.01822911028021887,0.02889860864542717,0.021195014691716814,0.013074946753832023,0.8347119276908005,0.02476485939283078,18.329999923706055,18.407999801635743,0.06880468404796991
2025-03-27,GOOGL,161.58287048339844,-0.01708460817536861,0.023374027606518924,0.019583370901673457,0.018367898215497502,0.021079869656990498,0.020582987883419834,0.012667357582632807,0.7240157864705415,0.028399498467980948,18.690000534057617,18.186000061035156,0.019639967913255507
2025-03-28,GOOGL,153.7049102783203,-0.0487549217408384,0.030934441778894643,0.023801637099553758,0.01978449720377195,0.05306811601267173,0.02711098880252145,0.01801141736324083,1.4366286236504293,0.024402847941973452,21.649999618530273,18.65999984741211,0.15837340823392898
2025-03-31,GOOGL,154.01365661621094,0.0020086953457216783,0.026280769357941634,0.023957403936407884,0.019837839556359326,0.03155709805538264,0.029629459852681655,0.01927353740930893,1.5795469305093075,0.025332512470721637,22.280000686645508,19.620000076293945,0.029099357007656312
2025-04-01,GOOGL,156.43382263183594,0.015713970233534935,0.025826741928317118,0.02408415964029374,0.020215317685864723,0.02852238350686928,0.032625215175468264,0.0204370662785223,0.9065881326803875,0.02083176644868722,21.770000457763672,20.544000244140626,-0.02289049430718948
2025-04-02,GOOGL,156.40391540527344,-0.00019118133188422703,0.02476485939283078,0.022844884621123246,0.020085135948281412,0.023624598016298945,0.031570413049642615,0.019987175914054457,0.7466737035289417,0.05556702130166977,21.510000228881836,21.18000030517578,-0.011943051144452932
2025-04-03,GOOGL,150.10952758789062,-0.04024443890086005,0.028399498467980948,0.025580604993424447,0.021071828068443745,0.015857214505649423,0.030525882019374402,0.019645274286631122,1.3602502934350198,0.054967626097726464,30.020000457763672,23.44600028991699,0.395629945993925
2025-04-04,GOOGL,145.01026916503906,-0.033970251620876635,0.024402847941973452,0.026267962513811347,0.021357236422636067,0.039079685459359616,0.027728195908711985,0.017253331301696154,1.7193803000958563,0.051152971914058064,45.310001373291016,28.17800064086914,0.5093271379872046
2025-04-07,GOOGL,146.15560913085938,0.00789833694134301,0.025332512470721637,0.024514550004408657,0.021510530662498813,0.08395234973913962,0.03820724624546338,0.02708869991944088,2.0278381782276624,0.051008589382526316,46.97999954223633,33.1180004119873,0.03685716438600095
2025-04-08,GOOGL,144.11390686035156,-0.013969373345635971,0.02083176644868722,0.022120713396183708,0.02137479938647017,0.06364897655914632,0.04523256485591878,0.030904716001595226,1.3558291012536825,0.05154571798326426,52.33000183105469,39.23000068664551,0.11387829589075582
2025-04-09,GOOGL,158.0671844482422,0.09682117355552333,0.05556702130166977,0.04112911420513581,0.028372939718435006,0.09854450713901901,0.0602165466804628,0.041016855475795734,1.7340461178705178,0.026335580011587454,33.619998931884766,41.652000427246094,-0.35753873962348437
2025-04-10,GOOGL,152.20103454589844,-0.03711175044219617,0.054967626097726464,0.04235099761005609,0.02880220480311418,0.05097505674368153,0.06724011512806922,0.04300612345638021,1.1595160320802171,0.021181842484407867,40.720001220703125,43.79200057983398,0.21118389394369697
2025-04-11,GOOGL,156.50350952148438,0.02826836879540706,0.051152971914058064,0.04050955970009911,0.029263529059997385,0.03086413938885417,0.06559700591396814,0.04258657822039277,0.8105583049802675,0.014101123689733963,37.560001373291016,42.242000579833984,-0.07760313734483593
2025-04-14,GOOGL,158.4257049560547,0.012282123515616306,0.051008589382526316,0.04062519025329369,0.029198224386702595,0.026152030367550205,0.054036942039650246,0.0367856638154369,0.7317089938838507,0.020004591476614993,30.889999389648438,39.024000549316405,-0.17758258093104407
2025-04-15,GOOGL,155.6768798828125,-0.01735087796519308,0.05154571798326426,0.04086997114007848,0.02896197615068525,0.028405010888397274,0.04698814890550044,0.03361039695867465,0.6764616915188353,0.024547169646311953,30.1200008392334,34.58200035095215,-0.024927114458703215
2025-04-16,GOOGL,152.70896911621094,-0.019064557105947233,0.026335580011587454,0.04132549888469483,0.028974286735088617,0.028565869891781243,0.032992421456052884,0.020504919217971103,0.697286269713636,0.02439836551051605,32.63999938964844,34.38600044250488,0.08366528818726215
2025-04-17,GOOGL,150.5477752685547,-0.014152370094330124,0.021181842484407867,0.039396226640194605,0.029038561045575628,0.04088378225761036,0.030974166558838646,0.018849324198944285,0.8125580052144298,0.021117067312243228,29.649999618530273,32.172000122070315,-0.09160538685752617
2025-04-21,GOOGL,147.07188415527344,-0.023088292783342568,0.014101123689733963,0.03846327202953284,0.029140813598331275,0.019299728313573666,0.02866128434378255,0.017658023953532855,0.6489399865474204,0.014673570578030514,33.81999969482422,31.423999786376953,0.14064081382610993
2025-04-22,GOOGL,150.8564910888672,0.025733041738950524,0.020004591476614993,0.03917137344813952,0.02865622995834502,0.02409724120854192,0.028250326511980894,0.01747357946616439,0.6752126984587928,0.015935899642866416,30.56999969482422,31.35999984741211,-0.09609698490025054
2025-04-23,GOOGL,154.7207794189453,0.02561565831331536,0.024547169646311953,0.03917217541086282,0.029064056006768015,0.023945935465392407,0.027358511427379918,0.017004078683468746,0.7725541841824787,0.01558293023620946,28.450000762939453,31.02599983215332,-0.06934900075395489
2025-04-24,GOOGL,158.63485717773438,0.025297686409597953,0.02439836551051605,0.025120362441014475,0.029245519558365404,0.023857377454047122,0.026416812939833095,0.016505898053629346,1.1154759712927906,0.012717083576901487,26.469999313354492,29.79199981689453,-0.0695958311594923
2025-04-25,GOOGL,161.3040008544922,0.0168257073145488,0.021117067312243228,0.021666250873980764,0.02903632921133146,0.031242359889020483,0.02448852846611512,0.014885021461842588,1.3116800244198987,0.012744900969216108,24.84000015258789,28.829999923706055,-0.06157911609556577
2025-04-28,GOOGL,159.95947265625,-0.00833536794574019,0.014673570578030514,0.020556588509843873,0.028904809361368623,0.028329417693031916,0.026294466342006766,0.015885525722395814,0.7120805178741287,0.011340874944005541,25.149999618530273,27.095999908447265,0.01247984959895776
2025-04-29,GOOGL,159.5113067626953,-0.0028017465056151547,0.015935899642866416,0.020300776512515228,0.02888091103624881,0.020104902266962793,0.02549599855369094,0.015471875355460043,0.6638625414031918,0.011923548381109018,24.170000076293945,25.81599998474121,-0.038966185172991996
2025-04-30,GOOGL,158.15679931640625,-0.008491607734768092,0.01558293023620946,0.01959853112657624,0.02863674428916097,0.024370341949648364,0.025580879850542138,0.015550884337338207,0.86162955183125,0.03687834579397111,24.700000762939453,25.06599998474121,0.021928038269446892
2025-05-01,GOOGL,160.6466827392578,0.015743132344695043,0.012717083576901487,0.018553408335664608,0.028543619563264636,0.01884682720779205,0.02457876980129112,0.015027948038589775,0.7392445500870173,0.03747681296711729,24.600000381469727,24.69200019836426,-0.004048598315015806
2025-05-02,GOOGL,163.36561584472656,0.016924925302577165,0.012744900969216108,0.017519166973644477,0.02868249622193771,0.018899019243953614,0.022110101672277747,0.013518751332469322,0.6461310968964225,0.034790427567639344,22.68000030517578,24.260000228881836,-0.07804878237889012
2025-05-05,GOOGL,163.54489135742188,0.0010973882831359916,0.011340874944005541,0.014017457802541091,0.02865511064079346,0.016259655683455068,0.019696149270362378,0.012006455104388813,0.5653076587694497,0.04172699076769439,23.639999389648438,23.95800018310547,0.042328001391321646
2025-05-06,GOOGL,162.56886291503906,-0.0059679543291250026,0.011923548381109018,0.013838734592127417,0.028369122227053078,0.022116036910135837,0.020098376198996987,0.012247615299640066,0.6083250575847718,0.04214475138419852,24.760000228881836,24.076000213623047,0.04737736328892761
2025-05-07,GOOGL,150.766845703125,-0.07259703365263726,0.03687834579397111,0.02761684576736611,0.031047131378433776,0.11335713508130359,0.03789573482532803,0.03124502646706668,3.2908152795512993,0.020180887104002475,23.549999237060547,23.845999908447265,-0.048869183385945925
2025-05-08,GOOGL,153.6551055908203,0.019157128838409143,0.03747681296711729,0.02699808772213717,0.03082394718382773,0.01963960852522027,0.038054291088813676,0.03127499895234051,1.5093180182652608,0.023334002869035454,22.479999542236328,23.421999740600587,-0.04543523267467309
2025-05-09,GOOGL,152.13131713867188,-0.009916939930432522,0.034790427567639344,0.026144159766045394,0.030728964211675865,0.018657977764422976,0.03800608279290755,0.03125691063397046,0.869195058054779,0.019798222121888982,21.899999618530273,23.265999603271485,-0.025800708875297285
2025-05-12,GOOGL,157.81817626953125,0.03738125218278121,0.04172699076769439,0.029392241955071945,0.030185934038966404,0.017985649266454254,0.03835128150950738,0.03132818944012431,1.166409145911075,0.01685938560525556,18.389999389648438,22.215999603271484,-0.16027398584573105
2025-05-13,GOOGL,158.88385009765625,0.0067525417750675665,0.04214475138419852,0.029480411917599786,0.030202102463875818,0.027643726545816753,0.03945681943664357,0.03165459083891204,1.1024354474481302,0.02047570020677221,18.219999313354492,20.907999420166014,-0.009244158887228515
2025-05-14,GOOGL,164.7001953125,0.03660752940760692,0.020180887104002475,0.031421357972823555,0.030777189093133824,0.0446876677018198,0.025722925960746813,0.01672980966972308,1.2341926958050247,0.01732465956159334,18.6200008392334,19.921999740600587,0.021953981391520827
2025-05-15,GOOGL,163.2958984375,-0.008526382572500935,0.023334002869035454,0.03139528729688223,0.03083682096568159,0.023420416195646037,0.02647908749483196,0.017074010455407886,0.833832047242609,0.01613472177789752,17.829999923706055,18.99199981689453,-0.0424275445714678
2025-05-16,GOOGL,165.51686096191406,0.013600846963490065,0.019798222121888982,0.031237983467370136,0.02985086222227017,0.02244425616181825,0.027236343174311017,0.01739180236758242,1.0647238668101808,0.018472105409409394,17.239999771118164,18.059999847412108,-0.03309030595134499
2025-05-19,GOOGL,165.86544799804688,0.0021060515170900906,0.01685938560525556,0.031237238820086135,0.02899587776412246,0.014531033184248596,0.026545419957869888,0.017156431047260546,0.7519837256091435,0.02119124650152327,18.139999389648438,18.00999984741211,0.05220415490016572
2025-05-20,GOOGL,163.31582641601562,-0.015371625693021196,0.02047570020677221,0.031638038615396005,0.02922301909914446,0.03415054427017017,0.027846783502740568,0.017911011912513913,1.124624211958089,0.01837831922042858,18.09000015258789,17.98400001525879,-0.0027562976153725494
2025-05-21,GOOGL,167.8772735595703,0.027930221116080123,0.01732465956159334,0.019215293740872726,0.02932993606723827,0.05683437333774604,0.030276124629925814,0.020168023529165267,1.6855050833075627,0.015931618093095228,20.8700008392334,18.43400001525879,0.1536761007847649
2025-05-22,GOOGL,170.1779022216797,0.01370422936546567,0.01613472177789752,0.019033723387599188,0.023814384045342585,0.035465545337188265,0.032685150458234266,0.021333394799154814,1.663439304142867,0.015010633298419963,20.280000686645508,18.92400016784668,-0.02827025054444432
2025-05-23,GOOGL,167.7876434326172,-0.014045647277687423,0.018472105409409394,0.019561503308315076,0.022835546937153957,0.012287097460793275,0.03065371871802927,0.020740421888975857,0.8009023611236843,0.015461476337360903,22.290000915527344,19.934000396728514,0.09911243396581493
2025-05-27,GOOGL,172.19969177246094,0.026295430638285433,0.02119124650152327,0.018097570349027862,0.022764518278122495,0.01833428733862886,0.03141436954890532,0.0209606881764232,0.8561995468163743,0.007779161364236801,18.959999084472656,20.09800033569336,-0.14939442325168273
2025-05-28,GOOGL,171.66188049316406,-0.0031231837511505045,0.01837831922042858,0.018493229741295282,0.022732026113787083,0.01949408562574462,0.028483077820020207,0.01959519246389209,0.7768463864661138,0.011661471621687576,19.309999465942383,20.342000198364257,0.018459936622906348
2025-05-29,GOOGL,171.1638946533203,-0.0029009692682678834,0.015931618093095228,0.01569092014316157,0.022438647213903793,0.0220527945576216,0.021526762063995324,0.013604111367870807,0.6589236013131587,0.011958169999838151,19.18000030517578,20.004000091552733,-0.0067322198012426115
2025-05-30,GOOGL,171.04440307617188,-0.000698112048633015,0.015010633298419963,0.015185507951971565,0.022051437785888636,0.02777456690282217,0.019988566377122104,0.01241819759400998,1.1540155498629274,0.02054930791540545,18.56999969482422,19.661999893188476,-0.03180399377715093
2025-06-02,GOOGL,168.34536743164062,-0.015779736699886526,0.015461476337360903,0.016097589137246147,0.02209964462184339,0.014671926554156806,0.020465532195794812,0.012608806480834454,0.8346906246004192,0.018222184818348714,18.360000610351562,18.87599983215332,-0.01130851308151537
2025-06-03,GOOGL,165.50689697265625,-0.01686099535906138,0.007779161364236801,0.017142533551208757,0.021864716737815725,0.019256210670832094,0.02064991686223546,0.012684048491961876,0.9502246421606452,0.011387349294890334,17.690000534057617,18.62200012207031,-0.03649237766997637
2025-06-04,GOOGL,167.36935424804688,0.011253049325783193,0.011661471621687576,0.016562284080673693,0.021529748246996574,0.01106813791475311,0.018964727320037157,0.011948862813362658,0.5636301732220773,0.015126711444354003,17.610000610351562,18.28200035095215,-0.004522324550077617
2025-06-05,GOOGL,167.52870178222656,0.000952071153620615,0.011958169999838151,0.013967736342755768,0.021131073374680887,0.01985610965209763,0.018525390338932364,0.011664121675871712,0.8426510578566763,0.017384722673986577,18.479999542236328,18.142000198364258,0.04940368550432428
2025-06-06,GOOGL,172.9765167236328,0.032518696100731104,0.02054930791540545,0.016979301831429032,0.021434260117633316,0.021130805640902497,0.01719663808654843,0.01057008649630052,0.8490619502419633,0.012153819925937785,16.770000457763672,17.78200035095215,-0.0925324202830431
2025-06-09,GOOGL,175.58908081054688,0.015103576695836729,0.018222184818348714,0.016458274618398598,0.021398549219186176,0.011925754711732944,0.016647403718063655,0.010318058143738798,0.690447860877234,0.011338581265176183,17.15999984741211,17.542000198364256,0.0232557769232431
2025-06-10,GOOGL,178.0919647216797,0.01425421159208251,0.011387349294890334,0.015083898973409813,0.021381284160474554,0.03471442741524146,0.019739047066945528,0.012940664795475744,1.4434620036106356,0.008548045674218595,16.950000762939453,17.394000244140624,-0.012237708994171426
2025-06-11,GOOGL,176.8455047607422,-0.006998967993224525,0.015126711444354003,0.01532013035408652,0.021439692106031923,0.02041158721513995,0.0216077369270229,0.013718352160953951,0.7489749070402122,0.010088205413701734,17.260000228881836,17.32400016784668,0.01828905321468688
2025-06-12,GOOGL,175.2001953125,-0.009303654342066259,0.017384722673986577,0.015726466889828195,0.021456082429420837,0.011212300824817016,0.019878975161566774,0.013006458161555825,0.5124932135682871,0.018501197551065256,18.020000457763672,17.23200035095215,0.04403245763636199
2025-06-13,GOOGL,174.1731414794922,-0.0058621728770100745,0.012153819925937785,0.01592464504335504,0.02139845123839618,0.027136918433922526,0.02108019772017078,0.013771328330924967,0.6815484296639414,0.018370462487126937,20.81999969482422,18.042000198364256,0.15538286159444614
2025-06-16,GOOGL,176.2671661376953,0.012022661131421808,0.011338581265176183,0.014882546078705683,0.02130635748823135,0.012954734907355648,0.021285993759295317,0.013840248706427803,0.6878991513904559,0.017619207958320844,19.110000610351562,18.432000350952148,-0.08213252207192667
2025-06-17,GOOGL,175.44949340820312,-0.004638826092282278,0.008548045674218595,0.013335911341686442,0.021347486690327197,0.015799936501929176,0.017503095576632863,0.011046847787752992,0.6315393103695932,0.023745803367799856,21.600000381469727,19.362000274658204,0.130298257016767
2025-06-18,GOOGL,172.82696533203125,-0.014947481609822955,0.010088205413701734,0.014679955200516698,0.021533443651105787,0.019386109325891174,0.017297999998783106,0.010909305466390715,0.7427928779339608,0.024908996402381662,20.139999389648438,19.938000106811522,-0.06759263731651588
2025-06-20,GOOGL,166.1659698486328,-0.03854141320251436,0.018501197551065256,0.019803249140529368,0.018069691767140694,0.053288464093543826,0.025713232652528468,0.017523997806183484,1.9519972136402628,0.014573246330927546,20.6200008392334,20.45800018310547,0.023833240522920462
2025-06-23,GOOGL,164.7200927734375,-0.008701403040059397,0.018370462487126937,0.01607327034476772,0.017947639493724587,0.03232638936357384,0.026751126838458733,0.018162829928765608,1.5216389828335082,0.016225445565042556,19.829999923706055,20.260000228881836,-0.03831236097838653
2025-06-24,GOOGL,166.2956085205078,0.009564806093433464,0.017619207958320844,0.015393742767440025,0.017835889560947955,0.012532207737286555,0.026666621404444913,0.018136207980816037,1.061784339425762,0.017663233435053716,17.479999542236328,19.93400001525879,-0.11850733184624906
2025-06-25,GOOGL,170.1944580078125,0.023445294328526378,0.023745803367799856,0.016893334823342807,0.017078314977121423,0.02818137898406577,0.029142909900872233,0.0192016675519607,0.9326665683501142,0.01660249005883963,16.760000228881836,18.96599998474121,-0.041189893147009715
2025-06-26,GOOGL,173.0463409423828,0.016756614568727013,0.024908996402381662,0.018112896705034576,0.017257700856282643,0.021608851821360846,0.029587458399966172,0.019402045453439095,0.8391617803952255,0.01610221157871628,16.59000015258789,18.256000137329103,-0.010143202504316884
2025-06-27,GOOGL,178.02215576171875,0.02875423306981495,0.014573246330927546,0.020281072728920272,0.01678328458357168,0.03892901470768473,0.026715568522794348,0.017112365797607595,2.5850965895386255,0.012887125885239456,16.31999969482422,17.395999908447266,-0.01627489181918751
2025-06-30,GOOGL,175.72869873046875,-0.012882986510509231,0.016225445565042556,0.020692569356386647,0.016902483976722976,0.03773474469559427,0.027797239589198434,0.01782622685464666,1.4958748258165382,0.013075356165194455,16.729999542236328,16.77599983215332,0.02512254013963844
2025-07-01,GOOGL,175.3397979736328,-0.002213074811601712,0.017663233435053716,0.020343080756401653,0.016793388886827857,0.014558676136881171,0.02820253326911736,0.017943529898386358,0.8501380294849638,0.014692847653480666,16.829999923706055,16.645999908447266,0.005977309277102272
2025-07-02,GOOGL,178.1318359375,0.015923583784937634,0.01660249005883963,0.020892127223084457,0.016983115834222934,0.021215815601667624,0.026809420592637728,0.01724159938577432,0.7029865143608458,0.012658033965254483,16.639999389648438,16.621999740600586,-0.011289396014196651
2025-07-03,GOOGL,179.01930236816406,0.004982076482810349,0.01610221157871628,0.02005994630095831,0.01664693353494193,0.014593634128011904,0.02540637705396794,0.01668751389672674,0.5267638728244733,0.014386957767732304,16.3799991607666,16.57999954223633,-0.015625014328040088
2025-07-07,GOOGL,176.28709411621094,-0.015262087472188712,0.012887125885239456,0.015428097092581803,0.016298361912085745,0.020476330750901654,0.021715840262611325,0.013962287691515196,0.8322277743685651,0.011301373092116915,17.790000915527344,16.873999786376952,0.08608069761920256
2025-07-08,GOOGL,173.864013671875,-0.013745081320238994,0.013075356165194455,0.01603398819866215,0.01637495316986847,0.029479234753703478,0.02006473827423317,0.012494090938924212,0.9792198613414507,0.0050310315049328005,16.809999465942383,16.889999771118163,-0.055087206247954934
2025-07-09,GOOGL,176.11756896972656,0.012961597114079071,0.014692847653480666,0.016164358159381394,0.01627019090417242,0.03776468323713727,0.024705939694284383,0.015624837919600348,1.0242917427881582,0.004517494776006369,15.9399995803833,16.711999702453614,-0.05175490262933857
2025-07-10,GOOGL,177.11471557617188,0.005661823589086179,0.012658033965254483,0.014948716747862113,0.015619671492888954,0.02280141822037944,0.02502306021802675,0.015782007887167257,0.724436276940782,0.00481274675468915,15.779999732971191,16.539999771118165,-0.010037631845926431
2025-07-11,GOOGL,179.67742919921875,0.014469230378233222,0.014386957767732304,0.014749599114514554,0.015786688120689462,0.02747098552180684,0.027598530496785734,0.016991292149725654,0.8462544067907899,0.002502961635787041,16.399999618530273,16.543999862670898,0.03929023422374556
2025-07-14,GOOGL,181.04351806640625,0.007603007641392878,0.011301373092116915,0.01205411184018318,0.01579891396285619,0.02197623676369781,0.027898511699344968,0.01713160530459998,0.7918167144568499,0.010269144557838313,17.200000762939453,16.42599983215332,0.048780558720578515
2025-07-15,GOOGL,181.48226928710935,0.00242345721840298,0.0050310315049328005,0.010906781220103535,0.015790856237105487,0.014395577566964265,0.024881780261997125,0.015694711163069124,0.8083139007936982,0.009734947311987999,17.3799991607666,16.539999771118165,0.010465022665288926
2025-07-16,GOOGL,182.4495086669922,0.005329663243039073,0.004517494776006369,0.01074425950287685,0.015433057835176144,0.012570383321927904,0.019842920278955255,0.012417433083679033,0.7945118913860038,0.012086303816715566,17.15999984741211,16.783999824523924,-0.012658188951534366
2025-07-17,GOOGL,183.0577850341797,0.0033339435750288082,0.00481274675468915,0.009900888230308798,0.014979648067720779,0.01950104475077458,0.019182845585034282,0.011999892715240523,0.7614191995561803,0.011829317510966922,16.520000457763672,16.931999969482423,-0.03729600205940298
2025-07-18,GOOGL,184.53355407714844,0.008061766084918043,0.002502961635787041,0.01002426971620738,0.014933761320279721,0.01464385329530805,0.01661741913973452,0.010211172593856592,0.8044597263424996,0.011965167486862192,16.40999984741211,16.93400001525879,-0.006658632403358511
2025-07-21,GOOGL,189.55923461914065,0.02723450793068838,0.010269144557838313,0.01038411539865998,0.01554556541847249,0.021778007662945787,0.016577773319584117,0.010216328270331485,1.1229119205091007,0.006769646350554584,16.649999618530273,16.82399978637695,0.014625214707483014
2025-07-22,GOOGL,190.79571533203125,0.00652292522374287,0.009734947311987999,0.007346535857093204,0.014611593284293324,0.021898125132280365,0.018078282832647338,0.011172313168207266,1.1126376107447526,0.009219689382734928,16.5,16.647999954223632,-0.00900898630432001
2025-07-23,GOOGL,189.68885803222656,-0.005801269163086209,0.012086303816715566,0.008611617347813872,0.014531327133697168,0.017610293743126258,0.01908626491688701,0.011647898255445837,1.4296299734096947,0.007297610162370662,15.369999885559082,16.289999961853027,-0.06848485542066174
2025-07-24,GOOGL,191.62335205078125,0.010198248007935451,0.011829317510966922,0.008624444185385546,0.014438501911650905,0.03616587924475154,0.0224192318156824,0.01414179242965445,1.740744658222728,0.01482336618919632,15.390000343322754,16.063999938964844,0.0013012659669868754
2025-07-25,GOOGL,192.6304626464844,0.005255677791484725,0.011965167486862192,0.0083364656501043,0.01433213597057712,0.015891952793326853,0.02266885171528616,0.014241255618496087,0.9163772030501761,0.015608756624080325,14.930000305175781,15.768000030517578,-0.02988954047337322
2025-07-28,GOOGL,192.0321807861328,-0.003105852792606112,0.006769646350554584,0.00892009853584932,0.014193357779042163,0.0166684322533304,0.021646936633363083,0.013710661352419069,0.95548266724454,0.02229976243223647,15.029999732971191,15.444000053405762,0.0066978851809362805
2025-07-29,GOOGL,195.19314575195312,0.016460600264393666,0.009219689382734928,0.009396082263680853,0.014288869241697187,0.019616839529454123,0.021190679512797832,0.013453551252902913,1.066265055585196,0.02094615948837549,15.979999542236328,15.339999961853028,0.0632069079270261
2025-07-30,GOOGL,195.970947265625,0.003984778823434176,0.007297610162370662,0.009437729867452376,0.014206513037839548,0.014806918435781993,0.02063000445132898,0.01321553893969144,0.8395965897453513,0.021191216034925933,15.479999542236328,15.361999893188477,-0.03128911228554565
2025-07-31,GOOGL,191.35411071777344,-0.023558780585949624,0.01482336618919632,0.01358615584610748,0.014985150235887845,0.02553418088130113,0.0185036647786389,0.011346660855162657,1.2911690758551644,0.01678776297450603,16.719999313354492,15.627999687194825,0.0801033467562382
2025-08-01,GOOGL,188.5919952392578,-0.014434576127760557,0.015608756624080325,0.014748305562227596,0.01496423889022038,0.01591494965963218,0.018508264151899965,0.011344118396987677,0.8619447467191934,0.014546332672140012,20.3799991607666,16.71799945831299,0.21889952139464608
2025-08-04,GOOGL,194.48516845703125,0.031248268041796035,0.02229976243223647,0.01553658701883489,0.013646620578065736,0.026404887882241414,0.02045555527768217,0.012655023398578916,0.7832071512830325,0.011206639985125846,17.520000457763672,17.215999603271484,-0.14033360258957683
2025-08-05,GOOGL,194.11622619628903,-0.0018970200332973919,0.02094615948837549,0.015533157471034141,0.013460317863885454,0.020393492875351537,0.02061088594686165,0.012709062888557304,0.7932751230585158,0.010401744515291524,17.850000381469727,17.589999771118165,0.0188356115915409
2025-08-06,GOOGL,195.5321807861328,0.00729436491523372,0.021191216034925933,0.01536899161778006,0.013443488651537648,0.01509514390916042,0.020668531041537336,0.012737292143912287,0.5562520669620907,0.012586491282137789,16.770000457763672,17.84799995422363,-0.06050419611347535
2025-08-07,GOOGL,195.96096801757812,0.002192924099354787,0.01678776297450603,0.015167933569120606,0.013018486772188479,0.01633417151074206,0.01882852916742552,0.01163433675591773,0.6815924868371274,0.012441841409033177,16.56999969482422,17.818000030517577,-0.01192610360644697
2025-08-08,GOOGL,200.84703063964844,0.02493385632608236,0.014546332672140012,0.016778607531284916,0.013358797252034826,0.027008253851950388,0.021047190005889164,0.013059767152534076,1.0077135692971302,0.007094724864506426,15.149999618530273,16.772000122070313,-0.08569704903117736
2025-08-11,GOOGL,200.42822265625,-0.002085208738534128,0.011206639985125846,0.01673151018524416,0.012640204446739002,0.011989992056319882,0.01816421084070486,0.011378564938634471,0.6705042525564979,0.007075071047919152,16.25,16.518000030517577,0.07260728773380909
2025-08-12,GOOGL,202.76156616210935,0.011641791135678536,0.010401744515291524,0.016412354520169467,0.012296619204830923,0.01922889609780501,0.017931291485195556,0.01125702261621128,0.7921420335821066,0.006534726347190225,14.729999542236328,15.8939998626709,-0.09353848970853362
2025-08-13,GOOGL,201.3855133056641,-0.006786556656132259,0.012586491282137789,0.016758320618377055,0.012415033682659078,0.034759378288230794,0.021864138361009627,0.014075278478293466,0.7432012175295729,0.007589217696150445,14.489999771118164,15.437999725341797,-0.01629326399026665
2025-08-14,GOOGL,202.3627014160156,0.004852325742360275,0.012441841409033177,0.01395691595318249,0.012233163148964492,0.01581751589262937,0.02176080723738709,0.014029208456195794,0.6675039214902959,0.006999996807268346,14.829999923706055,15.089999771118164,0.023464469148273492
2025-08-15,GOOGL,203.31996154785156,0.004730417834599043,0.007094724864506426,0.012074405593823587,0.012232788526672311,0.025306541523140134,0.021420464771625035,0.01376970563128358,0.9230372866486674,0.01735628147561972,15.09000015258789,15.077999877929688,0.017532045193487944
2025-08-18,GOOGL,202.9211273193359,-0.0019616088134158938,0.007075071047919152,0.009036020209265408,0.01172911313390681,0.01366092766239245,0.021754651892839552,0.013877008892558556,0.5078542714325462,0.017594448765713457,14.989999771118164,14.82599983215332,-0.006626930447881874
2025-08-19,GOOGL,200.9966278076172,-0.009483978022111761,0.006534726347190225,0.00989139472286477,0.011521159124160685,0.017264452056806653,0.021361763084639877,0.013680716358510467,0.6836091671684178,0.01701813725001851,15.569999694824219,14.993999862670899,0.038692457142231795
2025-08-20,GOOGL,198.7530059814453,-0.01116248491650984,0.007589217696150445,0.010792460916886914,0.011778768136985153,0.023479793818031877,0.019105846190600097,0.011793920316987287,0.8523134516612245,0.014670193993844224,15.6899995803833,15.233999824523925,0.007707121895382807
2025-08-21,GOOGL,199.18177795410156,0.002157310630543474,0.006999996807268346,0.010792281348635966,0.011780176000421156,0.015269101635833785,0.01899616333924098,0.011732300914160292,0.6334464911079452,0.015023541779887994,16.600000381469727,15.58799991607666,0.05799877791100583
2025-08-22,GOOGL,205.50372314453125,0.03173957605643274,0.01735628147561972,0.012500736467855078,0.012696377394203838,0.03513023612511897,0.02096090225963675,0.01347179765654193,1.365242003944592,0.010028357833607626,14.220000267028809,15.413999938964844,-0.1433734975751969
2025-08-25,GOOGL,207.8969268798828,0.011645549281208867,0.017594448765713457,0.01271005589038753,0.01275107763489004,0.02513312559405089,0.023255341845968436,0.014625549107747715,0.9667269614651636,0.011155048150356176,14.789999961853027,15.373999977111817,0.040084365971908564
2025-08-26,GOOGL,206.55075073242188,-0.006475209459150477,0.01701813725001851,0.012749288004980862,0.012908366133251933,0.010379497738768676,0.021878350982360843,0.014150325535666086,0.9390142661114986,0.0398284765267175,14.619999885559082,15.184000015258789,-0.011494258061691465
2025-08-27,GOOGL,206.8897705078125,0.0016413388679947793,0.014670193993844224,0.012382677864452706,0.012916789750816742,0.0157124052089629,0.020324873260547046,0.013347349611273748,0.7715030216187995,0.03918769087408924,14.850000381469727,15.016000175476075,0.015731908188168164
2025-08-28,GOOGL,211.0379638671875,0.02005025840182051,0.015023541779887994,0.013544990406676774,0.01323133261800493,0.025137059816486645,0.022298464896677618,0.014423193530864128,1.1193119232316764,0.039549482847880346,14.430000305175781,14.582000160217286,-0.028282832693932725
2025-08-29,GOOGL,212.30433654785156,0.006000686594289872,0.010028357833607626,0.01355555151713257,0.013219353581745323,0.020900835431407826,0.019452584757935387,0.012232107871491623,1.3635064909881565,0.04066324740645212,15.359999656677246,14.810000038146972,0.06444901814505788
2025-09-02,GOOGL,210.7487945556641,-0.007326944034592886,0.011155048150356176,0.013936808831644465,0.01268925521839533,0.02592853356651916,0.01961166635242904,0.01238633282418313,1.587501751670204,0.03772525623759794,17.170000076293945,15.286000061035157,0.11783857161935951
2025-09-03,GOOGL,230.0038604736328,0.09136501092955474,0.0398284765267175,0.030196341623178274,0.020444244383120234,0.028266730984761415,0.02318911300162759,0.014303614636523626,3.082598041518799,0.011053462601683411,16.350000381469727,15.632000160217284,-0.047757698962177964
2025-09-04,GOOGL,231.63919067382812,0.007110011966006802,0.03918769087408924,0.02903759604239077,0.020313060663678866,0.026947888181650854,0.02543620959616518,0.01550959729218548,1.4754912218546798,0.011111421335954287,15.300000190734863,15.722000122070312,-0.06422019365362708
2025-09-05,GOOGL,234.33151245117188,0.011622911345493314,0.039549482847880346,0.028696066584267824,0.020322762842754714,0.01642553451213435,0.02369390453529472,0.014618870086962702,1.2926343213752356,0.010976270532146792,15.180000305175781,15.872000122070313,-0.007843129677328364
2025-09-08,GOOGL,233.5829620361328,-0.0031944078165545564,0.04066324740645212,0.0287930273783647,0.020405040784987737,0.019056600759744795,0.023325057600962117,0.014416635580655613,0.9094651623315794,0.01957406264818457,15.109999656677246,15.822000122070312,-0.0046113733261696765
2025-09-09,GOOGL,239.1620635986328,0.023884882329889168,0.03772525623759794,0.028977080940770533,0.02055499532477265,0.03021326772790699,0.02418200443323968,0.015020853608931878,1.047966761107853,0.01993701746933789,15.039999961853027,15.396000099182128,-0.004632673488730754
2025-09-10,GOOGL,238.70294189453125,-0.0019197095776530837,0.011053462601683411,0.02864515870375486,0.020553850892834215,0.015930081480798594,0.021714674532447114,0.013596761672967101,0.9612934216652451,0.020687700774456728,15.350000381469727,15.196000099182129,0.02061173007998507
2025-09-11,GOOGL,239.90060424804688,0.005017375755866471,0.011111421335954287,0.028490704983354036,0.020549618070020242,0.024961518167335398,0.021317400529584023,0.013283300342238747,0.8344759916310507,0.0205867600753677,14.710000038146973,15.07800006866455,-0.04169383240506963
2025-09-12,GOOGL,240.32977294921875,0.001788943810779875,0.010976270532146792,0.028733825309184745,0.0197572968825253,0.016943528983999902,0.021420999423957136,0.013327757509905462,0.728559400031677,0.020112895449524024,14.760000228881836,14.994000053405761,0.003399061224010902
2025-09-15,GOOGL,251.11865234375,0.04489198014101614,0.01957406264818457,0.03020986483363417,0.020412587420589972,0.030801637380073143,0.023770006748022807,0.014899514625377972,1.5397156432100798,0.009091503570918067,15.6899995803833,15.110000038146973,0.0630080851680257
2025-09-16,GOOGL,250.6695251464844,-0.0017885059236889544,0.01993701746933789,0.029755064461285227,0.020103488982814104,0.014214015023795377,0.020570156207200485,0.013005616296523944,0.8814396405575885,0.009236772471194263,16.360000610351562,15.37400016784668,0.04270242497685861
2025-09-17,GOOGL,249.0427093505859,-0.006489882625132948,0.020687700774456728,0.015649423719013927,0.020204071890911494,0.02132011121005204,0.02164816215305117,0.013560081610407655,0.8702995233229581,0.012301803101882598,15.720000267028809,15.448000144958495,-0.03911982392701152
2025-09-18,GOOGL,251.5378265380859,0.010018832488637663,0.0205867600753677,0.015656167864763842,0.02020445142986133,0.016625014727216877,0.01998086146502747,0.012588226036443544,0.7947909321655181,0.010358614638307152,15.699999809265137,15.646000099182128,-0.0012722937292578562
2025-09-19,GOOGL,254.2225799560547,0.01067335857560292,0.020112895449524024,0.015637204003021016,0.02017072058045342,0.01644944417920224,0.019882044504067935,0.012540627512843315,1.3522619277776,0.007703689191709799,15.449999809265137,15.784000015258789,-0.01592356707243181
2025-09-22,GOOGL,252.036865234375,-0.00859764196420909,0.009091503570918067,0.01616258423034593,0.02018081266178264,0.021700375218899847,0.018061792071833276,0.010997699395784525,0.7959535913737616,0.007834941169431233,16.100000381469727,15.866000175476074,0.04207123496628107
2025-09-23,GOOGL,251.16856384277344,-0.003445136451741382,0.009236772471194263,0.015424563724076124,0.020205261378141336,0.015417646135068736,0.018302518294087945,0.011109915542880891,0.6590554849823437,0.007789697087360458,16.639999389648438,15.92199993133545,0.0335403102723042
2025-09-24,GOOGL,246.65736389160156,-0.017960846222761395,0.012301803101882598,0.016981430260735845,0.020724319377437187,0.02391358613217239,0.018821213278512015,0.011445331204028499,0.6982153061194173,0.006980934222431868,16.18000030517578,16.013999938964844,-0.02764417676354103
2025-09-25,GOOGL,245.3100128173828,-0.005462440094879395,0.010358614638307152,0.01719332045494169,0.02069587935151628,0.023393954827551588,0.020175001298578958,0.012297373521403896,0.760490409474186,0.0069224035908748765,16.739999771118164,16.22199993133545,0.03461059674784095
2025-09-26,GOOGL,246.0585479736328,0.0030513844406638846,0.007703689191709799,0.017193272939303856,0.020704326088457542,0.01399366042911393,0.019683844548561296,0.012065450972739032,0.4614472623327886,0.0067044191339261485,15.289999961853027,16.189999961853026,-0.08661886673181729
2025-09-29,GOOGL,243.57342529296875,-0.010099720985634497,0.007834941169431233,0.008935225455042467,0.020929712466600393,0.03433718303312713,0.022211206111406756,0.013957574138354762,0.8180222693878209,0.009684887822482745,16.1200008392334,16.194000053405762,0.05428390316881204
2025-09-30,GOOGL,242.62527465820312,-0.003892668642423547,0.007789697087360458,0.008928035366144215,0.020958764969698805,0.016618647407242372,0.022451406365841482,0.014071106466067579,0.888154819567935,0.0143007202159856,16.280000686645508,16.122000312805177,0.00992554833016479
2025-10-01,GOOGL,244.4217529296875,0.007404332767949162,0.006980934222431868,0.009429745861699167,0.0207493264362678,0.031400582413475556,0.023948805622102116,0.015167808103307716,0.8914480603425822,0.014231821232198193,16.290000915527344,16.144000434875487,0.0006142646474234237
2025-10-02,GOOGL,245.210205078125,0.0032257855079875775,0.0069224035908748765,0.008697497865999628,0.020485828314436207,0.018356442924092907,0.02294130324141038,0.01464263972515878,0.7450563448988742,0.015036232759189996,16.6299991607666,16.122000312805177,0.020871591536571144
2025-10-03,GOOGL,244.87088012695312,-0.0013838125173614158,0.0067044191339261485,0.007406748988048585,0.02052617426447326,0.018911755753903494,0.023924922306368293,0.015050040133024562,0.9060504603396251,0.016760413924824424,16.649999618530273,16.394000244140624,0.001202673407877164
2025-10-06,GOOGL,249.9409637451172,0.020705130865440013,0.009684887822482745,0.010437325160173665,0.020165174326892528,0.026913731143577497,0.022440231928458364,0.014026336615689219,0.8701330614245938,0.021552101936893744,16.3700008392334,16.444000244140625,-0.016816743886603813
2025-10-07,GOOGL,245.28005981445312,-0.01864801935955218,0.0143007202159856,0.011875810522329699,0.02066315185151896,0.02001952424689065,0.023120407296388024,0.01431462502826825,0.7140785568659439,0.02035765188733781,17.239999771118164,16.636000061035155,0.05314593080531016
2025-10-08,GOOGL,244.14230346679688,-0.004638601068985948,0.014231821232198193,0.010603640912048054,0.02062844876215713,0.008952609052126118,0.018630812624118132,0.011751497093414554,0.6706348937814934,0.02240544624112974,16.299999237060547,16.637999725341796,-0.0545243936506532
2025-10-09,GOOGL,241.0583343505859,-0.0126318506560269,0.015036232759189996,0.011168189516590465,0.020890292243568188,0.023226930976296085,0.01960491023455877,0.012342875774906779,0.8816520960577566,0.020345134813738022,16.43000030517578,16.59799995422363,0.007975526024544655
2025-10-10,GOOGL,236.10804748535156,-0.020535638722346983,0.016760413924824424,0.012470234755447287,0.021214522275538345,0.034873397914273116,0.02279723866663269,0.01454421402866621,1.03829223437655,0.012966295273214365,21.65999984741211,17.6,0.3183201123002275
2025-10-13,GOOGL,243.67320251464844,0.032041072338994336,0.021552101936893744,0.016626287467817823,0.021824928301346195,0.01961905961858721,0.021338304361634634,0.013655200428966797,0.8252669364618748,0.008183675845494865,19.030000686645508,18.131999969482422,-0.12142193810222157
2025-10-14,GOOGL,244.97067260742188,0.005324631840448069,0.02035765188733781,0.01663186382415934,0.02170389458411317,0.02693013115720431,0.022720425743697367,0.014529025918902047,0.7448176852936773,0.01742422394377494,20.809999465942383,18.845999908447265,0.09353645376092956
2025-10-15,GOOGL,250.5397796630859,0.022733770521946584,0.02240544624112974,0.017934343927884403,0.01484785101256767,0.024379536895780134,0.02580581131242817,0.015776179693442825,0.920751050464932,0.014202700605698428,20.639999389648438,19.713999938964843,-0.008169153323245748
2025-10-16,GOOGL,250.9689483642578,0.001712976285638268,0.020345134813738022,0.017935039594190023,0.014828520089843943,0.02728062184205843,0.02661654948558064,0.016214911608442264,0.9597898672734974,0.014377985258694399,25.309999465942383,21.489999771118164,0.22625970030968534
2025-10-17,GOOGL,252.80535888671875,0.007317281816854759,0.012966295273214365,0.017938473767331053,0.014760664837114214,0.0253059754634096,0.024703064995407937,0.014989624627604104,1.064446480906198,0.018521463152940367,20.780000686645508,21.313999938964844,-0.1789805956097521
2025-10-20,GOOGL,256.0489807128906,0.012830510557433783,0.008183675845494865,0.017251055732180613,0.01483215240562132,0.01208337942790388,0.023195928957271274,0.01438912051402704,0.8163523220906614,0.02317687910844801,18.229999542236328,21.153999710083006,-0.12271419923715232
2025-10-21,GOOGL,249.9709014892578,-0.023737955162759228,0.01742422394377494,0.018004648708276734,0.015085059594693691,0.04284121495926662,0.02637814571768373,0.01695469551718607,1.6651957679648646,0.017555033104712906,17.8700008392334,20.56599998474121,-0.01974759802757342
2025-10-22,GOOGL,251.19851684570312,0.004911033040772006,0.014202700605698428,0.01786366581383723,0.015081910141465852,0.0280900790530033,0.027120254149128366,0.017329579380248997,1.2182547983732908,0.017621116673763943,18.600000381469727,20.158000183105468,0.04085056004214738
2025-10-23,GOOGL,252.58578491210935,0.005522596565561422,0.014377985258694399,0.017000553620461288,0.015085895211831783,0.012604659236357714,0.02418506162798822,0.016091110137369743,0.7057783398388633,0.016380041653790506,17.299999237060547,18.5560001373291,-0.06989253321222011
2025-10-24,GOOGL,259.4124450683594,0.027027095600908213,0.018521463152940367,0.015726669033355255,0.01577175785565578,0.02446900978377626,0.024017668492061557,0.01598589826207982,0.9982477164575306,0.018699986905642483,16.3700008392334,17.67400016784668,-0.05375713519309755
2025-10-27,GOOGL,268.7441711425781,0.03597254584975551,0.02317687910844801,0.016386193759513352,0.015014248003559305,0.021762602994138715,0.02595351320530852,0.016722687868095654,1.2216683592291346,0.015025210677282562,15.789999961853027,17.186000251770018,-0.03543071763260408
2025-10-28,GOOGL,266.94769287109375,-0.006684715295764643,0.017555033104712906,0.017184419223495177,0.015087465353105659,0.01581489874386983,0.020548249962229165,0.012810051696314077,1.0400808461354578,0.020045217171258917,16.420000076293945,16.896000099182128,0.03989867738840602
2025-10-29,GOOGL,274.0338134765625,0.026544977891569843,0.017621116673763943,0.017566765036182215,0.015626595096390587,0.02793452564212267,0.020517139280053037,0.012855234230823331,1.4930543302902597,0.019553234022302777,16.920000076293945,16.560000038146974,0.03045066977325206
2025-10-30,GOOGL,280.93035888671875,0.025166768008160867,0.016380041653790506,0.018024467940722336,0.016088748168793493,0.040962051759536405,0.026188617784688773,0.016469465750945742,2.36512828774106,0.01676659898436984,16.90999984741211,16.482000160217286,-0.0005910300730935791
2025-10-31,GOOGL,280.6408996582031,-0.0010303593732721161,0.018699986905642483,0.018427825148627744,0.01605857626208237,0.031900142760489136,0.02767484438003135,0.017344231920976907,1.2229470395437576,0.01983302242126374,17.440000534057617,16.69600009918213,0.03134244183488977
2025-11-03,GOOGL,283.16595458984375,0.008997458797758817,0.015025210677282562,0.018417343703653537,0.01592510042116157,0.02019600649117011,0.02736152507943763,0.017198003042285904,0.926360037326842,0.027498260302180468,17.170000076293945,16.972000122070312,-0.01548167714997506
2025-11-04,GOOGL,276.9980163574219,-0.021782061481776416,0.020045217171258917,0.01802221514713742,0.016560385960170326,0.01805137671614657,0.027808820673892974,0.017354617541167898,0.9255273909755048,0.023376830318060787,19.0,17.488000106811523,0.10658124144289749
2025-11-05,GOOGL,283.7547912597656,0.024392863859447944,0.019553234022302777,0.01840412084711317,0.01648171741769482,0.03193703059271573,0.02860932166401159,0.017845729883172196,0.9401670273485606,0.024066522242095916,18.010000228881836,17.706000137329102,-0.05210525111148234
2025-11-06,GOOGL,284.1939392089844,0.0015476318382823262,0.01676659898436984,0.01861123095589827,0.016380412856326104,0.025320426532319928,0.025480996618568296,0.0157260867442694,1.111388325035103,0.027638847148426748,19.5,18.22400016784668,0.08273180189796547
2025-11-07,GOOGL,278.2854919433594,-0.020790194478004564,0.01983302242126374,0.02038406458398346,0.01704535350023082,0.0308072902900073,0.025262426124471927,0.015563213351082178,1.0288468367068642,0.026247894707470912,19.079999923706055,18.552000045776367,-0.0215384654509716
2025-11-10,GOOGL,289.5334777832031,0.04041887258044019,0.027498260302180468,0.021115949976063086,0.018044870413930252,0.027369880297668913,0.02669720088577169,0.01636619647670872,0.8760061023725604,0.022627312754390592,17.600000381469727,18.638000106811525,-0.07756811049026757
2025-11-11,GOOGL,290.7411193847656,0.004170991247052891,0.023376830318060787,0.020567434552076408,0.017953262047284473,0.01579075947295766,0.026245077437133908,0.01620956331324391,0.5900557579362129,0.022266506410624387,17.280000686645508,18.294000244140626,-0.018181800448205276
2025-11-12,GOOGL,286.1501159667969,-0.015790691828124315,0.024066522242095916,0.02085582057113326,0.018393812628190783,0.029018895651295475,0.025661450448849855,0.0157530957275217,0.7407795251652739,0.025705347232569068,17.510000228881836,18.194000244140625,0.013310158165333874
2025-11-13,GOOGL,278.0260314941406,-0.028390987874346796,0.027638847148426748,0.021821938233589876,0.01940257644276131,0.02010268857478966,0.024617902857343804,0.015190582157915527,0.8779687706978593,0.02097497850485982,20.0,18.294000244140626,0.1422044396670561
2025-11-14,GOOGL,275.8702392578125,-0.007753922266712454,0.026247894707470912,0.021932247558298538,0.01950238873723949,0.028435965585278555,0.024143637916398054,0.01488947130952778,0.9393026225928055,0.021775767117062823,19.829999923706055,18.444000244140625,-0.008500003814697288
2025-11-17,GOOGL,284.4634094238281,0.031149319292774313,0.022627312754390592,0.02411968728235069,0.019897073084166023,0.03641851548283721,0.02595336495343171,0.016113473154049797,1.495962733713112,0.03022584184741044,22.3799991607666,19.4,0.12859300286794828
2025-11-18,GOOGL,283.724853515625,-0.002596312508870824,0.022266506410624387,0.022861388652818768,0.019463898603444975,0.037287095931665855,0.03025263224517335,0.018501705967065223,1.3925756418595059,0.02738680604669296,24.690000534057617,20.881999969482422,0.10321722340993555
2025-11-19,GOOGL,292.23822021484375,0.030005713612078377,0.025705347232569068,0.023514487822973957,0.019892430531792002,0.05867283500913729,0.036183420116741714,0.022944818403497096,1.8452565117027542,0.03178294677437495,23.65999984741211,22.111999893188475,-0.041717321359500015
2025-11-20,GOOGL,288.884765625,-0.011475071903252143,0.02097497850485982,0.023972140145551588,0.019855751406409477,0.061323196584646106,0.044427521718713,0.027467714486157226,1.5877343596510707,0.02929976068069196,26.420000076293945,23.395999908447266,0.11665258861714323
2025-11-21,GOOGL,299.0748596191406,0.035273905746100676,0.021775767117062823,0.0246243152343249,0.019874961929810777,0.033604776083409144,0.045461283818339124,0.027879726469658122,1.7933927609659126,0.0319076883544119,23.43000030517578,24.11599998474121,-0.11317183052550484
2025-11-24,GOOGL,317.9578552246094,0.06313802380285471,0.03022584184741044,0.028708264303716077,0.02187670992765253,0.031012635128513887,0.04438010774747446,0.027481480589692714,1.9428184921702214,0.012419830889909394,20.520000457763672,23.744000244140626,-0.12419973578785137
2025-11-25,GOOGL,322.8083801269531,0.015255244752224506,0.02738680604669296,0.028681903407052955,0.021892151923010313,0.03456589349304937,0.04383586725975116,0.027215350325440146,1.894636710468726,0.011379401721688437,18.559999465942383,22.518000030517577,-0.09551661540434953
2025-11-26,GOOGL,319.3252258300781,-0.010790160699995277,0.03178294677437495,0.028204843075138274,0.02204674692780283,0.02409748761031191,0.03692079777998608,0.02319399936138097,1.0891075675352522,0.010698963872847555,17.190000534057617,21.22400016784668,-0.07381459974709137
2025-11-28,GOOGL,319.5547790527344,0.000718869679210421,0.02929976068069196,0.02495933735577484,0.02205781258854725,0.0314198194413122,0.0309401223513193,0.01875107028879914,0.5817161819031818,0.01221355169677761,16.350000381469727,19.210000228881835,-0.04886562690464402
2025-12-01,GOOGL,314.2751159667969,-0.01652193436627103,0.0319076883544119,0.0259540503944943,0.022519678694695164,0.018927216417872792,0.028004610418212034,0.017182107890608797,0.9187903593830542,0.014557643312812337,17.239999771118164,17.972000122070312,0.05443421216412436
2025-12-02,GOOGL,315.1932678222656,0.0029214907856902617,0.012419830889909394,0.025338780342500266,0.02251182052143769,0.014154083959529443,0.024632900184415146,0.015442236811013539,0.7945375776982483,0.015410757260975612,16.59000015258789,17.186000061035156,-0.03770299461483784
2025-12-03,GOOGL,319.00579833984375,0.01209585009197589,0.011379401721688437,0.02491139723998515,0.02175188399030556,0.023401997166981787,0.022400120919201627,0.013860261788604401,0.9152086225605248,0.015039038613198582,16.079999923706055,16.690000152587892,-0.03074142400187263
2025-12-04,GOOGL,316.999755859375,-0.006288420119347382,0.010698963872847555,0.024649201200706492,0.021909142338112773,0.0241167850333385,0.022403980403806943,0.01386059091281408,0.6832192389345018,0.018786080979256048,15.779999732971191,16.407999992370605,-0.01865672836805088
2025-12-05,GOOGL,320.642578125,0.011491561738744771,0.01221355169677761,0.02363738808888701,0.02191283799761571,0.012419430294826547,0.018603902574509813,0.011521737912328906,0.6367632878708928,0.017013406863875834,15.40999984741211,16.219999885559083,-0.023447394918898135
2025-12-08,GOOGL,313.31219482421875,-0.02286154054663181,0.014557643312812337,0.024075080638978296,0.02232495930012241,0.029389268088829558,0.020696312908701168,0.012988966907181172,0.7488590242973829,0.014629668550129196,16.65999984741211,16.103999900817872,0.08111615914194314
2025-12-09,GOOGL,316.66778564453125,0.010710054941190927,0.015410757260975612,0.013272246537583441,0.021642922543776585,0.019206498662136886,0.021706795849222655,0.01346348721846943,0.6663392422371777,0.0123265873934136,16.93000030517578,16.17199993133545,0.016206510218282677
2025-12-10,GOOGL,319.7937316894531,0.00987137368128388,0.015039038613198582,0.012665244284711222,0.021526792220258266,0.020705178038589102,0.021167432023544118,0.013140388149505527,0.726832221578278,0.012555678578908484,15.770000457763672,16.11000003814697,-0.06851741444195236
2025-12-11,GOOGL,312.0238342285156,-0.02429659086777447,0.018786080979256048,0.01443743695912907,0.021873256494351682,0.04007294212199494,0.024358663441275408,0.01565362831370282,0.9036654139850222,0.018356601904911236,14.850000381469727,15.92400016784668,-0.05833862077290075
2025-12-12,GOOGL,308.887939453125,-0.01005017704222555,0.017013406863875834,0.014594981811561032,0.021673588546772274,0.030101190796279813,0.027895015541566058,0.017288228056991494,0.7615886005611864,0.02050183362930226,15.739999771118164,15.990000152587891,0.059932617291983625
2025-12-15,GOOGL,307.8193054199219,-0.0034596172161823757,0.014629668550129196,0.013844685030127375,0.021695205533701446,0.02121863772312068,0.026260889468424288,0.016428432459255824,0.6193790762950925,0.02087099369152859,16.5,15.958000183105469,0.04828464040237068
2025-12-16,GOOGL,306.1714782714844,-0.005353228726799886,0.0123265873934136,0.013765800794757598,0.021723677689389553,0.026682299247657165,0.027756049585528342,0.01715357681042776,0.6654400030285842,0.021229842864030204,16.479999542236328,15.868000030517578,-0.0012121489553740261
2025-12-17,GOOGL,296.3342590332031,-0.0321297701987725,0.012555678578908484,0.015445204773138679,0.02220479271980335,0.040341066228965536,0.03168322722360363,0.01939485162507374,0.9612641219256047,0.007893183856125027,17.6200008392334,16.238000106811523,0.06917483790429602
2025-12-18,GOOGL,302.0668029785156,0.019344857270350957,0.018356601904911236,0.017597219810644125,0.022051666524867904,0.01563836739528749,0.026796312278262135,0.016727749886224035,0.7623512479129048,0.008285852941892834,16.8700008392334,16.642000198364258,-0.04256526471497213
2025-12-19,GOOGL,306.7607116699219,0.015539306686872534,0.02050183362930226,0.018051062320276343,0.022182366689643927,0.02044536627302939,0.02486514737361205,0.015671642961441374,1.3666158183833985,0.007215391536308521,14.90999984741211,16.476000213623045,-0.11618262562637516
2025-12-22,GOOGL,309.3772888183594,0.00852970099786754,0.02087099369152859,0.017166250900961598,0.02174952051076016,0.01559176547510073,0.023739772924008064,0.015194702830187092,0.6372163737501543,0.006854828526888946,14.079999923706055,15.992000198364257,-0.05566733281020897
2025-12-23,GOOGL,313.94134521484375,0.014752396382799793,0.021229842864030204,0.017519976895296677,0.020739218051830727,0.017878145405019634,0.021978942155480553,0.014245716882198339,0.6619082010142157,0.0014676626871744254,14.0,15.496000289916992,-0.005681812794001595
2025-12-24,GOOGL,313.68170166015625,-0.0008270447924271229,0.007893183856125027,0.017123162459375386,0.02074878692974391,0.010060725210528068,0.01592287395179306,0.009848618735420622,0.2921188743931367,0.003758322855963179,13.470000267028809,14.666000175476075,-0.03785712378365658
2025-12-26,GOOGL,313.1024475097656,-0.001846630349570666,0.008285852941892834,0.015210033190769473,0.020473709536046766,0.008963023415725966,0.014587805155880757,0.009221750031736538,0.3349174744475237,0.0037485686800124104,13.600000381469727,14.01200008392334,0.0096510847708835
2025-12-29,GOOGL,313.1523742675781,0.00015945821634288926,0.007215391536308521,0.014762992172742195,0.019599258175974566,0.010843200417645698,0.012667371984804018,0.007926301219854099,0.6089470697576119,0.00551901138606404,14.199999809265137,13.870000076293945,0.044117603747491074
2025-12-30,GOOGL,313.4420166015625,0.000924924598326271,0.006854828526888946,0.014665070874950541,0.01948108199245019,0.014306263070366797,0.012410271503857232,0.0077289927707245,0.5600888104046093,0.012026791621863,14.329999923706055,13.920000076293945,0.009154937759653814
2025-12-31,GOOGL,312.5931091308594,-0.0027083397430479605,0.0014676626871744254,0.014542875117954681,0.018851308006383596,0.010031898181659334,0.010841022059185173,0.006603776235090538,0.5448599483341678,0.011302495741096576,14.949999809265137,14.110000038146973,0.04326586802930965
2026-01-02,GOOGL,314.7403259277344,0.00686904712277614,0.003758322855963179,0.008142275764651739,0.01882811053297523,0.03861657516557594,0.016552192050194748,0.01195905611489825,1.0826017630065574,0.011308116702204654,14.510000228881836,14.318000030517577,-0.02943141043457509
2026-01-05,GOOGL,316.1285400390625,0.004410664909989537,0.0037485686800124104,0.0066750861183612065,0.01815991042070504,0.013868654869377571,0.01753331834092507,0.012291471420884204,1.0230650072980236,0.011086189337985407,14.899999618530273,14.577999877929688,0.02687797267378067
2026-01-06,GOOGL,313.9313659667969,-0.006950255335991251,0.00551901138606404,0.006353380448474163,0.018055925494200056,0.029140433189619015,0.02119276489531973,0.01424831172243538,1.0532935396718373,0.006179946645315955,14.75,14.68799991607666,-0.010067088749702191
2026-01-07,GOOGL,321.5614318847656,0.024304885542325128,0.012026791621863,0.009326299260427818,0.01748027518834842,0.03714513648981135,0.025760539579208642,0.017000320482060398,1.1822605018555121,0.00506584371021721,15.380000114440918,14.897999954223632,0.042711872165486
2026-01-08,GOOGL,325.0169372558594,0.01074601935574182,0.011302495741096576,0.008884308814641164,0.013348892547729571,0.02710179221377915,0.02917451838563261,0.018291771475445865,1.071139944753988,0.009054165288509091,15.449999809265137,14.997999954223634,0.004551345533378326
2026-01-09,GOOGL,328.14288330078125,0.009617794295012638,0.011308116702204654,0.008931842492237165,0.013177235182147456,0.015308758155559501,0.02451295498362932,0.015645544322821153,0.8911247857529903,0.010030797351621625,14.489999771118164,14.993999862670899,-0.062135925566243366
2026-01-12,GOOGL,331.4285583496094,0.010012940142957172,0.011086189337985407,0.008773677781521704,0.013102653197425151,0.0272404295303791,0.02718730991582962,0.016888749430520045,1.16997160592906,0.013393097227235655,15.119999885559082,15.03799991607666,0.04347826945426525
2026-01-13,GOOGL,335.53326416015625,0.012384888710214925,0.006179946645315955,0.00876162229155352,0.013256281138579965,0.020448239700646773,0.025448871218035175,0.015959849402771835,1.1608084127232603,0.01607747990014921,15.979999542236328,15.283999824523926,0.056878284602278395
2026-01-14,GOOGL,335.4034118652344,-0.0003870027469463633,0.00506584371021721,0.008871187591939283,0.01281076603875001,0.017984689415214455,0.021616781803115798,0.013330338072346896,0.9889940538524972,0.016803495867219947,16.75,15.557999801635741,0.04818526156577807
2026-01-15,GOOGL,332.3473815917969,-0.0091115062200543,0.009054165288509091,0.009816845994570365,0.012976351832362404,0.02088470530838775,0.020373364422037517,0.012492253880838907,0.9897857785283677,0.016702626116477503,15.84000015258789,15.635999870300292,-0.054328349099230455
2026-01-16,GOOGL,329.5710144042969,-0.008353810925792238,0.010030797351621625,0.010828020712140625,0.012956665431546426,0.021060550574100344,0.021523722905745685,0.013072679382879496,1.41269536943898,0.018220820254019273,15.859999656677246,15.90999984741211,0.0012625949429734273
2026-01-20,GOOGL,321.5814208984375,-0.02424240347805051,0.013393097227235655,0.014176776095934823,0.013705942402204399,0.0226708643184685,0.020609809863363564,0.012377477924963479,1.234300075483553,0.010943782567474367,20.09000015258789,16.903999900817873,0.2667087381764075
2026-01-21,GOOGL,327.953125,0.019813657405210794,0.01607747990014921,0.01485114158532325,0.014015344525792037,0.03998417896210867,0.024516997715655946,0.015502873273699511,1.2905023359096628,0.00860891476180769,16.899999618530273,17.08799991607666,-0.1587854907829206
2026-01-22,GOOGL,330.1103210449219,0.0065777572478440405,0.016803495867219947,0.013186295517700475,0.013311022447166053,0.01936223673696252,0.02479250718000556,0.015604254650089737,0.9577418340448227,0.008614007248569918,15.640000343322754,16.86599998474121,-0.07455617181351726
2026-01-23,GOOGL,327.5036926269531,-0.007896234233809474,0.016702626116477503,0.013240977601299449,0.01331639232243868,0.019028421839244084,0.024421250486176826,0.01542730243021447,0.9919262367580302,0.006288260148501854,16.09000015258789,16.915999984741212,0.02877236568970143
2026-01-26,GOOGL,332.8267822265625,0.016253525439399175,0.018220820254019273,0.013880497312473093,0.013509148738352393,0.026525823917810016,0.02551430515491876,0.016048596796761405,0.9202389601431555,0.00652405906195151,16.149999618530273,16.973999977111816,0.0037289910113973423
2026-01-27,GOOGL,334.1150817871094,0.0038707809267282123,0.010943782567474367,0.013595159832399763,0.012608942667240025,0.013241646502533105,0.02362846159173168,0.0152812370431216,0.7503154028243725,0.010406711590829003,16.350000381469727,16.226000022888183,0.012383948462139527
2026-01-28,GOOGL,335.5732116699219,0.004364154635023487,0.00860891476180769,0.013068090431356344,0.012392516205360752,0.01666618832998981,0.01896486346530791,0.01168754411108758,0.9386736885396505,0.014436957853620272,16.350000381469727,16.116000175476074,0.0
2026-01-29,GOOGL,337.8102722167969,0.006666385960138577,0.008614007248569918,0.013228911151172659,0.012352844287711261,0.04656319290465626,0.024405054698846657,0.016427039342269103,1.3110222903380415,0.013678808789554112,16.8799991607666,16.363999938964845,0.032415826723621866
2026-01-30,GOOGL,337.56060791015625,-0.0007390666512366861,0.006288260148501854,0.012789989206071035,0.012271417463192585,0.0228106256067399,0.025161495452345823,0.016795690204324757,0.9982200382762557,0.01633183657967468,17.440000534057617,16.63400001525879,0.03317543845574367
2026-02-02,GOOGL,343.24322509765625,0.01683436116163306,0.00652405906195151,0.013081929202134392,0.010524081464741038,0.026768255183743872,0.02520998170553259,0.016838023282742823,1.029825296086718,0.011743316593106568,16.34000015258789,16.672000122070312,-0.06307341443720693
2026-02-03,GOOGL,339.26837158203125,-0.011580282508108053,0.010406711590829003,0.010357524028272886,0.01058129119667373,0.033940711398891946,0.029349794684804364,0.01877154972378111,1.1628296614302218,0.01207070660930501,18.0,17.002000045776366,0.10159117698350828
2026-02-04,GOOGL,332.6070556640625,-0.01963435579599293,0.014436957853620272,0.011691201377722097,0.011182533335358815,0.044409104508315915,0.034898377920469584,0.021727031464943286,2.116539699880339,0.012814878181168422,18.639999389648438,17.45999984741211,0.03555552164713549
2026-02-05,GOOGL,330.8193664550781,-0.005374778371478595,0.013678808789554112,0.01172212487457966,0.011223249265990068,0.07918493882665102,0.04142272710486854,0.028257754053395805,2.448794207788736,0.012672585996550644,21.770000457763672,18.438000106811522,0.1679185177362963
2026-02-06,GOOGL,322.4402770996094,-0.025328291524331137,0.01633183657967468,0.014122858658051424,0.012044965571029196,0.03239791838461568,0.04334018566044369,0.02890005231162778,1.5138015023232405,0.010893972173178036,20.3700008392334,19.02400016784668,-0.06430866279706493
2026-02-09,GOOGL,323.8984069824219,0.004522170418437055,0.011743316593106568,0.012923675993147,0.012057170218224125,0.03219043600652578,0.04442462182500007,0.029292985048568893,1.0454823224524148,0.006824199331656289,17.360000610351562,19.228000259399415,-0.1477663281723809
2026-02-10,GOOGL,318.16583251953125,-0.017698680633528863,0.01207070660930501,0.013503278157491643,0.012530602927201857,0.022160927784992488,0.04206866510222018,0.02849897072752715,1.0259858350043474,0.010214785633164759,17.790000915527344,19.186000442504884,0.02476960196184419
2026-02-11,GOOGL,310.5557556152344,-0.023918586241750917,0.012814878181168422,0.014309176530693555,0.013307546942644261,0.0366606451303921,0.04051897322663541,0.027687404239232338,1.1711024517339739,0.006749477933988835,17.649999618530273,18.98800048828125,-0.007869662158076385
2026-02-12,GOOGL,308.5982971191406,-0.006303082331273746,0.012672585996550644,0.013430698350935973,0.013351991578593373,0.029255592321500844,0.030533103925605383,0.018459857511256793,1.2020217374781486,0.021236593722532667,20.81999969482422,18.79800033569336,0.17960340763780214
2026-02-13,GOOGL,305.32257080078125,-0.010614855457529382,0.010893972173178036,0.013121669924479261,0.013475917793227092,0.016093200994666112,0.027272160447615473,0.01687394301595512,0.9568232029197998,0.021317602306241457,20.600000381469727,18.844000244140624,-0.010566729902939609
2026-02-17,GOOGL,301.6273498535156,-0.01210267861158787,0.006824199331656289,0.00916173622504193,0.013553584617252415,0.027117418513102117,0.026257556948930737,0.01620981495649443,0.976738392683048,0.019836149331999512,20.290000915527344,19.43000030517578,-0.015048517485525714
2026-02-18,GOOGL,302.9356689453125,0.004337534684544453,0.010214785633164759,0.010658396730887178,0.013552523337936488,0.013615550936730544,0.024548481579278348,0.015511465937182046,0.7149415789204174,0.019815247088894993,19.6200008392334,19.796000289916993,-0.03302119497595557
2026-02-19,GOOGL,302.456298828125,-0.0015824155632001569,0.006749477933988835,0.010601899624103633,0.013511147563448315,0.01792964360689258,0.020802281274578442,0.013020265047003845,0.656349281962361,0.022543338606053332,20.229999542236328,20.312000274658203,0.031090656315525544
2026-02-20,GOOGL,314.5705261230469,0.04005281867780153,0.021236593722532667,0.018959585985198583,0.014780580060421985,0.04000255782600301,0.022951674375478875,0.015096360658755817,1.3071141461228963,0.012867265887282606,19.09000015258789,19.966000366210938,-0.056351923650237334
2026-02-23,GOOGL,311.0850524902344,-0.011080102372493461,0.021317602306241457,0.017747405160747548,0.01473857079505909,0.03098010914965013,0.02592905600647568,0.01664668451496411,0.7679925779210749,0.014077314074922215,21.010000228881836,20.04800033569336,0.10057622110776498
2026-02-24,GOOGL,310.495849609375,-0.0018940250460213193,0.019836149331999512,0.017542412699812302,0.014592177521676308,0.020392397756050007,0.024584051855065257,0.015931644541000628,0.6263835164858006,0.014326752370758247,19.549999237060547,19.9,-0.06949076515545527
2026-02-25,GOOGL,312.49322509765625,0.006432857285513016,0.019815247088894993,0.017115504474964394,0.014507151758504167,0.013422858066340356,0.02454551328098722,0.01592337430242888,0.7253211357173989,0.013184800275884699,17.93000030517578,19.561999893188478,-0.082864398726613
2026-02-26,GOOGL,306.9804382324219,-0.01764130042663037,0.022543338606053332,0.016304642745659233,0.014526413383095708,0.03510315691821108,0.027980215943250925,0.017861772244577405,0.8723811617373247,0.011685258214198909,18.6299991607666,19.24199981689453,0.03904064939635021
2026-02-27,GOOGL,311.354736328125,0.01424943596044792,0.012867265887282606,0.016853549124344787,0.014854371947704899,0.02748911680706433,0.025477527739463192,0.015994345073699307,1.0627855200752225,0.005499318587212734,19.860000610351562,19.395999908447266,0.06602262506673928
2026-03-02,GOOGL,306.12152099609375,-0.016807887343381123,0.014077314074922215,0.017432264075781558,0.015040105050717062,0.02345687948294146,0.023972881806121456,0.015102886096229423,0.8245744039023785,0.015321019418659062,21.440000534057617,19.481999969482423,0.07955689200142912
2026-03-03,GOOGL,303.1853332519531,-0.009591575706884403,0.014326752370758247,0.017249336499070844,0.015058043228643242,0.023815835384810753,0.024657569331873602,0.015477646722351489,0.8378603251408846,0.014325796236406242,23.56999969482422,20.286000061035157,0.09934697330735043
2026-03-04,GOOGL,302.7359619140625,-0.0014821671387289514,0.013184800275884699,0.017209135545643642,0.014496494248482998,0.01557088095758731,0.025087173910122995,0.015618544856842331,0.7029461971108621,0.01417861965878397,21.149999618530273,20.929999923706056,-0.10267289383229639
2026-03-05,GOOGL,300.4888610839844,-0.007422642542599611,0.011685258214198909,0.017369627673253295,0.013930933042773808,0.017648223452608157,0.02159618721700241,0.013332222528764872,0.8877173153579865,0.016445872714214594,23.75,21.954000091552736,0.12293146233401209
2026-03-06,GOOGL,298.1319274902344,-0.007843663772585718,0.005499318587212734,0.00996414935829428,0.01384409355685251,0.017921768392101214,0.019682717534009787,0.012049805291960154,0.6886066611519406,0.015971890346608727,29.489999771118164,23.879999923706055,0.24168420088918596
2026-03-09,GOOGL,306.1770935058594,0.026985254760708344,0.015321019418659062,0.013976991419113015,0.014871301639301998,0.04151978661999964,0.02329529896142142,0.015310767958913282,0.8190126979785024,0.01056626709899646,25.5,24.69199981689453,-0.1353000950181722
2026-03-10,GOOGL,306.8567199707031,0.0022197168869222406,0.014325796236406242,0.014024614399635236,0.014488703960193361,0.012832211867365821,0.021098574257932434,0.014298578293799722,0.6645698891906913,0.013388971819227127,24.93000030517578,24.963999938964843,-0.022352929208792838
2026-03-11,GOOGL,308.5157470703125,0.005406520345286214,0.01417861965878397,0.013967080084725452,0.014515056657593457,0.017816649765181658,0.021547728019451307,0.014486569680688026,0.7050727526293702,0.014383667280608279,24.229999542236328,25.579999923706055,-0.028078650395929716
2026-03-12,GOOGL,303.3687744140625,-0.016683014417014475,0.016445872714214594,0.013844436264148227,0.014676972978948384,0.026058323110539138,0.0232297479510375,0.015358548435181167,0.7510013657829422,0.011460667343624876,27.290000915527344,26.288000106811523,0.12628978254650813
2026-03-13,GOOGL,302.09954833984375,-0.004183772956429577,0.015971890346608727,0.012758667668484535,0.01455728442785537,0.023984385434953844,0.024442271359608025,0.01592560619792758,0.7406407094966069,0.015265933920670688,27.190000534057617,25.828000259399413,-0.0036643597696923713
2026-03-16,GOOGL,305.3775939941406,0.010850879030806393,0.01056626709899646,0.012411641459182773,0.014788214390882187,0.011356202541000976,0.01840955454380829,0.011560146919229441,0.7528470995091227,0.014186654202894734,23.510000228881836,25.43000030517578,-0.13534388499059757
2026-03-17,GOOGL,310.7344055175781,0.01754159974009184,0.013388971819227127,0.013072424951742346,0.014821827162326056,0.019040309957758215,0.01965117416188677,0.012180673978291517,0.7227719822487106,0.016590581329242734,22.3700008392334,24.918000411987304,-0.048489977820074914
2026-03-18,GOOGL,307.5063171386719,-0.010388577259506704,0.014383667280608279,0.013666717087802904,0.014800189744672945,0.01800516266685285,0.019688876742221008,0.01218806564442494,0.6680450589377878,0.017964763518603308,25.09000015258789,25.090000534057616,0.12159138181989015
2026-03-19,GOOGL,306.9466552734375,-0.0018200011968599883,0.011460667343624876,0.013365051206514609,0.014470358169978676,0.018591447804836875,0.01819550168108056,0.011192453969331887,0.8382394824775931,0.019631877914280216,24.059999465942383,24.444000244140625,-0.041052239154301895
2026-03-20,GOOGL,300.8203125,-0.01995898201913937,0.015265933920670688,0.01484473108974526,0.014808787108028666,0.02568109962235247,0.018534844518560283,0.011466471018113829,1.5052707599846027,0.01979964431847292,26.780000686645508,24.362000274658204,0.11305075981208423
2026-03-23,GOOGL,301.87969970703125,0.003521661147902977,0.014186654202894734,0.011828511254444752,0.014238487921025453,0.016718593495874266,0.01960732270953494,0.01192083306242969,0.9986107185785744,0.018141992304395987,26.149999618530273,24.89000015258789,-0.023525057952272554
2026-03-24,GOOGL,290.2666320800781,-0.03846919033715546,0.016590581329242734,0.016528779168251417,0.015643497603773388,0.03301896011174789,0.022403052740332878,0.01384615231019383,1.2316783736525077,0.033072949634546975,26.950000762939453,25.8060001373291,0.03059277843515873
2026-03-25,GOOGL,290.7563171386719,0.0016870180877650576,0.017964763518603308,0.016298364941393126,0.015437053618531087,0.02323586407661469,0.023449193022285243,0.014392115901298503,0.9851432821077687,0.036848125371400656,25.329999923706055,25.854000091552734,-0.06011134669284157
2026-03-26,GOOGL,280.7523193359375,-0.03440681152238945,0.019631877914280216,0.018437801450453397,0.016036977640865948,0.033639512157656204,0.02645880589284911,0.016192707542722118,1.3010620738238186,0.030915750048289763,27.440000534057617,26.530000305175783,0.08330045861456314
2026-03-27,GOOGL,274.1762390136719,-0.02342306677223538,0.01979964431847292,0.01904000148856055,0.016449291824882303,0.019756444494082148,0.025273874867195047,0.015577808726739212,1.2125219088133903,0.02441800090837019,31.049999237060547,27.38400001525879,0.13155971693667867
2026-03-30,GOOGL,273.33673095703125,-0.003061928559749294,0.018141992304395987,0.017860580773609847,0.016399173541519173,0.018208449675788385,0.02557184610317787,0.015697638520134505,1.186500823330523,0.02144294342578295,30.610000610351562,28.276000213623046,-0.014170648551379394
2026-03-31,GOOGL,287.3883361816406,0.05140767278298308,0.033072949634546975,0.02544740053445657,0.01912936625012058,0.0382180773670917,0.026611669554246632,0.01671424835320876,1.4607395086566546,0.017601051777146628,25.25,27.936000061035156,-0.17510619090085677
2026-04-01,GOOGL,297.2124938964844,0.03418426038221156,0.036848125371400656,0.028592751599852553,0.0201868500982383,0.03399571220813882,0.02876363918055146,0.018037138403973193,1.2378364165236027,0.01672488790947319,24.540000915527344,27.778000259399413,-0.028118775622679504
2026-04-02,GOOGL,295.59344482421875,-0.005447446206045203,0.030915750048289763,0.028598649052646665,0.020206715917376033,0.029177991972794297,0.02787133514357908,0.017529410140812017,0.7285414996962799,0.0162924764868514,23.8700008392334,27.06400032043457,-0.027302365578560805
2026-04-06,GOOGL,299.8109130859375,0.014267800370968198,0.02441800090837019,0.02844394368881309,0.018927148914373294,0.018133946526536136,0.027546835550069877,0.017425538393695816,0.5781871391021934,0.01630407613072292,24.170000076293945,25.68800048828125,0.012568044680059565
2026-04-07,GOOGL,305.27764892578125,0.018233945467744705,0.02144294342578295,0.029019506817868565,0.01916685329058471,0.02589538362922611,0.029084222340757422,0.01815273418995793,0.8001130931139051,0.01918660017911362,25.780000686645508,24.722000503540038,0.06661152690399286
2026-04-08,GOOGL,317.1305847167969,0.03882673963431005,0.017601051777146628,0.027442663774533662,0.020459451639354576,0.022248825777254712,0.02589037202279002,0.015994539719172453,1.1364956050575208,0.015036327039414007,21.040000915527344,23.88000068664551,-0.18386344627110762
2026-04-09,GOOGL,318.29986572265625,0.003687064768298942,0.01672488790947319,0.027388842858993658,0.020440007378696133,0.026625675048963904,0.024416364590955038,0.014951145835145329,0.8047542442131762,0.016296344318901777,19.489999771118164,22.870000457763673,-0.07366925270736524
2026-04-10,GOOGL,317.0506286621094,-0.003924717522926557,0.0162924764868514,0.02336973049270646,0.02016448991202696,0.01736848889692672,0.022054463975781518,0.013519849773345053,0.6556884290297368,0.014075596113154648,19.229999542236328,21.94200019836426,-0.013340186348648642
2026-04-13,GOOGL,321.1181945800781,0.012829389221314713,0.01630407613072292,0.01970709605765526,0.020134619848128976,0.01917152814700723,0.02226198029987574,0.01362740801445718,0.6512712482405503,0.018814065042515326,19.1200008392334,20.932000350952148,-0.005720161498773413
2026-04-14,GOOGL,332.7112731933594,0.03610221659486279,0.01918660017911362,0.019364432095180416,0.020806713093192337,0.028656418972031205,0.02281418736843676,0.014033756829420064,0.9500573364232627,0.014495519117143696,18.360000610351562,19.448000335693358,-0.039748964201003045
2026-04-15,GOOGL,336.91876220703125,0.012646066883422513,0.015036327039414007,0.015963560403511375,0.020739103957981384,0.019518323401601933,0.022268086893306206,0.013765093771207325,0.849692636506354,0.016722557106418248,18.170000076293945,18.87400016784668,-0.010348612622076536
2026-04-16,GOOGL,335.81939697265625,-0.0032629979618038485,0.016296344318901777,0.015649666198317137,0.02075707608534992,0.01595147921072804,0.020133247725659033,0.012470784713197906,0.6997990864779834,0.016606451761952527,17.940000534057617,18.56400032043457,-0.012658202601573132
2026-04-17,GOOGL,341.4760437011719,0.01684431209009718,0.014075596113154648,0.014360144582400002,0.020782713881205582,0.017794477933078964,0.02021844553288948,0.012536945768087199,0.8707626231630843,0.01647551844682291,17.479999542236328,18.21400032043457,-0.02564108016318145
2026-04-20,GOOGL,337.2185974121094,-0.012467774438631563,0.018814065042515326,0.016727670177509167,0.020894106109943307,0.014195982319666869,0.01922333636742141,0.012025009269915466,0.6684831725281395,0.015414670720262999,18.8700008392334,18.16400032043457,0.07951952708227816
2026-04-21,GOOGL,332.0916442871094,-0.015203648803314485,0.014495519117143696,0.01857254607592586,0.0207355100705832,0.02404523166183266,0.0183010989053817,0.011167633364014318,0.832103255968604,0.010920047905282025,19.5,18.392000198364258,0.03338628154465928
2026-04-22,GOOGL,339.1174621582031,0.02115626211004451,0.016722557106418248,0.016046825409164064,0.021000044844102034,0.013703860061635972,0.017138206237388508,0.010509203954687577,0.7526793779833586,0.009653714871685684,18.920000076293945,18.542000198364256,-0.029743585831079722
2026-04-23,GOOGL,338.6877136230469,-0.0012672556948888358,0.016606451761952527,0.016230436542213914,0.021015040156528254,0.01705567744535944,0.017359045884314785,0.010638544887072155,0.7059027470908474,0.04184576721363915,19.309999465942383,18.81599998474121,0.02061307547969271
2026-04-24,GOOGL,344.19439697265625,0.016258881347370746,0.01647551844682291,0.016065547451527523,0.020792877717645653,0.02868749866529895,0.01953765003075878,0.01228063322161074,1.0247532066557132,0.04313530985740641,18.709999084472656,19.061999893188478,-0.03107200404267052
2026-04-27,GOOGL,350.130859375,0.017247411505119103,0.015414670720262999,0.01626155575598723,0.020854957936426402,0.029828114970277302,0.022664076560880868,0.01419451130773202,1.1240974137251134,0.045241164018000705,18.020000457763672,18.891999816894533,-0.03687860291140321
2026-04-28,GOOGL,349.5711975097656,-0.0015984362710370625,0.010920047905282025,0.013337205612095653,0.02086125545692621,0.018011373813635562,0.02145730499124145,0.013564704000185777,1.1104663391100735,0.04401815034921136,17.829999923706055,18.55799980163574,-0.010543869546671303
2026-04-29,GOOGL,349.7311096191406,0.00045745218860759884,0.009653714871685684,0.01311956016430994,0.020732096953691027,0.033091435700560536,0.025334820119026363,0.015788769786595155,1.4362350304643183,0.04236742144754495,18.809999465942383,18.53599967956543,0.054963519149170637
2026-04-30,GOOGL,384.5702819824219,0.09961702406520634,0.04184576721363915,0.032690999938088175,0.026885985186698578,0.05202700012673363,0.032329084655301196,0.020811203647873984,2.734064415984637,0.012322433337837335,16.889999389648438,18.051999664306642,-0.10207337218538048
2026-05-01,GOOGL,385.4597778320313,0.002312960442559797,0.04313530985740641,0.03287810630189727,0.026845433009207557,0.019990204371002723,0.030589625796441956,0.02003878293489432,1.1245458469309217,0.012068271939421102,16.989999771118164,17.707999801635744,0.00592068591376127
2026-05-04,GOOGL,383.0212097167969,-0.006326388005902572,0.045241164018000705,0.032410804262375824,0.02646929325452831,0.019804295728350983,0.028584861948056695,0.019097779005808297,0.9654887321833983,0.02074247120098352,18.290000915527344,17.761999893188477,0.07651566579883617
2026-05-05,GOOGL,388.1981201171875,0.013515988851422689,0.04401815034921136,0.030842313796193968,0.026468485611376418,0.022655352255180065,0.02951365763636559,0.0194495144239889,0.8755623838106797,0.01995411888458143,17.3799991607666,17.671999740600587,-0.04975405736520189
2026-05-06,GOOGL,397.8023986816406,0.024740662220501752,0.04236742144754495,0.03092783231540434,0.025058574814269163,0.017812270590107124,0.02645782461427491,0.017955343977305152,1.1527273008431034,0.025015890827910527,17.389999389648438,17.387999725341796,0.0005753871901450491
2026-05-07,GOOGL,397.7524108886719,-0.00012565985809642743,0.012322433337837335,0.030857006575156262,0.025083614899265562,0.01864371871102765,0.019781168331133712,0.0119535958592981,0.898452790274419,0.025170051133077683,17.079999923706055,17.42599983215332,-0.01782630689032183
2026-05-08,GOOGL,400.5607299804687,0.007060470320022327,0.012068271939421102,0.03100538064207128,0.023605925940710502,0.014071893264005767,0.018597506109734326,0.011315504195849837,0.7858429775019137,0.025491991717735935,17.190000534057617,17.46599998474121,0.006440316794081857
2026-05-11,GOOGL,388.4080200195313,-0.030339244592274328,0.02074247120098352,0.034224477335061385,0.023996130299493584,0.023080488067646142,0.019252744577593357,0.01172122062464446,1.1020892022228346,0.01998776845773205,18.3799991607666,17.48399963378906,0.0692262123175218
2026-05-12,GOOGL,387.1187744140625,-0.0033193073752801894,0.01995411888458143,0.03429872632741951,0.02400172633133111,0.014844455684514304,0.017690565263460203,0.010788633664827442,0.9352180638802374,0.023607838244248933,17.989999771118164,17.605999755859376,-0.021218683757119994
2026-05-13,GOOGL,402.3796691894531,0.039421737678543955,0.025015890827910527,0.03519975046086443,0.023414624180876316,0.046445811022347204,0.02341727334990822,0.015986613631522546,1.0058466448935626,0.010619620230939037,17.8700008392334,17.702000045776366,-0.006670313141271755
2026-05-14,GOOGL,400.8305969238281,-0.0038497776707889786,0.025170051133077683,0.018870069895137374,0.02317458039583625,0.01767770266640552,0.023224070140983794,0.01590686421784711,0.7545920291716417,0.010668348625750682,17.260000228881836,17.738000106811523,-0.0341354550477867
2026-05-15,GOOGL,396.5431518554687,-0.010696401675080236,0.025491991717735935,0.019462137451983445,0.023316714017832287,0.016029073765581422,0.023615506241298927,0.016037501349263347,0.7319561230691939,0.01081596619975821,18.43000030517578,17.986000061035156,0.06778679378787822
2026-05-18,GOOGL,396.70306396484375,0.0004032653410526166,0.01998776845773205,0.019218322762373778,0.0233684952543653,0.03547132182613423,0.02609367299299654,0.017558729732367453,0.9533707249481834,0.014760890980375396,17.81999969482422,17.87400016784668,-0.03309824201035161
2026-05-19,GOOGL,387.4285888671875,-0.023378884460741545,0.023607838244248933,0.020611472887615525,0.02406497727179835,0.028478585463112445,0.02882049894871617,0.018697673735397897,1.3650145490820098,0.010039797838942417,18.059999465942383,17.888000106811525,0.01346800085456068
2026-05-20,GOOGL,388.6778564453125,0.00322451056536055,0.010619620230939037,0.01878279408739251,0.023372784067922012,0.02818130506254684,0.0251675977567561,0.0156457516192002,1.0744980193592695,0.010047580700779409,17.440000534057617,17.802000045776367,-0.03432995294678509
2026-05-21,GOOGL,387.4285888671875,-0.0032141465159613025,0.010668348625750682,0.01877101616601516,0.02344097637989822,0.024454446929714987,0.02652294660941799,0.01628421368190785,0.8324893534597759,0.015464815679038391,16.760000228881836,17.702000045776366,-0.03899084199268488
2026-05-22,GOOGL,382.7413940429687,-0.012098216184623367,0.01081596619975821,0.018667777992750025,0.02361711006934939,0.01819986212624091,0.026957104281549887,0.016438190352761485,0.6916771600298365,0.015256079376999172,16.700000762939453,17.3560001373291,-0.003579920353401156
2026-05-26,GOOGL,388.6478576660156,0.015431995898472994,0.014760890980375396,0.01714620438685367,0.023645710437943338,0.017126114941590668,0.023288062904641176,0.014247768453285493,0.940178064386716,0.017556684447304967,17.010000228881836,16.900000381469727,0.025316460062143387
2026-05-27,GOOGL,388.5978698730469,-0.00012861975688982508,0.010039797838942417,0.01710322693785094,0.023005793937138072,0.020523136748469475,0.021696973161712582,0.0132622847083609,0.7886062614940251,0.01630043959432978,16.290000915527344,16.67000045776367,-0.042328001391321646
2026-05-28,GOOGL,389.8971252441406,0.0033434443979794004,0.010047580700779409,0.010522651101789715,0.022967914780123402,0.01719937295541692,0.019500586740286596,0.011830187170943928,0.8479506105105145,0.02842570730325788,15.739999771118164,16.466000366210938,-0.03376311316747249
2026-05-29,GOOGL,380.1129455566406,-0.02509425962392897,0.015464815679038391,0.012626014131379438,0.023580530041943788,0.017826152507172982,0.018174927855778195,0.010935076727829786,1.6243385643541364,0.02705861176440972,15.319999694824219,16.190000152587892,-0.026683613875561618
2026-06-01,GOOGL,376.1453247070313,-0.010438005061361721,0.015256079376999172,0.012613821335365365,0.02361002480980346,0.013391100805877514,0.01721317559170552,0.010436573699104857,1.0513277678521502,0.027223229150305988,16.049999237060547,16.08199996948242,0.04765010161736205
2026-06-02,GOOGL,361.6340026855469,-0.0385790306785998,0.017556684447304967,0.0162041690224865,0.024675757426056683,0.041730014781859455,0.02213395555975927,0.014500448825001198,1.770221602951897,0.02055054581567187,15.770000457763672,15.83400001525879,-0.017445407639044563
2026-06-03,GOOGL,358.77569580078125,-0.007903866515702074,0.01630043959432978,0.015407644272718977,0.02452951912843637,0.023315484727864037,0.02269242515563819,0.014783562632927232,1.8446033102753483,0.022920735575639627,16.059999465942383,15.787999725341797,0.01838928343441748
2026-06-04,GOOGL,371.96783447265625,0.03676987830078726,0.02842570730325788,0.02074152566481741,0.025090310289724506,0.040409490975754005,0.027334448759705605,0.01786222746393911,1.4353383424351638,0.010887652643794895,15.399999618530273,15.719999694824219,-0.04109588227644323
2026-06-05,GOOGL,368.30999755859375,-0.009833745219524848,0.02705861176440972,0.020812392972320938,0.02519357736923333,0.021599303941183857,0.02808907904650778,0.018167301502320543,1.1954310919213045,0.012183398296825056,21.510000228881836,16.957999801635744,0.3967532962143463
2026-06-08,GOOGL,363.30999755859375,-0.013575520711203493,0.027223229150305988,0.020874684702426358,0.025244859966417073,0.015606543904203974,0.02853216766617307,0.018293639951283018,0.8823191360235029,0.017196052518576508,18.920000076293945,17.53199996948242,-0.12040911785348352
2026-06-09,GOOGL,364.260009765625,0.002614880442088685,0.02055054581567187,0.019848997856318367,0.02508297665228684,0.04057540872742725,0.028301246455286633,0.01817541690838241,0.9344051986098654,0.017467785606389438,19.8700008392334,18.352000045776368,0.05021145661250648
2026-06-10,GOOGL,356.3800048828125,-0.021632912402002935,0.022920735575639627,0.020268658265218176,0.02543567184551142,0.03748803291013936,0.031135756091741695,0.01975281999841904,1.0135211961123154,0.01890314078781231,22.219999313354492,19.584000015258788,0.11826866506623457
2026-06-11,GOOGL,357.7699890136719,0.003900286525099661,0.010887652643794895,0.020305338053720513,0.025441157684680086,0.03477095011714598,0.03000804792002009,0.018920046993099886,1.1004204661324888,0.0191815455413184,19.440000534057617,20.392000198364258,-0.12511246018023325
2026-06-12,GOOGL,359.67999267578125,0.005338635773713296,0.012183398296825056,0.019795651971408115,0.017398976565696375,0.03233431138688838,0.032155049409160995,0.019980377385105563,0.76076173483583,0.031473122775601284,17.68000030517578,19.626000213623048,-0.09053498871043908
2026-06-15,GOOGL,369.3500061035156,0.02688504677670811,0.017196052518576508,0.022109628717649283,0.018174107486934998,0.017436042601827937,0.03252094914868579,0.020088107167266753,0.844207969122281,0.025891045341058128,16.200000762939453,19.08200035095215,-0.08371037990327757
2026-06-16,GOOGL,373.25,0.010559073594251789,0.017467785606389438,0.01806968249417201,0.018273081009052554,0.02395178149070663,0.029196223701341662,0.018077343557185634,0.7596604689256876,0.023526933146691645,16.40999984741211,18.39000015258789,0.012962905838441063
2026-06-17,GOOGL,363.7900085449219,-0.0253449201743553,0.01890314078781231,0.020010084494065453,0.018604971381459463,0.028340518750999837,0.027366720869513757,0.01689180278592642,0.767077751491699,0.023123681133648714,18.440000534057617,17.634000396728517,0.12370510088491216
2026-06-18,GOOGL,368.0299987792969,0.011655048612615904,0.0191815455413184,0.016340596040368967,0.01810316864104253,0.029372598957826734,0.026287050637649904,0.01609716350376076,1.3627540870272967,0.019334599490969554,16.399999618530273,17.026000213623046,-0.11062911369007722
2026-06-22,GOOGL,349.67999267578125,-0.04986008250517615,0.031473122775601284,0.022501179023927235,0.020056577173411517,0.04918786481152463,0.029657761322577157,0.01892342381521573,1.5519787767604587,0.026261144743381672,17.280000686645508,16.94600028991699,0.0536586029624615
2026-06-23,GOOGL,346.1300048828125,-0.01015210440209613,0.025891045341058128,0.02238102061112164,0.019972642662786082,0.026261798196224508,0.03142291244145647,0.019656321026034963,0.9797976887772301,0.025377700245321183,19.489999771118164,17.604000091552734,0.1278934604545825
2026-06-24,GOOGL,345.2900085449219,-0.0024268232341632112,0.023526933146691645,0.0222567835238817,0.019376532504340342,0.03345019555943574,0.03332259525520229,0.020596361160443655,1.2649855312112444,0.024876758779889836,18.6299991607666,18.047999954223634,-0.044125224240688765
2026-06-25,GOOGL,343.7099914550781,-0.0045759131476235115,0.023123681133648714,0.02149002797236049,0.019376966424924674,0.02830878132211588,0.0333162477694255,0.02064384822331163,1.2142319112702502,0.024744023048562165,18.889999389648438,18.137999725341796,0.013955997884818938
2026-06-26,GOOGL,337.3900146484375,-0.018387527170465212,0.019334599490969554,0.021802017954430916,0.017738293800850655,0.047897010708423136,0.03702113011954478,0.022961805349232395,2.7869041649173547,0.019233664469558445,18.40999984741211,18.539999771118165,-0.025410246572022843
2026-06-29,GOOGL,353.6499938964844,0.04819342168436691,0.026261144743381672,0.027630559479232444,0.020287344810182878,0.03868229297859248,0.034920015752958354,0.02156615350551838,0.8416922013597155,0.008553307156924561,17.649999618530273,18.613999557495116,-0.04128192477897652
2026-06-30,GOOGL,357.3699951171875,0.010518878226792872,0.025377700245321183,0.02622137725541594,0.02041403782929525,0.023001374858030964,0.03426793108531965,0.0213008957514871,0.8599221030231445,0.01247180231922634,16.450000762939453,18.005999755859374,-0.06798860518563254
2026-07-01,GOOGL,361.2099914550781,0.010745155973800768,0.024876758779889836,0.026232118430607864,0.020564788698344837,0.018105835108758954,0.031199058995184287,0.019949077336952534,0.6718801771298536,0.012277660854423413,16.59000015258789,17.59799995422363,0.008510600799718215
2026-07-02,GOOGL,359.9100036621094,-0.0035989807140492935,0.024744023048562165,0.025045077210755457,0.02019990933687828,0.029979655796046153,0.03153323388997035,0.02010882909332202,0.6778380986566698,0.012344831884035687,16.149999618530273,17.05,-0.026522033153145053
2026-07-06,GOOGL,366.4599914550781,0.018198960090917593,0.019233664469558445,0.02548792226500931,0.020522429401873293,0.0287889211345519,0.027711615975196096,0.017341888683269267,0.7184620164706159,0.006370544669850065,15.569999694824219,16.481999969482423,-0.035913308817702494
2026-07-07,GOOGL,367.0299987792969,0.0015554421697043797,0.008553307156924561,0.018596817290608424,0.020529220114120776,0.020870238638764516,0.024149205107230502,0.014831025984585047,0.6535586734000511,0.01387149560657155,16.1299991607666,16.177999877929686,0.035966568845119395
2026-07-08,GOOGL,361.9200134277344,-0.013922527773091553,0.01247180231922634,0.018972734443728947,0.020564070080886798,0.027133087311789515,0.024975547597982213,0.015296763155248305,0.6053466884332256,0.019598932449593383,16.899999618530273,16.26799964904785,0.0477371666352322
2026-07-09,GOOGL,358.8900146484375,-0.008372012231652626,0.012277660854423413,0.019308607791247677,0.02033992441730634,0.02387920246990929,0.02613022107021228,0.015877655221556042,0.6820105785814132,0.02975709844309035,15.84000015258789,16.117999649047853,-0.06272186330585061
2026-07-10,GOOGL,357.17999267578125,-0.004764752160439367,0.012344831884035687,0.019318055588004465,0.020339278287161082,0.014194544566276666,0.022973198824258384,0.014196850676774583,0.5104594236082385,0.03106710775805466,15.029999732971191,15.893999671936035,-0.05113638963471623
2026-07-13,GOOGL,352.510009765625,-0.013074592658932294,0.006370544669850065,0.018696483949012473,0.02039447709813277,0.018098790689814466,0.020835172735310898,0.012798560154051269,0.4600289179714373,0.03189065139868705,17.15999984741211,16.211999702453614,0.14171657699822537
2026-07-14,GOOGL,359.510009765625,0.01985759214228877,0.01387149560657155,0.012450746311471014,0.020378197946366083,0.025228803309626208,0.021706885669483235,0.013405165880332201,0.5332071037434354,0.030185529536358988,16.5,16.285999870300294,-0.03846152991147278
2026-07-15,GOOGL,370.9200134277344,0.03173765222711844,0.019598932449593383,0.01554222387061338,0.021190023375182106,0.04283938195735882,0.024848144598597098,0.016220642846767098,0.8252895520541568,0.0212658562489606,15.670000076293945,16.039999961853027,-0.05030302567915479
2026-07-16,GOOGL,354.4599914550781,-0.044376203431425565,0.02975709844309035,0.02146550606984704,0.02157456368507765,0.06480280362928968,0.03303286483047317,0.022559612239879515,1.173059518267092,0.03133105307105575,16.729999542236328,16.217999839782713,0.06764514746531392
2026-07-17,GOOGL,346.7699890136719,-0.021694980045105727,0.03106710775805466,0.02238856066094945,0.021883744957615105,0.02064770276826661,0.03432349647087116,0.02292004615836787,0.8473314093520874,0.03367426580334498,18.770000457763672,16.96599998474121,0.12193669882519642
2026-07-20,GOOGL,351.989990234375,0.01505320929169951,0.03189065139868705,0.02206985608593629,0.020933163806610196,0.02602347770176681,0.03590843387326163,0.023452619526944624,0.7197030365954123,0.03518702889639289,18.649999618530273,17.263999938964844,-0.006393225162856231
2023-09-12,MSFT,324.78753662109375,-0.018257725014625636,0.013296568057722885,0.01105757316025828,0.011082979972179823,0.016005056920247573,0.014006015527440588,0.008711936813625054,0.9036873665118378,0.014606721099149554,14.229999542236328,14.1439998626709,0.031159372866542467
2023-09-13,MSFT,328.9872131347656,0.012930534703895713,0.014625005629212677,0.010872071084651245,0.011340906523030972,0.016901722064646844,0.014814863475267687,0.009208348113959475,0.8520798558338815,0.014625978041303559,13.479999542236328,13.949999809265137,-0.052705553346921175
2023-09-14,MSFT,331.5716857910156,0.007855845312721321,0.013366238797197685,0.01099548872478403,0.010263380550029972,0.01266601084360598,0.014892858012809134,0.009250372485262573,1.0449656984479678,0.011896871952405305,12.819999694824219,13.633999824523926,-0.04896141467543513
2023-09-15,MSFT,323.2701110839844,-0.02503704345932478,0.017910012299089163,0.014102159667135152,0.011316881096222817,0.023469202263191415,0.015577955576622162,0.009761376316349234,1.8638580037371342,0.009193324701142527,13.789999961853027,13.623999786376952,0.07566304915127442
2023-09-18,MSFT,322.1344909667969,-0.0035129140562347727,0.0163250576527759,0.01414689338459888,0.011325769643113742,0.012277422278295803,0.016263882873997524,0.010026064261209453,0.8493548304905377,0.010088559924623482,14.0,13.66399974822998,0.015228429204342975
2023-09-19,MSFT,321.7331237792969,-0.0012459615432529603,0.014606721099149554,0.013175030596230026,0.011254123948475832,0.014848638288274445,0.016032599147602897,0.009918392764187186,0.8489256956645175,0.010277874707083657,14.109999656677246,13.639999771118164,0.007857118334088975
2023-09-20,MSFT,314.01898193359375,-0.023976834449271345,0.014625978041303559,0.014993709888634814,0.011878286656045395,0.028306845662792377,0.018313623867232003,0.011567555757590114,1.087546849137849,0.007880909698426327,15.140000343322754,13.97199993133545,0.07299792428826057
2023-09-21,MSFT,312.80511474609375,-0.0038655853860347644,0.011896871952405305,0.014878998171407884,0.011705731842531373,0.03239134398352532,0.022258690495215873,0.014058053324217858,1.740548173509556,0.008632061376339957,17.540000915527344,14.916000175476075,0.15852050976095722
2023-09-22,MSFT,310.3381652832031,-0.007886538124202591,0.009193324701142527,0.013763899512399798,0.011780931659457433,0.016718772743060478,0.020908604591189685,0.013364687318986292,1.0545260559813951,0.009301528063849927,17.200000762939453,15.59800033569336,-0.019384272225830057
2023-09-25,MSFT,310.8570251464844,0.001671917673444323,0.010088559924623482,0.012831217094325942,0.011741064875853373,0.008408431554717372,0.020134806446474,0.013146684548738893,0.8853152868526262,0.012998738136964826,16.899999618530273,16.178000259399415,-0.017441926226863136
2023-09-26,MSFT,305.5706481933594,-0.01700581465268125,0.010277874707083657,0.012705257777965195,0.011980777496372207,0.01877367717734224,0.02091981422428756,0.013492904949970491,1.2691310002678449,0.016605444440340962,18.940000534057617,17.144000434875487,0.12071011606950299
2023-09-27,MSFT,306.2070007324219,0.0020825054462032533,0.007880909698426327,0.011293306211454886,0.011946169720437435,0.014738275602241408,0.018206100212177365,0.01189591213811968,0.936454349291813,0.01828046424628257,18.219999313354492,17.760000228881836,-0.03801484690607215
2023-09-28,MSFT,307.03912353515625,0.002717517237502687,0.008632061376339957,0.010635353826440997,0.011959105252301868,0.01922585925796485,0.01557300326706527,0.009642951340854074,0.9395378586464156,0.018318794830289933,17.34000015258789,17.720000076293946,-0.0482985287557941
2023-09-29,MSFT,309.10467529296875,0.0067273243032690555,0.009301528063849927,0.009537611102852037,0.011867664164182461,0.01422007991884408,0.015073264702221988,0.009354145121969215,1.158860043724863,0.020668902923286016,17.520000457763672,17.78400001525879,0.010380640345549086
2023-10-02,MSFT,315.02734375,0.01916072104512101,0.012998738136964826,0.012124082832715277,0.01237086031012595,0.020851529605940135,0.017561884312466546,0.010694521929853968,0.974026819594086,0.01964700124408561,17.610000610351562,17.92600021362305,0.0051369948765045415
2023-10-03,MSFT,306.7943420410156,-0.026134244764219328,0.016605444440340962,0.014278279789390048,0.012895075501460428,0.03248355951857424,0.02030386078071294,0.012798940211197514,0.9901614664379114,0.011862204165995675,19.780000686645508,18.094000244140624,0.1232254401523627
2023-10-04,MSFT,312.2471618652344,0.017773534505045596,0.01828046424628257,0.014102316271144251,0.013329023368309168,0.018936571064501553,0.02114351987316497,0.013200366319916128,0.9681516103152505,0.011129686039531258,18.579999923706055,18.166000366210938,-0.06066737721347171
2023-10-05,MSFT,312.638671875,0.0012538464959197526,0.018318794830289933,0.014058444556789599,0.013055540986648718,0.01590686786965959,0.02047972159550392,0.012878588904717245,0.7953517285220436,0.012118464069082758,18.489999771118164,18.39600028991699,-0.004843926423974909
2023-10-06,MSFT,320.3724670410156,0.024737167413210415,0.020668902923286016,0.015704578937893118,0.013243913832741655,0.03938768643828203,0.025513242899391508,0.016324802944809244,1.1864989163797308,0.00937696553631491,17.450000762939453,18.382000350952147,-0.05624656684978524
2023-10-09,MSFT,322.8785400390625,0.007822373193280718,0.01964700124408561,0.01575415885481852,0.013211669837817852,0.021587517309671424,0.025660440440137766,0.016393387418774323,0.9122934793526364,0.011181557560172773,17.700000762939453,18.400000381469727,0.01432664693808805
2023-10-10,MSFT,321.4786682128906,-0.004335598847797439,0.011862204165995675,0.014329915628320816,0.013241231275490718,0.010444875065562766,0.021252703549535474,0.014206734818913418,0.9364103185474117,0.010884807921984763,17.030000686645508,17.850000381469727,-0.03785311002340763
2023-10-11,MSFT,325.4238586425781,0.01227201310624726,0.011129686039531258,0.014446942855722922,0.013164560264417422,0.01107031023143027,0.019679451382921216,0.01358538269672107,0.9066461566548556,0.009674977548962469,16.09000015258789,17.352000427246093,-0.05519674081955506
2023-10-12,MSFT,324.1903076171875,-0.003790597992833322,0.012118464069082758,0.014764331145942522,0.013186870172346293,0.014826680782136987,0.019463413965416697,0.013488691299178039,0.8746346178797614,0.009780059728875929,16.690000534057617,16.992000579833984,0.03729026574143468
2023-10-13,MSFT,320.8326110839844,-0.01035717741804909,0.00937696553631491,0.015578787044214995,0.013317485685896288,0.022793155860891614,0.01614450784993861,0.010188041311212911,0.9915973227568724,0.010846542179791984,19.31999969482422,17.366000366210937,0.15757933352966802
2023-10-16,MSFT,325.6392517089844,0.01498177073945195,0.011181557560172773,0.015172919419907373,0.013586505132455625,0.016654666609418618,0.015157937709888051,0.009458455977504863,1.0297829801384057,0.008576834762583458,17.209999084472656,17.268000030517577,-0.10921328383441054
2023-10-17,MSFT,325.0714111328125,-0.001743771898479074,0.010884807921984763,0.01138013071440047,0.013315761018262592,0.018219562240107515,0.016712875144797003,0.010287025914343873,0.8486594688225183,0.008947563751440088,17.8799991607666,17.437999725341797,0.03893086065869911
2023-10-18,MSFT,323.16241455078125,-0.005872545282831099,0.009674977548962469,0.011082704774195979,0.013353858610505476,0.022083574773292994,0.018915528053169546,0.011476031587014532,1.06724979073172,0.01600656550761342,19.219999313354492,18.063999557495116,0.07494408364001504
2023-10-19,MSFT,324.3470153808594,0.0036656516251272198,0.009780059728875929,0.011054678984859201,0.013267573618460593,0.01801883704192091,0.01955395930512633,0.01178578488299876,1.1834207440281823,0.025535489008247172,21.399999618530273,19.00599937438965,0.11342353709976805
2023-10-20,MSFT,319.79486083984375,-0.014034827900822,0.010846542179791984,0.009570959648842926,0.013280525801788325,0.01980592327043944,0.018956512787035897,0.01139794627928435,1.1723556278592848,0.02469165867514519,21.709999084472656,19.483999252319336,0.01448595661066987
2023-10-23,MSFT,322.3890380859375,0.008112004174428922,0.008576834762583458,0.009598129404388226,0.0132038108975482,0.02532490025630233,0.02069055951641264,0.012508962223750612,1.1245458508937654,0.026381794222400858,20.3700008392334,20.115999603271483,-0.06172263020488311
2023-10-24,MSFT,323.5736083984375,0.003674350466544851,0.008947563751440088,0.009540390279932049,0.012803632699518307,0.012827852993779674,0.019612217667147068,0.012009169534597883,1.4213738054881957,0.026405650074071314,18.969999313354492,20.333999633789062,-0.06872859441333212
2023-10-25,MSFT,333.5002136230469,0.030678043471289884,0.01600656550761342,0.013125072105711802,0.01379544070340263,0.02518571271804602,0.020232645256097675,0.012444125007019977,2.3229319157886654,0.02480344390658305,20.190000534057617,20.527999877929688,0.0643121383691494
2023-10-26,MSFT,320.9891662597656,-0.03751436086761373,0.025535489008247172,0.018258533247910783,0.015364171211001124,0.04480161574043905,0.025589200995801302,0.01646633523118977,1.5372827176237374,0.010112705878899914,20.68000030517578,20.38400001525879,0.024269428338627552
2023-10-27,MSFT,322.8688049316406,0.005855769818579715,0.02469165867514519,0.01803814554655448,0.014716856978867656,0.025226668038589806,0.02667334994943138,0.01698062858513914,1.1994011129304651,0.00947899756102347,21.270000457763672,20.296000289916993,0.02852998761514658
2023-10-30,MSFT,330.21087646484375,0.022740108121494185,0.026381794222400858,0.01886474046496725,0.01526710006607968,0.022590571551149904,0.026126484208400892,0.016704552171298705,0.9129142123140103,0.007992296549798767,19.75,20.172000122070312,-0.07146217325109949
2023-10-31,MSFT,330.9940490722656,0.0023717347405582956,0.026405650074071314,0.01882961242672437,0.015263535710244549,0.012747324081873223,0.026110378426019605,0.01670099706384108,0.8116725313294351,0.006372654864047621,18.139999389648438,20.006000137329103,-0.08151901824564878
2023-11-01,MSFT,338.78656005859375,0.02354275253035376,0.02480344390658305,0.01974414825488192,0.015039846815047513,0.0224521610275535,0.0255636680879211,0.016443788341902917,1.1112711613239055,0.0026720384943777365,16.8700008392334,19.342000198364257,-0.0700109478029951
2023-11-02,MSFT,340.9892272949219,0.0065016370069319596,0.010112705878899914,0.01974467048614245,0.015004195488765066,0.011655941298871996,0.018934533199607688,0.011871767430639219,0.9470875175210277,0.008040508471102712,15.65999984741211,18.338000106811524,-0.07172501076628712
2023-11-03,MSFT,345.37493896484375,0.012861730866731147,0.00947899756102347,0.01863521365976211,0.014963747185009379,0.02001141814187039,0.017891483220263803,0.011180067543888927,0.9231096670389665,0.011345220422629842,14.90999984741211,17.06599998474121,-0.047892720773170416
2023-11-06,MSFT,349.0263671875,0.010572360095379985,0.007992296549798767,0.018654813613027718,0.015010709492284419,0.01175217360601395,0.01572380363123661,0.009891137521628299,0.923453855307361,0.01370266323353288,14.890000343322754,16.09400005340576,-0.0013413483765277734
2023-11-07,MSFT,352.9422607421875,0.011219477732419714,0.006372654864047621,0.01860717232584122,0.014526941368178172,0.01339690618982959,0.015853720052827886,0.009950197009319064,0.9910464434457047,0.013573188577064138,14.8100004196167,15.428000259399415,-0.005372728130387805
2023-11-08,MSFT,355.5560302734375,0.007405657587599812,0.0026720384943777365,0.016960858565126174,0.014523621863291277,0.00914098902157051,0.013191485651631288,0.00825603001151083,1.0138348510227715,0.013677609029783606,14.449999809265137,14.944000053405762,-0.02430794059092134
2023-11-09,MSFT,353.09881591796875,-0.006910906147700735,0.008040508471102712,0.009034252055124054,0.014683488928179169,0.012282079246371756,0.013316713241131239,0.008309291098985129,0.9313348002669491,0.013161008379049537,15.289999961853027,14.870000076293945,0.058131499216304006
2023-11-10,MSFT,361.889892578125,0.02489693044509833,0.011345220422629842,0.010097684490445393,0.015134607014756456,0.024427187630305672,0.014199867138818295,0.009156899528339693,1.0375310977026548,0.013704151089048433,14.170000076293945,14.722000122070312,-0.07325048321473948
2023-11-13,MSFT,358.9627685546875,-0.00808843817821081,0.01370266323353288,0.010960729533045346,0.015096681222556231,0.007008856156739174,0.01325120364896334,0.008795380197998325,0.7424641458709034,0.015084329044916623,14.760000228881836,14.696000099182129,0.04163727236494141
2023-11-14,MSFT,362.4772644042969,0.009790697413439187,0.013573188577064138,0.01075368114209237,0.013967843023719909,0.012423383584959547,0.01305649912798933,0.00869182725090357,1.0108625024487505,0.01677988338269777,14.15999984741211,14.565999984741211,-0.04065043171853533
2023-11-15,MSFT,362.6243896484375,0.00040588819931208775,0.013677609029783606,0.009763323470855746,0.013807866065668197,0.01628484678924832,0.014485270681524892,0.009411247982812022,0.9741895143360557,0.01738666001157451,14.180000305175781,14.51200008392334,0.0014124617216946245
2023-11-16,MSFT,369.00048828125,0.01758320403929292,0.013161008379049537,0.010329886306561769,0.01397228617090306,0.016402193708935208,0.015309293574037586,0.009874886281514453,0.9820815983669487,0.015810546068835588,14.319999694824219,14.318000030517577,0.009873017393189798
2023-11-17,MSFT,362.8009338378906,-0.016800938319176728,0.013704151089048433,0.012746498703980444,0.014071816112999057,0.01992698390039983,0.014409252828056416,0.009056286241119383,1.4122525933528787,0.012423124060990583,13.800000190734863,14.244000053405761,-0.03631281530524766
2023-11-20,MSFT,370.2462463378906,0.02052175671445977,0.015084329044916623,0.013589565566487636,0.014370818649415399,0.02085098311329422,0.017177678219367425,0.01050080162312038,1.7582588829773953,0.009828686137159696,13.40999984741211,13.973999977111816,-0.028260894053073637
2023-11-21,MSFT,365.9596557617187,-0.011577674638353908,0.01677988338269777,0.014498864637602273,0.01458657943573091,0.013670372861368636,0.017427076074649245,0.010608180673980186,0.9569194191371764,0.009281456927972002,13.350000381469727,13.81200008392334,-0.004474233156233853
2023-11-22,MSFT,370.6484680175781,0.01281237475781305,0.01738666001157451,0.014750101029375245,0.014596924273448265,0.012756403986660902,0.01672138751413176,0.010257535895542562,0.8302828669268744,0.007537133658284574,12.850000381469727,13.546000099182129,-0.03745318245039286
2023-11-24,MSFT,370.2365112304687,-0.001111448778711499,0.015810546068835588,0.014371078660642097,0.014552897886017649,0.007498043682756848,0.014940557508896089,0.009464708937622492,0.3806515055906764,0.009367957623555054,12.460000038146973,13.17400016784668,-0.0303502203692656
2023-11-27,MSFT,371.39398193359375,0.0031263008050670393,0.012423124060990583,0.01252620477493221,0.014282672321183935,0.011727113951533686,0.01330058351912286,0.008425833236481283,0.841689017326782,0.010402748969742229,12.6899995803833,12.952000045776368,0.018459032225695893
2023-11-28,MSFT,375.406005859375,0.010802608876141262,0.009828686137159696,0.012142693486812737,0.01420199866856016,0.012646971997670902,0.011659781295998196,0.0071328242439470425,0.7796981367276512,0.009784913710766884,12.6899995803833,12.807999992370606,0.0
2023-11-29,MSFT,371.6294250488281,-0.010059990388010864,0.009281456927972002,0.0127966856630736,0.01441469939085373,0.01810739142416191,0.012547185008556849,0.007800126222153231,1.0861147381518268,0.009776049264457376,12.979999542236328,12.733999824523925,0.02285263762351275
2023-11-30,MSFT,371.6882629394531,0.0001583240902338634,0.007537133658284574,0.012801576511829936,0.014305652177763008,0.01219285601471569,0.012434475414167806,0.007737098281906575,1.14065306890419,0.010842111189010968,12.920000076293945,12.74799976348877,-0.004622455166284678
2023-12-01,MSFT,367.3721618652344,-0.011612153260060931,0.009367957623555054,0.012310745737970561,0.014615032967049123,0.018290582160413925,0.01459298310969922,0.008938290744205497,1.2137702056251374,0.011194714853213937,12.630000114440918,12.781999778747558,-0.022445817348339614
2023-12-04,MSFT,362.1044616699219,-0.014338865984202975,0.010402748969742229,0.011965494644177095,0.014628259105718586,0.017933561398084327,0.01583427259900935,0.009671398814934685,1.159920933803042,0.009351502451075128,13.079999923706055,12.859999847412109,0.03562943825713938
2023-12-05,MSFT,365.4200744628906,0.00915650908491461,0.009784913710766884,0.01019495044274759,0.014638997370459433,0.02002574808087513,0.0173100278156502,0.010549787644808045,0.8355523258078078,0.009174613414687666,12.850000381469727,12.892000007629395,-0.01758406296467019
2023-12-06,MSFT,361.7709655761719,-0.009986065741140138,0.009776049264457376,0.010027094590436006,0.014869409210692608,0.01667568899144529,0.017023687329106873,0.010378209020947682,0.7738628349031608,0.007010937162461487,12.970000267028809,12.890000152587891,0.009338512217643702
2023-12-07,MSFT,363.8799743652344,0.005829679520310771,0.010842111189010968,0.009155453318030709,0.013988481900125865,0.013829369764110875,0.017350990078985908,0.010529480221504088,0.8502890458287881,0.013051529062411324,13.0600004196167,12.918000221252441,0.00693910182998847
2023-12-08,MSFT,367.0974731445313,0.008842197993746748,0.011194714853213937,0.009760154678927076,0.011737443775837813,0.01664746355411243,0.01702236635772561,0.010347429754924278,0.7477105667391892,0.014091456274879613,12.350000381469727,12.862000274658204,-0.05436447284339452
2023-12-11,MSFT,364.2232971191406,-0.007829462842036672,0.009351502451075128,0.009883553836683968,0.01194899137760799,0.014812820309239293,0.016398218139956604,0.009976732405258518,1.0286081263932378,0.013898933651285365,12.630000114440918,12.772000312805176,0.022672042455262664
2023-12-12,MSFT,367.2445983886719,0.008295189498938038,0.009174613414687666,0.009551613970054698,0.011452445415917684,0.01057754666651021,0.014508577857083618,0.008846551122629854,0.9138198592091312,0.013308184407759192,12.069999694824219,12.616000175476074,-0.044338908514846676
2023-12-13,MSFT,367.23480224609375,-2.667470841266617e-05,0.007010937162461487,0.00914733329922004,0.011469765341762478,0.018350898107138944,0.01484361968022235,0.009097494226588227,1.1320632584756176,0.013611486807577547,12.1899995803833,12.460000038146973,0.009941995740939458
2023-12-14,MSFT,358.9556579589844,-0.022544552521907457,0.013051529062411324,0.01134061067066073,0.011779489277907692,0.0263165224921719,0.017341050225834556,0.010861086190305872,1.5365598456818506,0.00754393887640578,12.479999542236328,12.343999862670898,0.023789989486111995
2023-12-15,MSFT,363.6642150878906,0.013117378217908593,0.014091456274879613,0.01203131936401497,0.011927732455700652,0.016507957100384576,0.017313148935088986,0.010838168790413643,2.5544829210974256,0.005650115934214492,12.279999732971191,12.329999732971192,-0.016025626330215204
2023-12-18,MSFT,365.5475769042969,0.005178848339397524,0.013898933651285365,0.011170003939078256,0.011772774699011517,0.01159266710042896,0.01666911829332692,0.010545891745457212,0.731310009547693,0.005400384626360783,12.5600004196167,12.315999794006348,0.022801359343169958
2023-12-19,MSFT,366.14593505859375,0.001636881741534646,0.013308184407759192,0.010807369349662446,0.01165988634578662,0.009162549799754473,0.01638611891997577,0.01044856244992855,0.7300991144177008,0.0055086911287871645,12.529999732971191,12.407999801635743,-0.0023885896212750835
2023-12-20,MSFT,363.5562438964844,-0.007072838762213651,0.013611486807577547,0.01053662136481166,0.01162113689015427,0.014839998036967592,0.0156839389059415,0.010025905191351504,0.9360345394529167,0.003584058645344051,13.670000076293945,12.703999900817871,0.09098167339325469
2023-12-21,MSFT,366.4206237792969,0.007878780603828961,0.00754393887640578,0.01066994583763227,0.011630372082159678,0.011698867637258597,0.01276040793495884,0.007830165323043274,0.6362179308689649,0.0019942774251787915,13.649999618530273,12.93799991607666,-0.0014630912693524012
2023-12-22,MSFT,367.4407653808594,0.002784072553123851,0.005650115934214492,0.010325717662086866,0.011535295588223887,0.006594055500150312,0.010777627614911987,0.006682209577545389,0.6070843361950193,0.006832118126023715,13.029999732971191,13.08799991607666,-0.045421238306660006
2023-12-26,MSFT,367.5192260742187,0.00021353290312786655,0.005400384626360783,0.009941941187873747,0.01064706585570332,0.009181664463198605,0.010295427087465916,0.006397325800192051,0.4574388176348438,0.006769582951748113,12.989999771118164,13.173999786376953,-0.003069835968746104
2023-12-27,MSFT,366.9405212402344,-0.0015746246534255048,0.0055086911287871645,0.009615858487723906,0.010530191941740987,0.006014916876374585,0.009665900502789938,0.006117648281383158,0.5434554929916905,0.007104284273185439,12.430000305175781,13.15399990081787,-0.04311004432713539
2023-12-28,MSFT,368.12744140625,0.0032346391235393845,0.003584058645344051,0.009671539435856698,0.010404160526262316,0.00612872468676737,0.007923645832749893,0.004947099726351443,0.5366869368032121,0.00640847173426672,12.470000267028809,12.913999938964844,0.0032180177691847334
2023-12-29,MSFT,368.8730163574219,0.002025317505056856,0.0019942774251787915,0.0054089437798993025,0.01040749049976916,0.009786173258587157,0.007541106957015606,0.00463314161670029,0.7175428673328331,0.012199363544335692,12.449999809265137,12.673999977111816,-0.001603885913022296
2024-01-02,MSFT,363.801513671875,-0.013748641024565522,0.006832118126023715,0.006284329754755973,0.010217083018288166,0.024617804090426913,0.011145856675070927,0.007869564068130637,0.9822519860983807,0.009762625865982234,13.199999809265137,12.707999992370606,0.06024096477831753
2024-01-03,MSFT,363.53668212890625,-0.0007279561327158124,0.006769582951748113,0.006021373224172165,0.009738826716277208,0.012817053215787704,0.011872934425588746,0.008227946700687301,0.9136190928520541,0.011703027836603309,14.039999961853027,12.918000030517579,0.06363637611557316
2024-01-04,MSFT,360.9273681640625,-0.00717758095156551,0.007104284273185439,0.006306507059778624,0.009024072332060519,0.01611673815413864,0.013893298681141558,0.009143500126724416,0.8308150644978253,0.009132065569474488,14.130000114440918,13.257999992370605,0.006410267295756666
2024-01-05,MSFT,360.7409362792969,-0.0005165357387940661,0.00640847173426672,0.0059857787950738294,0.008791933108941307,0.015118960050560931,0.01569134575390027,0.009861418825419454,0.835207831738502,0.007468077500483679,13.350000381469727,13.434000015258789,-0.05520167916870922
2024-01-08,MSFT,367.5486755371094,0.018871546234890735,0.012199363544335692,0.008307765413241512,0.009168433817640232,0.016520329875559375,0.017038177077294714,0.010501198232621179,0.9198517437878496,0.0063716719716657485,13.079999923706055,13.560000038146972,-0.020224752812624813
2024-01-09,MSFT,368.6277160644531,0.0029357758554480196,0.009762625865982234,0.008312864515951486,0.009184917776163372,0.012773058580121842,0.014669227975233698,0.008864091325865171,0.8271293667258522,0.007660631763873264,12.760000228881836,13.472000122070312,-0.02446480861549971
2024-01-10,MSFT,375.4746398925781,0.018574088517337106,0.011703027836603309,0.010111549862936595,0.009785649252114411,0.02050841583412409,0.01620750049890098,0.009873495142091343,1.0175659768550822,0.005281371913358458,12.6899995803833,13.202000045776368,-0.00548594414129322
2024-01-11,MSFT,377.29925537109375,0.004859490587800108,0.009132065569474488,0.010049931306091282,0.009626885837386558,0.02677895032163932,0.018339942932401113,0.011422055037620586,1.1041222816973102,0.005948728306344839,12.4399995803833,12.863999938964843,-0.019700552266877946
2024-01-12,MSFT,381.0660400390625,0.009983546520026643,0.007468077500483679,0.010303311794556015,0.009584806749688595,0.010374028281806353,0.017390956578650196,0.011042928226564044,0.8748583633906194,0.007840467304807912,12.699999809265137,12.733999824523925,0.020900340647264315
2024-01-16,MSFT,382.8317565917969,0.004633623485717608,0.0063716719716657485,0.010294620791280512,0.00960797519690458,0.016424536455670834,0.017371797894672487,0.011017660968881954,1.1355154397214382,0.007887495458463378,13.84000015258789,12.885999870300292,0.08976380790896399
2024-01-17,MSFT,382.0470275878906,-0.0020498012257196274,0.007660631763873264,0.0086095783461135,0.009328670512764935,0.013608205449346962,0.017538827268517514,0.011089552400660225,1.0516308505689607,0.007152894586201279,14.789999961853027,13.291999816894531,0.06864160395890595
2024-01-18,MSFT,386.3631286621094,0.011297303113360302,0.005281371913358458,0.00856988033369129,0.009010860438826694,0.009825564691811712,0.015402257040055036,0.009962978900970077,1.1022594289734382,0.006666165272551623,14.130000114440918,13.579999923706055,-0.04462473624843866
2024-01-19,MSFT,391.0716857910156,0.012186869759572838,0.005948728306344839,0.007323097002593937,0.009107958044880845,0.01296815224020249,0.012640097423767671,0.007749688520283147,1.3542644687435432,0.006191420086997753,13.300000190734863,13.752000045776366,-0.058740263056175857
2024-01-22,MSFT,388.9528503417969,-0.005418023155864704,0.007840467304807912,0.008086476184227729,0.008931886360338055,0.017729688043568607,0.01411122937612012,0.00865043123941554,1.2454009491855447,0.006064586614641775,13.1899995803833,13.85,-0.00827072246421412
2024-01-23,MSFT,391.29730224609375,0.006027599237893977,0.007887495458463378,0.007048445664159377,0.008934536568788507,0.013662602883983823,0.013558842661782719,0.008309229669538001,0.9400789494294051,0.007395272587479296,12.550000190734863,13.592000007629395,-0.04852156254805884
2024-01-24,MSFT,394.8875427246094,0.009175224203967769,0.007152894586201279,0.006993195808326536,0.008942938762010301,0.012867628942757475,0.013410727360464822,0.008213491596973817,1.1190158672372972,0.015402286530249883,13.140000343322754,13.26200008392334,0.04701196363514493
2024-01-25,MSFT,397.1535034179687,0.005738243039334234,0.006666165272551623,0.0056708363590148615,0.008744778889667418,0.011065307482297906,0.01365867591856206,0.008322829231139622,0.9285142279394389,0.017225523359220323,13.449999809265137,13.126000022888183,0.02359204397585213
2024-01-26,MSFT,396.2314147949219,-0.0023217436459987972,0.006191420086997753,0.006210184828622455,0.0087348380453301,0.009259081572967228,0.012916861785115008,0.007946828865432127,0.7813775195028375,0.019054630657483217,13.260000228881836,13.118000030517578,-0.014126363054103419
2024-01-29,MSFT,401.91107177734375,0.014334191511194305,0.006064586614641775,0.0067342100826913226,0.008977621275967603,0.013789964847283604,0.012128917145858007,0.007378009843671533,1.0522260022199168,0.01925387953070837,13.600000381469727,13.200000190734864,0.02564103670581619
2024-01-30,MSFT,400.8026123046875,-0.002757971975627327,0.007395272587479296,0.007211577887513592,0.007662916170620552,0.0161530523142803,0.012627007031917303,0.00771572828307548,1.3931002885647104,0.0192549016357003,13.3100004196167,13.35200023651123,-0.02132352600873144
2024-01-31,MSFT,390.00244140625,-0.026946358548749383,0.015402286530249883,0.012284071872590943,0.009286168956885254,0.045550622467886374,0.019163605736943083,0.013820381975488816,1.9025436746347515,0.014770119110806456,14.350000381469727,13.594000244140625,0.07813673396435372
2024-02-01,MSFT,396.0842590332031,0.01559430655106575,0.017225523359220323,0.01270815267176185,0.009584510343325766,0.015354926508928234,0.02002152954226915,0.014109583427751907,1.200363816613248,0.014459252265795313,13.880000114440918,13.680000305175781,-0.03275263097802583
2024-02-02,MSFT,403.3825073242187,0.018425999328601783,0.019054630657483217,0.013369199860165474,0.010000086399714577,0.022104947013537903,0.022590702630383284,0.015122751383428052,1.090651186308529,0.013843409652701522,13.850000381469727,13.79800033569336,-0.0021613640290952807
2024-02-05,MSFT,397.9186401367187,-0.013545126742713243,0.01925387953070837,0.014173143930998356,0.010296608356119685,0.017675369248406875,0.023367783510607937,0.015399072467537342,0.9704049513339178,0.01353042010904562,13.670000076293945,13.812000274658203,-0.012996411568089838
2024-02-06,MSFT,397.76171875,-0.00039435545584087794,0.0192549016357003,0.014134563037129379,0.010274037035942573,0.012478723718109626,0.022632917791373802,0.015154251602240855,0.7100842226961885,0.018081539697050456,13.0600004196167,13.762000274658202,-0.04462323725477424
2024-02-07,MSFT,406.1585388183594,0.02111017645123603,0.014770119110806456,0.015289730282732561,0.010804744952445246,0.01666463977758766,0.01685572125331406,0.010325306876764232,0.8604599390527603,0.015343628410533695,12.829999923706055,13.458000183105469,-0.0176110634395672
2024-02-08,MSFT,406.2173156738281,0.0001447140706181127,0.014459252265795313,0.015277635891934975,0.010805452396574248,0.0073168937878291965,0.015248114709094254,0.009672688249019687,0.8243156674658564,0.015465197318983001,12.789999961853027,13.240000152587891,-0.0031176899525243718
2024-02-09,MSFT,412.53466796875,0.01555165683777604,0.013843409652701522,0.015707938489626927,0.010984542260776352,0.013625041380690685,0.013552133582524809,0.008445658822183323,0.8654536013004901,0.01139276440045707,12.930000305175781,13.056000137329102,0.010946078478523358
2024-02-12,MSFT,407.3454895019531,-0.012578769421603964,0.01353042010904562,0.016070849940634454,0.011392875377368794,0.014424673923587799,0.012901994517560994,0.007989729282386374,0.8336052664066069,0.01112984391371747,13.930000305175781,13.108000183105469,0.07733951866959421
2024-02-13,MSFT,398.5758666992187,-0.02152870972858134,0.018081539697050456,0.01763809457606598,0.012271650888466134,0.01644022582046045,0.013694294938031159,0.00848871225849556,1.092616087686045,0.006723744156618679,15.850000381469727,13.666000175476075,0.13783201968635694
2024-02-14,MSFT,402.4282531738281,0.00966537815375701,0.015343628410533695,0.015142659049857659,0.01193209511367449,0.012869640624562024,0.012935295107426031,0.007987099443254965,0.8039987917081861,0.012741578041571435,14.380000114440918,13.976000213623047,-0.09274449411038432
2024-02-15,MSFT,399.54876708984375,-0.007155278142811139,0.015465197318983001,0.014785825193136412,0.012066425591341332,0.011904752968700728,0.013852866943600337,0.008375350865231255,0.8627929698116348,0.012209523821275893,14.010000228881836,14.220000267028809,-0.02573017264356725
2024-02-16,MSFT,397.0918884277344,-0.0061491333836525275,0.01139276440045707,0.013552945009818056,0.012037280727479867,0.012003183024353669,0.013528495272332932,0.008178568250041922,0.8938405719393031,0.012324019071411889,14.239999771118164,14.482000160217286,0.016416812168366768
2024-02-20,MSFT,395.8438415527344,-0.003142967437440136,0.01112984391371747,0.012908583863866157,0.012075173170581863,0.016087738849726942,0.013861108257560761,0.008418510659764285,0.9797955633716666,0.012095758941509141,15.420000076293945,14.780000114440918,0.082865191302115
2024-02-21,MSFT,395.2443237304687,-0.0015145311340806211,0.006723744156618679,0.012912928816038277,0.011729812922460527,0.012606314129370196,0.013094325919342712,0.00793829244651759,0.7494858614166083,0.011962464266669545,15.34000015258789,14.67800006866455,-0.005188062471480959
2024-02-22,MSFT,404.551025390625,0.02354670542088,0.012741578041571435,0.013381726225695908,0.01234426285705093,0.01034854685098842,0.012590107164627991,0.007661278187888742,1.0884088660720221,0.008108125738699108,14.539999961853027,14.710000038146973,-0.05215125050698921
2024-02-23,MSFT,403.2635498046875,-0.0031824800955437826,0.012209523821275893,0.013410328430677042,0.012044015589591254,0.0167909153198555,0.013567339634858944,0.00828332192177089,0.6629824588883055,0.007842877530765964,13.75,14.657999992370605,-0.054332872347019445
2024-02-26,MSFT,400.5118713378906,-0.0068235238918310515,0.012324019071411889,0.01222083440829563,0.012151917400903657,0.011778029665565402,0.01352230896310129,0.008259011138958178,0.6609809016173797,0.006482828376473169,13.739999771118164,14.557999992370606,-0.0007272893732244157
2024-02-27,MSFT,400.4529113769531,-0.0001472115189508072,0.012095758941509141,0.011748494899621676,0.01206468774831532,0.010969866251557344,0.012498734443467371,0.007624811537486269,0.6177600068289301,0.016447017473039987,13.430000305175781,14.160000038146972,-0.022561824680231046
2024-02-28,MSFT,400.6888122558594,0.000589085188805516,0.011962464266669545,0.009445004607632685,0.012053667307257555,0.009761553165981448,0.011929782250789622,0.007309026522997932,0.5731595708835582,0.016384615250477904,13.84000015258789,13.860000038146973,0.030528655107632474
2024-02-29,MSFT,406.5066833496094,0.014519674410162997,0.008108125738699108,0.010068640268163318,0.012258955845893666,0.020017402780372343,0.013863553436666409,0.008664519287601393,1.4387720360142242,0.017209663824511078,13.399999618530273,13.631999969482422,-0.03179194575191846
2024-03-01,MSFT,408.3345947265625,0.004496633024311247,0.007842877530765964,0.009679759132727363,0.012146206448546165,0.012009603452166092,0.012907291063128526,0.008090199263212553,0.8265792385002999,0.016883981774361935,13.109999656677246,13.50399990081787,-0.021641788814083185
2024-03-04,MSFT,407.7646179199219,-0.0013958572553038895,0.006482828376473169,0.00933368847856928,0.0120024794988367,0.012122815522305246,0.012976248234476495,0.008133773769090566,0.8367170221699578,0.016806123190847407,13.489999771118164,13.453999900817871,0.02898551673472971
2024-03-05,MSFT,395.7062072753906,-0.029571988629232493,0.016447017473039987,0.013829370500205846,0.013227642386777556,0.033801032057289494,0.01754248139562293,0.011743894536117341,1.2752985753610393,0.014898786027680144,14.460000038146973,13.65999984741211,0.07190513591449865
2024-03-06,MSFT,395.1558837890625,-0.0013907375628937624,0.016384615250477904,0.013827868084267118,0.013193111017164276,0.016836999366636175,0.01895757063575387,0.012309088790405202,1.0487120433788615,0.01478120319572826,14.5,13.791999816894531,0.0027662490835065334
2024-03-07,MSFT,402.0843200683594,0.01753342557590587,0.017209663824511078,0.012784614034606807,0.013469910090802084,0.018428919868424074,0.018639874053364217,0.012123531977905463,0.8860773874527637,0.016300630352190034,14.4399995803833,13.999999809265137,-0.004137959973565475
2024-03-08,MSFT,399.2146606445313,-0.0071369592908775425,0.016883981774361935,0.012935789946213786,0.013508579207850663,0.014991942388774713,0.01923634184068594,0.012352739689582382,0.8587207340211005,0.02010068407155347,14.739999771118164,14.32599983215332,0.020775637081209553
2024-03-11,MSFT,397.5439453125,-0.004185004952808935,0.016806123190847407,0.012828751128585864,0.013525136377003087,0.010926488258178435,0.01899707638786058,0.012273611841091006,0.7799742360006532,0.01955824191792439,15.220000267028809,14.67199993133545,0.032564484624427736
2024-03-12,MSFT,408.1184387207031,0.026599558446024796,0.014898786027680144,0.015466627445763676,0.014138630642024134,0.021142358902681235,0.01646534175693893,0.01015052807566615,1.083252777954646,0.016410973523222034,13.84000015258789,14.547999954223632,-0.09067017675620026
2024-03-13,MSFT,407.9414978027344,-0.0004335528640249109,0.01478120319572826,0.015480409945085434,0.014125913921866434,0.016212913442048272,0.01634052457202135,0.010076667176806402,0.8475051285847482,0.01645767812001657,13.75,14.397999954223632,-0.00650290112685159
2024-03-14,MSFT,417.886962890625,0.02437963566212109,0.016300630352190034,0.016643565276842635,0.01376754983851127,0.02311748521147669,0.017278237640631872,0.010753448989527924,1.6356169375392506,0.013092920384204027,14.399999618530273,14.389999961853027,0.04727269952947433
2024-03-15,MSFT,409.2387390136719,-0.020695127259130697,0.02010068407155347,0.018206422677782486,0.014156668587541837,0.02355793968172505,0.01899143709922194,0.011802868662726512,2.044796473580087,0.005200711703980473,14.40999984741211,14.323999977111816,0.0006944603574132735
2024-03-18,MSFT,410.1232299804687,0.0021613080152884656,0.01955824191792439,0.018202830114187284,0.01378011388905655,0.016653915664368652,0.02013692258045998,0.012274549350243868,0.9165491691294424,0.010334842879110196,14.329999923706055,14.145999908447266,-0.005551694972461885
2024-03-19,MSFT,414.1427001953125,0.009800640200349653,0.016410973523222034,0.01487519717879006,0.013609314183362078,0.014522734585277395,0.018812997716979214,0.011540811135952503,0.9136361270807111,0.009685985493504292,13.819999694824219,14.141999816894531,-0.03558968817844477
2024-03-20,MSFT,417.8968505859375,0.009064871574108402,0.01645767812001657,0.014769463679240423,0.013675189584261773,0.012463814067768473,0.018063177842123253,0.011203136155988634,0.8237981309204393,0.008335122724784894,13.039999961853027,13.999999809265137,-0.056439924037285816
2024-03-21,MSFT,421.96539306640625,0.00973575769897339,0.013092920384204027,0.014273320147178525,0.013271277614240849,0.008524125355127412,0.015144505870853397,0.009580404023740172,0.9954051285598802,0.005466513954384536,12.920000076293945,13.703999900817871,-0.009202445238506662
2024-03-22,MSFT,421.3462829589844,-0.001467205883692979,0.005200711703980473,0.013847010105350319,0.013279621984537396,0.008839805275154985,0.012200878989539383,0.0075926732405725865,0.8223086845740184,0.00813288978163387,13.0600004196167,13.434000015258789,0.010835939821674634
2024-03-25,MSFT,415.5676879882813,-0.013714598192540839,0.010334842879110196,0.01487691272269967,0.013271909534454344,0.013716167316528551,0.011613329319971364,0.007148483524253304,0.8378609899058175,0.006066812466463687,13.1899995803833,13.205999946594238,0.009953993613303291
2024-03-26,MSFT,414.3785400390625,-0.0028615024305074233,0.009685985493504292,0.012795180733437201,0.013062950145932322,0.011004350048676712,0.010909652412651228,0.0066584095387061705,0.7725459267273981,0.006024451053679098,13.239999771118164,13.089999961853028,0.003790765149775055
2024-03-27,MSFT,414.162353515625,-0.0005217126432685015,0.008335122724784894,0.012796765542391253,0.012377973215177758,0.012908436836367797,0.010998576966371092,0.006710382514461958,0.7653691205058905,0.0065154808837543255,12.779999732971191,13.03799991607666,-0.0347432058987206
2024-03-28,MSFT,413.464599609375,-0.0016847352259979909,0.005466513954384536,0.009984113188862186,0.012288290622876518,0.006536413747910726,0.010601034644927754,0.006547043220270559,1.0257446851917467,0.01104892508245495,13.010000228881836,13.055999946594238,0.017996909289228258
2024-04-01,MSFT,417.2481994628906,0.009150964452797616,0.00813288978163387,0.007632503457710941,0.01227689011411121,0.013354719669127529,0.011504017523722262,0.007074084272131621,0.7679239719497837,0.010443287492461211,13.649999618530273,13.173999786376953,0.04919288073705452
2024-04-02,MSFT,414.1721496582031,-0.007372230266414981,0.006066812466463687,0.008181135259029113,0.012305229998269242,0.01077260943104962,0.010915305946626477,0.006708280065534557,0.8424143787981722,0.00962769180661711,14.609999656677246,13.457999801635742,0.0703296750897886
2024-04-03,MSFT,413.19927978515625,-0.002348950487978785,0.006024451053679098,0.007613571276794223,0.01229579864137985,0.009917976707492766,0.010698031278389687,0.006589390806781939,0.7956040565330479,0.010403864096174456,14.329999923706055,13.67599983215332,-0.019164937683158856
2024-04-04,MSFT,410.673583984375,-0.006112536793613232,0.0065154808837543255,0.007053166124179949,0.012363198749060177,0.026562663859995988,0.013428876683115326,0.009003696151184567,0.9406459125565296,0.010140882551586287,16.350000381469727,14.389999961853027,0.14096304734949738
2024-04-05,MSFT,418.1817932128906,0.01828266906205811,0.01104892508245495,0.00887747606310859,0.012071226900333057,0.019247045151486564,0.015971002963830493,0.010251804938655577,0.8081423460721635,0.009710421260023824,16.030000686645508,14.994000053405761,-0.019571846321599473
2024-04-08,MSFT,417.2678527832031,-0.00218550985365884,0.010443287492461211,0.00888579235985296,0.012060182552370605,0.00937377474894822,0.015174813979794633,0.00992879118899213,0.703125327148316,0.01262065084177945,15.1899995803833,15.302000045776367,-0.05240181349224815
2024-04-09,MSFT,418.9287109375,0.003980316583745536,0.00962769180661711,0.00774748105726363,0.011973049453735223,0.014356749401127883,0.015891641973810287,0.010253651860554887,0.6212010347302722,0.01233163495804668,14.979999542236328,15.376000022888183,-0.013824887685854326
2024-04-10,MSFT,415.9607849121094,-0.007084561043211535,0.010403864096174456,0.008079215038755368,0.012073906868978902,0.01023008664263671,0.015954063960839072,0.010279368850841691,0.8188010280076545,0.012318084770283705,15.800000190734863,15.670000076293945,0.05473969783420429
2024-04-11,MSFT,420.5502624511719,0.011033438019961928,0.010140882551586287,0.008731119658017787,0.01220148070597313,0.016381206939463253,0.013917772576732526,0.008692643206145696,0.9052074975469604,0.009119644432759085,14.90999984741211,15.381999969482422,-0.05632913497334324
2024-04-12,MSFT,414.624267578125,-0.01409105023144508,0.009710421260023824,0.010029254508568064,0.012281647008683515,0.01282295269109863,0.012632954084654941,0.007763560343795309,1.0079125147558061,0.009035009510260587,17.309999465942383,15.637999725341796,0.16096577083110009
2024-04-15,MSFT,406.5066833496094,-0.019578169594200334,0.01262065084177945,0.011259516269936522,0.012802674913657911,0.032371178257060075,0.01723243478627731,0.011280144930935036,1.1349863091769103,0.00974598878247109,19.229999542236328,16.445999717712404,0.11091855202373435
2024-04-16,MSFT,407.4304504394531,0.0022724524040587113,0.01233163495804668,0.011213312252016513,0.012807095284842798,0.01126437131895214,0.01661395916984216,0.011015835293054306,0.9474600897073857,0.013977731984969335,18.399999618530273,17.129999732971193,-0.04316172352906522
2024-04-17,MSFT,404.73773193359375,-0.006609026161287224,0.012318084770283705,0.011325993499830846,0.011605353484540637,0.02076053415543466,0.018720048672401752,0.012017827829137214,0.9062258697464991,0.014128126826715496,18.209999084472656,17.61199951171875,-0.010326116195473745
2024-04-18,MSFT,397.29827880859375,-0.018380923096689705,0.009119644432759085,0.012430463600152068,0.012119975005073776,0.019640345949938416,0.019371876474496785,0.01233749109071529,1.1911799024394665,0.016105241670498167,18.0,18.229999542236328,-0.011532075509642303
2024-04-19,MSFT,392.2370910644531,-0.012739012510494585,0.009035009510260587,0.010119646600227853,0.011889482840107893,0.019317553785779453,0.020670796693432948,0.012921683699681462,1.687025614080017,0.017108346182148838,18.709999084472656,18.509999465942382,0.039444393581814285
2024-04-22,MSFT,394.04534912109375,0.004610114896919537,0.00974598878247109,0.010644080251975392,0.011865569723017704,0.017707517594834844,0.017738064560987903,0.010793122946252216,1.1116060861103074,0.018133616484667787,16.940000534057617,18.051999664306642,-0.09460174436266822
2024-04-23,MSFT,400.5413513183594,0.016485417761571863,0.013977731984969335,0.012478782464313505,0.012230717018449948,0.012611366283262032,0.01800746355384988,0.010908104139218335,0.8676900238119134,0.02048180691946441,15.6899995803833,17.509999656677245,-0.07378990048797274
2024-04-24,MSFT,402.0056457519531,0.003655788419283379,0.014128126826715496,0.012683358014063487,0.011205302282919525,0.013909945913475113,0.016637345905457974,0.010110730675558465,0.834607286727183,0.0225918536288768,15.970000267028809,17.061999893188478,0.017845805872141796
2024-04-25,MSFT,392.1584777832031,-0.024495098695270445,0.016105241670498167,0.01317802198968255,0.0120350734388704,0.02972137032671877,0.018653550780814043,0.011843991436473387,2.108954919864234,0.02076932159063849,15.369999885559082,16.535999870300294,-0.03757046784203688
2024-04-26,MSFT,399.31292724609375,0.018243770996188458,0.017108346182148838,0.015048227755861327,0.011629912136013481,0.017818443846891237,0.0183537287930364,0.011672939138547509,1.5122569421545053,0.021704835327349636,15.029999732971191,15.8,-0.022121025056567434
2024-04-29,MSFT,395.3131408691406,-0.01001667139738771,0.018133616484667787,0.014204046566760832,0.011175060707311689,0.017725307353169784,0.018357286744703386,0.011664377679252994,0.9890289161445949,0.021828626709308897,14.670000076293945,15.345999908447265,-0.023952073391426465
2024-04-30,MSFT,382.6159057617187,-0.03211943594767841,0.02048180691946441,0.01679443230250495,0.012504431687627068,0.033364987754324615,0.022508011038915903,0.014221102057402514,1.4148206809390453,0.01253639925408556,15.649999618530273,15.33799991607666,0.06680296776684846
2024-05-01,MSFT,388.1291809082031,0.01440942486567165,0.0225918536288768,0.018000651669969177,0.012684420116585979,0.02889047346831411,0.025504116549883705,0.01575469689049933,1.138516027406527,0.012609105869068516,15.390000343322754,15.22199993133545,-0.01661337262268492
2024-05-02,MSFT,390.9791259765625,0.007342774541431396,0.02076932159063849,0.017555218160279558,0.012636040285121527,0.013271664055648408,0.02221417529566963,0.013984524079501433,0.8591488995268699,0.01271012786811954,14.680000305175781,15.08400001525879,-0.04613385460092079
2024-05-03,MSFT,399.64703369140625,0.022169745490104198,0.021704835327349636,0.018508610138112808,0.013228985938820697,0.013008430869236176,0.02125217270013862,0.01361402311940759,0.8445771281076151,0.009643969928325528,13.489999771118164,14.776000022888184,-0.08106270499449886
2024-05-06,MSFT,406.4083862304687,0.01691831033151958,0.021828626709308897,0.019099180745946638,0.013660173865440195,0.018281175708232587,0.021363346371151178,0.01368366026806031,0.8173984888568704,0.006537985303528477,13.489999771118164,14.539999961853027,0.0
2024-05-07,MSFT,402.2808532714844,-0.010156121524135253,0.01253639925408556,0.018906436286102654,0.01356206529815129,0.013631741681156665,0.01741669715651759,0.011077788922291783,0.9456109103646054,0.0036561242632946593,13.229999542236328,14.055999946594238,-0.01927355324634561
2024-05-08,MSFT,403.4601440429687,0.0029315110622192275,0.012609105869068516,0.018894792810185374,0.013575783903491895,0.013445752950643224,0.014327753052983411,0.008714204380213041,0.5629218106602992,0.007178064481926016,13.0,13.577999877929688,-0.017384697671535276
2024-05-09,MSFT,405.20947265625,0.004335815170618096,0.01271012786811954,0.016728682019180287,0.01360815033826522,0.008779576670750903,0.013429335576003912,0.008294256393211302,0.706760720525756,0.008853994170030625,12.6899995803833,13.179999732971192,-0.023846186124361513
2024-05-10,MSFT,407.5877075195313,0.005869149227167414,0.009643969928325528,0.015948638323711056,0.013657916753626475,0.008631955379611778,0.012554040478079032,0.007865249179355117,0.6540269188369884,0.009234636792101106,12.550000190734863,12.99199981689453,-0.011032261172400193
2024-05-13,MSFT,406.5852966308594,-0.0024593746822551,0.006537985303528477,0.015479232973860018,0.013542347656154592,0.018200712455475207,0.012537947827527558,0.007819881582192047,0.7624675282668582,0.009387608684030678,13.600000381469727,13.013999938964844,0.08366535257186958
2024-05-14,MSFT,409.3763427734375,0.0068646017593501085,0.0036561242632946593,0.009380572583300651,0.013552584884489781,0.014259656414969972,0.012663530774290218,0.007919818086726062,0.7491909008012401,0.00946764195615726,13.420000076293945,13.052000045776367,-0.013235316185802093
2024-05-15,MSFT,416.5338439941406,0.017483915099276492,0.007178064481926016,0.009701745877783744,0.013927675273895962,0.015458090083409736,0.013065998200843521,0.008189022407055121,1.0855584772357076,0.007119503574254394,12.449999809265137,12.942000007629394,-0.07228019832446109
2024-05-16,MSFT,414.4761962890625,-0.004939929215228567,0.008853994170030625,0.010422556184606293,0.01391051311161898,0.012043059079376604,0.013718694682568661,0.008475278872707945,0.8630542987539201,0.00815227310513782,12.420000076293945,12.888000106811523,-0.0024096171430353364
2024-05-17,MSFT,413.708251953125,-0.0018528068507025486,0.009234636792101106,0.008915933670697483,0.013497618778244914,0.011637073719986095,0.014319718350643523,0.00872823299154995,0.785237803449641,0.007858385802544141,11.989999771118164,12.776000022888184,-0.034621602458483336
2024-05-20,MSFT,418.7589416503906,0.012208336849509838,0.009387608684030678,0.00822601502562312,0.013681752741332097,0.015940186292546028,0.013867613118057686,0.008419271871639824,0.840923232118605,0.006740507496346141,12.149999618530273,12.485999870300294,0.01334444123990064
2024-05-21,MSFT,422.4016418457031,0.008698799793876777,0.00946764195615726,0.0069263810708710795,0.013753526166516579,0.01892596251041065,0.014800874337145822,0.009051325285667633,1.0925371583736585,0.005932314402154584,11.859999656677246,12.173999786376953,-0.023868310366918943
2024-05-22,MSFT,423.8587341308594,0.0034495421911464597,0.007119503574254394,0.006911828262910052,0.013691051115806832,0.012264236072739531,0.01416210353501178,0.008681487774033176,0.9134294655383632,0.01580059570226416,12.289999961853027,12.141999816894531,0.03625635055846632
2024-05-23,MSFT,420.3931884765625,-0.008176180824498336,0.00815227310513782,0.008073414723144585,0.01364109686670849,0.019156891512368327,0.015584870021610126,0.009548037166139526,0.9244705364192525,0.016222540502143386,12.770000457763672,12.211999893188477,0.03905618367782915
2024-05-24,MSFT,423.50433349609375,0.007400560010987656,0.007858385802544141,0.008133127785783763,0.013434097100290351,0.015459349637043346,0.016349325205021574,0.009942073900751292,0.6688111709794634,0.014689278733021807,11.930000305175781,12.2,-0.06577917952048329
2024-05-28,MSFT,423.6618347167969,0.0003718999033679449,0.006740507496346141,0.00793527131864877,0.012872920429654662,0.009806658181997245,0.01512261958291182,0.00934530981196946,0.8964949829533059,0.01568704565357904,12.920000076293945,12.354000091552734,0.08298405245544349
2024-05-29,MSFT,422.5296630859375,-0.002672347466974867,0.005932314402154584,0.008143255344414922,0.012893788997149533,0.012232914313068511,0.013784009943443393,0.008503967768269751,0.9198311035708803,0.019585786963612156,14.279999732971191,12.838000106811524,0.10526313070017856
2024-05-30,MSFT,408.2540283203125,-0.033786112580506567,0.01580059570226416,0.012899633574240973,0.014341648368476628,0.024260248469466356,0.016183212422788758,0.010147044099933339,1.6594189389233078,0.008771220295352405,14.470000267028809,13.27400016784668,0.01330535977664793
2024-05-31,MSFT,408.7068481445313,0.0011091619256811125,0.016222540502143386,0.012884618162077553,0.013896624315853241,0.029484715849027246,0.01824877729012054,0.011870074024065714,2.5768728250472943,0.009124293020257421,12.920000076293945,13.304000091552734,-0.10711818674023643
2024-06-03,MSFT,407.1217651367187,-0.003878288350216419,0.014689278733021807,0.012909734724736978,0.013686278445067371,0.01816110332649136,0.018789128028010145,0.012138907518278839,0.9386596719171131,0.008062005828955023,13.109999656677246,13.539999961853027,0.014705849788028802
2024-06-04,MSFT,409.6322937011719,0.006166529965820233,0.01568704565357904,0.012323537753840668,0.013702068062397755,0.01624728927013793,0.020077254245638283,0.012636638865013306,0.775829254735895,0.008267893278072822,13.15999984741211,13.58799991607666,0.003813897181103032
2024-06-05,MSFT,417.449462890625,0.019083381143664813,0.019585786963612156,0.013698422705379146,0.013808588415690454,0.018348620551664162,0.02130039549335741,0.013174878319668884,0.9261091585479472,0.008364571710706035,12.630000114440918,13.257999992370605,-0.04027353640702469
2024-06-06,MSFT,417.9515686035156,0.0012027940086778433,0.008771220295352405,0.013633909609820307,0.013802472767918966,0.01114202183345432,0.018676750166155005,0.011877140397231761,0.8034498828449802,0.008369399768363928,12.579999923706055,12.879999923706055,-0.00395884325271656
2024-06-07,MSFT,417.2919921875,-0.0015781168574613424,0.009124293020257421,0.01342315225651871,0.012926840291020645,0.0077385837727127925,0.014327523750892112,0.009014908373879436,0.7385653234262985,0.007401869841854863,12.220000267028809,12.739999961853027,-0.028616825028659476
2024-06-10,MSFT,421.2496948242187,0.009484252539742943,0.008062005828955023,0.013577432634575878,0.012646779253333445,0.009792628535872436,0.012653828792768329,0.008022262798132803,0.75695804951038,0.0076697243927445645,12.739999771118164,12.66599998474121,0.042553149977613725
2024-06-11,MSFT,425.9853210449219,0.011241850804614373,0.008267893278072822,0.014076463838525006,0.012553467841484601,0.01749562598770579,0.0129034961362819,0.008215457565979859,0.7896175582475289,0.009708284623560458,12.850000381469727,12.604000091552734,0.008634270983343129
2024-06-12,MSFT,434.2356872558594,0.019367724199274683,0.008364571710706035,0.01518266406417948,0.011080362024447716,0.023012728319656665,0.0138363176898804,0.0090247555561231,1.1902688964008072,0.0066782500350503395,12.039999961853027,12.486000061035156,-0.06303505023896772
2024-06-13,MSFT,434.7475891113281,0.0011788571747837207,0.008369399768363928,0.008256713155708117,0.010925801633971463,0.009103717680810497,0.013428656859351637,0.008854824851449247,0.8638120987057648,0.007320865685930199,11.9399995803833,12.357999992370605,-0.008305679550378975
2024-06-14,MSFT,435.7222595214844,0.0022419225191072645,0.007401869841854863,0.008184463720900346,0.010909185502515375,0.014506209913658166,0.01478218208754071,0.009458683715924576,0.7430169156427983,0.00826380404845582,12.65999984741211,12.445999908447266,0.060301532021133974
2024-06-17,MSFT,441.4325256347656,0.013105288950700622,0.0076697243927445645,0.007539577869769184,0.01049704918144194,0.022793677837501112,0.017382391947866442,0.010972562974921158,1.1206689299255799,0.006619001811652765,12.75,12.447999954223633,0.0071090168777756535
2024-06-18,MSFT,439.4339294433594,-0.004527523631232988,0.009708284623560458,0.00854364277745853,0.010270649326738494,0.01176233374350238,0.01623573349902576,0.010385898460343337,0.9203514788011256,0.0058037927559292015,12.300000190734863,12.33799991607666,-0.03529410268746169
2024-06-20,MSFT,438.8038635253906,-0.0014338126297321896,0.0066782500350503395,0.007769274081164067,0.010015658839681946,0.011801681897153913,0.013993524214525214,0.008905754964184243,1.0736041657833568,0.00542722278308432,13.279999732971191,12.585999870300293,0.07967475829590032
2024-06-21,MSFT,442.8207092285156,0.00915408007316354,0.007320865685930199,0.007741084268247772,0.010079498471675755,0.009048816794180627,0.01398254403719924,0.008903242823416913,1.7694897831634733,0.007863120365400897,13.199999809265137,12.83799991607666,-0.006024090761646117
2024-06-24,MSFT,440.743408203125,-0.004691065666304839,0.00826380404845582,0.008124874617592846,0.010177360202295559,0.014162209099837397,0.013913743874435086,0.00884595251834132,0.826453234064288,0.012536133945420126,13.329999923706055,12.97199993133545,0.009848493660558288
2024-06-25,MSFT,443.9726257324219,0.007326751731721037,0.006619001811652765,0.008035836538936034,0.010195702616777725,0.01035594478616041,0.011426197264166946,0.006938460031137712,0.8424334251041403,0.012447099631590892,12.84000015258789,12.989999961853027,-0.03675917283740937
2024-06-26,MSFT,445.1638793945313,0.0026831691709465755,0.0058037927559292015,0.00778408370934606,0.01014551232777572,0.011964799226585764,0.011466690360783623,0.006971308522578736,0.8455255068824762,0.012437839812047432,12.550000190734863,13.039999961853027,-0.022585666542580096
2024-06-27,MSFT,445.84326171875,0.0015261398232551127,0.00542722278308432,0.005765494011627806,0.010123568195619229,0.009716295362170623,0.011049613053786964,0.006726580177925256,0.7597950042155812,0.01320262749301216,12.239999771118164,12.831999969482421,-0.024701228279307874
2024-06-28,MSFT,440.0345153808594,-0.013028673609415065,0.007863120365400897,0.007621757977977389,0.01014040447075792,0.02006936117175485,0.013253721929301809,0.008237586957941766,1.4555502981172783,0.009776222020532948,12.4399995803833,12.679999923706054,0.01633985400367921
2024-07-01,MSFT,449.6631774902344,0.021881606494075,0.012536133945420126,0.010052599694520128,0.010685979504816244,0.02563876069757256,0.015549032248848843,0.010101321930395505,0.9829598149479144,0.010784357455000834,12.220000267028809,12.457999992370606,-0.017684832859754307
2024-07-02,MSFT,452.1737365722656,0.005583199175978271,0.012447099631590892,0.009494989757395217,0.010661139553379414,0.014109064195155601,0.01629965613064788,0.010429816329170338,0.7856578854935019,0.01232879370171981,12.029999732971191,12.295999908447266,-0.015548324869538943
2024-07-03,MSFT,453.6406555175781,0.00324414893362146,0.012437839812047432,0.009173264503179665,0.010519504325278444,0.006814645497161715,0.015269625384763072,0.010087885743838962,0.5652325207869255,0.017511413650239567,12.09000015258789,12.203999900817871,0.004987566163634494
2024-07-05,MSFT,460.3255920410156,0.014736193597574276,0.01320262749301216,0.009672467109881691,0.01069404424193822,0.02006160692058993,0.01733868769644693,0.011158553120824968,0.9130735992001625,0.01473950537157658,12.479999542236328,12.251999855041504,0.03225801362500036
2024-07-08,MSFT,459.0260620117187,-0.002823067089394282,0.009776222020532948,0.009819554940792792,0.010744646743889363,0.006949255361652832,0.014714666534426527,0.00997242141332876,0.7437368786151047,0.015030364450106458,12.369999885559082,12.23799991607666,-0.008814075377564845
2024-07-09,MSFT,452.42974853515625,-0.014370237384024653,0.010784357455000834,0.011122952411289357,0.011017231828147699,0.020302882009790475,0.01364749079687011,0.008958833980660082,0.9772440017639824,0.014462267480902579,12.510000228881836,12.295999908447266,0.01131773198205055
2024-07-10,MSFT,459.0359191894531,0.01460153908023476,0.01232879370171981,0.011684645621833696,0.01120431206939206,0.016300281187164922,0.014085734195271976,0.009229371147928427,1.0211888793389134,0.010051541507644032,12.850000381469727,12.460000038146973,0.02717826909410692
2024-07-11,MSFT,447.6646423339844,-0.02477208510294293,0.017511413650239567,0.014707287382198043,0.012277396608500236,0.029096130704092265,0.018542031236658086,0.01191505138121473,1.2666065639805881,0.00566829718780089,12.920000076293945,12.626000022888183,0.00544744690631771
2024-07-12,MSFT,446.5323791503906,-0.0025292665011256155,0.01473950537157658,0.014736568595284686,0.012275582024473498,0.012589552659594922,0.017047620384459082,0.011130128213371702,0.9097127775683351,0.0052457724047964205,12.460000038146973,12.622000122070313,-0.035603717912586985
2024-07-15,MSFT,446.9360656738281,0.0009040475949484428,0.015030364450106458,0.013980643492249268,0.01026582897884676,0.012842579080937997,0.018226285128316116,0.011500925178721668,0.8075601518813492,0.01047496392998131,13.119999885559082,12.772000122070313,0.0529694899993165
2024-07-16,MSFT,442.5647277832031,-0.009780678325958081,0.014462267480902579,0.012382514018022874,0.010526875115258783,0.016995871857940964,0.017564883097946217,0.011121342337600176,0.9516899218621001,0.010712933313442863,13.1899995803833,12.907999992370605,0.0053353426398474735
2024-07-17,MSFT,436.6575622558594,-0.013347574166004184,0.010051541507644032,0.012620596208355614,0.010867683097195335,0.012784121501138446,0.01686165116074092,0.010774443841895633,1.2034052090459293,0.018529038863010324,14.479999542236328,13.233999824523925,0.09780136488947022
2024-07-18,MSFT,433.5563354492187,-0.007102194201376366,0.00566829718780089,0.012436900453518428,0.01097831199168097,0.02327588190306283,0.015697601400535034,0.00975532971340722,1.1375029778030255,0.020213841652245657,15.930000305175781,13.835999870300293,0.1001381774018697
2024-07-19,MSFT,430.3467712402344,-0.007402876965593941,0.0052457724047964205,0.010454971672022827,0.01061200818654175,0.02091010261659036,0.01736171139193412,0.010740148305120047,1.1421468405162034,0.023521247020294067,16.520000457763672,14.647999954223632,0.037037045906157084
2024-07-22,MSFT,436.0865783691406,0.013337632608150907,0.01047496392998131,0.01221518502052742,0.01084596637341857,0.012845989095687849,0.01736239339488409,0.010744357240534316,0.9077519633564222,0.021927207155890343,14.90999984741211,15.005999946594239,-0.09745766136434542
2024-07-23,MSFT,437.9670104980469,0.004312061462516503,0.010712933313442863,0.012058340200321527,0.01084212849012769,0.011891667915793883,0.016341552606454673,0.010239732981004626,0.7587322720694646,0.020962476372916317,14.720000267028809,15.31200008392334,-0.012743097406287318
2024-07-24,MSFT,422.2638244628906,-0.035854723435217006,0.018529038863010324,0.01416455289098569,0.012713726749017797,0.032385205982982355,0.020261769502823455,0.012911246146117331,1.5063991251288311,0.015479817149442956,18.040000915527344,16.024000358581542,0.22554351822499452
2024-07-25,MSFT,411.92626953125,-0.02448127055352123,0.020213841652245657,0.014127050658537995,0.013299317943161063,0.029373752883907447,0.021481343698992378,0.013717845627907847,1.6215235621770496,0.011011816213629063,18.459999084472656,16.530000114440917,0.023281493771090345
2024-07-26,MSFT,418.68994140625,0.016419617721143975,0.023521247020294067,0.01610388271019398,0.013153476323646022,0.027394419345419505,0.02277820704475821,0.014534716997459863,1.247467976631993,0.009017239145319817,16.389999389648438,16.50399990081787,-0.11213433355830271
2024-07-29,MSFT,420.1274108886719,0.0034332553526217335,0.021927207155890343,0.016248800193089472,0.013173547988617357,0.01745830266831603,0.023700669759283845,0.014869555374741541,0.8291058025566352,0.011650913024188456,16.600000381469727,16.842000007629395,0.012812751655983723
2024-07-30,MSFT,416.3763732910156,-0.008928333406577504,0.020962476372916317,0.016229260593371538,0.013234862381811024,0.027641166344103022,0.026850569444945672,0.016309195841220165,1.7208755050737703,0.01676024711939976,17.690000534057617,17.436000061035156,0.06566265828551643
2024-07-31,MSFT,411.8770446777344,-0.010805917198708492,0.015479817149442956,0.016120270458522303,0.01304816145591959,0.022875599819761294,0.024948648212301458,0.015174597036587438,2.098371210249541,0.017164951176911542,16.360000610351562,17.1,-0.07518371303299154
2024-08-01,MSFT,410.6562194824219,-0.002964052527539396,0.011011816213629063,0.01613359202293277,0.01304176663519863,0.034451333273826254,0.025964164290285217,0.015934343852999456,1.4118594441086543,0.019421115817401583,18.59000015258789,17.126000213623048,0.13630803539367387
2024-08-02,MSFT,402.1695861816406,-0.020666028902417533,0.009017239145319817,0.016855299926269118,0.013469866323553164,0.02609611965275604,0.025704504351752526,0.01574966050296965,1.3302024953017095,0.01857095044485138,23.389999389648438,18.526000213623046,0.2582032919667483
2024-08-05,MSFT,389.0360412597656,-0.03265673331136287,0.011650913024188456,0.017078209146272755,0.014324811973700984,0.03912443935582148,0.03003773168925362,0.018377178697124297,1.7310000304025877,0.006156029959195226,38.56999969482422,22.920000076293945,0.648995327118046
2024-08-06,MSFT,393.4269409179687,0.0112866140730421,0.01676024711939976,0.0179053510590786,0.01460056787838707,0.017942528191397376,0.02809800405871249,0.017481800293755918,1.043581387760566,0.007972184729621253,27.709999084472656,24.923999786376953,-0.2815660019776688
2024-08-07,MSFT,392.2652587890625,-0.0029527264355503346,0.017164951176911542,0.015608727181228528,0.014453361589167029,0.031649187017463644,0.02985272149825296,0.018384316558334408,0.8594715042468112,0.005771874359723956,27.850000381469727,27.221999740600587,0.005052374652567915
2024-08-08,MSFT,396.4593811035156,0.010692056511454773,0.019421115817401583,0.015248600389003482,0.014653962660497026,0.014701092339678168,0.02590267331142334,0.01640759647645037,0.8459498627210501,0.005871341587326454,23.790000915527344,28.261999893188477,-0.1457809483063327
2024-08-09,MSFT,399.7378234863281,0.008269302074999985,0.01857095044485138,0.01423715351307644,0.014788781940912236,0.014260327530693964,0.023535514887010927,0.015332785088334579,0.8022047761827575,0.009122731838899771,20.3700008392334,27.658000183105468,-0.1437578791374391
2024-08-12,MSFT,400.5155944824219,0.001945702784165837,0.006156029959195226,0.014152232188379101,0.014709466321820923,0.011110886060756157,0.01793280422799786,0.011512200008477417,0.6942215844440096,0.008768481228735648,20.709999084472656,24.086000061035158,0.01669112573546916
2024-08-13,MSFT,407.6042175292969,0.017698744180074888,0.007972184729621253,0.015685538005606188,0.014483312067879766,0.012994866684161032,0.01694327192655059,0.011039792788372986,0.8003172528279549,0.0067893540739331695,18.1200008392334,22.168000411987304,-0.12506027811373066
2024-08-14,MSFT,410.4101257324219,0.0068839037538255266,0.005771874359723956,0.01558116013372515,0.014512323727805792,0.012642108139085116,0.013141856150874886,0.007945974375380622,0.7585111390103396,0.0073933506339282,16.190000534057617,19.836000442504883,-0.10651215318914042
2024-08-15,MSFT,415.2626953125,0.011823708227028273,0.005871341587326454,0.015990916647876597,0.014725088581530555,0.008194146971607157,0.011840467077260686,0.007241948925838713,0.8617777735327694,0.011514698455555318,15.229999542236328,18.12400016784668,-0.05929592094835401
2024-08-16,MSFT,412.7377624511719,-0.006080326718074236,0.009122731838899771,0.014352869113546026,0.014354261194032174,0.009654236942043341,0.010919248959530562,0.006664057324901786,0.9422178168178243,0.011536090343934305,14.800000190734863,17.010000038146973,-0.028233707447526624
2024-08-19,MSFT,415.755859375,0.007312383790385901,0.008768481228735648,0.007197095187257628,0.014490115059864129,0.012549542287004755,0.011206980204780281,0.006854447693359626,0.6309749295775815,0.010866147181276627,14.649999618530273,15.798000144958497,-0.01013517366699046
2024-08-20,MSFT,418.9810485839844,0.007757411317865115,0.0067893540739331695,0.0070311530903495595,0.014464673311991666,0.009934017948187058,0.010594810457585485,0.006469339920645852,0.6741755618558217,0.009364895991014123,15.880000114440918,15.35,0.08395908040535782
2024-08-21,MSFT,418.3301086425781,-0.0015536262167613613,0.0073933506339282,0.006837046084838859,0.01410400675412561,0.011034074867141249,0.010273203803196712,0.006245831388023063,0.6759290538053376,0.009176223759851786,16.270000457763672,15.365999984741212,0.024559215397492062
2024-08-22,MSFT,409.8577575683594,-0.02025278816700604,0.011514698455555318,0.010653820203179365,0.013885817292332125,0.029310608954770504,0.014496496199829382,0.009726312652055777,0.8330710521373426,0.0064147297999144655,17.549999237060547,15.829999923706055,0.07867232595473528
2024-08-23,MSFT,411.0807800292969,0.002984016865249961,0.011536090343934305,0.010514528230117703,0.013926533258440715,0.017202939803586025,0.016006236772137916,0.010457934762032233,0.8045296719746449,0.00801361045200515,15.859999656677246,16.04199981689453,-0.09629627657273676
2024-08-26,MSFT,407.8259582519531,-0.007917718208844016,0.010866147181276627,0.011057590489024481,0.013941833077721464,0.014365528989079857,0.016369434112552938,0.01061619733702143,0.5746480374704354,0.01136635253351902,16.149999618530273,16.341999816894532,0.018284991685414864
2024-08-27,MSFT,408.1712036132813,0.0008465507267070294,0.009364895991014123,0.009559068700514184,0.013897310819462865,0.009931339135734076,0.01636889835006234,0.010616852697675688,0.6153075123890097,0.011275732673822038,15.430000305175781,16.251999855041504,-0.044582001879948985
2024-08-28,MSFT,404.9755554199219,-0.007829185805050431,0.009176223759851786,0.009544921427211086,0.013786209837509418,0.018728695389905896,0.017907822454615273,0.011365170023991953,0.7249854164560832,0.01085206863959972,17.110000610351562,16.419999885559083,0.10887882514248881
2024-08-29,MSFT,407.4610290527344,0.006137342364368914,0.0064147297999144655,0.00881855009787442,0.013842779593014696,0.02771587389810357,0.017588875443281884,0.01110241121009702,0.8580209672795568,0.011767407253215323,15.649999618530273,16.039999961853027,-0.0853302711712346
2024-08-30,MSFT,411.4259643554687,0.009730833184101062,0.00801361045200515,0.009377429003893555,0.013963971892502411,0.012849367510522356,0.016718160984669155,0.01066979647993578,1.239635304487911,0.011857409707168209,15.0,15.868000030517578,-0.041533522963198455
2024-09-03,MSFT,403.8314208984375,-0.018459076759845816,0.01136635253351902,0.010529966457666434,0.014013223844569945,0.031384344536180345,0.02012192409408925,0.012988673780998775,1.0927485501861136,0.013964620856467037,20.719999313354492,16.78199996948242,0.38133328755696616
2024-09-04,MSFT,403.298828125,-0.0013188492669852225,0.011275732673822038,0.009884943929635497,0.013956955296079316,0.016801162190593362,0.021495888705061104,0.013491118859282444,0.8362819438949949,0.01598963184960878,21.31999969482422,17.95999984741211,0.028957548327861904
2024-09-05,MSFT,402.7958984375,-0.0012470397938872946,0.01085206863959972,0.009893030799066456,0.012468709546020015,0.017067021647684658,0.021163553956616857,0.013328989723902044,0.7985699940650816,0.0153242452283087,19.899999618530273,18.51799964904785,-0.06660413211162819
2024-09-06,MSFT,396.1974792480469,-0.016381545132533093,0.011767407253215323,0.009228151393259434,0.012033959646528543,0.024520801105774016,0.020524539398150948,0.012869093428874842,1.1049800030710324,0.006524495773613734,22.3799991607666,19.863999557495116,0.12462309496363155
2024-09-09,MSFT,400.1623840332031,0.010007395283486709,0.011857409707168209,0.009998515370454417,0.011763641830606455,0.016020901065866233,0.02115884610921972,0.013119221365053304,0.871645050447659,0.008529323846906182,19.450000762939453,20.753999710083008,-0.13092039802055044
2024-09-10,MSFT,408.5262451171875,0.020901167670198673,0.013964620856467037,0.012216530705046049,0.01242679048737921,0.02083528273997433,0.019049033749978524,0.011579057816922641,1.1077131985958477,0.007091090163347695,19.079999923706055,20.42599983215332,-0.019023178648836292
2024-09-11,MSFT,417.24517822265625,0.021342406295017158,0.01598963184960878,0.013929102630824884,0.012966144165287968,0.03406298073714985,0.022501397459289817,0.014136733150835861,1.0896584838641536,0.008236330059683113,17.690000534057617,19.7,-0.07285112134206173
2024-09-12,MSFT,421.15087890625,0.009360685005949998,0.0153242452283087,0.013598543653075968,0.012901093956638424,0.017845421820111326,0.02265707749377515,0.014223499602716372,0.9862609373042227,0.010448951498692849,17.06999969482422,19.13400001525879,-0.035048096128643014
2024-09-13,MSFT,424.6917419433594,0.008407587908412228,0.006524495773613734,0.013656880285970235,0.012952931083420799,0.014793644003259256,0.0207116460732722,0.013255889698696594,0.9126399069112584,0.011739282931361991,16.559999465942383,17.970000076293946,-0.029876991095463934
2024-09-16,MSFT,425.4314880371094,0.0017418424252022557,0.008529323846906182,0.013532727344721352,0.012276835155381092,0.012310468780256966,0.019969559616150344,0.01296647748494294,0.8163456778176338,0.012078319100955777,17.139999389648438,17.50799980163574,0.03502415111177348
2024-09-17,MSFT,429.1892700195313,0.00883287224403606,0.007091090163347695,0.011172828147639974,0.010444142616877655,0.02201543657179207,0.020205590382513895,0.013082047235500245,1.101877971547867,0.011987080830704658,17.610000610351562,17.213999938964843,0.027421309068831112
2024-09-18,MSFT,424.9087219238281,-0.00997356736226973,0.008236330059683113,0.012112609235186518,0.010605842130274303,0.013045182676901782,0.016002030770464283,0.00985061033558286,1.0952416277592578,0.011797010968571853,18.229999542236328,17.321999740600585,0.03520720672322497
2024-09-19,MSFT,432.6807861328125,0.018291138326827827,0.010448951498692849,0.012508671000339535,0.010925079669175797,0.010485778289716136,0.014530102064385242,0.00903325554312151,1.237788043922983,0.0065366107084443995,16.329999923706055,17.173999786376953,-0.10422378860340853
2024-09-20,MSFT,429.3076171875,-0.0077959758173248295,0.011739282931361991,0.010897045629190812,0.011016638230944517,0.011533046477767404,0.013877982559286873,0.008671769824633179,2.854425691906059,0.006508537876839092,16.149999618530273,17.091999816894532,-0.011022676424785383
2024-09-23,MSFT,427.57171630859375,-0.004043489585110471,0.012078319100955777,0.01151384962407024,0.011031942946140938,0.014001929989857356,0.014216274801206949,0.00885393558997162,0.7896654351931403,0.007523997781890609,15.890000343322754,16.842000007629395,-0.01609902670890473
2024-09-24,MSFT,423.2911987304687,-0.010011227157587843,0.011987080830704658,0.011428778179378658,0.011259028463917058,0.01689307214661855,0.013191801916172247,0.008016572412247477,0.8792890779499757,0.011817145064527945,15.390000343322754,16.397999954223632,-0.031466330345934046
2024-09-25,MSFT,426.19085693359375,0.006850268117602365,0.011797010968571853,0.009722614766375539,0.010902908876768716,0.010529698334249295,0.01268870504764175,0.007756978940488325,0.6924297350305177,0.010199290434016982,15.40999984741211,15.83400001525879,0.0012995129072905787
2024-09-26,MSFT,425.40185546875,-0.0018512866993922739,0.0065366107084443995,0.009443208676163778,0.010872006072760303,0.014305216538176867,0.013452592697333893,0.00818278710622081,0.7498159349855982,0.01025602794389497,15.369999885559082,15.642000007629395,-0.002595714617073419
2024-09-27,MSFT,422.1569213867187,-0.0076279264895441345,0.006508537876839092,0.009415471891911753,0.01079968414874826,0.010233178345024773,0.01319261907078537,0.008057511302837482,0.7750330320752572,0.010546239526401187,16.959999084472656,15.803999900817871,0.10344822451218505
2024-09-30,MSFT,424.40570068359375,0.005326880084041141,0.007523997781890609,0.009579622811440853,0.010756905434138686,0.011736041026746647,0.012739441278163227,0.007798900895381597,0.8918750187384866,0.009198382816092915,16.729999542236328,15.971999740600586,-0.013561294495994303
2024-10-01,MSFT,414.9273376464844,-0.022333260420023815,0.011817145064527945,0.01124012547581166,0.011492222221087343,0.022986078517711412,0.0139580425523818,0.008824739687864753,1.0164518813215806,0.010491072311338803,19.260000228881836,16.7459997177124,0.15122538887453651
2024-10-02,MSFT,411.4161071777344,-0.008462277970562537,0.010199290434016982,0.011150480377223621,0.011496090633357003,0.014647749616710419,0.014781652808874024,0.009225766438285526,0.8794085975457933,0.010630526319300709,18.899999618530273,17.443999671936034,-0.018691620253031727
2024-10-03,MSFT,410.8341979980469,-0.0014144054390075045,0.01025602794389497,0.008318911312106657,0.011495696802938998,0.012627788784134536,0.01444616725806556,0.009049665758393558,0.7268115857369386,0.010780517288866349,20.489999771118164,18.46799964904785,0.08412699389840173
2024-10-04,MSFT,410.3608093261719,-0.0011522620905994874,0.010546239526401187,0.008348139921743115,0.010878557641153246,0.011488724720822747,0.014697276533225154,0.009157629769440585,1.0191905363195322,0.010783735177102587,19.209999084472656,18.91799964904785,-0.06246953152482426
2024-10-07,MSFT,403.9300842285156,-0.015670904607620217,0.009198382816092915,0.009061134836969256,0.011235226136550204,0.019802669293232013,0.01631060218652223,0.010080884386457852,1.0958520920786474,0.006265132440374091,22.639999389648438,20.099999618530273,0.17855286145995874
2024-10-08,MSFT,409.02923583984375,0.012623847072612104,0.010491072311338803,0.010551043494445266,0.011393892729392608,0.018060790404627484,0.015325544563905441,0.00937492414840976,1.0082617024617844,0.004697011198891967,21.420000076293945,20.531999588012695,-0.05388689691892423
2024-10-09,MSFT,411.7415771484375,0.006631167337035393,0.010630526319300709,0.010527661131902117,0.01145468013278711,0.01456431086641752,0.01530885681384686,0.009376346839898275,0.7940932608690464,0.0050083303508112915,20.860000610351562,20.923999786376953,-0.026143765823892218
2024-10-10,MSFT,410.1437683105469,-0.0038806108650878413,0.010780517288866349,0.01051419006636296,0.011379853197232895,0.010100067920399147,0.014803312641099783,0.009154969488390586,0.741359355108797,0.004701688145265129,20.93000030517578,21.011999893188477,0.0033556899700895038
2024-10-11,MSFT,410.61724853515625,0.0011544250118920019,0.010783735177102587,0.010506772622066046,0.011330773032117299,0.009319765599905072,0.014369520816916248,0.008980594782414749,0.7607543703348338,0.004898626996723338,20.459999084472656,21.261999893188477,-0.022455863060207304
2024-10-14,MSFT,413.398681640625,0.006773785357023554,0.006265132440374091,0.010638996541820876,0.01125871007431446,0.015555707647523887,0.013520128487774622,0.008376241071826046,0.8889155780812339,0.003746322523148599,19.700000762939453,20.67400016784668,-0.037145569674535084
2024-10-15,MSFT,413.0040588378906,-0.0009545816671893137,0.004697011198891967,0.00806324270070807,0.010696810324578691,0.017242206116167728,0.01335641163008267,0.008230605503545292,1.0087921443144623,0.01002486967410122,20.639999389648438,20.518000030517577,0.047715664482478326
2024-10-16,MSFT,410.4199523925781,-0.006256854842016879,0.0050083303508112915,0.007846543191840052,0.010768359187271124,0.01413047782906583,0.013269645022612334,0.008186866010204331,0.8353378914813191,0.010170182358345365,19.579999923706055,20.261999893188477,-0.051356564791082526
2024-10-17,MSFT,411.0117492675781,0.0014419300805188495,0.004701688145265129,0.00785000410195815,0.01076330369741272,0.016581886259041334,0.01456600869034077,0.00890284574531763,0.8133164377179065,0.010256259402392665,19.110000610351562,19.897999954223632,-0.024004050826652468
2024-10-18,MSFT,412.43206787109375,0.0034556642384229175,0.004898626996723338,0.00790526840879799,0.010274088125594931,0.00810690668923614,0.014323436908206982,0.008815127686484797,1.050531230469468,0.010416066545896566,18.030000686645508,19.412000274658205,-0.05651490786039204
2024-10-21,MSFT,413.0434875488281,0.001482473661396977,0.003746322523148599,0.005491328301404368,0.01014461721202256,0.012440879388377726,0.01370047125637775,0.008466512214336827,0.8729076110666651,0.01105399220070348,18.3700008392334,19.14600028991699,0.018857467534081795
2024-10-22,MSFT,421.6539306640625,0.020846335494435042,0.01002486967410122,0.007475036415174096,0.010140932096622726,0.02933259512266994,0.016118549057678195,0.010642487791916934,1.526083108053885,0.00806963632766251,18.200000762939453,18.658000564575197,-0.009254222565459602
2024-10-23,MSFT,418.7837829589844,-0.006806879994117332,0.010170182358345365,0.007955999955315712,0.00948487060820975,0.020136570113200376,0.0173197675145051,0.011296899409276664,1.1554153037973791,0.0064908141805654785,19.239999771118164,18.590000534057616,0.05714280025176999
2024-10-24,MSFT,418.9120178222656,0.00030620780579226903,0.010256259402392665,0.007735300102013928,0.009324917006563634,0.008428924251267416,0.01568917511295032,0.010636845928314854,0.8005583206995984,0.029770042957158984,19.079999923706055,18.584000396728516,-0.008316000484173136
2024-10-25,MSFT,422.2851257324219,0.008052067657766226,0.010416066545896566,0.007942002339726504,0.00931390477272149,0.013896956146848981,0.016847185004472888,0.011056134394104392,0.9902603585870986,0.030035235215755043,20.329999923706055,19.044000244140626,0.06551362709634656
2024-10-28,MSFT,420.7465515136719,-0.0036434487624480427,0.01105399220070348,0.008050275878886013,0.00932812083983714,0.013221160122963038,0.017003241151389948,0.011108730484629596,0.8770312330113651,0.030001334623187693,19.799999237060547,19.329999923706055,-0.026069881388808724
2024-10-29,MSFT,426.03314208984375,0.012564786466229938,0.00806963632766251,0.008650539374660258,0.009478163555982282,0.017062218836639872,0.014549165894183935,0.009035088784066593,1.0442381244775214,0.029174197202919153,19.34000015258789,19.55799980163574,-0.023232277888761477
2024-10-30,MSFT,426.6051940917969,0.0013427406120261054,0.0064908141805654785,0.008045537711524305,0.009299387413115418,0.014796647433811878,0.013481181358306237,0.008262957614214327,1.6946259932731282,0.032183405458815796,20.350000381469727,19.779999923706054,0.05222338267389759
2024-10-31,MSFT,400.7837829589844,-0.06052765294567941,0.029770042957158984,0.021969556085112633,0.013967148375591636,0.024264835046240503,0.016648363517300854,0.010228001650594964,2.7579570851023765,0.00936133101988294,23.15999984741211,20.595999908447265,0.13808350925148427
2024-11-01,MSFT,404.7487182617187,0.009892953436042795,0.030035235215755043,0.022249234815458672,0.014106479033581094,0.019494602663909396,0.01776789282071294,0.010864450388170318,1.2223851705887783,0.011746932164658174,21.8799991607666,20.905999755859376,-0.055267732948130144
2024-11-04,MSFT,402.8648376464844,-0.004654444919121814,0.030001334623187693,0.022237895415196014,0.01411017595152395,0.011873882889333186,0.017498437373986965,0.01075958764500047,0.99556904643278,0.01331974565538331,21.979999542236328,21.341999816894532,0.004570401522182799
2024-11-05,MSFT,405.8237609863281,0.007344704881988795,0.029174197202919153,0.021057488326607424,0.014121237204512327,0.01657514087846221,0.017401021782351433,0.010693086437349637,0.8956441895172129,0.013708644687735042,20.489999771118164,21.571999740600585,-0.06778888999770039
2024-11-06,MSFT,414.4243469238281,0.021192908755753637,0.032183405458815796,0.0224040868362927,0.014640117335314248,0.02363278444107543,0.019168249183804147,0.01183030447722985,1.3166402377687907,0.010704663908994307,16.270000457763672,20.755999755859374,-0.20595409275225196
2024-11-07,MSFT,419.6024475097656,0.012494682381412492,0.00936133101988294,0.022799785207376973,0.014838451968277551,0.016383426981404544,0.017591967570836954,0.010864386363786026,0.9676223463594801,0.009284732905843803,15.199999809265137,19.16399974822998,-0.06576525005492273
2024-11-08,MSFT,416.75201416015625,-0.0067931761755107845,0.011746932164658174,0.02272980770434342,0.014825107763626635,0.011170542730277896,0.015927155584110654,0.009985135047251417,0.8158102415544799,0.015937884969384447,14.9399995803833,17.77599983215332,-0.017105278430553206
2024-11-11,MSFT,412.2840881347656,-0.010720826471335543,0.01331974565538331,0.02292786430711479,0.014903611695413117,0.021076044479254007,0.017767587902094817,0.011008623158450994,1.1614275956899303,0.015497056718205435,14.970000267028809,16.373999977111815,0.002008078145122605
2024-11-12,MSFT,417.2353210449219,0.012009274800190317,0.013708644687735042,0.022889871513546017,0.014510780427522196,0.0171146024047156,0.017875480207345494,0.011078191427773092,0.9185034811022497,0.014283770871703573,14.710000038146973,15.218000030517578,-0.017368084451840793
2024-11-13,MSFT,419.3755798339844,0.00512962033919484,0.010704663908994307,0.022979560847960188,0.014440134424310316,0.026152386636746253,0.01837940064647966,0.011454016107045379,1.003730461059593,0.013659111628423766,14.020000457763672,14.768000030517578,-0.04690683742990798
2024-11-14,MSFT,421.04241943359375,0.003974574772019901,0.009284732905843803,0.009873913086966312,0.014445900426572678,0.01913845053148572,0.018930405356495896,0.011765031147216599,1.3628640290029166,0.012847080016950358,14.3100004196167,14.59000015258789,0.020684732695029018
2024-11-15,MSFT,409.3153076171875,-0.027852566095791786,0.015937884969384447,0.014100219803102994,0.015370968320895212,0.022072224444653645,0.021110741699371043,0.012809724353617031,1.2417212466006367,0.006455401942334687,16.139999389648438,14.830000114440917,0.1278825238553527
2024-11-18,MSFT,410.0649108886719,0.0018313589976592937,0.015497056718205435,0.013948721511864009,0.01508388949855961,0.01515294315227713,0.01992612143397567,0.012207082258274434,1.0623941182713141,0.006590945480625563,15.579999923706055,14.952000045776368,-0.03469637466662756
2024-11-19,MSFT,412.0671081542969,0.004882634949881393,0.014283770871703573,0.013862638998064534,0.014936870615013465,0.015294800061620976,0.019562160965356745,0.012032632840641816,0.7916016493392625,0.011293707466176256,16.350000381469727,15.280000114440918,0.04942236595213734
2024-11-20,MSFT,409.7986145019531,-0.005505155853144039,0.013659111628423766,0.01213658472843248,0.0149254303464655,0.016149659752022465,0.01756161558841199,0.010680106062900745,0.838643397065751,0.012981446826776122,17.15999984741211,15.907999992370605,0.049541250583724494
2024-11-21,MSFT,408.0295715332031,-0.004316859321010669,0.012847080016950358,0.011177629731270957,0.014929505687710632,0.022985419978706404,0.018331009477856125,0.011180717066360056,0.8939969841874192,0.012316461027812902,16.8700008392334,16.420000076293945,-0.016899709251596895
2024-11-22,MSFT,412.1111145019531,0.01000305677211899,0.006455401942334687,0.01174767099866593,0.015041356086625195,0.015203828148418759,0.016957330218609144,0.010358606306678397,1.0496903014709227,0.013512519089256618,15.239999771118164,16.24000015258789,-0.0966212796103989
2024-11-25,MSFT,413.8801879882813,0.0042927099611622666,0.006590945480625563,0.011327174010141092,0.015010942516902602,0.014876143990148973,0.016901970386183515,0.010330705043283818,1.1404732055043665,0.013783391118166226,14.600000381469727,16.044000244140626,-0.041994711237550164
2024-11-26,MSFT,422.9723205566406,0.02196803044028961,0.011293707466176256,0.012799033105874352,0.015527286717683027,0.023808973746853257,0.018604805123229973,0.011457679295227187,0.9547354412297374,0.011869509970453218,14.100000381469727,15.594000244140625,-0.0342465744476691
2024-11-27,MSFT,418.0309143066406,-0.01168257592718358,0.012981446826776122,0.013352843397281672,0.015644848839235538,0.012317128284216555,0.017838298829668787,0.011098749256750666,0.763841565916043,0.007884970700728241,14.100000381469727,14.982000350952148,0.0
2024-11-29,MSFT,418.4953918457031,0.0011111081098700293,0.012316461027812902,0.013282929754079067,0.015644448867141034,0.01671944748668146,0.0165851043312638,0.010287542417742747,0.7357753520072746,0.007630971551542227,13.510000228881836,14.310000228881837,-0.041843981320970114
2024-12-02,MSFT,425.92724609375,0.017758509156504454,0.013512519089256618,0.010368469181711078,0.01594565302950322,0.027124233475823777,0.018969185396744803,0.011956899491426023,0.9221074054891474,0.00605847651238392,13.34000015258789,13.930000305175781,-0.012583277084667777
2024-12-03,MSFT,426.1446838378906,0.0005105044256614732,0.013783391118166226,0.010407988656107937,0.015946045134067017,0.010969412923061746,0.018187839183327358,0.011647516238043316,0.8377875030870011,0.008133713519017679,13.300000190734863,13.670000267028808,-0.002998497855734139
2024-12-04,MSFT,432.2918090820313,0.01442497226242323,0.011869509970453218,0.010932103514202342,0.015714187927940552,0.01609439058298825,0.01664492255055436,0.010619820227867583,1.1681844956647947,0.007706046060443499,13.449999809265137,13.54000015258789,0.01127816664504766
2024-12-05,MSFT,437.4307861328125,0.011887750225232807,0.007884970700728241,0.010474432732700649,0.01576644893802243,0.01918121713441167,0.018017740320593383,0.011345861272331323,0.9855645575036435,0.0068365234618793696,13.539999961853027,13.42800006866455,0.006691461253842901
2024-12-06,MSFT,438.36968994140625,0.0021464054162585455,0.007630971551542227,0.009910478716301829,0.01576491822649437,0.009761744523630071,0.016626199727983106,0.010734164538635285,0.8569972130856794,0.007797533459039276,12.770000457763672,13.280000114440918,-0.056868501200791455
2024-12-09,MSFT,440.7909240722656,0.005523269939541331,0.00605847651238392,0.009872984839935869,0.015736170778508446,0.017555236906715514,0.014712400414161452,0.009142347469896773,0.8672743288945949,0.008494359033093386,14.1899995803833,13.45,0.1111980479026784
2024-12-10,MSFT,438.1325073242187,-0.006031015165845588,0.008133713519017679,0.010671095493320888,0.015769360535307725,0.018090337348214948,0.01613658529919209,0.00991087297789745,0.8482938933357523,0.007065230765225108,14.180000305175781,13.626000022888183,-0.0007046705780979767
2024-12-11,MSFT,443.72613525390625,0.012766977652147293,0.007706046060443499,0.009444653202188971,0.015774306799332453,0.014031533993125853,0.01572401398121961,0.009682311674769925,0.8822617831841277,0.018995524516214245,13.579999923706055,13.652000045776367,-0.04231314305760081
2024-12-12,MSFT,444.2894287109375,0.0012694619772823934,0.0068365234618793696,0.0076430779259024735,0.01577433448399479,0.015682040993044617,0.015024178752946201,0.009189105885772993,0.9588429896215238,0.018843252053900108,13.920000076293945,13.728000068664551,0.02503683022813319
2024-12-13,MSFT,442.0262451171875,-0.005093939777762402,0.007797533459039276,0.008318462512772358,0.010687006721071679,0.013079362012229267,0.01568770225066604,0.009478901312487005,0.9506328428104676,0.01895432561933197,13.8100004196167,13.936000061035156,-0.00790227414327227
2024-12-16,MSFT,446.2956237792969,0.00965865422985801,0.008494359033093386,0.007329528160059094,0.010682126279392978,0.015279332917998588,0.015232521452922653,0.00919309859239814,1.1241158450756221,0.017332826890845955,14.6899995803833,14.036000061035157,0.06372187791657047
2024-12-17,MSFT,449.1319580078125,0.006355281292021564,0.007065230765225108,0.007189468350277276,0.010587498248635033,0.012586369159557789,0.014131727815191222,0.008525042324131978,1.0880638436722172,0.01796498841379111,15.869999885559082,14.373999977111817,0.0803267759620312
2024-12-18,MSFT,432.26214599609375,-0.037560925494028896,0.018995524516214245,0.014711213119490085,0.012960610444169584,0.03573470897678245,0.018472362811922542,0.012142259078823214,1.1525485422874207,0.005153006406638176,27.6200008392334,17.182000160217285,0.7403907396600702
2024-12-19,MSFT,431.90631103515625,-0.0008231925099930759,0.018843252053900108,0.014115885662012809,0.01246105833007539,0.015696829441282374,0.01847532050157009,0.01214450328347413,1.073186188132034,0.009510071250858657,24.09000015258789,19.216000175476076,-0.1278059587033482
2024-12-20,MSFT,431.48138427734375,-0.0009838401221645698,0.01895432561933197,0.014068580385974992,0.012291082728632507,0.03460830311573563,0.022781108722271366,0.014892833860086725,2.726288888530646,0.010411321896825398,18.360000610351562,20.126000213623048,-0.23785801186974165
2024-12-23,MSFT,430.1471557617187,-0.0030922041233821806,0.017332826890845955,0.013853398498444797,0.01222853098055752,0.011074112175114881,0.021940064573694625,0.014614614054322798,0.8223926096521691,0.010363742197559018,16.780000686645508,20.54400043487549,-0.08605663786390261
2024-12-24,MSFT,434.1793518066406,0.009373992111563645,0.01796498841379111,0.014249863872063603,0.01210686945860938,0.012314214434391842,0.021885633628661433,0.01459854681067159,0.32182028687350994,0.0056867765694797465,14.270000457763672,20.224000549316408,-0.14958284422952606
2024-12-26,MSFT,432.9736633300781,-0.0027769364700223065,0.005153006406638176,0.01342803176903746,0.01197710526115955,0.009837706746481021,0.01670623318260115,0.011445644389646875,0.38113994062101875,0.01099922598167221,14.729999542236328,17.64600028991699,0.03223539381334706
2024-12-27,MSFT,425.4825134277344,-0.017301629491105697,0.009510071250858657,0.01413477013310993,0.012422014475776878,0.02060250189844386,0.017687367674033446,0.012001349868334179,0.8431364656044373,0.011406303845215775,15.949999809265137,16.018000221252443,0.08282418906603617
2024-12-30,MSFT,419.849365234375,-0.013239435266042099,0.010411321896825398,0.014422221226977538,0.012654126931383028,0.013299423475426553,0.013425591745971629,0.008379606208238239,0.6168296278101393,0.011293583199887007,17.399999618530273,15.826000022888184,0.0909090800379102
2024-12-31,MSFT,416.5583801269531,-0.007838490134633669,0.010363742197559018,0.01347097480521385,0.011621422797120664,0.014400966368253165,0.014090962584599288,0.008727924872930296,0.6312438169414375,0.01084675522941639,17.350000381469727,15.939999961853028,-0.002873519434293592
2025-01-02,MSFT,413.672607421875,-0.006927654904454572,0.0056867765694797465,0.012661467681423977,0.01170049403283965,0.026804915620986275,0.01698910282191817,0.010792975985424171,0.807885061477727,0.012329918484676626,17.93000030517578,16.67199993133545,0.03342938968033171
2025-01-03,MSFT,418.3867492675781,0.011395827911069523,0.01099922598167221,0.008925290576328732,0.011846844587260973,0.010605858437798517,0.017142733160181674,0.010849098931294555,0.8149249088871021,0.010661292279397905,16.1299991607666,16.951999855041503,-0.10039046925668937
2025-01-06,MSFT,422.833984375,0.010629483642125681,0.011406303845215775,0.009943873073290251,0.011927231223984725,0.02066143791465037,0.017154520363422972,0.010845349989003744,1.0089574051233512,0.007614755178842967,16.040000915527344,16.970000076293946,-0.005579556721748813
2025-01-07,MSFT,417.4181823730469,-0.01280834133982478,0.011293583199887007,0.010487727550203515,0.012159051050068845,0.023320799813875838,0.019158795631112828,0.011978098855821052,0.8910561086179569,0.014736950566324495,17.81999969482422,17.054000091552734,0.11097248614080613
2025-01-08,MSFT,419.58251953125,0.005185057215042033,0.01084675522941639,0.010823571004098876,0.012065176467497971,0.012789694523756579,0.018836541262213513,0.011852675063780353,0.7470388711200894,0.014808439892420604,17.700000762939453,17.12400016784668,-0.006733946910202238
2025-01-10,MSFT,414.0382995605469,-0.013213658130698636,0.012329918484676626,0.010436279399607267,0.012304890581213765,0.02312925685419902,0.018101409508856064,0.011293271696406204,0.9981300902789152,0.013186773491660309,19.540000915527344,17.44600028991699,0.1039548063998117
2025-01-13,MSFT,412.2989501953125,-0.0042009383360923636,0.010661292279397905,0.01041697942565595,0.011608033818493934,0.014885283488906954,0.01895729451907775,0.011639825231811328,0.8732897055559069,0.012737794799647364,19.190000534057617,18.058000564575195,-0.017911994118260277
2025-01-14,MSFT,410.7967529296875,-0.003643466142500218,0.007614755178842967,0.009450966732018671,0.011439377242957734,0.021699879044173757,0.019164982744982427,0.011790854969932027,0.8483122063811126,0.019038696337264308,18.709999084472656,18.592000198364257,-0.025013102460996528
2025-01-15,MSFT,421.3119812011719,0.025597155275675076,0.014736950566324495,0.012482068822066452,0.012393380322360533,0.023175634959052376,0.019135949774017735,0.011820451905109651,0.9849813640109484,0.01858465111008128,16.1200008392334,18.252000427246095,-0.13842856076827315
2025-01-16,MSFT,419.6022644042969,-0.004058077797836512,0.014808439892420604,0.01225950275113994,0.01196623423125119,0.012011813432636844,0.018980373555793788,0.011755833423135452,0.7837195329031584,0.018942641249543667,16.600000381469727,18.03200035095215,0.029776644990494594
2025-01-17,MSFT,424.0001220703125,0.010481015092373758,0.013186773491660309,0.012276957741004828,0.012130559087906757,0.014707590556714797,0.017296040296296944,0.01073375371911057,1.330126846298315,0.0232561761379905,15.970000267028809,17.31800022125244,-0.03795181325081021
2025-01-21,MSFT,423.476318359375,-0.0012353857550320146,0.012737794799647364,0.011908426131440181,0.011817008296989737,0.012368699633532643,0.01679272352522208,0.01049476572332212,1.3189550778534247,0.02576614978321237,15.0600004196167,16.49200019836426,-0.05698183044435312
2025-01-22,MSFT,440.9688720703125,0.04130704115570594,0.019038696337264308,0.01731199802406346,0.013923573662362491,0.02525770664578744,0.017504289045544817,0.011094057273109631,1.388832069444101,0.019013591588934422,15.100000381469727,15.770000457763672,0.0026560398896751103
2025-01-23,MSFT,441.4728698730469,0.0011429328341661105,0.01858465111008128,0.016309541450101512,0.013920344109249305,0.01175259139133894,0.01521968033200213,0.009687136123936091,1.0374292663787066,0.03267808123058882,15.020000457763672,15.550000381469726,-0.005298008058610915
2025-01-24,MSFT,438.8538818359375,-0.005932387278662188,0.018942641249543667,0.0167249048248281,0.013930051411813547,0.011822726723559841,0.015181862990186732,0.009676354466166326,0.8862292922732854,0.03317355030205438,14.850000381469727,15.200000381469726,-0.011318247078086707
2025-01-27,MSFT,429.46527099609375,-0.021393477939779526,0.0232561761379905,0.01785604491410948,0.014430746966653817,0.026923813219723924,0.017625107522788556,0.01147895644278115,1.8791819650656172,0.03283982867305316,17.899999618530273,15.58600025177002,0.20538714873478559
2025-01-28,MSFT,441.95709228515625,0.029086918390605065,0.02576614978321237,0.019246128976194,0.015235819840881754,0.03801431023246445,0.022754229642574918,0.015115681637247998,1.1903738207651742,0.026473886361954305,16.40999984741211,15.8560001373291,-0.08324021245093771
2025-01-29,MSFT,437.1441650390625,-0.010890032833749341,0.019013591588934422,0.01982478755752616,0.015361516035930728,0.014649721210500425,0.020632632555517515,0.014031905726051331,1.1786038621725108,0.027703421842364608,16.559999465942383,16.147999954223632,0.009140744663317601
2025-01-30,MSFT,410.1247253417969,-0.06180899085053826,0.03267808123058882,0.02800595140190829,0.019011877395226813,0.023374013633376756,0.02295691700392508,0.015022011721850128,2.4722851142405395,0.006195934853887926,15.84000015258789,16.311999893188478,-0.04347822080763086
2025-01-31,MSFT,410.19390869140625,0.000168688560660879,0.03317355030205438,0.028008869305126523,0.018884266159022597,0.0139256946304032,0.02337751058529375,0.01514537990451459,1.4772675184410333,0.009155158746130725,16.43000030517578,16.62799987792969,0.03724748402174094
2025-02-03,MSFT,406.1024475097656,-0.009974456214362437,0.03283982867305316,0.027749342513472434,0.018851554205637975,0.01642655451043671,0.021278058843436306,0.013970296777197916,1.0897510162666317,0.008690993267518219,18.6200008392334,16.772000122070313,0.1332927871807601
2025-02-04,MSFT,407.5354309082031,0.003528625368363514,0.026473886361954305,0.027841920811355534,0.01772642104812443,0.01013658423952853,0.015702513644849127,0.009738303930842901,0.8642311002982197,0.008581470615271335,17.209999084472656,16.931999969482423,-0.07572511768043466
2025-02-05,MSFT,408.4446411132813,0.002230996708806332,0.027703421842364608,0.023216057997899355,0.017741037560297983,0.0082992392868562,0.014432417260120279,0.009189180576655171,0.6930063765658709,0.008715005845540117,15.770000457763672,16.77400016784668,-0.08367220821110855
2025-02-06,MSFT,410.9449462890625,0.006121527678674354,0.006195934853887926,0.02347121492974335,0.01779835262118961,0.010100553443924257,0.011777725222229777,0.007276264493031559,0.6954148108542323,0.008194307269540171,15.5,16.706000137329102,-0.01712114457363567
2025-02-07,MSFT,404.9461669921875,-0.014597525413186152,0.009155158746130725,0.023591728003699224,0.01795776442917509,0.025747377164048124,0.014142061728958762,0.009280513092491983,0.9598174875602591,0.005286670093878058,16.540000915527344,16.728000259399415,0.06709683325982874
2025-02-10,MSFT,407.38720703125,0.006028060611596331,0.008690993267518219,0.023423101414765862,0.017895915564510076,0.0110134831252718,0.01305944745192578,0.008687742658503464,0.8719250755681801,0.004429118920303312,15.8100004196167,16.166000175476075,-0.04413545680190001
2025-02-11,MSFT,406.6163330078125,-0.0018922391526603466,0.008581470615271335,0.020245401529926155,0.01789525968100109,0.007753262741778626,0.012582783152375798,0.008508420640098149,0.7589389931965503,0.007518458014878762,16.020000457763672,15.928000450134277,0.013282734508116123
2025-02-12,MSFT,404.2444763183594,-0.005833156459574718,0.008715005845540117,0.020231356193607962,0.017676840061804592,0.01559750818876636,0.014042436932757831,0.009223548881670499,0.7963436417072056,0.006303349076357567,15.890000343322754,15.952000427246094,-0.008114863341212808
2025-02-13,MSFT,405.7268676757813,0.003667066451773726,0.008194307269540171,0.007021897970733435,0.01756052773607855,0.011302222808644458,0.014282770805701872,0.00932861910541934,0.9862591959855626,0.012041001616581391,15.100000381469727,15.87200050354004,-0.04971679954588537
2025-02-14,MSFT,403.64166259765625,-0.005139430597905004,0.005286670093878058,0.0071190546050723166,0.017531116221561404,0.007418649055242501,0.010617025183940748,0.006634999123576665,0.9252366806531886,0.012723141098159337,14.770000457763672,15.518000411987305,-0.021854299031079605
2025-02-18,MSFT,404.83746337890625,0.002962530610825409,0.004429118920303312,0.006580410240771427,0.017506819433074635,0.010008802746075456,0.010416089108101479,0.006525279214730785,0.8794820099701257,0.01359742858650875,15.350000381469727,15.42600040435791,0.03926878170143766
2025-02-19,MSFT,409.90728759765625,0.012523110327872233,0.007518458014878762,0.007683043122586828,0.017534575067206782,0.01890203376703863,0.01264584331315348,0.00802547105826951,0.9939821176210661,0.011257440371737126,15.270000457763672,15.27600040435791,-0.005211721284556381
2025-02-20,MSFT,412.0759887695313,0.005290711430345985,0.006303349076357567,0.007814696915650707,0.017444249173078828,0.01626892782119483,0.012780127239639172,0.008114359079669635,0.9776780961379787,0.009652352346049017,15.65999984741211,15.230000305175782,0.025540234312838583
2025-02-21,MSFT,404.2331237792969,-0.019032569729804938,0.012041001616581391,0.009758488146881248,0.01762913764167538,0.024889084924932116,0.015497499662896704,0.010010461945150899,1.1233596636059229,0.012827670299431736,18.209999084472656,15.852000045776368,0.1628352019097845
2025-02-24,MSFT,400.0641174316406,-0.010313371424585327,0.012723141098159337,0.009202805617802894,0.017671176099833062,0.024876207408338354,0.018989011333515875,0.011865343019990269,1.0557663266049624,0.01469461163663083,18.979999542236328,16.6939998626709,0.04228448635234905
2025-02-25,MSFT,394.0235595703125,-0.015098974384675445,0.01359742858650875,0.009773136444785719,0.017717803073323563,0.013118877358065752,0.019611026255913936,0.012076797139669396,1.1881423495400343,0.014370284551376723,19.43000030517578,17.50999984741211,0.023709208313628327
2025-02-26,MSFT,395.8357849121094,0.004599281687047263,0.011257440371737126,0.010086608760040545,0.017744320720639372,0.02339080340864228,0.020508780184234666,0.01262150756575415,0.7994614566180405,0.02195667495612298,19.100000381469727,18.27599983215332,-0.016984041097423352
2025-02-27,MSFT,388.7058715820313,-0.018012301064849856,0.009652352346049017,0.011190257170243733,0.018004466977540694,0.034570547088989385,0.024169104037793578,0.014955329805666225,0.8652539953811947,0.020525578951584696,21.1299991607666,19.36999969482422,0.1062826564792283
2025-02-28,MSFT,393.1224365234375,0.011362228523666973,0.012827670299431736,0.012000295284427068,0.017439445368701623,0.027859638355274743,0.024763214723862104,0.015407707856445702,1.4078413958699627,0.02031845356861563,19.6299991607666,19.653999710083006,-0.07098911782188544
2025-03-03,MSFT,384.7052001953125,-0.021411233616077663,0.01469461163663083,0.013338283206271128,0.01778895935274137,0.03258772164109451,0.026305517570413335,0.016367465823484577,1.0103136061701599,0.023669790989658105,22.780000686645508,20.413999938964842,0.16046875499488777
2025-03-04,MSFT,384.8240661621094,0.00030897936065477083,0.014370284551376723,0.013194233804822762,0.017624540963694077,0.02979847921763928,0.02964143794232804,0.017895033496167473,1.2782224444829722,0.023691802976358436,23.510000228881836,21.229999923706053,0.032045633021612785
2025-03-05,MSFT,397.1131591796875,0.03193431517976131,0.02195667495612298,0.01694880192841677,0.018748492750175472,0.032068266474123974,0.03137693055542438,0.018893982332821805,1.0143729273146223,0.015518953241711778,21.93000030517578,21.795999908447264,-0.06720544059225653
2025-03-06,MSFT,393.0234375,-0.010298630466277103,0.020525578951584696,0.016814099819354947,0.016919157467172284,0.023860517703101183,0.02923492467824674,0.017733428756642168,0.9937798674781075,0.015564429422883736,24.8700008392334,22.544000244140626,0.1340629499838053
2025-03-07,MSFT,389.478271484375,-0.009020240721967165,0.02031845356861563,0.01614367719120897,0.01692081807188547,0.02354371692946201,0.028371740393084193,0.017254227670761003,0.9282721930783917,0.022104311106757795,23.3700008392334,23.292000579833985,-0.06031362884530711
2025-03-10,MSFT,376.4563903808594,-0.03343416579797065,0.023669790989658105,0.018670675915803528,0.017752124807169735,0.024147707773962912,0.026683737619657873,0.01625879738052263,1.3551057393958863,0.013775368803063402,27.860000610351562,24.308000564575195,0.1921266414154501
2025-03-11,MSFT,376.7436218261719,0.0007629873011902877,0.023691802976358436,0.018475767188191963,0.0175033465714026,0.023892748183022953,0.025502591412734605,0.015512862416283597,1.2293474627778862,0.015999627956939468,26.920000076293945,24.990000534057618,-0.03374014764767641
2025-03-12,MSFT,379.53607177734375,0.007412069612847461,0.015518953241711778,0.018647273830436684,0.016500309701930633,0.01635919637174679,0.022360777392259168,0.01355338184171338,0.9694417364061474,0.016422815753158772,24.229999542236328,25.450000381469728,-0.09992572535044164
2025-03-13,MSFT,375.0799255371094,-0.011741034835942021,0.015564429422883736,0.01822583705382965,0.01651163950996914,0.020777768422681003,0.02174422753617513,0.013170001333008153,0.8161231459787309,0.01487335682232874,24.65999984741211,25.408000183105468,0.017746608060236646
2025-03-14,MSFT,384.7745971679687,0.025846948798917246,0.022104311106757795,0.020017968207508067,0.013603995154327387,0.027589050051624434,0.02255329416060762,0.013739908174929304,0.8016801178686096,0.010370174376912832,21.770000457763672,25.088000106811524,-0.1171938121464231
2025-03-17,MSFT,384.9131774902344,0.00036015974881320467,0.013775368803063402,0.01881571137020689,0.013605109563560805,0.018368880644789934,0.021397528734773023,0.013090720146226276,0.9035068817408336,0.010436972557180313,20.510000228881836,23.618000030517578,-0.0578778228014456
2025-03-18,MSFT,379.7836608886719,-0.01332642502657011,0.015999627956939468,0.019295932581516094,0.01368613757551949,0.01634853252315986,0.019888685602800403,0.012231501478200946,0.7864689674711667,0.0057366434922216355,21.700000762939453,22.57400016784668,0.05802050320710772
2025-03-19,MSFT,384.0417785644531,0.01121195594833524,0.016422815753158772,0.01621482486765751,0.013866581150666675,0.014645950617583201,0.019546036451967685,0.01207212190735949,0.7820832794055751,0.009388305415605171,19.899999618530273,21.70800018310547,-0.08294935857713559
2025-03-20,MSFT,383.0712890625,-0.002527041473406433,0.01487335682232874,0.016023105982393048,0.013845082695320818,0.021998784629787407,0.019790239693388965,0.012239480933987922,0.760748891085084,0.009164235085551566,19.799999237060547,20.736000061035156,-0.005025144893802347
2025-03-21,MSFT,387.4482727050781,0.011426028960014323,0.010370174376912832,0.01639120889164556,0.01398610044512621,0.022849261918593593,0.018842282066782796,0.011501225610074894,1.594247098475826,0.015265507552999017,19.280000686645508,20.238000106811523,-0.02626255406322109
2025-03-24,MSFT,389.25048828125,0.004651499834001704,0.010436972557180313,0.011582171076613891,0.013822466522112001,0.014221014879532512,0.018012708913731315,0.0110732372170426,0.8533225323136824,0.013970127575099247,17.479999542236328,19.631999969482422,-0.09336105188294774
2025-03-25,MSFT,391.3102722167969,0.0052916669280029804,0.0057366434922216355,0.011555777674713283,0.01380979121181637,0.009413834063798492,0.01662576922185904,0.01047958685866522,0.6590948403005891,0.017895312182097188,17.149999618530273,18.721999740600587,-0.018878714665219953
2025-03-26,MSFT,386.17083740234375,-0.013133912343619047,0.009388305415605171,0.012630694756073145,0.013979325976264579,0.017283355676788438,0.01715325023370009,0.010751845172914555,0.6779969198794047,0.01763747746174879,18.329999923706055,18.407999801635743,0.06880468404796991
2025-03-27,MSFT,386.77484130859375,0.001564084720412806,0.009164235085551566,0.011712501431612957,0.0139677504630214,0.012391818588470145,0.015231857025436635,0.009588297242678344,0.5885566877205463,0.01920704970883995,18.690000534057617,18.186000061035156,0.019639967913255507
2025-03-28,MSFT,375.109619140625,-0.030160240331302934,0.015265507552999017,0.012969501561994161,0.014881977769138521,0.03220700264039894,0.017103405169797706,0.011255435385664642,0.9475212433413002,0.020785836985321517,21.649999618530273,18.65999984741211,0.15837340823392898
2025-03-31,MSFT,371.73291015625,-0.00900192586932591,0.013970127575099247,0.013080397998207394,0.014922211455575205,0.0261861442932888,0.019496431052548963,0.012743391664648034,1.501121317533703,0.020888317559219365,22.280000686645508,19.620000076293945,0.029099357007656312
2025-04-01,MSFT,378.4666137695313,0.01811435960956742,0.017895312182097188,0.014163253947218984,0.015367905946704348,0.025170713665285765,0.022647806972846418,0.01423713176410744,0.8576957716354243,0.014508162655696644,21.770000457763672,20.544000244140626,-0.02289049430718948
2025-04-02,MSFT,378.4171142578125,-0.00013078963881596462,0.01763747746174879,0.013585154246907637,0.015123617124091639,0.02213846006904322,0.023618827851297375,0.014729567179926522,0.7124008101198579,0.054903213354238894,21.510000228881836,21.18000030517578,-0.011943051144452932
2025-04-03,MSFT,369.47503662109375,-0.023630214648871828,0.01920704970883995,0.01531078477562268,0.015523061069608282,0.02178983463857729,0.025498431061318806,0.015493093627846184,1.3167395717783963,0.054873640579798794,30.020000457763672,23.44600028991699,0.395629945993925
2025-04-04,MSFT,356.3343200683594,-0.035565911767431624,0.020785836985321517,0.01730223021824477,0.016363729321810447,0.041990844556851904,0.027455199444609397,0.017003805383901383,2.0257064773753113,0.049849552772603334,45.310001373291016,28.17800064086914,0.5093271379872046
2025-04-07,MSFT,354.3736267089844,-0.005502398306733047,0.020888317559219365,0.016753465867941755,0.01632391211302091,0.0732409113282933,0.036866152851610295,0.02502027116531407,2.003221442275739,0.04945504637569291,46.97999954223633,33.1180004119873,0.03685716438600095
2025-04-08,MSFT,351.1058044433594,-0.009221403680552576,0.014508162655696644,0.01596727893922238,0.016219868839571664,0.06599727565887449,0.04503146525032804,0.029681682995684116,1.4095869787423678,0.04896871808266063,52.33000183105469,39.23000068664551,0.11387829589075582
2025-04-09,MSFT,386.6857604980469,0.10133684947503419,0.054903213354238894,0.0387627675832254,0.025108806667470607,0.10276833180468,0.061157439597455385,0.04100290169883878,1.8770667254468762,0.021197677153147552,33.619998931884766,41.652000427246094,-0.35753873962348437
2025-04-10,MSFT,377.6347961425781,-0.023406510609056852,0.054873640579798794,0.03950386877470526,0.025257527586708794,0.042218449838297055,0.06524316263739935,0.04218347542669675,1.3766349948128733,0.019843435036570538,40.720001220703125,43.79200057983398,0.21118389394369697
2025-04-11,MSFT,384.6656188964844,0.01861804798107558,0.049849552772603334,0.03860274493589333,0.02541093603961878,0.028729496186972393,0.06259089296342345,0.041448100676664656,0.8570447107260193,0.014420748905995796,37.560001373291016,42.242000579833984,-0.07760313734483593
2025-04-14,MSFT,384.0318908691406,-0.001647477695463806,0.04945504637569291,0.03841487414428221,0.02510234505095543,0.026920405629380046,0.05332679182364079,0.037183006263747764,0.696134398720205,0.021781311208656135,30.889999389648438,39.024000549316405,-0.17758258093104407
2025-04-15,MSFT,381.97216796875,-0.005363416292665346,0.04896871808266063,0.03816600990963722,0.02512313405926415,0.020039952210516947,0.04413532713396929,0.03330917507331875,0.624540669453393,0.026101662013400927,30.1200008392334,34.58200035095215,-0.024927114458703215
2025-04-16,MSFT,367.9896545410156,-0.036606105366499664,0.021197677153147552,0.04004125759824371,0.025239598450751376,0.03662438009755486,0.030906536792544258,0.01920428419924409,0.7936574745038647,0.024344114309377354,32.63999938964844,34.38600044250488,0.08366528818726215
2025-04-17,MSFT,364.1969909667969,-0.010306440758366509,0.019843435036570538,0.03946268770314563,0.02523968450894428,0.02020227500256166,0.02650330182539718,0.01629098117968411,0.759400367040035,0.021956197067568774,29.649999618530273,32.172000122070315,-0.09160538685752617
2025-04-21,MSFT,355.6213684082031,-0.023546659558688066,0.014420748905995796,0.038455202356552795,0.025512164437119778,0.024532183332534548,0.025663839254509612,0.015741557845766134,0.7744196216724201,0.013394678978572978,33.81999969482422,31.423999786376953,0.14064081382610993
2025-04-22,MSFT,363.246337890625,0.021441257921457346,0.021781311208656135,0.0389338659170099,0.025199533079198654,0.021563719274227067,0.024592501983479016,0.015167370024923363,0.7272618693261397,0.01378312531967379,30.56999969482422,31.35999984741211,-0.09609698490025054
2025-04-23,MSFT,370.74261474609375,0.020636895884483586,0.026101662013400927,0.0390262116494399,0.02550395011704352,0.01968542254441871,0.024521596050259366,0.015133809997217453,0.7600773931959098,0.014058237347439478,28.450000762939453,31.02599983215332,-0.06934900075395489
2025-04-24,MSFT,383.5268249511719,0.03448271036722739,0.024344114309377354,0.023565680472204226,0.026251599206875115,0.034237051855300175,0.024044130401808434,0.014863138496604042,0.8132678811259247,0.03220773517089184,26.469999313354492,29.79199981689453,-0.0695958311594923
2025-04-25,MSFT,388.0325012207031,0.011748008161110768,0.021956197067568774,0.022372350420588875,0.02621886894948646,0.019293090317310458,0.02386229346475819,0.014807142460843104,0.6875016645641071,0.03193926299128877,24.84000015258789,28.829999923706055,-0.06157911609556577
2025-04-28,MSFT,387.3492431640625,-0.001760826875303434,0.013394678978572978,0.021704318282584043,0.02581460310821181,0.015594579018377195,0.02207477260192672,0.013919060978514093,0.6063116104647027,0.03128091261446545,25.149999618530273,27.095999908447265,0.01247984959895776
2025-04-29,MSFT,390.2012023925781,0.007362759264015528,0.01378312531967379,0.021773367025621628,0.025844610860311482,0.011978482180357079,0.020157725183152723,0.013040629824948888,0.5686152771211526,0.033494502171762884,24.170000076293945,25.81599998474121,-0.038966185172991996
2025-04-30,MSFT,391.4093017578125,0.0030960933944506053,0.014058237347439478,0.021627594007096605,0.02570934447921607,0.030916361176910174,0.022403912909651016,0.014597188852701445,1.3418268977758216,0.03388939836984177,24.700000762939453,25.06599998474121,0.021928038269446892
2025-05-01,MSFT,421.2556457519531,0.07625353781859867,0.03220773517089184,0.027510418142727436,0.02909252287822721,0.028420302095332372,0.021240562957657458,0.013521954107071459,2.010509634912223,0.011523603961533492,24.600000381469727,24.69200019836426,-0.004048598315015806
2025-05-02,MSFT,431.0393981933594,0.023225213810350143,0.03193926299128877,0.026240864828745325,0.02928831797024107,0.021710191677846272,0.02172398322976462,0.013769528471607664,1.048203190031004,0.006320474635704562,22.68000030517578,24.260000228881836,-0.07804878237889012
2025-05-05,MSFT,431.9207458496094,0.002044703245095647,0.03128091261446545,0.022843286989723682,0.02926014411169549,0.01694296815675501,0.021993661057440182,0.013880456706898624,0.7220012990652145,0.01188660860073562,23.639999389648438,23.95800018310547,0.042328001391321646
2025-05-06,MSFT,429.0885925292969,-0.006557113423069083,0.033494502171762884,0.024296603487115365,0.02932341981977953,0.015139271181267098,0.022625818857622184,0.014095924507294735,0.5781900372637473,0.010476247195794389,24.760000228881836,24.076000213623047,0.04737736328892761
2025-05-07,MSFT,429.1282348632813,9.23872940801207e-05,0.03388939836984177,0.024822800902509937,0.029328782265077347,0.016176323218859014,0.019677811266011952,0.012117319153815434,0.9137359276379102,0.009686493055546384,23.549999237060547,23.845999908447265,-0.048869183385945925
2025-05-08,MSFT,433.9012756347656,0.011122644430527906,0.011523603961533492,0.02386623158511256,0.029188920701491154,0.018280597759221213,0.01764987039878972,0.01067666460377033,0.9723564306601082,0.009989096068994934,22.479999542236328,23.421999740600587,-0.04543523267467309
2025-05-09,MSFT,434.4557495117187,0.001277880264679787,0.006320474635704562,0.02413892440901269,0.02918988948332152,0.01107739436524201,0.01552331093626887,0.009421746742265489,0.665571149578475,0.009821221738836402,21.899999618530273,23.265999603271485,-0.025800708875297285
2025-05-12,MSFT,444.88323974609375,0.024001271121614653,0.01188660860073562,0.023926484482873284,0.028656280576614485,0.02134620515833069,0.016403958336584003,0.0100793987610319,0.9934110381325776,0.004443142704692635,18.389999389648438,22.215999603271484,-0.16027398584573105
2025-05-13,MSFT,444.764404296875,-0.00026711603989970634,0.010476247195794389,0.024287388119365542,0.028541831039724044,0.011822656416681804,0.015740635383666945,0.009761187858198309,1.0184182669193438,0.00480958225131504,18.219999313354492,20.907999420166014,-0.009244158887228515
2025-05-14,MSFT,448.52734375,0.008460522957258299,0.009686493055546384,0.024092263913004997,0.028459249211923134,0.012716870263169177,0.015048744792528981,0.009395708717331286,0.8532162262325365,0.008145725543543645,18.6200008392334,19.921999740600587,0.021953981391520827
2025-05-15,MSFT,449.5392761230469,0.002256121922437071,0.009989096068994934,0.01018532132407036,0.028444688350178778,0.012711605286687355,0.013934946298022208,0.008716800512280905,0.9427418186369868,0.00841224045997998,17.829999923706055,18.99199981689453,-0.0424275445714678
2025-05-16,MSFT,450.6702575683594,0.0025158679238583836,0.009821221738836402,0.008364202602776202,0.027896488041594045,0.012393454336392235,0.014198158292252253,0.008850313729383504,1.0164205501928445,0.00961839575069882,17.239999771118164,18.059999847412108,-0.03309030595134499
2025-05-19,MSFT,455.2337951660156,0.010126112209577265,0.004443142704692635,0.008490635983476212,0.026714232685862174,0.019155770999315477,0.013760071460449209,0.008465238664173267,0.9082855702789498,0.014356233958486148,18.139999389648438,18.00999984741211,0.05220415490016572
2025-05-20,MSFT,454.5393371582031,-0.001525497481045357,0.00480958225131504,0.007833360968059163,0.0266519913797537,0.008774011602367534,0.013150342497586356,0.00819297218210507,0.6630569200645804,0.014813747477923737,18.09000015258789,17.98400001525879,-0.0027562976153725494
2025-05-21,MSFT,448.9837036132813,-0.012222558293097041,0.008145725543543645,0.009600185943230128,0.026726962476562404,0.013191332001871359,0.013245234845326793,0.008233437484791935,0.8275167435537372,0.013220550815053347,20.8700008392334,18.43400001525879,0.1536761007847649
2025-05-22,MSFT,451.2555847167969,0.005060052481264288,0.00841224045997998,0.009328299218878677,0.020181836526458635,0.013960353313135854,0.013494984450616494,0.008370514672857892,0.783311862684026,0.013174331536462566,20.280000686645508,18.92400016784668,-0.02827025054444432
2025-05-23,MSFT,446.6126708984375,-0.010288878355429576,0.00961839575069882,0.01035912635385218,0.019672922795318095,0.010617972493369746,0.013139888082011993,0.008181916944463645,0.7370277484934007,0.011117029218034445,22.290000915527344,19.934000396728514,0.09911243396581493
2025-05-27,MSFT,457.0393371582031,0.023346104889479857,0.014356233958486148,0.010211237168289443,0.019797767416425572,0.010484310630244442,0.011405596008197787,0.00693163368409939,0.9069067523893305,0.0046353007749778226,18.959999084472656,20.09800033569336,-0.14939442325168273
2025-05-28,MSFT,453.7357482910156,-0.007228237481107569,0.014813747477923737,0.010666594394848312,0.01989757111594231,0.012222311782684129,0.012095256044261106,0.007288000473989165,0.7354352080733753,0.0007696813914851308,19.309999465942383,20.342000198364257,0.018459936622906348
2025-05-29,MSFT,455.0452880859375,0.0028861287651551493,0.013220550815053347,0.010437552978349359,0.019795248897953213,0.013974892658203019,0.012251968175527438,0.0074015674053769,0.6320980596008023,0.0025328867963231435,19.18000030517578,20.004000091552733,-0.0067322198012426115
2025-05-30,MSFT,456.71197509765625,0.0036626838148996477,0.013174331536462566,0.010458443087710932,0.018096303402840554,0.013337354084261803,0.012127368329752627,0.007334195431248773,1.6636431730486982,0.0026570186696532883,18.56999969482422,19.661999893188476,-0.03180399377715093
2025-06-02,MSFT,458.3092346191406,0.0034973016005170887,0.011117029218034445,0.010472242574007907,0.01780422988011558,0.011299371581123738,0.012263648147303425,0.007416694714546234,0.8233520702279477,0.0026271658149239516,18.360000610351562,18.87599983215332,-0.01130851308151537
2025-06-03,MSFT,459.3013000488281,0.002164620205638901,0.0046353007749778226,0.010057542650169959,0.01683364897589827,0.007084755574284624,0.011583737136111463,0.007115582046376421,0.7882125086768811,0.00464949734764464,17.690000534057617,18.62200012207031,-0.03649237766997637
2025-06-04,MSFT,460.1941528320313,0.0019439369823430752,0.0007696813914851308,0.010023009596165715,0.016700503272803664,0.005755952003448404,0.010290465180264318,0.0065077573552512775,0.7107298747727955,0.004576426313176062,17.610000610351562,18.28200035095215,-0.004522324550077617
2025-06-05,MSFT,463.9739379882813,0.00821345758738845,0.0025328867963231435,0.008994138265476315,0.016530721387914116,0.012016753346734577,0.00989883731797063,0.006221475713278145,1.01835720933997,0.006094322415795811,18.479999542236328,18.142000198364258,0.04940368550432428
2025-06-06,MSFT,466.6525573730469,0.005773210875549717,0.0026570186696532883,0.009012227221308122,0.0157346037387585,0.009694284432285366,0.009170223387575342,0.005704058076824915,0.7896060209163771,0.008300589001066823,16.770000457763672,17.78200035095215,-0.0925324202830431
2025-06-09,MSFT,469.0038146972656,0.005038560888757981,0.0026271658149239516,0.007622186647606837,0.015707685851466778,0.010174505676559939,0.008945250206662581,0.005545204489854033,0.8482730559647298,0.00880385598934716,17.15999984741211,17.542000198364256,0.0232557769232431
2025-06-10,MSFT,467.1883239746094,-0.0038709508659926506,0.00464949734764464,0.0045594153995477905,0.015750398306693145,0.01240124898362763,0.010008548888531182,0.006185815185833691,0.8074093522724289,0.008533072945353024,16.950000762939453,17.394000244140624,-0.012237708994171426
2025-06-11,MSFT,468.8748168945313,0.0036098781441584737,0.004576426313176062,0.003131720940007528,0.01575724230168665,0.012293169181623653,0.011315992324166232,0.006839835626834733,0.8777830827961111,0.008561281460005486,17.260000228881836,17.32400016784668,0.01828905321468688
2025-06-12,MSFT,475.0753173828125,0.013224213083885772,0.006094322415795811,0.004423021016496067,0.015795637424895672,0.01440897213109766,0.01179443608103885,0.0071711742456183345,1.0169407847958483,0.007137535331480537,18.020000457763672,17.23200035095215,0.04403245763636199
2025-06-13,MSFT,471.1962890625,-0.008165080732213226,0.008300589001066823,0.0059409897998116456,0.009027701093781277,0.01351689200281502,0.012558957595144781,0.007601975515718162,0.9150240367609526,0.009429611710536667,20.81999969482422,18.042000198364256,0.15538286159444614
2025-06-16,MSFT,475.3431701660156,0.008800750769422105,0.00880385598934716,0.00620690564345612,0.008312132989898864,0.011875448235274666,0.012899146106887726,0.007777919153229082,0.8698159487688031,0.009392857809882414,19.110000610351562,18.432000350952148,-0.08213252207192667
2025-06-17,MSFT,474.25189208984375,-0.002295768919517105,0.008533072945353024,0.006481554180632936,0.008372289944694368,0.00974814571753883,0.012368525453669966,0.00750031335880629,0.8723950779669036,0.008613480307569952,21.600000381469727,19.362000274658204,0.130298257016767
2025-06-18,MSFT,476.4344482421875,0.004602103204535579,0.008561281460005486,0.006477583576976859,0.008171392670687295,0.013618208974496433,0.012633533412244522,0.007672672299233558,0.9861334218573732,0.008793233499606132,20.139999389648438,19.938000106811522,-0.06759263731651588
2025-06-20,MSFT,473.616943359375,-0.005913730405531559,0.007137535331480537,0.006862773741272377,0.008330474083051702,0.013803930503022945,0.012512525086629579,0.007573708561155233,2.0103991698640757,0.007762276891099407,20.6200008392334,20.45800018310547,0.023833240522920462
2025-06-23,MSFT,482.1488037109375,0.018014263364494187,0.009429611710536667,0.008492792869415143,0.008642057665249251,0.0313580045974795,0.016080747605562475,0.010813238980592842,1.306373958477547,0.0052665183243081025,19.829999923706055,20.260000228881836,-0.03831236097838653
2025-06-24,MSFT,486.2261962890625,0.008456709934241635,0.009392857809882414,0.008637889549460986,0.008676108081280165,0.010303847016959716,0.015766427361899482,0.010694905697854936,1.1554946813966476,0.008076753313588501,17.479999542236328,19.93400001525879,-0.11850733184624906
2025-06-25,MSFT,488.369140625,0.004407299220594574,0.008613480307569952,0.008224194344584131,0.0077954203735107735,0.010502332105426603,0.01591726463947704,0.01074454697348662,0.9145383319794375,0.00786790806867078,16.760000228881836,18.96599998474121,-0.041189893147009715
2025-06-26,MSFT,493.508056640625,0.01052260593093246,0.008793233499606132,0.00843139515632129,0.007881106979606887,0.010513641286536935,0.015296351101885142,0.010486425904506696,1.114923008006878,0.009813185714216494,16.59000015258789,18.256000137329103,-0.010143202504316884
2025-06-27,MSFT,492.0100402832031,-0.0030354445834563926,0.007762276891099407,0.008270869172671414,0.007911141435730124,0.012642636171323274,0.015064092235545206,0.010387347075675143,1.6945242638043883,0.009746198839954512,16.31999969482422,17.395999908447266,-0.01627489181918751
2025-06-30,MSFT,493.4684143066406,0.0029641143554672844,0.0052665183243081025,0.007200434618842179,0.007909533864643931,0.010916594265056229,0.010975810169060551,0.006616842861039789,1.4140131801440032,0.009727630681630255,16.729999542236328,16.77599983215332,0.02512254013963844
2025-07-01,MSFT,488.1508483886719,-0.010775899254748311,0.008076753313588501,0.008492553037492637,0.008308095367834115,0.014368411710265806,0.011788723107721768,0.007130505087834356,0.9859951455110808,0.009316157097647484,16.829999923706055,16.645999908447266,0.005977309277102272
2025-07-02,MSFT,487.1984558105469,-0.001951021044557688,0.00786790806867078,0.008470715726318925,0.008228054549896021,0.009774151028859944,0.01164308689240844,0.007054727131203248,0.8056081972643205,0.009722342275245096,16.639999389648438,16.621999740600586,-0.011289396014196651
2025-07-03,MSFT,494.8870544433594,0.01578124589910912,0.009813185714216494,0.00942885801415363,0.008551162796989082,0.013411118776600199,0.01222258239042109,0.007403522779659471,0.6906553269498452,0.007343803235575422,16.3799991607666,16.57999954223633,-0.015625014328040088
2025-07-07,MSFT,493.77593994140625,-0.0022451880524595458,0.009746198839954512,0.00907148917550122,0.008127284417689217,0.007072227366870505,0.011108500629530536,0.006849168302340277,0.7011452232550979,0.007150564011679938,17.790000915527344,16.873999786376952,0.08608069761920256
2025-07-08,MSFT,492.68463134765625,-0.00221012914051566,0.009727630681630255,0.007821206840051779,0.008178344260548625,0.008235727307966357,0.010572327238112562,0.0065755857125763305,0.599247109383615,0.006804923932021523,16.809999465942383,16.889999771118163,-0.055087206247954934
2025-07-09,MSFT,499.52008056640625,0.013873883583607638,0.009316157097647484,0.008464520116706821,0.00801633102548749,0.013981864130563784,0.010495017722172156,0.0065276253390902095,0.9386717991490355,0.0037968671610422097,15.9399995803833,16.711999702453614,-0.05175490262933857
2025-07-10,MSFT,497.5061340332031,-0.00403176290914975,0.009722342275245096,0.008696566024106542,0.0072307502835188605,0.013340516660371254,0.01120829084847442,0.006969694024233666,0.8273173599646441,0.005181454815453766,15.779999732971191,16.539999771118165,-0.010037631845926431
2025-07-11,MSFT,499.33154296875,0.0036691184503567786,0.007343803235575422,0.008196261227593335,0.006975857681765331,0.014364640548991411,0.011398995202952662,0.007105841975901694,0.8255571363331661,0.006138233190730534,16.399999618530273,16.543999862670898,0.03929023422374556
2025-07-14,MSFT,499.033935546875,-0.0005960116601197996,0.007150564011679938,0.008091702743024242,0.007010494593768708,0.005844703005085358,0.011153490330595633,0.0070245079745635194,0.6154692616262408,0.00606191805465833,17.200000762939453,16.42599983215332,0.048780558720578515
2025-07-15,MSFT,501.8117370605469,0.005566357948438405,0.006804923932021523,0.008187163668656626,0.007024325076125513,0.010893161931641658,0.011684977255330692,0.007280854890733184,0.7655567174688912,0.0077967262425124376,17.3799991607666,16.539999771118165,0.010465022665288926
2025-07-16,MSFT,501.6133117675781,-0.0003954177997730346,0.0037968671610422097,0.007000530090428137,0.007053919501481941,0.009552601991434727,0.010799124827504883,0.006746220931841112,0.778150137317743,0.007818571414121608,17.15999984741211,16.783999824523924,-0.012658188951534366
2025-07-17,MSFT,507.6451416015625,0.012024859971776936,0.005181454815453766,0.007345191163116675,0.007239107698573907,0.015145592759658417,0.011160140047362314,0.007024578156711565,0.8939569255473431,0.007029050955343559,16.520000457763672,16.931999969482423,-0.03729600205940298
2025-07-18,MSFT,506.0082092285156,-0.0032245603058123073,0.006138233190730534,0.00639707442934359,0.007335002180012918,0.014135912450179035,0.011114394427599839,0.006978938938202876,1.073174483385167,0.00720819580671688,16.40999984741211,16.93400001525879,-0.006658632403358511
2025-07-21,MSFT,506.01812744140625,1.960089324581915e-05,0.00606191805465833,0.006259120235014396,0.0072941065130449475,0.012822097584213703,0.012509873343425506,0.007625871077221423,0.7567659751200301,0.00740183357694052,16.649999618530273,16.82399978637695,0.014625214707483014
2025-07-22,MSFT,501.26611328125,-0.009390995900055987,0.0077967262425124376,0.007197272423331005,0.007608318115448397,0.011736345562370099,0.012678510069571197,0.0077074927960514555,0.7688429187380722,0.004853030342325072,16.5,16.647999954223632,-0.00900898630432001
2025-07-23,MSFT,501.861328125,0.0011874228637833717,0.007818571414121608,0.005806874538043209,0.007595016947195119,0.012038658937421134,0.013175721458768478,0.007958115379747933,0.9241256676994786,0.004842865139046219,15.369999885559082,16.289999961853027,-0.06848485542066174
2025-07-24,MSFT,506.8316345214844,0.00990374455639742,0.007029050955343559,0.006257701955613181,0.007626185471042105,0.012468671813939342,0.012640337269624663,0.007607416663075431,0.9113685975889216,0.0173724380565944,15.390000343322754,16.063999938964844,0.0013012659669868754
2025-07-25,MSFT,509.6392517089844,0.005539546066714474,0.00720819580671688,0.006344590075906298,0.007641839745460517,0.01543671008272325,0.012900496796133507,0.007788600881971935,1.0897362849244134,0.021138976764614438,14.930000305175781,15.768000030517578,-0.02988954047337322
2025-07-28,MSFT,508.4388122558594,-0.002355468989289067,0.00740183357694052,0.006450055686192432,0.007436389893956495,0.00952196074695113,0.01224046942868099,0.007435291892226691,0.8650962561671665,0.022039768913989226,15.029999732971191,15.444000053405762,0.0066978851809362805
2025-07-29,MSFT,508.50823974609375,0.0001365503351844488,0.004853030342325072,0.006333443946659851,0.007184039417181395,0.011822770493788567,0.012257754414964685,0.007447619548335316,1.0329266862390798,0.02441948324833259,15.979999542236328,15.339999961853028,0.0632069079270261
2025-07-30,MSFT,509.17291259765625,0.0013071034048424135,0.004842865139046219,0.006304290785930443,0.0070895199161356975,0.01268414365500254,0.012386851358480966,0.007520274686085705,1.6218163575958628,0.024919200859608973,15.479999542236328,15.361999893188477,-0.03128911228554565
2025-07-31,MSFT,529.2723388671875,0.03947465737521205,0.0173724380565944,0.013386718527862218,0.00975334907034469,0.04414243260162854,0.018721603516018807,0.013442883944285066,2.862722185233138,0.015731740401650818,16.719999313354492,15.627999687194825,0.0801033467562382
2025-08-01,MSFT,519.956787109375,-0.017600677522182195,0.021138976764614438,0.014959331910811651,0.010497391411116372,0.02850547186462163,0.02133535587239848,0.014874522673942448,1.5429633473256947,0.014080754975484689,20.3799991607666,16.71799945831299,0.21889952139464608
2025-08-04,MSFT,531.3955078125,0.02199936799886193,0.022039768913989226,0.016074945888284377,0.010911626185157083,0.01889327690320068,0.02320961910364839,0.015514516608558269,1.3101033627054417,0.006631138589913324,17.520000457763672,17.215999603271484,-0.14033360258957683
2025-08-05,MSFT,523.5679931640625,-0.014730110686595022,0.02441948324833259,0.016683910271121143,0.011087506327872948,0.019062051271612947,0.024657475259213267,0.016014538027180922,0.9724320514651076,0.008633206178610103,17.850000381469727,17.589999771118165,0.0188356115915409
2025-08-06,MSFT,520.7802124023438,-0.005324582094622388,0.024919200859608973,0.01695190853764526,0.011130880599133417,0.014611161036469823,0.025042878735506723,0.016126529478966523,1.0758585112329195,0.011470197896174475,16.770000457763672,17.84799995422363,-0.06050419611347535
2025-08-07,MSFT,516.7127685546875,-0.0078102887759372575,0.015731740401650818,0.01717138990767363,0.011275591947225522,0.020236614927878392,0.020261715200756696,0.012409488283120143,0.8108772564187327,0.011060149079629504,16.56999969482422,17.818000030517577,-0.01192610360644697
2025-08-08,MSFT,517.9031982421875,0.002303851888215913,0.014080754975484689,0.017129047107591108,0.011159193911657567,0.010056701059253135,0.016571961039682996,0.01017851368936058,0.7850743371528052,0.011220749110380698,15.149999618530273,16.772000122070313,-0.08569704903117736
2025-08-11,MSFT,517.6353759765625,-0.0005171280396297773,0.006631138589913324,0.01709002943948154,0.011132022718690484,0.01508338129395419,0.0158099819178337,0.009690635440703073,1.0002367553227847,0.01145866619724559,16.25,16.518000030517577,0.07260728773380909
2025-08-12,MSFT,525.046142578125,0.014316576774880296,0.008633206178610103,0.01750840809556806,0.011365123645166234,0.015645016277118222,0.015126574918934751,0.00927131477418445,0.9160993904285355,0.008053579537532086,14.729999542236328,15.8939998626709,-0.09353848970853362
2025-08-13,MSFT,516.454833984375,-0.01636295917072017,0.011470197896174475,0.01859455219292638,0.0116266911313601,0.025606086772906617,0.01732556006622211,0.010819103385770808,0.9523952844316828,0.006440922645025932,14.489999771118164,15.437999725341797,-0.01629326399026665
2025-08-14,MSFT,518.3397216796875,0.0036496660913614143,0.011060149079629504,0.013129205326275567,0.01160691966243585,0.011120038615414763,0.015502244803729383,0.009830281460971679,0.977382264088166,0.004809930620887648,14.829999923706055,15.089999771118164,0.023464469148273492
2025-08-15,MSFT,516.0480346679688,-0.004421206625439544,0.011220749110380698,0.012003224681935164,0.011371368429388594,0.01349550863511922,0.016190006318902602,0.010117087999723303,1.2041695779940425,0.007523070262079842,15.09000015258789,15.077999877929688,0.017532045193487944
2025-08-18,MSFT,513.0023193359375,-0.005901999673326719,0.01145866619724559,0.009013713625095059,0.011431877220362404,0.01701796211264048,0.01657692248263986,0.010336696640879914,1.1091153348127387,0.0075211987463878775,14.989999771118164,14.82599983215332,-0.006626930447881874
2025-08-19,MSFT,505.7304382324219,-0.014175142741905788,0.008053579537532086,0.00893814165827447,0.011763781814870582,0.012966603554579237,0.016041239938132064,0.010052815941465504,0.9852024707801083,0.005404393381766019,15.569999694824219,14.993999862670899,0.038692457142231795
2025-08-20,MSFT,501.7125549316406,-0.007944713224745104,0.006440922645025932,0.00903788219055951,0.011609892806994183,0.012971599981727588,0.013514342579896258,0.008171643093327229,1.23929591291178,0.006620514825951817,15.6899995803833,15.233999824523925,0.007707121895382807
2025-08-21,MSFT,501.0666198730469,-0.0012874604237913534,0.004809930620887648,0.008942052321262616,0.01158610150846599,0.00973743407346,0.013237821671505307,0.008042974919790108,0.820184308332342,0.006820637724055746,16.600000381469727,15.58799991607666,0.05799877791100583
2025-08-22,MSFT,504.037841796875,0.005929794175035807,0.007523070262079842,0.009250737319011718,0.011616069379861567,0.01640282937525748,0.013819285819532956,0.008433989325852409,1.0693507190053941,0.007200402672068886,14.220000267028809,15.413999938964844,-0.1433734975751969
2025-08-25,MSFT,501.0865173339844,-0.0058553628679332,0.0075211987463878775,0.009266616988204539,0.011670824476684476,0.00807124746241618,0.012029942889488096,0.0074169104697613805,0.936199743610045,0.00674980876124194,14.789999961853027,15.373999977111817,0.040084365971908564
2025-08-26,MSFT,498.8804626464844,-0.004402542497525697,0.005404393381766019,0.00692987986822778,0.01165473072429585,0.012887421541273841,0.012014106486827016,0.007414552146345524,1.2939021394113812,0.0062220691848097085,14.619999885559082,15.184000015258789,-0.011494258061691465
2025-08-27,MSFT,503.5509033203125,0.009361843214007903,0.006620514825951817,0.007048638971876232,0.011782520647595603,0.014583444746524761,0.012336475439786452,0.007646390133748718,0.7391162808007895,0.005042795729909302,14.850000381469727,15.016000175476075,0.015731908188168164
2025-08-28,MSFT,506.4326477050781,0.005722846222226963,0.006820637724055746,0.0072765707821024934,0.01161938538433498,0.010968519302289618,0.012582692485552377,0.007770290028824356,0.8303518403675827,0.01179479978434864,14.430000305175781,14.582000160217286,-0.028282832693932725
2025-08-29,MSFT,503.501220703125,-0.005788384724478179,0.007200402672068886,0.007333529228311666,0.011653184443795627,0.010085093142787145,0.011319145239058309,0.006945824911260503,0.9843185511335821,0.012997938698022087,15.359999656677246,14.810000038146972,0.06444901814505788
2025-09-02,MSFT,501.9410705566406,-0.003098602510448023,0.00674980876124194,0.007239208513108667,0.011665975148671223,0.01819370155654642,0.013343636057884356,0.008234938037479515,0.8659392070360427,0.013106812968033668,17.170000076293945,15.286000061035157,0.11783857161935951
2025-09-03,MSFT,502.1696166992187,0.000455324650610045,0.0062220691848097085,0.005892973669388914,0.011536398285743757,0.010824183545340134,0.012930988458697616,0.008017530519411103,0.7860802369239515,0.01339854696032258,16.350000381469727,15.632000160217284,-0.047757698962177964
2025-09-04,MSFT,504.7731628417969,0.005184595116867863,0.005042795729909302,0.005549829192005024,0.011572134296498999,0.009843100946875879,0.01198291969876784,0.007469934325659753,0.7565292382856134,0.012989439976987954,15.300000190734863,15.722000122070312,-0.06422019365362708
2025-09-05,MSFT,491.8847961425781,-0.02553298718707464,0.01179479978434864,0.009993709898243861,0.0123368200689275,0.039595971926294195,0.017708410223568755,0.012529666835905255,1.5023399225558767,0.006996741727301834,15.180000305175781,15.872000122070313,-0.007843129677328364
2025-09-08,MSFT,495.0646667480469,0.006464665365560673,0.012997938698022087,0.01004101044074575,0.012354677544744059,0.01238461115326183,0.01816831382566369,0.012678088269634258,0.785208986806045,0.007321780882982497,15.109999656677246,15.822000122070312,-0.0046113733261696765
2025-09-09,MSFT,495.2733154296875,0.0004214574290086759,0.013106812968033668,0.009951572110450774,0.01235374850779636,0.0091290057573832,0.016355374665831045,0.011936254750900285,0.683952357560354,0.011240630877803987,15.039999961853027,15.396000099182128,-0.004632673488730754
2025-09-10,MSFT,497.2209777832031,0.003932500081951451,0.01339854696032258,0.009995160557542479,0.01238308583298595,0.013010391968248079,0.016792616350412636,0.012093077890208677,1.018622603243013,0.011291878926801141,15.350000381469727,15.196000099182129,0.02061173007998507
2025-09-11,MSFT,497.8569641113281,0.0012790818500065804,0.012989439976987954,0.009439500608596496,0.012382932276284033,0.010558688333186284,0.016935733827674722,0.012134537291715137,0.8914905280075694,0.011703311927903654,14.710000038146973,15.07800006866455,-0.04169383240506963
2025-09-12,MSFT,506.6910095214844,0.017744143492950837,0.006996741727301834,0.011034992506983471,0.010435832201519704,0.017062133346915354,0.01242896611179895,0.007646643039611438,1.1066770971912534,0.011990295147495833,14.760000228881836,14.994000053405761,0.003399061224010902
2025-09-15,MSFT,512.1166381835938,0.010707963157335909,0.007321780882982497,0.011286070674232337,0.010197527714380556,0.016435056938592124,0.013239055268865008,0.008197814469233893,0.8185493545325957,0.011788799445130992,15.6899995803833,15.110000038146973,0.0630080851680257
2025-09-16,MSFT,505.83642578125,-0.012263246171065223,0.011240630877803987,0.012069005956978109,0.00948998503580391,0.01695343041876611,0.014803940201141591,0.009036138545417698,0.9503516830113651,0.011278732379560497,16.360000610351562,15.37400016784668,0.04270242497685861
2025-09-17,MSFT,506.8102416992187,0.0019251597321499059,0.011291878926801141,0.01207275909524193,0.009177279026087047,0.010509423129682413,0.014303746433428457,0.008799625179412051,0.7731076664090717,0.011274125809913198,15.720000267028809,15.448000144958495,-0.03911982392701152
2025-09-18,MSFT,505.2501220703125,-0.0030783111716042866,0.011703311927903654,0.012036204549845237,0.009150264714320351,0.010640187889122481,0.014320046344615697,0.008802344503183523,0.9448344128198589,0.011566351512871165,15.699999809265137,15.646000099182128,-0.0012722937292578562
2025-09-19,MSFT,514.6704711914062,0.018644922009108944,0.011990295147495833,0.009370297016571162,0.009724861555110468,0.017357539361507284,0.014379127547534083,0.008850916779989754,2.415985233576486,0.007651243335401449,15.449999809265137,15.784000015258789,-0.01592356707243181
2025-09-22,MSFT,511.21240234375,-0.006718996020213086,0.011788799445130992,0.009982760293068478,0.009787717763719379,0.010107905692766503,0.013113697298368959,0.008117149423090572,0.9305006556980626,0.008025223573174966,16.100000381469727,15.866000175476074,0.04207123496628107
2025-09-23,MSFT,506.0252380371094,-0.010146788855002531,0.011278732379560497,0.010839250443902267,0.00994871269645935,0.01429615132614503,0.012582241479844741,0.007753105966540033,0.9247029098373097,0.005889581277408844,16.639999389648438,15.92199993133545,0.0335403102723042
2025-09-24,MSFT,506.9394226074219,0.001806598765426548,0.011274125809913198,0.010822387550999533,0.009551493517469204,0.010898690791994445,0.012660095012307148,0.0077899107280658755,0.6586783797924246,0.005823532709199941,16.18000030517578,16.013999938964844,-0.02764417676354103
2025-09-25,MSFT,503.8390808105469,-0.006115803306297463,0.011566351512871165,0.01112478534036169,0.009163102796514418,0.00980218376164854,0.01249249418681236,0.007713274262220097,0.7711196365018284,0.006471333410627721,16.739999771118164,16.22199993133545,0.03461059674784095
2025-09-26,MSFT,508.2411804199219,0.008737114243486443,0.007651243335401449,0.009942865980922881,0.009294114133185996,0.014311984214823256,0.011883383157475554,0.007234657179156804,0.7954595353608849,0.0057689968330923115,15.289999961853027,16.189999961853026,-0.08661886673181729
2025-09-29,MSFT,511.3614196777344,0.006139288546501698,0.008025223573174966,0.00950955758787201,0.00934478691899559,0.015487701284964458,0.012959342275915145,0.007900046193545784,0.871526967902086,0.01055614141732794,16.1200008392334,16.194000053405762,0.05428390316881204
2025-09-30,MSFT,514.6903686523438,0.006509972881230119,0.005889581277408844,0.008658021566902046,0.00936120988135738,0.016410791161492133,0.013382270242984568,0.00821589162886787,0.9720779260773964,0.012218402757347596,16.280000686645508,16.122000312805177,0.00992554833016479
2025-10-01,MSFT,516.4392700195312,0.00339796793121816,0.005823532709199941,0.008673461412329072,0.008975660572488964,0.016971016434781744,0.014596735371542024,0.008943483999201585,1.0981630322522888,0.012206804847058255,16.290000915527344,16.144000434875487,0.0006142646474234237
2025-10-02,MSFT,512.4942626953125,-0.007638860081398469,0.006471333410627721,0.009075897899597762,0.008965626540498017,0.021173426759467928,0.016870983971105903,0.010264488472231426,1.0156973673725724,0.011679457168180161,16.6299991607666,16.122000312805177,0.020871591536571144
2025-10-03,MSFT,514.0940551757812,0.0031215812486466987,0.0057689968330923115,0.006869716661016384,0.008967248335260835,0.010611753152509942,0.01613093775864324,0.009931064201062004,0.7537013522665951,0.01598077468224418,16.649999618530273,16.394000244140624,0.001202673407877164
2025-10-06,MSFT,525.2435302734375,0.02168761724708901,0.01055614141732794,0.00927607162117096,0.009703616055379885,0.02427307057166043,0.017888011615982434,0.011151376802014095,1.0545783727761928,0.010774659032848733,16.3700008392334,16.444000244140625,-0.016816743886603813
2025-10-07,MSFT,520.682373046875,-0.008683890354990176,0.012218402757347596,0.009059081415598805,0.00979010175527476,0.01595478007400917,0.017796809398485842,0.01108455601102993,0.7202481581932096,0.010761112388423002,17.239999771118164,16.636000061035155,0.05314593080531016
2025-10-08,MSFT,521.5469360351562,0.001660442206295798,0.012206804847058255,0.00906115226350239,0.009730167325019159,0.007354454665360632,0.01587349704460162,0.01028094872493339,0.672220971630287,0.010541260338640113,16.299999237060547,16.637999725341796,-0.0545243936506532
2025-10-09,MSFT,519.1123657226562,-0.00466797932130103,0.011679457168180161,0.008911750982793716,0.009677680788175786,0.013265682143782763,0.014291948121464587,0.009283105206228555,0.9239909684260103,0.01054462720046629,16.43000030517578,16.59799995422363,0.007975526024544655
2025-10-10,MSFT,507.7443237304687,-0.021899000568715188,0.01598077468224418,0.0115929833468225,0.010497990467384935,0.02730157437044202,0.017629912365051004,0.011431120187404506,1.2140947639654251,0.003860513323953037,21.65999984741211,17.6,0.3183201123002275
2025-10-13,MSFT,510.8149108886719,0.006047506618376719,0.010774659032848733,0.011587585078677898,0.010489928531282269,0.009201401772340866,0.01461557860518709,0.009676261702779217,0.7237988876637697,0.003926883412772262,19.030000686645508,18.131999969482422,-0.12142193810222157
2025-10-14,MSFT,510.337890625,-0.0009338416978509345,0.010761112388423002,0.0113563916676764,0.010471507273955892,0.018069648080162228,0.015038552206417703,0.009960254296318576,0.7536725646002855,0.0037640700618605505,20.809999465942383,18.845999908447265,0.09353645376092956
2025-10-15,MSFT,510.1988220214844,-0.00027250299472236783,0.010541260338640113,0.011264910954893712,0.010472712123653239,0.014003861371508542,0.016368433547647283,0.010461602062158412,0.7563840347465058,0.003941468933790486,20.639999389648438,19.713999938964843,-0.008169153323245748
2025-10-16,MSFT,508.3902282714844,-0.003544880293596342,0.01054462720046629,0.011076013495086698,0.010461688113617645,0.017044176135719652,0.01712413234603466,0.010842517760023379,0.807877108140973,0.0026087836768415944,25.309999465942383,21.489999771118164,0.22625970030968534
2025-10-17,MSFT,510.3478698730469,0.0038506672486968707,0.003860513323953037,0.01110667627433253,0.009267986835851899,0.015907906535092216,0.014845398778964703,0.009130528731821234,1.1269604519004885,0.002826217609753304,20.780000686645508,21.313999938964844,-0.1789805956097521
2025-10-20,MSFT,513.5376586914062,0.006250224614737565,0.003926883412772262,0.008394753645635218,0.009263924438040099,0.010197603969346327,0.015044639218365793,0.009207692408123228,0.8446777972579764,0.005845976406196373,18.229999542236328,21.153999710083006,-0.12271419923715232
2025-10-21,MSFT,514.4021606445312,0.0016834246495727179,0.0037640700618605505,0.008144116730744652,0.009262834918310805,0.010914547593358291,0.013613619121005005,0.008343239784989513,0.9087267785273637,0.008008814276579845,17.8700008392334,20.56599998474121,-0.01974759802757342
2025-10-22,MSFT,517.2639770507812,0.005563383331563365,0.003941468933790486,0.00838544901004542,0.009283547387226263,0.014446457166636199,0.013702138280030538,0.008394847601345299,1.0883629472069902,0.009207708762803052,18.600000381469727,20.158000183105468,0.04085056004214738
2025-10-23,MSFT,517.283935546875,3.858474005391521e-05,0.0026087836768415944,0.008275103887433391,0.009286681275830785,0.010258235132382993,0.012344950079363207,0.007560353869846205,0.8089707579871693,0.019265658141561136,17.299999237060547,18.5560001373291,-0.06989253321222011
2025-10-24,MSFT,520.3147583007812,0.0058591085971035906,0.002826217609753304,0.003525528983178829,0.008802695330085058,0.008861468923603408,0.010935662557065445,0.0066651620888766045,0.8977770302275221,0.02049833134971701,16.3700008392334,17.67400016784668,-0.05375713519309755
2025-10-27,MSFT,528.1749877929688,0.015106681805177047,0.005845976406196373,0.005279218782218569,0.009005609161450285,0.01047939328631673,0.010992020420459525,0.00669443167266545,1.0793867533185841,0.01824321136121793,15.789999961853027,17.186000251770018,-0.03543071763260408
2025-10-28,MSFT,538.6585083007812,0.019848574336355673,0.008008814276579845,0.007157536440225625,0.009270807854427063,0.023889813118048896,0.013587073525397647,0.008749852455987465,1.6780728298840637,0.011928376944160952,16.420000076293945,16.896000099182128,0.03989867738840602
2025-10-29,MSFT,538.1417846679688,-0.0009592786985627155,0.009207708762803052,0.007221430789691359,0.00928804621484129,0.017616174457651578,0.014221016983600721,0.009162388186864039,1.9430656887060218,0.01071246835147259,16.920000076293945,16.560000038146974,0.03045066977325206
2025-10-30,MSFT,522.4512329101562,-0.029156910325210172,0.019265658141561136,0.012980149047362029,0.010869617897135093,0.02444076260510163,0.01705752247814445,0.010909647232717914,2.1005956699866406,0.007535561601623115,16.90999984741211,16.482000160217286,-0.0005910300730935791
2025-10-31,MSFT,514.5512084960938,-0.015121075262963357,0.02049833134971701,0.01414507071957856,0.010745631665727584,0.02746187173929988,0.020777603041283742,0.012916571335886843,1.660957386145094,0.008371680858561268,17.440000534057617,16.69600009918213,0.03134244183488977
2025-11-03,MSFT,513.776123046875,-0.0015063329682659665,0.01824321136121793,0.014031992048852217,0.010674339647784406,0.020056852657649116,0.02269309491555022,0.013698123332938057,1.0902107265505319,0.01473007959363787,17.170000076293945,16.972000122070312,-0.01548167714997506
2025-11-04,MSFT,511.0931091308594,-0.005222145980829929,0.011928376944160952,0.014117020535780121,0.010546485436346686,0.014990358716962332,0.020913204035332904,0.012791334410809664,1.0056738204612135,0.015291038113419921,19.0,17.488000106811523,0.10658124144289749
2025-11-05,MSFT,503.96826171875,-0.01394040984865863,0.01071246835147259,0.014519372141457475,0.010860544143096482,0.016267115817505697,0.02064339230730373,0.012651180449932053,1.0797617651886415,0.013902871668843025,18.010000228881836,17.706000137329102,-0.05210525111148234
2025-11-06,MSFT,493.9715576171875,-0.01983597948702054,0.007535561601623115,0.015462104099713582,0.0113965718427744,0.01989542250453731,0.019734324287190866,0.012064442900290266,1.2585271973713124,0.012215111090250438,19.5,18.22400016784668,0.08273180189796547
2025-11-07,MSFT,493.6933288574219,-0.0005632485423001654,0.008371680858561268,0.015113808854667286,0.011259607211168298,0.012338482332520363,0.016709646405834964,0.010151876634279272,1.1032961591699395,0.01295142954615285,19.079999923706055,18.552000045776367,-0.0215384654509716
2025-11-10,MSFT,502.8155822753906,0.018477570760538464,0.01473007959363787,0.015643729924288696,0.011740876493590712,0.0159091270959424,0.01588010129349362,0.009635124206112736,1.1672355681405038,0.011185656916896585,17.600000381469727,18.638000106811525,-0.07756811049026757
2025-11-11,MSFT,505.4786682128906,0.005296347271993351,0.015291038113419921,0.013645529532922116,0.011717977303230508,0.014252575498130617,0.01573254464972728,0.009553476892905928,0.7981676769169952,0.016076852809253153,17.280000686645508,18.294000244140626,-0.018181800448205276
2025-11-12,MSFT,507.9231872558594,0.004836047882319727,0.013902871668843025,0.014013449486565055,0.011737547166391419,0.024552995169393604,0.01738972052010486,0.010813380454785955,1.1494033136243624,0.015100592489073882,17.510000228881836,18.194000244140625,0.013310158165333874
2025-11-13,MSFT,500.12261962890625,-0.015357770274472049,0.012215111090250438,0.011975284449375396,0.011981783058258814,0.024260349396521507,0.018262705898501697,0.011426527075415534,1.0706091768800505,0.01516572622549459,20.0,18.294000244140626,0.1422044396670561
2025-11-14,MSFT,506.96923828125,0.01368988000867466,0.01295142954615285,0.012533674192218984,0.012251691171010035,0.02775491760828028,0.021345992953653685,0.013281205421255268,1.1858512553469638,0.007826629026100776,19.829999923706055,18.444000244140625,-0.008500003814697288
2025-11-17,MSFT,504.2961730957031,-0.005272637832246407,0.011185656916896585,0.01259324981777786,0.011544636412210799,0.01420715993186054,0.02100559952083731,0.013130223777275313,0.7870225047594688,0.01110708208833494,22.3799991607666,19.4,0.12859300286794828
2025-11-18,MSFT,490.6824035644531,-0.026995583662036693,0.016076852809253153,0.014920069862126512,0.012401299254835987,0.03280749291539668,0.02471658300429052,0.015326614120316204,1.3434161085504022,0.010700959692188785,24.690000534057617,20.881999969482422,0.10321722340993555
2025-11-19,MSFT,484.0543823242187,-0.013507762234974519,0.015100592489073882,0.014888528466214204,0.012559276178838102,0.025373657400713283,0.02488071545055446,0.015378830841179324,0.9157060969993827,0.014174972480070125,23.65999984741211,22.111999893188475,-0.041717321359500015
2025-11-20,MSFT,476.3088684082031,-0.016001330013427406,0.01516572622549459,0.014476838245510099,0.012797817583964612,0.03776938653690188,0.027582522878630535,0.01717793042534446,1.029912319599632,0.011905298246678525,26.420000076293945,23.395999908447266,0.11665258861714323
2025-11-21,MSFT,470.0268249511719,-0.013189012159327329,0.007826629026100776,0.01473663171025787,0.012443119303143546,0.022557876226824532,0.026543114602339386,0.016575078129790335,1.1838321055004677,0.01093616008577067,23.43000030517578,24.11599998474121,-0.11317183052550484
2025-11-24,MSFT,471.8985290527344,0.0039821218751865395,0.01110708208833494,0.012774597554406894,0.012399866793573326,0.018734187516482093,0.027448520119263697,0.016903117347208303,1.24622491171774,0.010867821998826722,20.520000457763672,23.744000244140626,-0.12419973578785137
2025-11-25,MSFT,474.8752136230469,0.0063078911822160855,0.010700959692188785,0.01287977416517372,0.012502742548209588,0.029895762049513913,0.02686617394608714,0.016560435376444905,1.0180921572553028,0.017914883731060417,18.559999465942383,22.518000030517577,-0.09551661540434953
2025-11-26,MSFT,483.3475036621094,0.017841087081432283,0.014174972480070125,0.014647655715143097,0.013031324416218177,0.014644666017636424,0.024720375669471766,0.01561019053855271,0.9519711695565921,0.015748962357220023,17.190000534057617,21.22400016784668,-0.07381459974709137
2025-11-28,MSFT,489.82867431640625,0.013408925473271216,0.011905298246678525,0.015170238165525285,0.013313922605009462,0.012154246595870721,0.019597347681265538,0.012413268014638795,0.5603529280482411,0.014048974529092349,16.350000381469727,19.210000228881835,-0.04886562690464402
2025-12-01,MSFT,484.5820007324219,-0.010711242234453744,0.01093616008577067,0.014308829411259983,0.013390438603300015,0.010703849199999801,0.01722654227590059,0.011218531623141988,0.9520012823652727,0.015692818122208848,17.239999771118164,17.972000122070312,0.05443421216412436
2025-12-02,MSFT,487.82757568359375,0.006697679538790746,0.010867821998826722,0.014723680179227762,0.013399774380170447,0.014653046277104627,0.0164103140280251,0.010764104452846038,0.7815190657741694,0.015469854529465645,16.59000015258789,17.186000061035156,-0.03770299461483784
2025-12-03,MSFT,475.6119689941406,-0.025040828559835693,0.017914883731060417,0.014381917978405243,0.014045120414985917,0.01892277608576363,0.014215716835275042,0.008696969721069835,1.3461339157294991,0.0164453211932011,16.079999923706055,16.690000152587892,-0.03074142400187263
2025-12-04,MSFT,478.7081604003906,0.006509910616417036,0.015748962357220023,0.01415140874000398,0.014064940856769745,0.010044957005718117,0.01329577503289138,0.008213172889014903,0.8691175525669658,0.016870431716678104,15.779999732971191,16.407999992370605,-0.01865672836805088
2025-12-05,MSFT,481.0178833007813,0.004824908141233264,0.014048974529092349,0.01320222681397692,0.014121559638146975,0.00935505625344119,0.012735936964405472,0.007941197166915893,0.8887326125052379,0.01739692562509296,15.40999984741211,16.219999885559083,-0.023447394918898135
2025-12-08,MSFT,488.8430480957031,0.016267929045017837,0.015692818122208848,0.01295281833153214,0.014453495678141364,0.016129654774473267,0.013821098079300164,0.008590089684894942,0.8669644050012304,0.01417835640981172,16.65999984741211,16.103999900817872,0.08111615914194314
2025-12-09,MSFT,489.8385925292969,0.0020365318428314794,0.015469854529465645,0.012967867430161404,0.014113805249907234,0.007357414735210905,0.012361971770921422,0.007888428289243387,0.5933911390460301,0.014381811591620147,16.93000030517578,16.17199993133545,0.016206510218282677
2025-12-10,MSFT,476.4382629394531,-0.0273566227614912,0.0164453211932011,0.016212366166668206,0.014177715570860063,0.019161679777908322,0.01240975250935036,0.007935721105625515,1.3937265117410356,0.008307976194061128,15.770000457763672,16.11000003814697,-0.06851741444195236
2025-12-11,MSFT,481.3265075683594,0.010259974920459936,0.016870431716678104,0.015468867613872565,0.01440641383342022,0.021035459081341905,0.014607852924475117,0.009375260718505855,0.9651554666660407,0.010582628297602576,14.850000381469727,15.92400016784668,-0.05833862077290075
2025-12-12,MSFT,476.4084167480469,-0.010217785106327315,0.01739692562509296,0.014935760740495572,0.013643127628923161,0.012768302686826284,0.015290502211152135,0.00965646363651021,0.8379060806662205,0.008830143662320602,15.739999771118164,15.990000152587891,0.059932617291983625
2025-12-15,MSFT,472.7148742675781,-0.007752890903315213,0.01417835640981172,0.01478741597032225,0.01348240178103205,0.017269727645305655,0.015518516785318615,0.009778829148395908,0.9445864535640794,0.00731794806224693,16.5,15.958000183105469,0.04828464040237068
2025-12-16,MSFT,474.2779235839844,0.0033065371992535564,0.014381811591620147,0.01459380017587733,0.013526083507374788,0.014714854531109772,0.01699000474449839,0.010365587929710877,0.8216406861661623,0.007302658817859335,16.479999542236328,15.868000030517578,-0.0012121489553740261
2025-12-17,MSFT,474.0090942382813,-0.0005668181720784871,0.008307976194061128,0.01230693462217523,0.013521359102477851,0.010501554337723982,0.015257979656461518,0.009433420430696633,0.9915622688709919,0.006910523254920737,17.6200008392334,16.238000106811523,0.06917483790429602
2025-12-18,MSFT,481.8342590332031,0.01650846975308906,0.010582628297602576,0.013286062675177021,0.013767255271508348,0.0241951964735356,0.01588992713490026,0.009950147278397723,1.1428337164643687,0.002759897053956619,16.8700008392334,16.642000198364258,-0.04256526471497213
2025-12-19,MSFT,483.7656555175781,0.004008424988813264,0.008830143662320602,0.01326059306993584,0.013348360584770198,0.011030654677774105,0.015542397533089822,0.009802641237012537,2.6038849794359322,0.0025801352112699498,14.90999984741211,16.476000213623045,-0.11618262562637516
2025-12-22,MSFT,482.7701110839844,-0.0020579063896725147,0.00731794806224693,0.012075671031185503,0.01335097261110326,0.012455680066135252,0.014579588017255743,0.009267921811541967,0.6409913657182037,0.0021576573462551017,14.079999923706055,15.992000198364257,-0.05566733281020897
2025-12-23,MSFT,484.6915588378906,0.003980047044735091,0.007302658817859335,0.012148668113314888,0.012888800372364971,0.006346916502315191,0.012906000411496827,0.00854722066175094,0.5763512525599246,0.003945988871713478,14.0,15.496000289916992,-0.005681812794001595
2025-12-24,MSFT,485.8563232421875,0.002403104372375564,0.006910523254920737,0.00785983759886385,0.012849727544064882,0.008872622407526898,0.01258021402545741,0.008417139690440398,0.24030485094976614,0.009479188241713754,13.470000267028809,14.666000175476075,-0.03785712378365658
2025-12-26,MSFT,485.5477294921875,-0.000635154335217325,0.002759897053956619,0.007322409603191351,0.012799264763843778,0.004428868999925644,0.008626948530735418,0.005476646883205552,0.3758594210442084,0.009546578262466071,13.600000381469727,14.01200008392334,0.0096510847708835
2025-12-29,MSFT,484.9404296875,-0.0012507520225100155,0.0025801352112699498,0.006285626925903828,0.012525802228381127,0.008560897917230106,0.00813299717862662,0.005147253909341028,0.4665143794897095,0.012584322816250704,14.199999809265137,13.870000076293945,0.044117603747491074
2025-12-30,MSFT,485.3187561035156,0.0007801502882722744,0.0021576573462551017,0.0053559957466541835,0.012223589649146098,0.008574695539461824,0.007356800273291933,0.004543175979855709,0.610272063307767,0.014042736516741382,14.329999923706055,13.920000076293945,0.009154937759653814
2025-12-31,MSFT,481.4758605957031,-0.007918291760792395,0.003945988871713478,0.0062962478818943185,0.012262116782155549,0.01000791303985668,0.00808899958080023,0.00498903981992969,0.6887640117095533,0.014465834631507529,14.949999809265137,14.110000038146973,0.04326586802930965
2026-01-02,MSFT,470.84320068359375,-0.022083474546271464,0.009479188241713754,0.009794997787636067,0.011938021320852392,0.03065928008869673,0.012446331117034196,0.00925960618437918,1.1519042281069118,0.009262537477220938,14.510000228881836,14.318000030517577,-0.02943141043457509
2026-01-05,MSFT,470.7536010742187,-0.00019029606723630632,0.009546578262466071,0.007761548847177486,0.011714141071674924,0.013894485015149735,0.014339454320079015,0.009912208033429178,1.1299685581593502,0.009765626395857504,14.899999618530273,14.577999877929688,0.02687797267378067
2026-01-06,MSFT,476.3885192871094,0.011969994918854088,0.012584322816250704,0.00881674887909583,0.011579964604178263,0.01878746536311394,0.016384767809255782,0.010902744748121316,1.029964497549343,0.009855655700637707,14.75,14.68799991607666,-0.010067088749702191
2026-01-07,MSFT,481.3265075683594,0.010365464492384069,0.014042736516741382,0.009572332396446163,0.01144768870494638,0.0243034727497728,0.019530523251317978,0.012494684385658844,1.1337988862123036,0.009956156791026254,15.380000114440918,14.897999954223632,0.042711872165486
2026-01-08,MSFT,475.9902648925781,-0.011086533967845869,0.014465834631507529,0.010007021057883682,0.011634842836544946,0.014222707157113013,0.020373482074769245,0.012785805129580519,0.7993852304791531,0.010099076895177117,15.449999809265137,14.997999954223634,0.004551345533378326
2026-01-09,MSFT,477.1550903320313,0.0024471623168933476,0.009262537477220938,0.010009069332816005,0.011587969620144018,0.015898838125094506,0.017421393682048803,0.010742914524967223,0.8459815760758918,0.01150965959267465,14.489999771118164,14.993999862670899,-0.062135925566243366
2026-01-12,MSFT,475.06439208984375,-0.004381590565727289,0.009765626395857504,0.01003236874812287,0.011124033209228395,0.011127871327584452,0.016868070944535744,0.01050568160203183,1.0788952377719525,0.011365661397245593,15.119999885559082,15.03799991607666,0.04347826945426525
2026-01-13,MSFT,468.5832824707031,-0.013642591882396693,0.009855655700637707,0.010656908840337096,0.011052538236388616,0.020885092085380755,0.017287596288989106,0.010765079092325474,1.2878848375830763,0.012841535159982416,15.979999542236328,15.283999824523926,0.056878284602278395
2026-01-14,MSFT,457.3433532714844,-0.023987046955567637,0.009956156791026254,0.012330750427604044,0.011685142392634695,0.024010620101130906,0.017229025759260726,0.010692825350968427,1.2589189599646233,0.015265902319187077,16.75,15.557999801635741,0.04818526156577807
2026-01-15,MSFT,454.6354064941406,-0.005921036695894166,0.010099076895177117,0.012309697375320994,0.011593224099676386,0.018284951685179695,0.018041474664874064,0.011116485827376066,1.0316291717358002,0.022064094516266033,15.84000015258789,15.635999870300292,-0.054328349099230455
2026-01-16,MSFT,457.8211975097656,0.00700735351914572,0.01150965959267465,0.011398526291662473,0.010878150856533307,0.01459137926503507,0.017779982892862176,0.010975002241943732,1.4890073494484817,0.022159487687411994,15.859999656677246,15.90999984741211,0.0012625949429734273
2026-01-20,MSFT,452.5048522949219,-0.011612274057560046,0.011365661397245593,0.011683150419923644,0.010937543685700603,0.016544902744520744,0.018863389176249433,0.011464598527866179,1.1421697553623624,0.02103700950341987,20.09000015258789,16.903999900817873,0.2667087381764075
2026-01-21,MSFT,442.1409912109375,-0.022903314807395048,0.012841535159982416,0.011629592412079798,0.011513384936387955,0.0315462615742236,0.020995623074018,0.013087700601589959,1.7886029160719257,0.0117585744947721,16.899999618530273,17.08799991607666,-0.1587854907829206
2026-01-22,MSFT,449.1398620605469,0.01582950006612327,0.015265902319187077,0.012640002887425785,0.011488676325631378,0.018043143739317164,0.019802127801655252,0.012410618320789643,1.1706539885148506,0.053402546280925535,15.640000343322754,16.86599998474121,-0.07455617181351726
2026-01-23,MSFT,463.8841857910156,0.03282791169509047,0.022064094516266033,0.017636059063374586,0.013182153512069332,0.044146382198352846,0.024974413904289883,0.016554254386860017,1.6652234805792143,0.04878019292203981,16.09000015258789,16.915999984741212,0.02877236568970143
2026-01-26,MSFT,468.1949768066406,0.009292817361890027,0.022159487687411994,0.01797614418608283,0.012400277189340735,0.02604831171174035,0.02726580039363094,0.017552345035404815,1.2208916895861037,0.04693311708158016,16.149999618530273,16.973999977111816,0.0037289910113973423
2026-01-27,MSFT,478.4493408203125,0.021901909507044515,0.02103700950341987,0.01941256757739475,0.012920127880686543,0.020204735374717887,0.027997766919670364,0.017831868931276515,1.168078022473204,0.04071900398010551,16.350000381469727,16.226000022888183,0.012383948462139527
2026-01-28,MSFT,479.4946594238281,0.0021848051911272925,0.0117585744947721,0.018730241882315896,0.012783560806266763,0.011917841862388881,0.024072082977303424,0.016030049854583988,1.401609239003806,0.04176844375388829,16.350000381469727,16.116000175476074,0.0
2026-01-29,MSFT,431.57806396484375,-0.0999314476548332,0.053402546280925535,0.03706678353868811,0.02231154359635252,0.049550198353698054,0.030373493900179606,0.020293830605037807,4.0198353635500625,0.02155910696226122,16.8799991607666,16.363999938964845,0.032415826723621866
2026-01-30,MSFT,428.3822937011719,-0.007404848694840482,0.04878019292203981,0.03707326072802814,0.0222965092401283,0.03056076979559145,0.027656371419627325,0.01829181440063064,1.712322819578208,0.027488387003973297,17.440000534057617,16.63400001525879,0.03317543845574367
2026-02-02,MSFT,421.4929809570313,-0.016082160363393494,0.04693311708158016,0.036941695737846475,0.02241450253400428,0.020053358368074602,0.026457380750894172,0.01771369833941131,1.2050590336185723,0.03379634536074199,16.34000015258789,16.672000122070312,-0.06307341443720693
2026-02-03,MSFT,409.3868713378906,-0.028721972051949374,0.04071900398010551,0.03754007821451378,0.02253249646114958,0.03280559936454925,0.028977553548860446,0.018977103778139087,1.6671291994527773,0.030914612600108936,18.0,17.002000045776366,0.10159117698350828
2026-02-04,MSFT,412.3536987304687,0.007247001797791919,0.04176844375388829,0.03753695540501677,0.022585634106339278,0.025495539477893556,0.03169309307196139,0.019916621444796712,1.1863172545533467,0.03220391227700425,18.639999389648438,17.45999984741211,0.03555552164713549
2026-02-05,MSFT,391.9246520996094,-0.04954253276678522,0.02155910696226122,0.03892433569923724,0.02398883057681621,0.040592323325849236,0.02990151806639162,0.018249388497765938,1.6580913784711158,0.02083536507387941,21.770000457763672,18.438000106811522,0.1679185177362963
2026-02-06,MSFT,399.3615417480469,0.018975304586217767,0.027488387003973297,0.03733314919857605,0.024370825615224596,0.022111967874761464,0.02821175768222562,0.017391230234272775,1.281900157508871,0.0191688312412874,20.3700008392334,19.02400016784668,-0.06430866279706493
2026-02-09,MSFT,411.7662963867187,0.031061465218646056,0.03379634536074199,0.039431416990520336,0.025262417704900824,0.0338975322155608,0.030980592451722862,0.018950256158616195,1.0553218800765634,0.008552589634896796,17.360000610351562,19.228000259399415,-0.1477663281723809
2026-02-10,MSFT,411.437744140625,-0.0007979095156082083,0.030914612600108936,0.037883931468096335,0.025261425454593155,0.02656854056825003,0.02973318069246302,0.018240721100594492,1.0157296012995427,0.010654345017312794,17.790000915527344,19.186000442504884,0.02476960196184419
2026-02-11,MSFT,402.5771789550781,-0.021535615805142183,0.03220391227700425,0.037477417708692826,0.025423430702737126,0.03820753734454424,0.032275580265793156,0.01972295959804983,0.9471809157679731,0.006743302782010878,17.649999618530273,18.98800048828125,-0.007869662158076385
2026-02-12,MSFT,400.0584106445313,-0.006256609768801269,0.02083536507387941,0.02342860779138741,0.02539248107752239,0.02038125252848048,0.0282333661063194,0.017433958388359868,0.8969256713275116,0.006440190384525715,20.81999969482422,18.79800033569336,0.17960340763780214
2026-02-13,MSFT,399.5407409667969,-0.001293985238056683,0.0191688312412874,0.023505305921974817,0.025404889943631034,0.01866346211317108,0.027543664954001325,0.017119103425566537,0.7405633382741731,0.014941266019043217,20.600000381469727,18.844000244140624,-0.010566729902939609
2026-02-17,MSFT,395.1004943847656,-0.011113376251159934,0.008552589634896796,0.02333672851102065,0.02524198042898174,0.015093459798091569,0.02378285047050748,0.014973271188375315,0.6984844628207504,0.01710068890954811,20.290000915527344,19.43000030517578,-0.015048517485525714
2026-02-18,MSFT,397.8283386230469,0.006904178245914272,0.010654345017312794,0.02220817908524521,0.025326626259023575,0.015615590938600939,0.021592260544577663,0.013858926214788491,0.5072720187606377,0.02271020392452667,19.6200008392334,19.796000289916993,-0.03302119497595557
2026-02-19,MSFT,397.5988464355469,-0.0005768623429248665,0.006743302782010878,0.021957753367863275,0.02513493170790694,0.019474927005116157,0.017845738476692043,0.010772865512194906,0.6233546943185284,0.022695680506647525,20.229999542236328,20.312000274658203,0.031090656315525544
2026-02-20,MSFT,396.37152099609375,-0.0030868435621884682,0.006440190384525715,0.014892476639560103,0.024957966936322726,0.012486446939802996,0.016266777358956548,0.009866678091332348,0.7438768296796691,0.025234490406877478,19.09000015258789,19.966000366210938,-0.056351923650237334
2026-02-23,MSFT,383.6390686035156,-0.03212252071132937,0.014941266019043217,0.01677386121509659,0.02539344013519296,0.03188799960756649,0.01891168485783563,0.011994229343018909,0.9401913464639131,0.01925496735627738,21.010000228881836,20.04800033569336,0.10057622110776498
2026-02-24,MSFT,388.1593017578125,0.01178251519260276,0.01710068890954811,0.01299330027380414,0.025567787415468987,0.019665794078365863,0.01982615171389049,0.01248542653962912,0.7331414116488623,0.019368323643817038,19.549999237060547,19.9,-0.06949076515545527
2026-02-25,MSFT,399.7342224121094,0.0298200264733548,0.02271020392452667,0.017224163951808695,0.02641535434708419,0.028232644498939998,0.022349562425958303,0.01404226338911356,0.9294066980640974,0.014918507247755314,17.93000030517578,19.561999893188478,-0.082864398726613
2026-02-26,MSFT,400.851806640625,0.0027958182358562844,0.022695680506647525,0.015946436555280847,0.026408756624343024,0.021781340170794083,0.022810845059093886,0.014286299823682751,0.7349236718265553,0.01574277187517057,18.6299991607666,19.24199981689453,0.03904064939635021
2026-02-27,MSFT,391.8912048339844,-0.022353901512221608,0.025234490406877478,0.01736249232234082,0.026369584952104924,0.01767073028968779,0.023847701729070844,0.014674140411451906,1.1962216710034104,0.00835040167936308,19.860000610351562,19.395999908447266,0.06602262506673928
2026-03-02,MSFT,397.6886291503906,0.014793453501622311,0.01925496735627738,0.01815463501436415,0.02660899728119677,0.026496042860448415,0.02276931037964723,0.013966996843174857,0.848953767726073,0.007859738099614825,21.440000534057617,19.481999969482423,0.07955689200142912
2026-03-03,MSFT,403.0570068359375,0.013498946894749508,0.019368323643817038,0.018196451081883752,0.026728539735478767,0.03473373860246668,0.025782899284467392,0.015986748776191505,0.9185685180498285,0.008465633143891203,23.56999969482422,20.286000061035157,0.09934697330735043
2026-03-04,MSFT,404.32427978515625,0.0031441531290252733,0.014918507247755314,0.01812590489923794,0.026717127854845535,0.026456073291592018,0.025427585042997795,0.015717824133739962,0.8884308234484405,0.008452143035781614,21.149999618530273,20.929999923706056,-0.10267289383229639
2026-03-05,MSFT,409.79241943359375,0.013524143668401711,0.01574277187517057,0.018468347864870834,0.02662727556475332,0.017556227680100903,0.02458256254485916,0.015348883886908022,0.974929766775826,0.0040309684988976465,23.75,21.954000091552736,0.12293146233401209
2026-03-06,MSFT,408.0761413574219,-0.004188164531066962,0.00835040167936308,0.01851309794062768,0.026410482547532553,0.011101276707265444,0.023268671828374693,0.014897778732114158,0.8137828972740905,0.006478253084674381,29.489999771118164,23.879999923706055,0.24168420088918596
2026-03-09,MSFT,408.5251770019531,0.0011003722075924038,0.007859738099614825,0.01390299631462513,0.025554236614323177,0.01638941744231522,0.02124734674474805,0.013792749941195764,0.8126892356887518,0.01003984601128589,25.5,24.69199981689453,-0.1353000950181722
2026-03-10,MSFT,404.8830871582031,-0.008915215141642507,0.008465633143891203,0.01453747043969561,0.025446105436759715,0.017917042971901696,0.017884007618635057,0.01115365147916805,0.8713404047892064,0.009798662176586526,24.93000030517578,24.963999938964843,-0.022352929208792838
2026-03-11,MSFT,404.0049743652344,-0.0021688058128880305,0.008452143035781614,0.011506967645592277,0.02495953954465732,0.018326450647722134,0.01625808308986108,0.00990981445264808,0.7202578937762107,0.012051166490394076,24.229999542236328,25.579999923706055,-0.028078650395929716
2026-03-12,MSFT,400.9914855957031,-0.007459038776109095,0.0040309684988976465,0.011794684495473091,0.024921775059952186,0.01097398054760608,0.014941633663362115,0.00918021589981704,0.7866228613684645,0.01204462741175222,27.290000915527344,26.288000106811523,0.12628978254650813
2026-03-13,MSFT,394.6951293945313,-0.015701969810700822,0.006478253084674381,0.010504829485319719,0.017600911898576852,0.02667169287966358,0.01805571689784174,0.011214722562604721,0.7905373433787639,0.012607110346406615,27.190000534057617,25.828000259399413,-0.0036643597696923713
2026-03-16,MSFT,399.0856323242187,0.011123782896491408,0.01003984601128589,0.010012808307386734,0.01775894922223807,0.014601815626067771,0.017698196534592252,0.011031909058799397,0.8243327934123998,0.009923966357169854,23.510000228881836,25.43000030517578,-0.13534388499059757
2026-03-17,MSFT,398.5467834472656,-0.0013502086602689145,0.009798662176586526,0.008892030923036648,0.017564605059791617,0.016649542664209482,0.01744469647305381,0.010884308761842666,0.7864253526625207,0.011657718312845412,22.3700008392334,24.918000411987304,-0.048489977820074914
2026-03-18,MSFT,390.9432678222656,-0.019078100591435554,0.012051166490394076,0.010370444103515402,0.017136292249607995,0.01786671392156596,0.017352749127822573,0.010816776522053978,0.7737219149337423,0.011781678680459463,25.09000015258789,25.090000534057616,0.12159138181989015
2026-03-19,MSFT,388.1792297363281,-0.007070176962847952,0.01204462741175222,0.008538790858328774,0.017086685127079542,0.013958132818697963,0.01794957958204095,0.011063617257467177,0.7542216602459259,0.011632396244398765,24.059999465942383,24.444000244140625,-0.041052239154301895
2026-03-20,MSFT,381.0447082519531,-0.018379451907360234,0.012607110346406615,0.009450967179245599,0.014895248279739872,0.01801661552566123,0.01621856411124048,0.009762624257479367,1.4881242138275057,0.012873121509300018,26.780000686645508,24.362000274658204,0.11305075981208423
2026-03-23,MSFT,382.1722717285156,0.002959136952026542,0.009923966357169854,0.00963978319991041,0.014440979569367556,0.014438639110435659,0.016185928808114057,0.00973038490721715,0.8861113412465078,0.01392140284603614,26.149999618530273,24.89000015258789,-0.023525057952272554
2026-03-24,MSFT,371.9344177246094,-0.026788584000617788,0.011657718312845412,0.011578037613226243,0.01381038984139917,0.02849169768585809,0.01855435981244378,0.011491271192545036,1.2591956559788928,0.021478012676068345,26.950000762939453,25.8060001373291,0.03059277843515873
2026-03-25,MSFT,370.2381286621094,-0.004560720873527657,0.011781678680459463,0.01145930079406487,0.01380403318983709,0.02002477496946722,0.018985972022024032,0.011743416642116106,0.9359506324552556,0.02141082883507361,25.329999923706055,25.854000091552734,-0.06011134669284157
2026-03-26,MSFT,365.1790771484375,-0.01366431796733969,0.011632396244398765,0.011556413387494554,0.013519678597066168,0.02604038240158831,0.0214024219386021,0.01310647460714605,1.101686956844219,0.02051092502201052,27.440000534057617,26.530000305175783,0.08330045861456314
2026-03-27,MSFT,355.9989318847656,-0.02513874928256188,0.012873121509300018,0.012489352556375071,0.014096232831372426,0.016649389310541673,0.02112897669557819,0.012971736217125746,1.15630899492863,0.013624831699934822,31.049999237060547,27.38400001525879,0.13155971693667867
2026-03-30,MSFT,358.1842041015625,0.00613842352061944,0.01392140284603614,0.011612554443664934,0.014206415030194127,0.0252952607210041,0.023300301017691878,0.01410764500252426,1.3481517572815227,0.014435826760928316,30.610000610351562,28.276000213623046,-0.014170648551379394
2026-03-31,MSFT,369.3699951171875,0.031229157756083703,0.021478012676068345,0.017568022568915525,0.015474593326054914,0.026555329215462494,0.02291302732361276,0.013903438559005365,1.3473328367189323,0.005849804464754226,25.25,27.936000061035156,-0.17510619090085677
2026-04-01,MSFT,368.57171630859375,-0.0021611901863888283,0.02141082883507361,0.01713139837591672,0.015380395178470847,0.01567527981125478,0.02204312829197027,0.01350167434254287,0.8844305710787427,0.006096598150547696,24.540000915527344,27.778000259399413,-0.028118775622679504
2026-04-02,MSFT,372.6528625488281,0.011072868751592857,0.02051092502201052,0.017917966814972836,0.015574597528956837,0.02541107740879563,0.021917267293411737,0.013496947768518999,0.7411444158449062,0.004227063960753433,23.8700008392334,27.06400032043457,-0.027302365578560805
2026-04-06,MSFT,372.0741271972656,-0.0015530146410365209,0.013624831699934822,0.017185297959699298,0.015573560638077986,0.011344161475371877,0.02085622172637778,0.0131079241258191,0.5082789795764184,0.017399874831833174,24.170000076293945,25.68800048828125,0.012568044680059565
2026-04-07,MSFT,371.48541259765625,-0.0015822508381434508,0.014435826760928316,0.01709219619460335,0.014496832894078935,0.01582103874196982,0.018961377330570923,0.01201922343627646,0.68437294244971,0.018064732404615546,25.780000686645508,24.722000503540038,0.06661152690399286
2026-04-08,MSFT,373.52099609375,0.005479578543501118,0.005849804464754226,0.014951271957719628,0.014350561551578569,0.03630485621078352,0.020911282729635126,0.013643305063284232,1.0529959691968551,0.02328837489478641,21.040000915527344,23.88000068664551,-0.18386344627110762
2026-04-09,MSFT,372.26373291015625,-0.003365977272341003,0.006096598150547696,0.014910827037294799,0.013103317772812793,0.017289013001320786,0.021234029367648326,0.013801034838549527,0.9617165689476204,0.019621150042087917,19.489999771118164,22.870000457763673,-0.07366925270736524
2026-04-10,MSFT,370.0684814453125,-0.005897032858082851,0.004227063960753433,0.014271168967164186,0.01308313445370579,0.015126637212503487,0.019177141328389897,0.012611776712131042,0.8870874344926869,0.015287490171398894,19.229999542236328,21.94200019836426,-0.013340186348648642
2026-04-13,MSFT,383.539306640625,0.03640089840318694,0.017399874831833174,0.014803569990519393,0.014356273207603477,0.03517449255405055,0.023943207544125635,0.015560183779225505,1.1123946212901559,0.0213097822839249,19.1200008392334,20.932000350952148,-0.005720161498773413
2026-04-14,MSFT,392.2604064941406,0.022738477393367207,0.018064732404615546,0.015536996080182124,0.014719084981642563,0.020783021882356357,0.02493560417220294,0.015979683953880504,1.1496463805504398,0.021084208777435803,18.360000610351562,19.448000335693358,-0.039748964201003045
2026-04-15,MSFT,410.3312683105469,0.046068533854630056,0.02328837489478641,0.018328773924093936,0.01682636019969404,0.04289670754947531,0.026253974439941298,0.017283217460058915,1.3425953305578724,0.013609195317908272,18.170000076293945,18.87400016784668,-0.010348612622076536
2026-04-16,MSFT,419.3517456054687,0.02198340217176664,0.019621150042087917,0.01803125161306744,0.017265315927824938,0.020653863023088945,0.026926944444294932,0.017554336111785508,1.2122584756408021,0.024260121205904712,17.940000534057617,18.56400032043457,-0.012658202601573132
2026-04-17,MSFT,421.8762817382813,0.006020092104702224,0.015287490171398894,0.018165737659205483,0.017136886844907714,0.02575743019173622,0.02905310304014148,0.01841022298261788,1.3672494324733353,0.02638636931334244,17.479999542236328,18.21400032043457,-0.02564108016318145
2026-04-20,MSFT,417.1664733886719,-0.011163956243767315,0.0213097822839249,0.01922293084693812,0.017258148895330252,0.01681536263338063,0.025381277056007494,0.01633265673193451,0.8027646896694637,0.025528463833242615,18.8700008392334,18.16400032043457,0.07951952708227816
2026-04-21,MSFT,423.2433166503906,0.014566950244961241,0.021084208777435803,0.018656065523333876,0.017438346496508945,0.02352881078504572,0.02593043483654537,0.016598387436840164,0.929550143383657,0.025142980282786588,19.5,18.392000198364258,0.03338628154465928
2026-04-22,MSFT,431.984375,0.020652560845584977,0.013609195317908272,0.018567687572996434,0.017673542086319338,0.023168249256674996,0.0219847431779853,0.013359668705637505,0.8689291758627564,0.023412432956579948,18.920000076293945,18.542000198364256,-0.029743585831079722
2026-04-23,MSFT,414.8514709472656,-0.039660934617680055,0.024260121205904712,0.024960230892252133,0.01925602341857466,0.029464822609741495,0.023746935095315815,0.014465345609448616,1.1212316337879764,0.02327287037727845,19.309999465942383,18.81599998474121,0.02061307547969271
2026-04-24,MSFT,423.7023010253906,0.021334937195510273,0.02638636931334244,0.024369729592958893,0.019532280640051084,0.021548736562764265,0.022905196369521423,0.01401107579953664,0.8148312136614967,0.02200342372745613,18.709999084472656,19.061999893188478,-0.03107200404267052
2026-04-27,MSFT,423.9018859863281,0.0004710499812119462,0.025528463833242615,0.023308272501092193,0.019247342428637893,0.023633486780864608,0.024268821199018218,0.014727488750775158,0.9256607230171562,0.02188800200265409,18.020000457763672,18.891999816894533,-0.03687860291140321
2026-04-28,MSFT,428.3222961425781,0.010427908679775388,0.025142980282786588,0.022899910467376564,0.019237083586796086,0.01868379622888752,0.02329981828778658,0.014218529318170154,0.9328745085936162,0.02014953083705667,17.829999923706055,18.55799980163574,-0.010543869546671303
2026-04-29,MSFT,423.5426330566406,-0.011159034047451222,0.023412432956579948,0.01952912975778134,0.01938820530662641,0.01538425036694641,0.02174301850984086,0.013409726855885394,1.1861129100135888,0.021020993080607436,18.809999465942383,18.53599967956543,0.054963519149170637
2026-04-30,MSFT,406.8987121582031,-0.03929691983619443,0.02327287037727845,0.022430582511675998,0.02047472347118122,0.04024229660903738,0.023898513309700036,0.015345112839259616,2.0640140858291907,0.010117715292489128,16.889999389648438,18.051999664306642,-0.10207337218538048
2026-05-01,MSFT,413.5443115234375,0.01633231850252348,0.02200342372745613,0.02310699589246892,0.02058103395479701,0.01609396503924415,0.022807559004996016,0.014833718617141398,0.9036152212809444,0.011432286545569001,16.989999771118164,17.707999801635744,0.00592068591376127
2026-05-04,MSFT,412.72607421875,-0.0019785964451384253,0.02188800200265409,0.022872552612436262,0.02022710621099042,0.024128453904895354,0.022906552429802163,0.014858821840491993,0.7947527881759339,0.011767281569418338,18.290000915527344,17.761999893188477,0.07651566579883617
2026-05-05,MSFT,410.4909362792969,-0.005415548178495877,0.02014953083705667,0.022242040059757863,0.020283452233325963,0.01939814986535707,0.02304942315709607,0.014905217275647965,0.7234058782691277,0.012761479515873789,17.3799991607666,17.671999740600587,-0.04975405736520189
2026-05-06,MSFT,413.0653381347656,0.0062715193636264654,0.021020993080607436,0.020984446455680393,0.019516154751339852,0.03215293349820315,0.026403159783347417,0.01674524711845977,0.8558073214916969,0.012014885039894787,17.389999389648438,17.387999725341796,0.0005753871901450491
2026-05-07,MSFT,419.8606262207031,0.016450879458010714,0.010117715292489128,0.017716302342385238,0.019586881142504654,0.021912212043249075,0.02273714287018976,0.014030862374688743,0.9811410077119855,0.009449703996273482,17.079999923706055,17.42599983215332,-0.01782630689032183
2026-05-08,MSFT,414.2228393554687,-0.013427757958591968,0.011432286545569001,0.016741560916157184,0.019579409711490345,0.011153413319696761,0.02174903252628028,0.01367634287180484,0.9304893738948561,0.017299742660679927,17.190000534057617,17.46599998474121,0.006440316794081857
2026-05-11,MSFT,411.7681579589844,-0.0059259923965172545,0.011767281569418338,0.01675324082287777,0.018881879716204995,0.017423550568505093,0.02040805185900223,0.01295234129244941,0.9939959499109156,0.01652114340691356,18.3799991607666,17.48399963378906,0.0692262123175218
2026-05-12,MSFT,406.8887023925781,-0.01185000702966521,0.012761479515873789,0.01627737463037125,0.01912962811719438,0.021727899527361857,0.02087400179140319,0.013202881032094545,1.0742164069743265,0.017222836051541904,17.989999771118164,17.605999755859376,-0.021218683757119994
2026-05-13,MSFT,404.3342590332031,-0.006277990380058274,0.012014885039894787,0.016144805091783464,0.018534514117937623,0.013030277857504878,0.01704947066326353,0.010548632917704194,0.8438232542251106,0.01607768829418017,17.8700008392334,17.702000045776366,-0.006670313141271755
2026-05-14,MSFT,408.5451354980469,0.010414344989990054,0.009449703996273482,0.011113344250003501,0.018551627463220977,0.026768902257136552,0.01802080870604103,0.011381570126946336,0.7864573939193795,0.0165859752147519,17.260000228881836,17.738000106811523,-0.0341354550477867
2026-05-15,MSFT,421.0081481933594,0.030505840389261074,0.017299742660679927,0.013913663559399103,0.019150984415111923,0.036168015927119934,0.023023729227525665,0.014684018239411569,1.4699306829848182,0.008675957372843357,18.43000030517578,17.986000061035156,0.06778679378787822
2026-05-18,MSFT,422.6246643066406,0.00383963141857957,0.01652114340691356,0.013856066753693132,0.0191199001566159,0.022453627930680748,0.024029744699960796,0.01517430996931066,0.9360470873586171,0.008383483830557927,17.81999969482422,17.87400016784668,-0.03309824201035161
2026-05-19,MSFT,416.5178833007813,-0.014449655975185771,0.017222836051541904,0.014695572731684394,0.01940171602427949,0.03883383990035395,0.027450932774559213,0.01737558167737492,0.9477928431359744,0.006502169541109695,18.059999465942383,17.888000106811525,0.01346800085456068
2026-05-20,MSFT,420.1499938964844,0.008720179231968883,0.01607768829418017,0.01480290124945632,0.019419233716105887,0.02564959476836544,0.029974796156731327,0.018385607007329916,0.801570576629402,0.017732052567174868,17.440000534057617,17.802000045776367,-0.03432995294678509
2026-05-21,MSFT,419.0899963378906,-0.0025229027109182622,0.0165859752147519,0.013905113935357427,0.019408647452615516,0.02536449205588309,0.029693914116480636,0.018208185883051346,0.9121766804596579,0.02821499481646131,16.760000228881836,17.702000045776366,-0.03899084199268488
2026-05-22,MSFT,418.5700073242187,-0.001240757398687009,0.008675957372843357,0.013118803397287675,0.01934413252191336,0.019279946443864122,0.026316300219829468,0.016221047110990056,0.6554024238441516,0.026823044416795748,16.700000762939453,17.3560001373291,-0.003579920353401156
2026-05-26,MSFT,416.0299987792969,-0.0060683004048934786,0.008383483830557927,0.013127371798710182,0.01844665981587106,0.016224791528989865,0.02507053293949129,0.01565747461452553,0.8904131056342546,0.037821956722157164,17.010000228881836,16.900000381469727,0.025316460062143387
2026-05-27,MSFT,412.6700134277344,-0.008076305462157207,0.006502169541109695,0.012762687414479246,0.0181583520150741,0.015411868229321618,0.020386138605284827,0.012534730748339261,0.8484873928363197,0.04223228506966686,16.290000915527344,16.67000045776367,-0.042328001391321646
2026-05-28,MSFT,426.989990234375,0.034700793226276616,0.017732052567174868,0.016128384324794423,0.017302251722153415,0.03939196981504914,0.023134613614621567,0.014959489829803456,1.3691634050979862,0.0394489505499284,15.739999771118164,16.466000366210938,-0.03376311316747249
2026-05-29,MSFT,450.239990234375,0.05445092515456418,0.02821499481646131,0.022390464298448647,0.019504678481892215,0.03991205048522842,0.026044125300490627,0.01724583366541294,2.279243235757162,0.026618147172651804,15.319999694824219,16.190000152587892,-0.026683613875561618
2026-06-01,MSFT,460.5199890136719,0.022832265019252507,0.026823044416795748,0.021730852299517954,0.019846207204811336,0.01748027990660755,0.02568419199303932,0.017108642909446588,1.487189676589926,0.017074396584224032,16.049999237060547,16.08199996948242,0.04765010161736205
2026-06-02,MSFT,441.30999755859375,-0.04171369737114239,0.037821956722157164,0.027095968018684625,0.021332277142645743,0.029616386205896815,0.02836251092842071,0.018314981621683556,1.0144544863907827,0.013128391218120166,15.770000457763672,15.83400001525879,-0.017445407639044563
2026-06-03,MSFT,427.3399963378906,-0.03165575513355168,0.04223228506966686,0.028928811991415886,0.02205747913515797,0.03776855615376535,0.032833848513309456,0.02046644832364863,1.0500624262206535,0.010576065763311254,16.059999465942383,15.787999725341797,0.01838928343441748
2026-06-04,MSFT,428.0499877929687,0.0016614205577816232,0.0394489505499284,0.02885820601131249,0.021730935837845737,0.022754328961891848,0.029506320342677993,0.01845376866295326,0.7268845406213735,0.005601768069380451,15.399999618530273,15.719999694824219,-0.04109588227644323
2026-06-05,MSFT,416.6700134277344,-0.026585620113925512,0.026618147172651804,0.030267949070684336,0.021029446105812845,0.03616772707074692,0.028757455659781696,0.017690692256899624,0.9400961740262559,0.008303255847968299,21.510000228881836,16.957999801635744,0.3967532962143463
2026-06-08,MSFT,411.739990234375,-0.011831960627074034,0.017074396584224032,0.030494055227140774,0.02075875398890454,0.02088698282287382,0.02943879624303495,0.017955183321788595,0.8687648407822666,0.018128309619952602,18.920000076293945,17.53199996948242,-0.12040911785348352
2026-06-09,MSFT,403.4100036621094,-0.020231181740505533,0.013128391218120166,0.03106731520011901,0.021058809853575878,0.033464713015167104,0.03020846160488901,0.018460030013709838,0.956676211586798,0.01718725770034735,19.8700008392334,18.352000045776368,0.05021145661250648
2026-06-10,MSFT,397.3599853515625,-0.014997194555478321,0.010576065763311254,0.03127812804741627,0.021076463977070255,0.019830896852486797,0.026620929744633298,0.0163722921645086,0.8896715512664493,0.022765273669203643,22.219999313354492,19.584000015258788,0.11826866506623457
2026-06-11,MSFT,390.3399963378906,-0.017666572560045224,0.005601768069380451,0.028458781939191536,0.021204054745149928,0.032920034390716786,0.02865407083039828,0.017590118789456214,1.2595239562154725,0.022592313997670664,19.440000534057617,20.392000198364258,-0.12511246018023325
2026-06-12,MSFT,390.739990234375,0.0010247320290952544,0.008303255847968299,0.018630044931476627,0.02003707746531199,0.024236068632296368,0.026267739142708173,0.0161421878052493,0.9203541691826352,0.024885636845850104,17.68000030517578,19.626000213623048,-0.09053498871043908
2026-06-15,MSFT,399.760009765625,0.023084454513702557,0.018128309619952602,0.018685406187320668,0.02027679351088327,0.022263342202994106,0.026543011018732233,0.016293242386855082,0.8730609802508457,0.02312349552487975,16.200000762939453,19.08200035095215,-0.08371037990327757
2026-06-16,MSFT,393.8299865722656,-0.014833957996038927,0.01718725770034735,0.015975125363061223,0.02043489553560595,0.015615859904451143,0.02297324039658904,0.014247565406354098,0.8537289878964648,0.023537209408672138,16.40999984741211,18.39000015258789,0.012962905838441063
2026-06-17,MSFT,378.9100036621094,-0.03788432424867805,0.022765273669203643,0.016952672681961822,0.021489669619182823,0.03444086370600564,0.02589523376729281,0.016079310064716332,1.1240697795045294,0.02274927145991158,18.440000534057617,17.634000396728517,0.12370510088491216
2026-06-18,MSFT,379.3999938964844,0.0012931572923366996,0.022592313997670664,0.01692048790159175,0.02143921908755572,0.021323132493507372,0.023575853387850926,0.014613412998518755,1.5332608310223275,0.03956341160950044,16.399999618530273,17.026000213623046,-0.11062911369007722
2026-06-22,MSFT,367.3399963378906,-0.03178702623248908,0.024885636845850104,0.01749359758085511,0.02176687320596821,0.03963629799027132,0.026655899259445913,0.016718373738865342,1.1396838104123994,0.036815891523236124,17.280000686645508,16.94600028991699,0.0536586029624615
2026-06-23,MSFT,373.94000244140625,0.01796702283800511,0.02312349552487975,0.019961783367840776,0.02206145189707982,0.017516146307441624,0.025706460080335412,0.016292188192711096,1.0024654955172472,0.03623475662654224,19.489999771118164,17.604000091552734,0.1278934604545825
2026-06-24,MSFT,365.4599914550781,-0.022677464114465473,0.023537209408672138,0.02012355769637975,0.02234379426000109,0.03858153131174902,0.03029959436179499,0.01875075743564098,1.078943525021377,0.03566261878606108,18.6299991607666,18.047999954223634,-0.044125224240688765
2026-06-25,MSFT,352.8299865722656,-0.03455919985256439,0.02274927145991158,0.021598137831350186,0.023003366074022348,0.04259841666325737,0.031931104953245346,0.01990719147061922,1.5348666770260524,0.025321296384355253,18.889999389648438,18.137999725341796,0.013955997884818938
2026-06-26,MSFT,372.9700012207031,0.05708135763656941,0.03956341160950044,0.0304055952401647,0.025595623592839963,0.05678738935158513,0.039023956324860894,0.024592835497436964,3.719222673161335,0.01785659167421223,18.40999984741211,18.539999771118165,-0.025410246572022843
2026-06-29,MSFT,368.5700073242187,-0.011797179081651565,0.036815891523236124,0.030434444435051094,0.025534137420285444,0.05589170495198349,0.042275037717203326,0.02681667607800913,1.053172031659774,0.014588457846483148,17.649999618530273,18.613999557495116,-0.04128192477897652
2026-06-30,MSFT,373.0199890136719,0.012073640288203569,0.03623475662654224,0.029472943582083112,0.024911444724875168,0.01796145484634471,0.042364099424983946,0.02684313631916478,0.9323040983611658,0.018282576945719213,16.450000762939453,18.005999755859374,-0.06798860518563254
2026-07-01,MSFT,384.2799987792969,0.030186076074363744,0.03566261878606108,0.031433773174005995,0.025641155352962332,0.036275559404886575,0.04190290504361146,0.026701181675431035,0.9857483646672978,0.01214451170598162,16.59000015258789,17.59799995422363,0.008510600799718215
2026-07-02,MSFT,390.489990234375,0.01616006941502235,0.025321296384355253,0.029143106823044312,0.025772346615054766,0.02176752340027522,0.037736726391015024,0.024889444072402914,0.8612619585502005,0.008585653779331319,16.149999618530273,17.05,-0.026522033153145053
2026-07-06,MSFT,386.739990234375,-0.009603319147180267,0.01785659167421223,0.029432654791574434,0.025730792200319767,0.020504713440612794,0.030480191208820562,0.02020858829100549,0.6944686111327836,0.010598740766741653,15.569999694824219,16.481999969482423,-0.035913308817702494
2026-07-07,MSFT,388.8399963378906,0.0054300205733650575,0.014588457846483148,0.02688569215089614,0.02577085182616243,0.01890239217348574,0.023082328653121008,0.01450124726336773,0.5978187344627834,0.012902949231634589,16.1299991607666,16.177999877929686,0.035966568845119395
2026-07-08,MSFT,383.3399963378906,-0.014144635458798516,0.018282576945719213,0.02721666403540157,0.025862237414255505,0.010382456890357952,0.021566529061923655,0.013946701273834983,0.5320153163111485,0.016205929846588543,16.899999618530273,16.26799964904785,0.0477371666352322
2026-07-09,MSFT,384.3599853515625,0.0026607946559606965,0.01214451170598162,0.025717870438572425,0.025871038909418585,0.029399490643213008,0.020191315309588943,0.012747258664638942,0.6410664531648418,0.01632453088222009,15.84000015258789,16.117999649047853,-0.06272186330585061
2026-07-10,MSFT,385.1000061035156,0.0019253324491523838,0.008585653779331319,0.021701618072686876,0.025858670771718682,0.02703194883697599,0.0212442003969291,0.013421698557847016,0.5124668500098825,0.02036625266232126,15.029999732971191,15.893999671936035,-0.05113638963471623
2026-07-13,MSFT,390.989990234375,0.015294687191659273,0.010598740766741653,0.014109110157249702,0.025142207855604864,0.02429729721291668,0.022002717151389874,0.013878562534732799,0.6129326805113124,0.02134379160196262,17.15999984741211,16.211999702453614,0.14171657699822537
2026-07-14,MSFT,384.9299926757813,-0.01549911176744212,0.012902949231634589,0.014632374271648528,0.022800737145893896,0.024783749581595294,0.023178988633011786,0.014556834175499737,0.5950699397624069,0.0203477664209121,16.5,16.285999870300294,-0.03846152991147278
2026-07-15,MSFT,395.6300048828125,0.027797294081065793,0.016205929846588543,0.016293359348089988,0.023026327630346722,0.03174682760048516,0.02745186277503723,0.01667139818619775,0.7709625383408389,0.018875634536226815,15.670000076293945,16.039999961853027,-0.05030302567915479
2026-07-16,MSFT,401.1000061035156,0.013826052506617614,0.01632453088222009,0.014296292449575435,0.022172514419875396,0.034754430888262515,0.028522850824047125,0.017374115663659664,0.783226984221784,0.017957326584010076,16.729999542236328,16.217999839782713,0.06764514746531392
2026-07-17,MSFT,393.8200073242187,-0.018150083940457806,0.02036625266232126,0.015242103844030915,0.02170153579152997,0.022853079662330626,0.027687076989118053,0.016948235237432756,0.7053772804179785,0.017707724492041627,18.770000457763672,16.96599998474121,0.12193669882519642
2026-07-20,MSFT,402.2900085449219,0.021507290292974268,0.02134379160196262,0.016003846035084906,0.02213077081465164,0.03363245045094402,0.02955410763672352,0.018117435408105974,0.6167308325981121,0.016887467983306193,18.649999618530273,17.263999938964844,-0.006393225162856231
2023-09-12,NVDA,44.78644943237305,-0.006817476799303335,0.009402105246745203,0.01979402447756718,0.02946235578115173,0.025451351301490212,0.03266682920401341,0.02001528399441788,0.5705137116143162,0.019242717048897587,14.229999542236328,14.1439998626709,0.031159372866542467
2023-09-13,NVDA,45.40030670166016,0.013706316912083683,0.012202007607339645,0.013646177945860318,0.029572493154330505,0.031373022622324394,0.030573579578129718,0.01867670497834386,0.6658445744210079,0.017852653087296333,13.479999542236328,13.949999809265137,-0.052705553346921175
2023-09-14,NVDA,45.49612808227539,0.002110588839077776,0.010988828312149866,0.012785436614094247,0.02816117245176879,0.018779732099980687,0.029173922470234266,0.01803628388304796,0.6268553548760926,0.015891910565315012,12.819999694824219,13.633999824523926,-0.04896141467543513
2023-09-15,NVDA,43.8182487487793,-0.0368796072154054,0.01875380544954066,0.015219866616662735,0.028996093177709417,0.040797273438706996,0.03147452029149526,0.01949861738698905,0.8545105254909868,0.019139621841086696,13.789999961853027,13.623999786376952,0.07566304915127442
2023-09-18,NVDA,43.88412857055664,0.0015034791133494707,0.01911815579917425,0.015593586081879504,0.028989006371478835,0.050993963518736016,0.03347906859624766,0.021318581049489378,0.8494293653360772,0.02192053021398502,14.0,13.66399974822998,0.015228429204342975
2023-09-19,NVDA,43.43896484375,-0.010144071246416808,0.019242717048897587,0.015154988884111785,0.028869750920904366,0.022150751189441348,0.032818948573837894,0.02106381926134911,0.6511010402652616,0.02188361853437221,14.109999656677246,13.639999771118164,0.007857118334088975
2023-09-20,NVDA,42.16034698486328,-0.029434814192417114,0.017852653087296333,0.014996505670937615,0.029202084107741857,0.03977367760347518,0.03449907957006805,0.021946362560990064,0.6631707796449485,0.01927179646326191,15.140000343322754,13.97199993133545,0.07299792428826057
2023-09-21,NVDA,40.94062423706055,-0.028930567109436978,0.015891910565315012,0.01598306131029149,0.028392151174786277,0.02730572637076876,0.036204278424225654,0.022552623475751547,0.8391261051629407,0.009692581718689145,17.540000915527344,14.916000175476075,0.15852050976095722
2023-09-22,NVDA,41.53252410888672,0.014457519465234991,0.019139621841086696,0.01794372119065184,0.028521503260768768,0.021244957283825746,0.032293815193249406,0.020621994377982455,0.9521707245788819,0.009363443800302537,17.200000762939453,15.59800033569336,-0.019384272225830057
2023-09-25,NVDA,42.14337921142578,0.014707873302801655,0.02192053021398502,0.019438991023958532,0.027814854294904903,0.03218703888349414,0.028532430266201038,0.017499522706981623,0.8767660174846506,0.01318887295432559,16.899999618530273,16.178000259399415,-0.017441926226863136
2023-09-26,NVDA,41.83295822143555,-0.0073658305479706865,0.02188361853437221,0.019440533554434723,0.024554034480939516,0.02779702071146457,0.02966168417060568,0.018046154481780607,0.8672657528529103,0.021504291920447786,18.940000534057617,17.144000434875487,0.12071011606950299
2023-09-27,NVDA,42.388912200927734,0.013289855729287536,0.01927179646326191,0.01939252203911833,0.02467750518236047,0.029269098480866954,0.02756076834608403,0.016682061046053732,0.9864912983190837,0.021430780981140832,18.219999313354492,17.760000228881836,-0.03801484690607215
2023-09-28,NVDA,43.008766174316406,0.014623021474353903,0.009692581718689145,0.020399430885917967,0.02476708201831794,0.03088949489102901,0.028277522050136082,0.017195418067619067,0.9751145032734164,0.021436469409420716,17.34000015258789,17.720000076293946,-0.0482985287557941
2023-09-29,NVDA,43.41800308227539,0.009515197583216617,0.009363443800302537,0.017521692118268012,0.024819057799226007,0.019241862800690616,0.027876903153509058,0.0170192220217465,0.9274212395385949,0.022722508503038627,17.520000457763672,17.78400001525879,0.010380640345549086
2023-10-02,NVDA,44.698612213134766,0.0294948878333412,0.01318887295432559,0.019988798623379187,0.025377226037785167,0.029342127018630336,0.027307920780536298,0.016626808897831077,1.0137118436504275,0.02134563425556094,17.610000610351562,17.92600021362305,0.0051369948765045415
2023-10-03,NVDA,43.43596649169922,-0.028247984868409737,0.021504291920447786,0.02193785939989535,0.020507196950175756,0.043293488970626966,0.030407214432368778,0.018781221907037886,1.090316961867736,0.012776808446199616,19.780000686645508,18.094000244140624,0.1232254401523627
2023-10-04,NVDA,43.958988189697266,0.012041212392453593,0.021430780981140832,0.01949497827773325,0.020093403507670377,0.01932294299461136,0.028417983335117657,0.01782207085510199,0.8483405038329612,0.013842817036509162,18.579999923706055,18.166000366210938,-0.06066737721347171
2023-10-05,NVDA,44.604793548583984,0.014691087886278487,0.021436469409420716,0.015736728063049567,0.019364943837943772,0.022645923823342642,0.026769269121580386,0.016890198651982942,0.9269064415360598,0.014326798488587443,18.489999771118164,18.39600028991699,-0.004843926423974909
2023-10-06,NVDA,45.67678451538086,0.024033088856901808,0.022722508503038627,0.016401865744557747,0.019919338344639426,0.03852542389553258,0.03062598134054878,0.019236685004638758,1.0280551312773698,0.020824573988406536,17.450000762939453,18.382000350952147,-0.05624656684978524
2023-10-09,NVDA,45.18869400024414,-0.010685745949835068,0.02134563425556094,0.017467754326257724,0.019517698821628345,0.027323118508566422,0.030222179638535997,0.019019578366932275,0.9768915402992947,0.020916410495766376,17.700000762939453,18.400000381469727,0.01432664693808805
2023-10-10,NVDA,45.71272277832031,0.011596457690796313,0.012776808446199616,0.016731967210281747,0.019352361113370624,0.02556874996824415,0.026677231838059434,0.016673245202787488,0.8768826180816031,0.029853882458946334,17.030000686645508,17.850000381469727,-0.03785311002340763
2023-10-11,NVDA,46.718841552734375,0.022009600681480723,0.013842817036509162,0.017199030107745768,0.018174203473177913,0.017284150041173903,0.026269473247371937,0.016508786420337807,0.9017834295562853,0.02701144678116651,16.09000015258789,17.352000427246093,-0.05519674081955506
2023-10-12,NVDA,46.85758972167969,0.0029698546525109837,0.014326798488587443,0.017238732702249748,0.01807311033880313,0.0272446338678811,0.027189215256279632,0.016986641268093516,1.132842076177731,0.025971404967404712,16.690000534057617,16.992000579833984,0.03729026574143468
2023-10-13,NVDA,45.376346588134766,-0.031611594671067555,0.020824573988406536,0.021430039500348847,0.018877451853161063,0.04038631814111363,0.02756139410539584,0.01706760053036626,1.120185404783827,0.025331795909738608,19.31999969482422,17.366000366210937,0.15757933352966802
2023-10-16,NVDA,46.0091667175293,0.013946035257937694,0.020916410495766376,0.01993751380885692,0.018902649091714654,0.02848464455082987,0.02779369931384853,0.01722360362807084,0.8995432245940713,0.03398942758881658,17.209999084472656,17.268000030517577,-0.10921328383441054
2023-10-17,NVDA,43.85618591308594,-0.046794605467677,0.029853882458946334,0.023685346938633237,0.020620152769032372,0.051754792876557675,0.03303090789551123,0.021104299304809202,1.8506202560987626,0.029954425083266876,17.8799991607666,17.437999725341797,0.03893086065869911
2023-10-18,NVDA,42.1174201965332,-0.03964698891049523,0.02701144678116651,0.02653039854630182,0.02109893231589696,0.0330363312946575,0.03618134414620796,0.022384201892459477,1.3879381862662723,0.031105778580372865,19.219999313354492,18.063999557495116,0.07494408364001504
2023-10-19,NVDA,42.02260971069336,-0.0022510990796071884,0.025971404967404712,0.025736863149577984,0.020932700587162255,0.03360967333467745,0.03745435203956722,0.02296080459229214,1.102857096336762,0.03449385096021259,21.399999618530273,19.00599937438965,0.11342353709976805
2023-10-20,NVDA,41.3099365234375,-0.016959279591683862,0.025331795909738608,0.023666161174412784,0.020985023978966264,0.03363379976356194,0.03610384836405689,0.022211436341924296,1.0503504278507723,0.03444012290396679,21.709999084472656,19.483999252319336,0.01448595661066987
2023-10-23,NVDA,42.89497375488281,0.03836939402088002,0.03398942758881658,0.0281149067362331,0.02226467733444367,0.05358933067084171,0.04112478558805925,0.025484366477813703,1.0462888754761437,0.02859987350371809,20.3700008392334,20.115999603271483,-0.06172263020488311
2023-10-24,NVDA,43.58169937133789,0.01600946582644558,0.029954425083266876,0.028434335529304876,0.02246315216893289,0.023040028069211755,0.03538183262659007,0.022190635404131385,0.877863213026198,0.02527998097890029,18.969999313354492,20.333999633789062,-0.06872859441333212
2023-10-25,NVDA,41.701202392578125,-0.04314877588267019,0.031105778580372865,0.029167283080513272,0.023579699852313417,0.05014483961726469,0.03880353429111151,0.024277442230037846,0.8755763305879286,0.027265360779058393,20.190000534057617,20.527999877929688,0.0643121383691494
2023-10-26,NVDA,40.25090789794922,-0.03477824166736798,0.03449385096021259,0.029610417670127075,0.024279317621303965,0.058919789666640986,0.04386555755750422,0.027410587454411904,1.1740282004958686,0.018665635333974282,20.68000030517578,20.38400001525879,0.024269428338627552
2023-10-27,NVDA,40.42457962036133,0.0043147280765052365,0.03444012290396679,0.029508029495920754,0.023495454380233635,0.029407454125675157,0.043020288429926855,0.027079163903154343,0.9026081352197008,0.019040150961326104,21.270000457763672,20.296000289916993,0.02852998761514658
2023-10-30,NVDA,41.08435821533203,0.016321223403356733,0.02859987350371809,0.029740621114999085,0.023735180332852823,0.031218869058690684,0.038546196107496655,0.024242993291282842,0.8444722722956693,0.019023282337901324,19.75,20.172000122070312,-0.07146217325109949
2023-10-31,NVDA,40.704063415527344,-0.009256437640122739,0.02527998097890029,0.026937450402316387,0.023725126373727187,0.04043654057273988,0.042025498608202275,0.02590145603318317,1.121514854519667,0.013729572560190705,18.139999389648438,20.006000137329103,-0.08151901824564878
2023-11-01,NVDA,42.24618911743164,0.03788628388673421,0.027265360779058393,0.027677423350322434,0.02420888146035954,0.035723591502485975,0.039141248985246534,0.024322337339986105,0.939774341022633,0.011888276627341248,16.8700008392334,19.342000198364257,-0.0700109478029951
2023-11-02,NVDA,43.42498397827149,0.027902986883933112,0.018665635333974282,0.02893996872094585,0.0240615574344824,0.022755432629155612,0.03190837757774946,0.019686207230775455,0.8772595212862551,0.011636003372301112,15.65999984741211,18.338000106811524,-0.07172501076628712
2023-11-03,NVDA,44.92118835449219,0.03445492062747446,0.019040150961326104,0.029431456581618245,0.02468050355721161,0.03524049544529142,0.03307498584167272,0.02042245785322937,0.9113183241924635,0.009649469884416848,14.90999984741211,17.06599998474121,-0.047892720773170416
2023-11-06,NVDA,45.66580581665039,0.01657608557196011,0.019023282337901324,0.02775857951363632,0.02471362174593357,0.022644382095077638,0.0313600884489501,0.019600278369965685,0.8608984702533264,0.010217003110794598,14.890000343322754,16.09400005340576,-0.0013413483765277734
2023-11-07,NVDA,45.86943054199219,0.004459019647202966,0.013729572560190705,0.027564480155218615,0.02463716008600925,0.02306598882294977,0.02788597809899208,0.017340943359787222,0.7392428601233338,0.009761214814905456,14.8100004196167,15.428000259399415,-0.005372728130387805
2023-11-08,NVDA,46.487274169921875,0.013469616270122886,0.011888276627341248,0.021647400004349546,0.02463967742631846,0.01930265920610845,0.024601791639716576,0.015250203029316012,0.7494349554962271,0.017154456117410555,14.449999809265137,14.944000053405762,-0.02430794059092134
2023-11-09,NVDA,46.86257553100586,0.008073206437361202,0.011636003372301112,0.014663681194121871,0.024565497169525396,0.031522886436342386,0.026355282401153934,0.016281335785190483,1.1608613504622325,0.017144191420434777,15.289999961853027,14.870000076293945,0.058131499216304006
2023-11-10,NVDA,48.24500274658203,0.02949959962532378,0.009649469884416848,0.014707080588310086,0.025010743299262776,0.024599135172164537,0.024227010346528556,0.014764577006476483,0.9099036711079853,0.014202232492088195,14.170000076293945,14.722000122070312,-0.07325048321473948
2023-11-13,NVDA,48.52946090698242,0.005896116575939914,0.010217003110794598,0.015195840958574541,0.024542254369945886,0.020917361745270355,0.0238816062765671,0.014561426534294495,0.8289379033504964,0.01650992274006766,14.760000228881836,14.696000099182129,0.04163727236494141
2023-11-14,NVDA,49.56352996826172,0.02130806817041142,0.009761214814905456,0.012112028668879043,0.024026185600876254,0.015989986035208317,0.02246640571901881,0.013849590896853226,0.9398508019479824,0.015688177598257583,14.15999984741211,14.565999984741211,-0.04065043171853533
2023-11-15,NVDA,48.79696273803711,-0.015466356627856892,0.017154456117410555,0.01478943002635825,0.024259713852000788,0.03600061986489063,0.025805997850775246,0.016047765281890065,1.0904677723460443,0.018412454279799262,14.180000305175781,14.51200008392334,0.0014124617216946245
2023-11-16,NVDA,49.38786315917969,0.012109368862049497,0.017144191420434777,0.014037182375757094,0.024224201067094317,0.02415116624655911,0.024331653812818592,0.015182063940412452,0.7938691717362798,0.01836277731028208,14.319999694824219,14.318000030517577,0.009873017393189798
2023-11-17,NVDA,49.206207275390625,-0.0036781482771096607,0.014202232492088195,0.012687315296412635,0.02394838069071193,0.014402188316725576,0.022292264441730797,0.01417485290240725,0.7736128795524437,0.01986395853506251,13.800000190734863,14.244000053405761,-0.03631281530524766
2023-11-20,NVDA,50.31513595581055,0.022536357541511398,0.01650992274006766,0.013200661189171264,0.024072834369883337,0.027118184631225256,0.023532429018921778,0.014952110294275888,0.9927334509964911,0.013141281420845089,13.40999984741211,13.973999977111816,-0.028260894053073637
2023-11-21,NVDA,49.85099792480469,-0.00922462042860206,0.015688177598257583,0.014466701615029824,0.0241424529852245,0.025929003736484768,0.02552023255917707,0.015924989021934944,1.33002574609668,0.015254366179827419,13.350000381469727,13.81200008392334,-0.004474233156233853
2023-11-22,NVDA,48.62528610229492,-0.024587508245243805,0.018412454279799262,0.01765468675126184,0.024386728727971138,0.054294286872973226,0.029178965960793585,0.019261527670504274,1.9968584701970948,0.01640964265741862,12.850000381469727,13.546000099182129,-0.03745318245039286
2023-11-24,NVDA,47.68703842163086,-0.019295468589947906,0.01836277731028208,0.019124645866786534,0.024681362485520726,0.024614921265978612,0.029271716964677487,0.019253067402600597,0.6725523893305565,0.015318386396015607,12.460000038146973,13.17400016784668,-0.0303502203692656
2023-11-27,NVDA,48.15217208862305,0.009753880349617328,0.01986395853506251,0.01684276828152431,0.023948099970591392,0.018199874414366626,0.030031254184205696,0.01948850066443364,0.9053147100197784,0.015735920559452714,12.6899995803833,12.952000045776368,0.018459032225695893
2023-11-28,NVDA,47.73195266723633,-0.00872690479285776,0.013141281420845089,0.01690241580203333,0.02392433817058329,0.01777466602552587,0.028162550463065823,0.018662812217823586,0.9172392877357333,0.022292389007419165,12.6899995803833,12.807999992370606,0.0
2023-11-29,NVDA,48.05036163330078,0.0066707718471994415,0.015254366179827419,0.015259092446299444,0.02212618913518345,0.0187370261462873,0.026724154945026325,0.018022214741636615,0.8864900339054793,0.02230604300591843,12.979999542236328,12.733999824523925,0.02285263762351275
2023-11-30,NVDA,46.68291091918945,-0.028458697658658827,0.01640964265741862,0.01690381841549647,0.02146190082161796,0.03609150542699205,0.023083598655830092,0.01437496749254217,1.2087871574963893,0.024288475796494072,12.920000076293945,12.74799976348877,-0.004622455166284678
2023-12-01,NVDA,46.677921295166016,-0.00010688330965635817,0.015318386396015607,0.016004460521326803,0.021445102651398693,0.021661509708166018,0.02249291634426757,0.01406714353281385,0.8522205056552485,0.025900275812152894,12.630000114440918,12.781999778747558,-0.022445817348339614
2023-12-04,NVDA,45.42524719238281,-0.026836544302432985,0.015735920559452714,0.017330255255387877,0.021845785031431118,0.023445426985845102,0.02354202685856327,0.014609457367943755,1.008151631380411,0.023634208249904608,13.079999923706055,12.859999847412109,0.03562943825713938
2023-12-05,NVDA,46.48337936401367,0.023293922147512136,0.022292389007419165,0.017478753768803142,0.021176835167982057,0.028540104618678588,0.02569511457719381,0.01584635692543748,0.8593554937829785,0.023407638520217055,12.850000381469727,12.892000007629395,-0.01758406296467019
2023-12-06,NVDA,45.4222526550293,-0.02282808873844211,0.02230604300591843,0.018123591754480407,0.021531864936414197,0.043403783494397975,0.03062846604681595,0.018886303607582255,0.876076262992298,0.01760156773611901,12.970000267028809,12.890000152587891,0.009338512217643702
2023-12-07,NVDA,46.51332092285156,0.02402056710195888,0.024288475796494072,0.019939344524479412,0.020166766365263593,0.021997628790239306,0.027809690719465395,0.01732946569268772,0.8071746402723139,0.016127130801468426,13.0600004196167,12.918000221252441,0.00693910182998847
2023-12-08,NVDA,47.42171096801758,0.019529675093995058,0.025900275812152894,0.02045773201567015,0.0189830858334082,0.025070556962978646,0.028491500170427925,0.017674751025771984,0.844106307522489,0.014962166565631738,12.350000381469727,12.862000274658204,-0.05436447284339452
2023-12-11,NVDA,46.54426574707031,-0.018503027474884637,0.023634208249904608,0.020851868420142177,0.019488960735796066,0.03648093248557553,0.03109860127037401,0.019199018659140983,1.185437662241617,0.008306651065954879,12.630000114440918,12.772000312805176,0.022672042455262664
2023-12-12,NVDA,47.57244110107422,0.02209026906968936,0.023407638520217055,0.02217843614359414,0.019633538648213825,0.03399288417342946,0.03218915718132419,0.019860957534333458,0.8672183849263613,0.012113526004052614,12.069999694824219,12.616000175476074,-0.044338908514846676
2023-12-13,NVDA,48.00267791748047,0.009043824669248135,0.01760156773611901,0.02227158397682085,0.019456066174386416,0.020504076596656855,0.02760921580177596,0.0171475166478061,1.039091106225991,0.02084861126183631,12.1899995803833,12.460000038146973,0.009941995740939458
2023-12-14,NVDA,48.26420593261719,0.0054481963607593276,0.016127130801468426,0.019890214711183688,0.01848237859432727,0.025811733677789543,0.028372036779286007,0.01752352939293474,0.9168083244636103,0.022377266950939917,12.479999542236328,12.343999862670898,0.023789989486111995
2023-12-15,NVDA,48.80324935913086,0.011168596190440638,0.014962166565631738,0.019981456166568528,0.018001539289777744,0.026263047918965204,0.02861053497048332,0.017636785838160814,1.1065282557242528,0.021960560836705285,12.279999732971191,12.329999732971192,-0.016025626330215204
2023-12-18,NVDA,49.9881477355957,0.024279087807155486,0.008306651065954879,0.017405897615683546,0.017497823573144052,0.025620487248602775,0.026438445923088767,0.016222009239675705,0.9417401468530942,0.01855439757502679,12.5600004196167,12.315999794006348,0.022801359343169958
2023-12-19,NVDA,49.5159797668457,-0.009445598409596134,0.012113526004052614,0.017653500446787374,0.01748336643059853,0.01622853607955045,0.022885576304312965,0.014005176261124878,1.054051324531492,0.018308852349661484,12.529999732971191,12.407999801635743,-0.0023885896212750835
2023-12-20,NVDA,48.025630950927734,-0.030098340433442394,0.02084861126183631,0.019086193559222517,0.018483500899289518,0.0395128135800718,0.02668732370099595,0.01655949502583208,0.9205504831459101,0.008242138929896921,13.670000076293945,12.703999900817871,0.09098167339325469
2023-12-21,NVDA,48.903079986572266,0.01827043223109559,0.022377266950939917,0.018553898947877477,0.01860928789158967,0.013798785043490537,0.024284733974136153,0.015472840852478771,0.74679623978119,0.00458281290734456,13.649999618530273,12.93799991607666,-0.0014630912693524012
2023-12-22,NVDA,48.74336624145508,-0.0032659240514307797,0.021960560836705285,0.017986427101783026,0.0185938430785276,0.018758966452226893,0.02278391768078849,0.014651751444564631,0.6309863955607776,0.014225781845022004,13.029999732971191,13.08799991607666,-0.045421238306660006
2023-12-26,NVDA,49.19156265258789,0.009195023768211463,0.01855439757502679,0.016385944961718576,0.017895169394568193,0.012987264318835868,0.02025727309483511,0.013376874966720262,0.621999051973599,0.012957806501132567,12.989999771118164,13.173999786376953,-0.003069835968746104
2023-12-27,NVDA,49.329322814941406,0.0028004835570367703,0.018308852349661484,0.015339985351522084,0.01787370119431866,0.012040415705279426,0.019419649019980903,0.01304521091731695,0.608121095345693,0.014353261677048248,12.430000305175781,13.15399990081787,-0.04311004432713539
2023-12-28,NVDA,49.43412780761719,0.002124598244921394,0.008242138929896921,0.015229802344424562,0.01744911044674666,0.00953112007145331,0.013423310318257206,0.008265165342724288,0.653310885737294,0.019335377535930873,12.470000267028809,12.913999938964844,0.0032180177691847334
2023-12-29,NVDA,49.43412780761719,0.0,0.00458281290734456,0.015231835223946241,0.017201264091277826,0.025160579406935637,0.015695669190946226,0.01001949606506084,1.0504558420817802,0.035366663960832004,12.449999809265137,12.673999977111816,-0.001603885913022296
2024-01-02,NVDA,48.08253479003906,-0.02734129391011242,0.014225781845022004,0.017497157727993266,0.017787149053372624,0.03529307785441812,0.019002491471384473,0.01280421723300074,1.1034711847234386,0.028066457268510276,13.199999809265137,12.707999992370606,0.06024096477831753
2024-01-03,NVDA,47.48459243774414,-0.012435749381889738,0.012957806501132567,0.015226935722225374,0.01790849876326859,0.018163055953490773,0.020037649798315453,0.01324377158667754,0.8747124404931216,0.02149564456056977,14.039999961853027,12.918000030517579,0.06363637611557316
2024-01-04,NVDA,47.912837982177734,0.009018621039973196,0.014353261677048248,0.01574140665691503,0.017459509821237788,0.020667539420974768,0.02176307454145452,0.013990417190678934,0.8430562511465218,0.021566653800369193,14.130000114440918,13.257999992370605,0.006410267295756666
2024-01-05,NVDA,49.009883880615234,0.022896700438524764,0.019335377535930873,0.014544787597193267,0.01794642578431713,0.02527651640761915,0.024912153808687686,0.015350107951338716,1.1360904341551696,0.025341680984619624,13.350000381469727,13.434000015258789,-0.05520167916870922
2024-01-08,NVDA,52.16028594970703,0.0642809535473694,0.035366663960832004,0.024255193614654186,0.020908187005764488,0.05350891857895543,0.030581821643091645,0.020190360309572115,1.6912319215385891,0.012609671761063784,13.079999923706055,13.560000038146972,-0.020224752812624813
2024-01-09,NVDA,53.045711517333984,0.016975090368190893,0.028066457268510276,0.024173012722280063,0.02064838560103458,0.049586040016849554,0.033440414075577934,0.022296417551665903,1.9298537719517435,0.01565184687393915,12.760000228881836,13.472000122070312,-0.02446480861549971
2024-01-10,NVDA,54.253562927246094,0.02277001053171679,0.02149564456056977,0.024578460190771305,0.02091370920615202,0.02044158403360693,0.03389611969160117,0.02244994370324625,1.328499463792892,0.014981390664295508,12.6899995803833,13.202000045776368,-0.00548594414129322
2024-01-11,NVDA,54.724727630615234,0.008684493293112716,0.021566653800369193,0.024454174119816253,0.02078395595649093,0.0325781500826163,0.036278241823929476,0.023469289559400808,1.4448590306140854,0.020512081257463448,12.4399995803833,12.863999938964843,-0.019700552266877946
2024-01-12,NVDA,54.61292266845703,-0.002043042825409236,0.025341680984619624,0.02465122993825417,0.020817406128209294,0.011698033272862481,0.03356254519697814,0.022677893805097174,0.8645829455298587,0.019509633813769963,12.699999809265137,12.733999824523925,0.020900340647264315
2024-01-16,NVDA,56.28195571899414,0.03056113771221214,0.012609671761063784,0.02512493388086649,0.02038104512962712,0.034319420376025964,0.029724645556392242,0.019567040249529582,1.0933371076542353,0.01873551513192193,13.84000015258789,12.885999870300292,0.08976380790896399
2024-01-17,NVDA,55.95355224609375,-0.005834969106973675,0.01565184687393915,0.021979694089481923,0.020471237253272444,0.030881468423960327,0.0259837312378144,0.016566836239949853,1.1544621231128722,0.016195922755404133,14.789999961853027,13.291999816894531,0.06864160395890595
2024-01-18,NVDA,57.00567626953125,0.018803525088274542,0.014981390664295508,0.0196685662103463,0.01960431151496106,0.02614390654749615,0.027124195740592244,0.017138402220732967,1.1850550255769656,0.017378583279640036,14.130000114440918,13.579999923706055,-0.04462473624843866
2024-01-19,NVDA,59.38544845581055,0.04174623198972993,0.020512081257463448,0.020596039395178376,0.020381823054857095,0.038241103405539476,0.02825678640517688,0.018048430418979442,1.297670810530621,0.012376904677666141,13.300000190734863,13.752000045776366,-0.058740263056175857
2024-01-22,NVDA,59.548152923583984,0.0027398036388410762,0.019509633813769963,0.021454387586602862,0.019548654794777826,0.021138592568918004,0.03014489826438798,0.018655766435452054,1.0744194800929785,0.014627919162533226,13.1899995803833,13.85,-0.00827072246421412
2024-01-23,NVDA,59.76676940917969,0.0036712555278792802,0.01873551513192193,0.015147887513023704,0.01937067534250605,0.0221301878747767,0.027707051764138135,0.01725012534446836,0.6994046418095167,0.014515118356978881,12.550000190734863,13.592000007629395,-0.04852156254805884
2024-01-24,NVDA,61.25312042236328,0.024869187809159143,0.016195922755404133,0.015532133025938656,0.019498945002446245,0.047439772518165224,0.031018712582979113,0.019745562730437708,1.2830218319651334,0.01640727819932192,13.140000343322754,13.26200008392334,0.04701196363514493
2024-01-25,NVDA,61.50767135620117,0.004155721897638243,0.017378583279640036,0.015559165253925051,0.018834459162811474,0.030332591302896457,0.031856449534059174,0.020153310653712467,1.0761627619914105,0.01965966271493082,13.449999809265137,13.126000022888183,0.02359204397585213
2024-01-26,NVDA,60.92271041870117,-0.009510373659122884,0.012376904677666141,0.017075471392081217,0.018989318047862292,0.019825975644590783,0.028173423981869433,0.018020554656140463,0.8551106195805082,0.02583479048590564,13.260000228881836,13.118000030517578,-0.014126363054103419
2024-01-29,NVDA,62.35416793823242,0.02349628750417243,0.014627919162533226,0.016830047159529137,0.01918717316533119,0.02532613325638593,0.02901093211936302,0.018438719466329193,0.7555692774347308,0.02953118867826213,13.600000381469727,13.200000190734864,0.02564103670581619
2024-01-30,NVDA,62.66261291503906,0.004946661738990388,0.014515118356978881,0.015861110119742748,0.019190532085962084,0.01964191772312627,0.028513278089032933,0.018211175155588174,0.8878412855762835,0.033650086391138305,13.3100004196167,13.35200023651123,-0.02132352600873144
2024-01-31,NVDA,61.41783142089844,-0.019864819486993923,0.01640727819932192,0.017984988843365444,0.019888634087676698,0.02550100335211247,0.024125524255822383,0.014710213073527881,0.9764299730295365,0.02650305016906315,14.350000381469727,13.594000244140625,0.07813673396435372
2024-02-01,NVDA,62.91516876220703,0.024379521495106138,0.01965966271493082,0.01838723644688818,0.019891497663960166,0.024449844602548673,0.022948974915752825,0.013940560362300921,0.7901890063107706,0.030487913034833593,13.880000114440918,13.680000305175781,-0.03275263097802583
2024-02-02,NVDA,66.04261779785156,0.049708982701214266,0.02583479048590564,0.020012360688974468,0.02101456774855776,0.04398427579106522,0.027780634945047712,0.017609742816474046,1.0019219457103945,0.0276603409896618,13.850000381469727,13.79800033569336,-0.0021613640290952807
2024-02-05,NVDA,69.20897674560547,0.04794417685631047,0.02953118867826213,0.02287520862468673,0.020726447591242377,0.03305832505454771,0.029327073304680068,0.01854182141267571,1.3909922108256894,0.022243280997583017,13.670000076293945,13.812000274658203,-0.012996411568089838
2024-02-06,NVDA,68.1019515991211,-0.01599539826392049,0.033650086391138305,0.024761319195313727,0.021330456420622264,0.05062801067978803,0.035524291896012423,0.022407598447186004,1.3914183602344699,0.018987186497517745,13.0600004196167,13.762000274658202,-0.04462323725477424
2024-02-07,NVDA,69.97462463378906,0.027498081783197126,0.02650305016906315,0.02490997248543644,0.021344747328828382,0.037375751195905686,0.03789924146477106,0.02365210593818723,1.0387898368277748,0.018399703486033345,12.829999923706055,13.458000183105469,-0.0176110634395672
2024-02-08,NVDA,69.5174331665039,-0.006533675166931707,0.030487913034833593,0.025584124945016485,0.021616141915661066,0.01922713501391601,0.036854699547044525,0.0232756508942656,0.8796884998190939,0.021176290638821305,12.789999961853027,13.240000152587891,-0.0031176899525243718
2024-02-09,NVDA,72.0050277709961,0.035783752235702515,0.0276603409896618,0.025240531576724037,0.02197750397118615,0.0273522449402234,0.03352829337687617,0.021287854516307568,0.9428675233308087,0.014846721748355505,12.930000305175781,13.056000137329102,0.010946078478523358
2024-02-12,NVDA,72.11980438232422,0.0015940082919370102,0.022243280997583017,0.02557538925189889,0.02198669978124979,0.04652031903895483,0.03622069217375759,0.022919458576008953,1.2889532083165005,0.024973102351556052,13.930000305175781,13.108000183105469,0.07733951866959421
2024-02-13,NVDA,72.00003051757812,-0.0016607624739405358,0.018987186497517745,0.025945109825708138,0.02202235856715703,0.05309996518919431,0.036715083075638845,0.023369546408317662,1.2455647503811387,0.02622888507217199,15.850000381469727,13.666000175476075,0.13783201968635694
2024-02-14,NVDA,73.76889038085938,0.02456748768806971,0.018399703486033345,0.02309497427821438,0.020759180693485233,0.031096028058827146,0.03545913844822314,0.022653003768933453,1.0404080553596313,0.08482088643923359,14.380000114440918,13.976000213623047,-0.09274449411038432
2024-02-15,NVDA,72.5290756225586,-0.01680674267838078,0.021176290638821305,0.02552035963870534,0.020969558755317454,0.02167685609878533,0.03594908266519701,0.022809329006907856,0.8721103903989431,0.08339446426663952,14.010000228881836,14.220000267028809,-0.02573017264356725
2024-02-16,NVDA,72.4841537475586,-0.0006193636774549649,0.014846721748355505,0.022628150106363126,0.02112851976709627,0.02617989896749471,0.03571461347065126,0.022653662469414155,1.0333917770448902,0.08317301045861336,14.239999771118164,14.482000160217286,0.016416812168366768
2024-02-20,NVDA,69.32877349853516,-0.04353200093930487,0.024973102351556052,0.023851540435204228,0.023521004814954637,0.06079018474026691,0.03856858661091368,0.024973425323609386,1.4328334846127029,0.07741826993169235,15.420000076293945,14.780000114440918,0.082865191302115
2024-02-21,NVDA,67.35227966308594,-0.02850899757358294,0.02622888507217199,0.02510437133317835,0.02247191773440593,0.039127332595330695,0.03577406009214096,0.02295527114170968,1.3188370321992529,0.07490896598876348,15.34000015258789,14.67800006866455,-0.005188062471480959
2024-02-22,NVDA,78.39866638183594,0.16400909923178508,0.08482088643923359,0.057903900071274036,0.036173513330960284,0.055450808727650985,0.040645016225905724,0.026270704433793292,1.6443266832917707,0.011830542420911758,14.539999961853027,14.710000038146973,-0.05215125050698921
2024-02-23,NVDA,78.67715454101562,0.0035522053120562447,0.08339446426663952,0.05761628084402845,0.03617752945281037,0.06120503717946764,0.04855065244204219,0.03032006528611366,1.5261742018544555,0.021054719066573982,13.75,14.657999992370605,-0.054332872347019445
2024-02-26,NVDA,78.95167541503906,0.003489206944823131,0.08317301045861336,0.05715272092760902,0.036211615260715035,0.027069822384977658,0.04872863712553878,0.0303843309156681,0.9177733879716986,0.023826607567214792,13.739999771118164,14.557999992370606,-0.0007272893732244157
2024-02-27,NVDA,78.56135559082031,-0.004943781397505287,0.07741826993169235,0.057304487498350494,0.0362567000644687,0.029453258529375824,0.042461251883360564,0.02688238466927375,0.7105445773052927,0.02161957898491619,13.430000305175781,14.160000038146972,-0.022561824680231046
2024-02-28,NVDA,77.52519989013672,-0.013189127057332328,0.07490896598876348,0.05767886627481901,0.03639686204633969,0.023280051122630013,0.03929179558882043,0.025519509962322502,0.7142349713323077,0.013060084021248109,13.84000015258789,13.860000038146973,0.030528655107632474
2024-02-29,NVDA,78.97164154052734,0.018657696496628517,0.011830542420911758,0.05752946466357428,0.036273001236844606,0.020730096569048288,0.032347653157099886,0.02115825878934574,0.9172275080921363,0.014062580266011673,13.399999618530273,13.631999969482422,-0.03179194575191846
2024-03-01,NVDA,82.13300323486328,0.040031606696608435,0.021054719066573982,0.05759087314712834,0.03661277113297995,0.034820616640238194,0.027070769049253995,0.01660321785414533,0.8577928620054255,0.04061295855400361,13.109999656677246,13.50399990081787,-0.021641788814083185
2024-03-04,NVDA,85.08576202392578,0.035950941433603,0.023826607567214792,0.057727773388680355,0.03647009404138663,0.04664638534417272,0.030986081641093004,0.01946119945021437,1.088585594316302,0.0404644661768643,13.489999771118164,13.453999900817871,0.02898551673472971
2024-03-05,NVDA,85.81549835205078,0.008576479904120804,0.02161957898491619,0.05382096930628801,0.03643088066935795,0.03117584572867418,0.031330599080952676,0.019689518053411514,0.9338025551917398,0.05138585687998264,14.460000038146973,13.65999984741211,0.07190513591449865
2024-03-06,NVDA,88.54676055908203,0.03182714380829532,0.013060084021248109,0.05072762008980941,0.03654855650965911,0.03037204438363869,0.032748997733154414,0.02039569795006783,1.0543011612389215,0.05136290214867787,14.5,13.791999816894531,0.0027662490835065334
2024-03-07,NVDA,92.50891876220705,0.04474650657017887,0.014062580266011673,0.02030089738268836,0.03693436378369394,0.034153826622749794,0.03543374374389471,0.02172446226176223,1.0895361661045515,0.04828135298459677,14.4399995803833,13.999999809265137,-0.004137959973565475
2024-03-08,NVDA,87.37679290771484,-0.05547709262156941,0.04061295855400361,0.03058216078968836,0.03905193533811317,0.1244630842355657,0.05336223726296021,0.0373664301796869,1.9212742280886714,0.04089613231977188,14.739999771118164,14.32599983215332,0.020775637081209553
2024-03-11,NVDA,85.62582397460938,-0.02003929046646058,0.0404644661768643,0.032089334840990594,0.03930279899616052,0.05399068006692413,0.0548310962075105,0.03805126889026464,1.118261894052745,0.03910864730491008,15.220000267028809,14.67199993133545,0.032564484624427736
2024-03-12,NVDA,91.75421905517578,0.07157180855139744,0.05138585687998264,0.0372109911877862,0.040736614868336025,0.06321192248403176,0.06123831155858202,0.041024542699845026,1.0963879385921005,0.017260662274823944,13.84000015258789,14.547999954223632,-0.09067017675620026
2024-03-13,NVDA,90.73099517822266,-0.01115179102922581,0.05136290214867787,0.03703697525335988,0.0409616081037241,0.033766836410229234,0.06191726996390012,0.0412301604796805,1.0404494479486814,0.018217515199029713,13.75,14.397999954223632,-0.00650290112685159
2024-03-14,NVDA,87.79208374023438,-0.032391482450020326,0.04828135298459677,0.04009382502162641,0.0413719272931668,0.04600660918074385,0.06428782647549894,0.04199291866150538,0.9779977381535182,0.005369938306344404,14.399999618530273,14.389999961853027,0.04727269952947433
2024-03-15,NVDA,87.68526458740234,-0.0012167287559559092,0.04089613231977188,0.03892153593735951,0.04138813738863461,0.037444287838473665,0.04688406719608053,0.029147220909221765,1.02411499685709,0.009619179213377694,14.40999984741211,14.323999977111816,0.0006944603574132735
2024-03-18,NVDA,88.30220031738281,0.007035797096392571,0.03910864730491008,0.03760329233707612,0.04077315757857276,0.06014357113445322,0.04811464540958634,0.029937371786392438,1.0524296304022431,0.009522062243356149,14.329999923706055,14.145999908447266,-0.005551694972461885
2024-03-19,NVDA,89.24357604980469,0.010660841168603996,0.017260662274823944,0.037635097764055596,0.04015577998108296,0.061902910798522816,0.04785284307248456,0.02959579231139465,1.0601797856694637,0.020574682093412497,13.819999694824219,14.141999816894531,-0.03558968817844477
2024-03-20,NVDA,90.21588134765624,0.010894961193721464,0.018217515199029713,0.036515264210525,0.039871954691234335,0.024200018252058992,0.04593947944085051,0.02890004287270134,0.7673830449391056,0.024765767687065485,13.039999961853027,13.999999809265137,-0.056439924037285816
2024-03-21,NVDA,91.27703094482422,0.011762336977884535,0.005369938306344404,0.03364866046729761,0.03973909349436793,0.024531130366985388,0.04164438367809882,0.026984003107099214,0.7939441864700818,0.02394502094759074,12.920000076293945,13.703999900817871,-0.009202445238506662
2024-03-22,NVDA,94.12611389160156,0.0312135804296656,0.009619179213377694,0.028828859393736965,0.03980747375399539,0.041828847297859885,0.04252129556997606,0.027521604481417588,0.9895556099762596,0.01574703852907313,13.0600004196167,13.434000015258789,0.010835939821674634
2024-03-25,NVDA,94.83788299560548,0.007561866463791533,0.009522062243356149,0.02713525663482393,0.03953115575828376,0.034272928377875475,0.03734716701866051,0.024255193477028897,0.9274612508656063,0.01302632429448043,13.1899995803833,13.205999946594238,0.009953993613303291
2024-03-26,NVDA,92.40109252929688,-0.025694273104151066,0.020574682093412497,0.01908867925491719,0.04004046188695014,0.041842689942553385,0.033335122847466626,0.020561104842737606,0.854063129918697,0.01058297455219414,13.239999771118164,13.089999961853028,0.003790765149775055
2024-03-27,NVDA,90.09410095214844,-0.024967146101838367,0.024765767687065485,0.020502787231777137,0.04047872679598303,0.0456176926884954,0.03761865773475391,0.022948081657200952,0.9590914874405699,0.014503093287372704,12.779999732971191,13.03799991607666,-0.0347432058987206
2024-03-28,NVDA,90.19992065429688,0.0011745464023735774,0.02394502094759074,0.017182968600930368,0.04037879475498135,0.02331889628613751,0.03737621091858433,0.022860697213766348,0.7164444658084166,0.0211209445554016,13.010000228881836,13.055999946594238,0.017996909289228258
2024-04-01,NVDA,90.20690155029295,7.739359353586828e-05,0.01574703852907313,0.017153847923373548,0.0401457105237391,0.0334317821280697,0.0356967978846263,0.021732711351694405,0.7464468620561197,0.020985038785028654,13.649999618530273,13.173999786376953,0.04919288073705452
2024-04-02,NVDA,89.29747009277344,-0.010081617280829458,0.01302632429448043,0.017552689090399295,0.04025307939867718,0.02765727906830166,0.03437366802271153,0.02106491771445585,0.7254020361186777,0.021846397691920053,14.609999656677246,13.457999801635742,0.0703296750897886
2024-04-03,NVDA,88.8103256225586,-0.005455299794145718,0.01058297455219414,0.017332136210076687,0.03916696926745569,0.022188740305139877,0.03044287809522883,0.018909165035409455,0.6277961558688313,0.025509021804898044,14.329999923706055,13.67599983215332,-0.019164937683158856
2024-04-04,NVDA,85.75658416748047,-0.03438498208030949,0.014503093287372704,0.01980574106391385,0.03937509603907313,0.05534026540577303,0.032387392638684356,0.020490165016772303,0.747244100913558,0.02544386538804947,16.350000381469727,14.389999961853027,0.14096304734949738
2024-04-05,NVDA,87.85597229003906,0.024480780606402686,0.0211209445554016,0.02134193132753392,0.0265659778292982,0.02903145408670805,0.03352990419879846,0.021034639712365893,0.6991408682838461,0.028769766181489142,16.030000686645508,14.994000053405761,-0.019571846321599473
2024-04-08,NVDA,86.98247528076172,-0.009942374849528313,0.020985038785028654,0.017504103597840565,0.026690271746275227,0.024078127630914346,0.03165917329936739,0.020091051362563308,0.5356733342128196,0.030836555983908612,15.1899995803833,15.302000045776367,-0.05240181349224815
2024-04-09,NVDA,85.20654296875,-0.020417127775214206,0.021846397691920053,0.017018838974654848,0.027050996256795388,0.054045494805416615,0.03693681644679039,0.023635824394204967,0.9650219457377605,0.029791163376329106,14.979999542236328,15.376000022888183,-0.013824887685854326
2024-04-10,NVDA,86.8886489868164,0.019741512323570465,0.025509021804898044,0.01851701682329369,0.027179445470445002,0.04240629867038033,0.04098032811983847,0.02564706061798187,0.8501246611612703,0.03381272340165309,15.800000190734863,15.670000076293945,0.05473969783420429
2024-04-11,NVDA,90.45946502685548,0.041096461755100844,0.02544386538804947,0.022372655296021775,0.02781462641424716,0.04207861772367616,0.0383279985834191,0.02411048794497133,0.8669612729901545,0.023863626533191466,14.90999984741211,15.381999969482422,-0.05632913497334324
2024-04-12,NVDA,88.03366088867188,-0.026816476722070326,0.028769766181489142,0.023989405579536816,0.028309134218862997,0.029993472457794695,0.038520402257636435,0.024151923140202276,0.8726373334740005,0.04624628414806021,17.309999465942383,15.637999725341796,0.16096577083110009
2024-04-15,NVDA,85.85243225097656,-0.024777211531095023,0.030836555983908612,0.024997056972079674,0.027936037927993075,0.05446446131822176,0.044597668995097914,0.02730048295780398,0.924719713048606,0.05638078798895691,19.229999542236328,16.445999717712404,0.11091855202373435
2024-04-16,NVDA,87.26398468017578,0.016441612569260133,0.029791163376329106,0.02575305815019136,0.027335511940727954,0.02349703373088686,0.03848797678019196,0.023969045488922355,0.7980096557417025,0.059729820036724515,18.399999618530273,17.129999732971193,-0.04316172352906522
2024-04-17,NVDA,83.88983154296875,-0.03866604475573021,0.03381272340165309,0.02826643971686666,0.028241770136251357,0.05741660459773701,0.04149003796566329,0.0257970853142061,1.0878763167634955,0.059137673207864914,18.209999084472656,17.61199951171875,-0.010326116195473745
2024-04-18,NVDA,84.52472686767578,0.007568203595471834,0.023863626533191466,0.026534292468960705,0.027628648207709345,0.0447378927927264,0.04202189297947335,0.02604340267988223,0.9856046541095325,0.06259550579543562,18.0,18.229999542236328,-0.011532075509642303
2024-04-19,NVDA,76.06836700439453,-0.10004598863146585,0.04624628414806021,0.03932008207053979,0.031678800143162114,0.11440938371510677,0.05890507523093576,0.0383851210512625,1.8482270959327507,0.03636551021935331,18.709999084472656,18.509999465942382,0.039444393581814285
2024-04-22,NVDA,79.3806381225586,0.04354334460699949,0.05638078798895691,0.043305860707197885,0.03150488522358857,0.04619075712805553,0.057250334392902516,0.0378054825770044,1.2580638287952552,0.03721695619863699,16.940000534057617,18.051999664306642,-0.09460174436266822
2024-04-23,NVDA,82.2806167602539,0.03653256897756263,0.059729820036724515,0.04522754086386501,0.03211878842653406,0.030391970192200562,0.058629321685165256,0.03817403877431874,0.9364194791325587,0.03882942357652766,15.6899995803833,17.509999656677245,-0.07378990048797274
2024-04-24,NVDA,79.53936004638672,-0.03331594756824141,0.059137673207864914,0.0454351169171225,0.02957469932288517,0.06148577324831392,0.059443155415280634,0.03862555652825805,1.093844381177671,0.04043614634648174,15.970000267028809,17.061999893188478,0.017845805872141796
2024-04-25,NVDA,82.4892578125,0.03708727055878902,0.06259550579543562,0.0449705977748793,0.03048761589124526,0.06171940943658351,0.06283945874405206,0.040422616635820335,0.9227459580795221,0.039828347201792215,15.369999885559082,16.535999870300294,-0.03757046784203688
2024-04-26,NVDA,87.58345031738281,0.061755829061549194,0.03636551021935331,0.04940971495211455,0.03212837402157715,0.056351515469839755,0.05122788509499865,0.031846690311451695,1.1824709372257811,0.03173917277412625,15.029999732971191,15.8,-0.022121025056567434
2024-04-29,NVDA,87.60540771484375,0.0002507025857210188,0.03721695619863699,0.04860811546927613,0.03212690025073076,0.031063024114960782,0.048202338492379704,0.03044017493033081,0.8404564991361451,0.035225027016766136,14.670000076293945,15.345999908447265,-0.023952073391426465
2024-04-30,NVDA,86.25274658203125,-0.015440383968252536,0.03882942357652766,0.04868242598307873,0.032230584931596244,0.029154385082830383,0.04795482147050567,0.030301574486531018,0.7918053117131058,0.03555612966011228,15.649999618530273,15.33799991607666,0.06680296776684846
2024-05-01,NVDA,82.89753723144531,-0.038899739237810205,0.04043614634648174,0.048703062293144854,0.032913787187832534,0.05714048151704055,0.047085763124250994,0.029842718890619988,1.1941674109820963,0.025127145762327618,15.390000343322754,15.22199993133545,-0.01661337262268492
2024-05-02,NVDA,85.66874694824219,0.03342933709912055,0.039828347201792215,0.049828867460915464,0.033468880432813444,0.03538928785621458,0.04181973880817721,0.02637310164722778,0.8109783747254966,0.02745075283746656,14.680000305175781,15.08400001525879,-0.04613385460092079
2024-05-03,NVDA,88.63561248779297,0.03463183068783815,0.03173917277412625,0.035042802538570283,0.03402941818745661,0.025239582352330665,0.03559735218467539,0.022424105435560185,0.8549722098241713,0.023395400260056872,13.489999771118164,14.776000022888184,-0.08106270499449886
2024-05-06,NVDA,91.9808349609375,0.03774129133033566,0.035225027016766136,0.034580293409219746,0.03425869903179867,0.034349912486356216,0.036254729858954476,0.022789838056564878,0.799479003961661,0.013822861497446774,13.489999771118164,14.539999961853027,0.0
2024-05-07,NVDA,90.39756774902344,-0.01721301195609326,0.03555612966011228,0.03509968649183508,0.034363763117977675,0.03058944515899882,0.03654174187418816,0.0229654117959602,0.9358065811718734,0.012579324226353992,13.229999542236328,14.055999946594238,-0.01927355324634561
2024-05-08,NVDA,90.2558135986328,-0.0015681190757720342,0.025127145762327618,0.03204940103094717,0.034047228944960754,0.019621311605722256,0.029037907891924508,0.01796922207429525,0.7049751326694109,0.01935330316873725,13.0,13.577999877929688,-0.017384697671535276
2024-05-09,NVDA,88.59369659423828,-0.018415622641062668,0.02745075283746656,0.03225397166124317,0.03390369649625872,0.032012301664502016,0.028362510653581995,0.017396097055352593,0.8229289734401188,0.014398986363494584,12.6899995803833,13.179999732971192,-0.023846186124361513
2024-05-10,NVDA,89.72273254394531,0.012743976074031993,0.023395400260056872,0.026286722562391108,0.033983179985810984,0.024188384709666735,0.02815227112504921,0.017257205746201223,0.7373398857065456,0.020383395238634205,12.550000190734863,12.99199981689453,-0.011032261172400193
2024-05-13,NVDA,90.24284362792967,0.005796870751006322,0.013822861497446774,0.026287202019235064,0.03399740966327479,0.02731226798240295,0.026744742224258555,0.01626087928340414,0.6478988188170233,0.02207872398548043,13.600000381469727,13.013999938964844,0.08366535257186958
2024-05-14,NVDA,91.19818878173828,0.010586381317365001,0.012579324226353992,0.02550448898477119,0.0339833166452808,0.02974082474223336,0.02657501814090546,0.016186353945180518,0.6686978212354695,0.022116403203838557,13.420000076293945,13.052000045776367,-0.013235316185802093
2024-05-15,NVDA,94.46653747558594,0.03583786846545478,0.01935330316873725,0.02157027864753112,0.03453337336974582,0.03448167159450467,0.029547090138661948,0.01795938611450766,0.9504209418184987,0.016454154143842083,12.449999809265137,12.942000007629394,-0.07228019832446109
2024-05-16,NVDA,94.19600677490234,-0.0028637728015966646,0.014398986363494584,0.02085930083311325,0.03384041806038512,0.018185900622931236,0.02678180993034779,0.01654223092053183,0.747533983799646,0.044057857960445874,12.420000076293945,12.888000106811523,-0.0024096171430353364
2024-05-17,NVDA,92.31924438476562,-0.019924012220831955,0.020383395238634205,0.02075619250612323,0.033871067161178464,0.03172610242358835,0.028289353473132117,0.017413535412404955,0.8824920314275125,0.038035846530046755,11.989999771118164,12.776000022888184,-0.034621602458483336
2024-05-20,NVDA,94.61627960205078,0.024881434337911568,0.02207872398548043,0.018753957306090977,0.03403634006177215,0.018569260703771913,0.026540752017405904,0.016545938059118553,0.8096484007003183,0.04189307517101869,12.149999618530273,12.485999870300294,0.01334444123990064
2024-05-21,NVDA,95.2212142944336,0.006393558221979623,0.022116403203838557,0.01736302962294332,0.033740741780895915,0.023273868112401227,0.02524736069143948,0.015761748335293167,0.8473053263684908,0.04157363636107068,11.859999656677246,12.173999786376953,-0.023868310366918943
2024-05-22,NVDA,94.78596496582033,-0.004570928147034858,0.016454154143842083,0.017521152475096124,0.03364818252150216,0.029183740735247096,0.024187774519587965,0.014896606529638992,1.4066164412307662,0.05156895465401524,12.289999961853027,12.141999816894531,0.03625635055846632
2024-05-23,NVDA,103.61970520019533,0.09319671153382703,0.044057857960445874,0.03115758784049942,0.03684987901078335,0.04624324786589886,0.02979924396818149,0.018769753847081766,2.0339199781766415,0.040014457357387734,12.770000457763672,12.211999893188477,0.03905618367782915
2024-05-24,NVDA,106.28507232666016,0.025722589359960857,0.038035846530046755,0.03126738803934823,0.03652299649346808,0.032638593546949445,0.02998174219285371,0.018982510845482074,1.0618071889430087,0.04327642160343332,11.930000305175781,12.2,-0.06577917952048329
2024-05-28,NVDA,113.70423126220705,0.06980433632998428,0.04189307517101869,0.034939956334345657,0.03775154079317661,0.04438942338092137,0.035145774728283605,0.021936174373309997,1.5627419234164808,0.031555743278276566,12.920000076293945,12.354000091552734,0.08298405245544349
2024-05-29,NVDA,114.62661743164062,0.008112153428191382,0.04157363636107068,0.03505333740150739,0.03773392384542829,0.039982546576018074,0.03848751042100697,0.02366208429575036,1.3043609498982025,0.03801263314003426,14.279999732971191,12.838000106811524,0.10526313070017856
2024-05-30,NVDA,110.30911254882812,-0.03766581427204119,0.05156895465401524,0.03962428566994313,0.0376900186851627,0.05571039122154277,0.0437928405182661,0.026706075449923147,1.143886342475869,0.030277278006576182,14.470000267028809,13.27400016784668,0.01330535977664793
2024-05-31,NVDA,109.44361114501952,-0.007846146014686695,0.040014457357387734,0.03992234943606175,0.037827108009021,0.052693990466267056,0.04508298903833974,0.02754879512539658,1.408599775846167,0.02888502238868849,12.920000076293945,13.304000091552734,-0.10711818674023643
2024-06-03,NVDA,114.80133819580078,0.04895422395814353,0.04327642160343332,0.039003263661437255,0.03235524220712031,0.026060883895210562,0.04376744710799197,0.02701510701202249,1.0023293608296073,0.02406873456768919,13.109999656677246,13.539999961853027,0.014705849788028802
2024-06-04,NVDA,116.2358627319336,0.012495712669186254,0.031555743278276566,0.03912270597570729,0.031880983783461915,0.021943200038266115,0.03927820243946091,0.02488470703910045,0.9193004569446874,0.02548086248142384,13.15999984741211,13.58799991607666,0.003813897181103032
2024-06-05,NVDA,122.22847747802734,0.05155564388861711,0.03801263314003426,0.03979125582892671,0.032373097415705404,0.04068110975909449,0.03941791507607619,0.024999297486478514,1.1920215618829764,0.018696892036078844,12.630000114440918,13.257999992370605,-0.04027353640702469
2024-06-06,NVDA,120.78897857666016,-0.011777115538610605,0.030277278006576182,0.04046546425619802,0.031520321201165845,0.06005882927844282,0.04028760268745621,0.02580840969207939,1.44426603162325,0.020149237390775038,12.579999923706055,12.879999923706055,-0.00395884325271656
2024-06-07,NVDA,120.67916107177734,-0.000909168255058268,0.02888502238868849,0.03319977116976429,0.03134402982448131,0.030358663838608947,0.03582053736192458,0.02310937148622371,0.8927076792892905,0.018339289007509342,12.220000267028809,12.739999961853027,-0.028616825028659476
2024-06-10,NVDA,121.57959747314452,0.007461407531923481,0.02406873456768919,0.03309813847603374,0.029983260572021858,0.050004074982433186,0.04060917557936911,0.02587354053652103,0.6801141977151365,0.021221027233991333,12.739999771118164,12.66599998474121,0.042553149977613725
2024-06-11,NVDA,120.71104431152344,-0.007143905553832153,0.02548086248142384,0.027086423850441597,0.030108353759229264,0.03415767726179261,0.04305207102407441,0.02680215006160472,0.48645212986577785,0.018514938635904223,12.850000381469727,12.604000091552734,0.008634270983343129
2024-06-12,NVDA,124.99398040771484,0.03548089672009036,0.018696892036078844,0.028626149664791052,0.029991564827421487,0.034424901466854646,0.04180082936562644,0.026078808767087326,0.6546334394155101,0.03026714571955329,12.039999961853027,12.486000061035156,-0.06303505023896772
2024-06-13,NVDA,129.39671325683594,0.035223559044682995,0.020149237390775038,0.0243697636514944,0.028600765576526785,0.02036879389874492,0.03386282228968686,0.021313797349330615,0.5795989493499734,0.03074688757645704,11.9399995803833,12.357999992370605,-0.008305679550378975
2024-06-14,NVDA,131.66299438476562,0.01751420937123349,0.018339289007509342,0.022843867091191638,0.028400533767466186,0.034273497469827253,0.03464578901593053,0.021750479939278883,0.6888022525488011,0.038026914828077456,12.65999984741211,12.445999908447266,0.060301532021133974
2024-06-17,NVDA,130.76446533203125,-0.006824461625933864,0.021221027233991333,0.0214536537611873,0.028411267013310627,0.031684181034156565,0.0309818102262752,0.018949220788579055,0.6475814056333515,0.05557436475486831,12.75,12.447999954223633,0.0071090168777756535
2024-06-18,NVDA,135.3568878173828,0.035119804709105695,0.018514938635904223,0.022524697494737116,0.028337839655187616,0.041599050844359824,0.03247008494278864,0.020087659697894233,0.6624854035103285,0.05123113753139059,12.300000190734863,12.33799991607666,-0.03529410268746169
2024-06-20,NVDA,130.56480407714844,-0.03540332389068834,0.03026714571955329,0.023836014034951787,0.02919571746508128,0.08594578941190757,0.04277426253179922,0.028582247972349588,1.1411369139207046,0.04994044907744647,13.279999732971191,12.585999870300293,0.07967475829590032
2024-06-21,NVDA,126.36174011230467,-0.032191401002373055,0.03074688757645704,0.026352261115088222,0.030229971960194932,0.0500118657368817,0.04870287689942658,0.03105570823530565,1.4156233492892885,0.04831971186459985,13.199999809265137,12.83799991607666,-0.006024090761646117
2024-06-24,NVDA,117.91564178466795,-0.0668406300841552,0.038026914828077456,0.03483195301554191,0.03305497753911844,0.05435609292836319,0.05271939599113377,0.032868472183574554,1.0799439925580507,0.03321713150056441,13.329999923706055,12.97199993133545,0.009848493660558288
2024-06-25,NVDA,125.88251495361328,0.0675641759512624,0.05557436475486831,0.04120275545203382,0.03468159125937956,0.05694345716320835,0.05777125121694413,0.03542528832508892,0.9412293356474687,0.010542770140260971,12.84000015258789,12.989999961853027,-0.03675917283740937
2024-06-26,NVDA,126.19200897216795,0.002458594179411744,0.05123113753139059,0.04101919988065631,0.034707276273315574,0.04367085899074342,0.05818561284622085,0.03558219795804633,0.8529224101714672,0.025623655426762704,12.550000190734863,13.039999961853027,-0.022585666542580096
2024-06-27,NVDA,123.78597259521484,-0.019066471772263838,0.04994044907744647,0.04016447671819317,0.03516268010627477,0.028147476032692683,0.04662595017037787,0.02868882349844217,0.6155424082151706,0.0256306839234689,12.239999771118164,12.831999969482421,-0.024701228279307874
2024-06-28,NVDA,123.33672332763672,-0.003629242135917865,0.04831971186459985,0.038182571092753304,0.03493213476963081,0.04014893190638807,0.044653363404279146,0.027536645413720303,0.7851174298701115,0.026097056365782117,12.4399995803833,12.679999923706054,0.01633985400367921
2024-07-01,NVDA,124.09546661376952,0.006151803499086395,0.03321713150056441,0.03763201167365515,0.034860725589995915,0.04835071890009063,0.043452288598624635,0.027046994887228188,0.739092492988317,0.027132892007396686,12.220000267028809,12.457999992370606,-0.017684832859754307
2024-07-02,NVDA,122.4681396484375,-0.013113508573176613,0.010542770140260971,0.03771341148312247,0.034682135894008904,0.01940168678844083,0.035943934523671124,0.022640546842698582,0.5831825642049222,0.0237742730666964,12.029999732971191,12.295999908447266,-0.015548324869538943
2024-07-03,NVDA,128.06890869140625,0.04573245791963987,0.025623655426762704,0.03911895027987914,0.035195015358987884,0.05394448265353543,0.03799865925622953,0.02438259225840965,0.5909742110533042,0.03588825431142677,12.09000015258789,12.203999900817871,0.004987566163634494
2024-07-05,NVDA,125.6229476928711,-0.019098788484478435,0.0256306839234689,0.038027825012054026,0.03560868524297344,0.025192766051104813,0.03740771725991195,0.024139797850555495,0.6130505906627933,0.034741196575436936,12.479999542236328,12.251999855041504,0.03225801362500036
2024-07-08,NVDA,127.98902893066406,0.01883478521438353,0.026097056365782117,0.03711848807942508,0.03553743450610305,0.029095190684282863,0.03519696901549091,0.0230205844736036,0.7246010396106524,0.034202561197410476,12.369999885559082,12.23799991607666,-0.008814075377564845
2024-07-09,NVDA,131.163818359375,0.024805168499487884,0.027132892007396686,0.02859611818833994,0.03208639475884128,0.03935160020998555,0.0333971452774699,0.02159461332709382,0.8871676388776495,0.03185860453305986,12.510000228881836,12.295999908447266,0.01131773198205055
2024-07-10,NVDA,134.68798828125,0.026868460875537625,0.0237742730666964,0.021734586899236134,0.03210842241697194,0.01986515352325229,0.03348983862443219,0.021631725915721253,0.7818758414818053,0.03399816862784078,12.850000381469727,12.460000038146973,0.02717826909410692
2024-07-11,NVDA,127.19036865234376,-0.05566657966002142,0.03588825431142677,0.02947596582467326,0.03200866809642905,0.07142849871063839,0.03698664183585278,0.02431663331173812,1.1494670940501628,0.03580530951543638,12.920000076293945,12.626000022888183,0.00544744690631771
2024-07-12,NVDA,129.02734375,0.014442721702280226,0.034741196575436936,0.028815631192802695,0.03205591806808723,0.03636642485666548,0.03922137359696491,0.025327325760974417,0.7805927504028264,0.03352227979366235,12.460000038146973,12.622000122070313,-0.035603717912586985
2024-07-15,NVDA,128.2286376953125,-0.006190207683691051,0.034202561197410476,0.02890746375648867,0.03113172800064428,0.03277794304304244,0.03995792406871683,0.025643161621919475,0.6488205828715778,0.044842979762065936,13.119999885559082,12.772000122070313,0.0529694899993165
2024-07-16,NVDA,126.1520767211914,-0.01619420600143362,0.03185860453305986,0.029601759789770307,0.03129202021527694,0.03529591194630593,0.039146786415980905,0.02519601046843362,0.6788835540036656,0.04456450371594421,13.1899995803833,12.907999992370605,0.0053353426398474735
2024-07-17,NVDA,117.79584503173828,-0.06623935100110345,0.03399816862784078,0.03657078192117419,0.03277303108540803,0.043478238378654936,0.04386940338706143,0.02719073741847584,1.2135734829573148,0.045180833935901034,14.479999542236328,13.233999824523925,0.09780136488947022
2024-07-18,NVDA,120.8907470703125,0.026273439761312023,0.03580530951543638,0.03410846403543851,0.0330296903285221,0.048228624526415464,0.03922942855021685,0.023802319316710615,0.9944582058676379,0.041552959747486455,15.930000305175781,13.835999870300293,0.1001381774018697
2024-07-19,NVDA,117.7359390258789,-0.026096356593765524,0.03352227979366235,0.03449450901854179,0.03202673818592302,0.035868699369056414,0.03912988345269504,0.023707392098541818,0.7058656811669073,0.04183408934515648,16.520000457763672,14.647999954223632,0.037037045906157084
2024-07-22,NVDA,123.33672332763672,0.04757072774972082,0.044842979762065936,0.03782195984889578,0.033135745712577575,0.03407802374351064,0.03938989959278867,0.023906089432890663,0.8955372993378194,0.02846532255663728,14.90999984741211,15.005999946594239,-0.09745766136434542
2024-07-23,NVDA,122.3882827758789,-0.0076898471612411035,0.04456450371594421,0.0365376681243659,0.03317394297526971,0.021127368012528708,0.036556190806033236,0.022672359088167948,0.6368858187408333,0.03489471175221211,14.720000267028809,15.31200008392334,-0.012743097406287318
2024-07-24,NVDA,114.06199645996094,-0.06803172760553655,0.045180833935901034,0.03919546630717153,0.03545226685691146,0.056980258265522436,0.039256594783406734,0.024600562882328394,1.2196628417854831,0.07357718983010324,18.040000915527344,16.024000358581542,0.22554351822499452
2024-07-25,NVDA,112.09524536132812,-0.017242825478012702,0.041552959747486455,0.03665194809747979,0.03555537764670012,0.09200208687181517,0.04801128725248668,0.03245315346683878,1.6815411741328985,0.08062605461398181,18.459999084472656,16.530000114440917,0.023281493771090345
2024-07-26,NVDA,112.87394714355467,0.006946786901768087,0.04183408934515648,0.0361252990066371,0.03489790572009242,0.040863216141439895,0.049010190606963364,0.032886415456650823,1.0644294327830797,0.0806195637018272,16.389999389648438,16.50399990081787,-0.11213433355830271
2024-07-29,NVDA,111.40636444091795,-0.013001961389462413,0.02846532255663728,0.0360532843928704,0.03418952106458403,0.04462761798521618,0.05112010945530447,0.0336713337186427,0.9114139741847069,0.08448957786329885,16.600000381469727,16.842000007629395,0.012812751655983723
2024-07-30,NVDA,103.55931091308594,-0.07043631274758577,0.03489471175221211,0.040349670814830214,0.03596938449823095,0.09110186679282074,0.06511500921136289,0.0407747215955054,1.7241035482850282,0.08153876957347055,17.690000534057617,17.436000061035156,0.06566265828551643
2024-07-31,NVDA,116.8274383544922,0.1281210479716477,0.07357718983010324,0.0579353333550551,0.04365318513189146,0.06374978036640262,0.06646891363153892,0.04175885386825623,1.6033881452360537,0.043738007708673914,16.360000610351562,17.1,-0.07518371303299154
2024-08-01,NVDA,109.03028869628906,-0.06674073974423766,0.08062605461398181,0.06076063606866355,0.04455087428800139,0.1222416098839955,0.07251681823397499,0.04608594442623294,1.685898132470057,0.054640510467747455,18.59000015258789,17.126000213623048,0.13630803539367387
2024-08-02,NVDA,107.09347534179688,-0.017763993635633746,0.0806195637018272,0.060551731247920335,0.04426816764366394,0.06851867907274879,0.07804791082023677,0.048565686920913696,1.4882575153643016,0.054295083128364584,23.389999389648438,18.526000213623046,0.2582032919667483
2024-08-05,NVDA,100.28469848632812,-0.06357788682959464,0.08448957786329885,0.05944417248000834,0.045276499862141315,0.12663018026030634,0.0944484232752548,0.05884843723372069,1.627704587150102,0.044656446512760815,38.56999969482422,22.920000076293945,0.648995327118046
2024-08-06,NVDA,104.07846069335938,0.03782992085824999,0.08153876957347055,0.0620856923724157,0.04450829418721045,0.06868101710038209,0.08996425333676708,0.056954863878557124,1.1827048898253347,0.049266356751992264,27.709999084472656,24.923999786376953,-0.2815660019776688
2024-08-07,NVDA,98.74724578857422,-0.05122303759364988,0.043738007708673914,0.06068376638885302,0.043261646357160594,0.102214136447601,0.09765712455300674,0.06020086961824527,1.1624226396675832,0.02890950303737101,27.850000381469727,27.221999740600587,0.005052374652567915
2024-08-08,NVDA,104.79727172851562,0.06126779427240936,0.054640510467747455,0.0649600549300086,0.045009864120513304,0.07602175158744028,0.0884131528936957,0.05540630779676077,1.1045718935564277,0.025760630009210993,23.790000915527344,28.261999893188477,-0.1457809483063327
2024-08-09,NVDA,104.57763671875,-0.0020958084704209012,0.054295083128364584,0.0648403007481805,0.04493623210011859,0.030262512352699934,0.08076191954968592,0.052746114295348076,0.8153397836868967,0.020956106175484046,20.3700008392334,27.658000183105468,-0.1437578791374391
2024-08-12,NVDA,108.84060668945312,0.04076368623788951,0.044656446512760815,0.06638401738007237,0.045695177456354055,0.044120323855280814,0.06425994826868082,0.040997742360087894,0.8979055111918774,0.021164783702126367,20.709999084472656,24.086000061035158,0.01669112573546916
2024-08-13,NVDA,115.94888305664062,0.06530904763760659,0.049266356751992264,0.06431478640966963,0.04735706401665128,0.040037898659515465,0.05853132458050749,0.03820662041133349,0.8508067476095895,0.026000938097721863,18.1200008392334,22.168000411987304,-0.12506027811373066
2024-08-14,NVDA,117.88570404052734,0.016704093500759187,0.02890950303737101,0.050320233283655,0.04741101320458901,0.03836381020537463,0.045761259332062224,0.029715788616019912,0.9296233155125553,0.026313700828415207,16.190000534057617,19.836000442504883,-0.10651215318914042
2024-08-15,NVDA,122.65782928466795,0.04048094960267634,0.025760630009210993,0.045196894200086976,0.047245001161532824,0.046963996535909686,0.03994970832175611,0.024548575893233605,0.8719858501564397,0.031576403681458094,15.229999542236328,18.12400016784668,-0.05929592094835401
2024-08-16,NVDA,124.375,0.013999682901177035,0.020956106175484046,0.043910465341888354,0.04717895250486156,0.030663024873001404,0.0400298108258164,0.02462476091069731,0.8199100642984312,0.03724546909657234,14.800000190734863,17.010000038146973,-0.028233707447526624
2024-08-19,NVDA,129.78611755371094,0.043506472793655826,0.021164783702126367,0.03438672085490851,0.04771730590382464,0.05061539870042056,0.04132882579484435,0.025682838492448685,0.8555841811683921,0.03302844217733143,14.649999618530273,15.798000144958497,-0.01013517366699046
2024-08-20,NVDA,127.04061126708984,-0.02115408287396292,0.026000938097721863,0.03720043683043842,0.04768292237671426,0.03135564238242865,0.03959237453942699,0.02468983625243618,0.7930960377216647,0.03253872426072805,15.880000114440918,15.35,0.08395908040535782
2024-08-21,NVDA,128.28854370117188,0.00982309846934215,0.026313700828415207,0.027929973125100538,0.04745302816053579,0.020933871139348293,0.03610638672622172,0.02306607008348501,0.6879098412147633,0.03360008620037905,16.270000457763672,15.365999984741212,0.024559215397492062
2024-08-22,NVDA,123.53638458251952,-0.03704273960519633,0.031576403681458094,0.03154188629316769,0.04682468628695829,0.06182319102915379,0.039078225624870545,0.025067683780297983,1.0148455952799627,0.041404420313373706,17.549999237060547,15.829999923706055,0.07867232595473528
2024-08-23,NVDA,129.1571044921875,0.04549849769897918,0.03724546909657234,0.03192387757667663,0.047491762826220786,0.03385641994378175,0.039716904639026614,0.025380472041685347,0.868484013163554,0.032626779799181514,15.859999656677246,16.04199981689453,-0.09629627657273676
2024-08-26,NVDA,126.25189971923828,-0.022493573112928877,0.03302844217733143,0.03394922474488177,0.04767114894144663,0.0544835664252339,0.040490538183989275,0.025676268969945598,0.8820210345328425,0.04875183027855074,16.149999618530273,16.341999816894532,0.018284991685414864
2024-08-27,NVDA,128.08888244628906,0.014550139294029707,0.03253872426072805,0.02911952687480463,0.04762879931069263,0.04146531230149742,0.04251247216780303,0.026768991625523417,0.8255675026614773,0.04331300060416991,15.430000305175781,16.251999855041504,-0.044582001879948985
2024-08-28,NVDA,125.40331268310548,-0.020966454792122224,0.03360008620037905,0.030610033161902632,0.04609805040902518,0.04529896038339274,0.04738549001661192,0.028863234684794816,1.2245553376797336,0.04789113543399459,17.110000610351562,16.419999885559083,0.10887882514248881
2024-08-29,NVDA,117.39649963378906,-0.06384849712502938,0.041404420313373706,0.03521929795522059,0.04745261414173521,0.06565185356856348,0.04815122252449386,0.029441807549809636,1.2500377509920146,0.04486339185430915,15.649999618530273,16.039999961853027,-0.0853302711712346
2024-08-30,NVDA,119.17357635498048,0.015137391035805248,0.032626779799181514,0.035285008096977225,0.04726450159817657,0.037949222376361065,0.048969783011009724,0.02975338836410897,0.9401615070005428,0.05007759907288421,15.0,15.868000030517578,-0.041533522963198455
2024-09-03,NVDA,107.8222885131836,-0.09525003938780008,0.04875183027855074,0.041410133406860346,0.04959650089487322,0.08259257563838249,0.05459158485363944,0.03369921475054286,1.3586051984607992,0.02965799949815121,20.719999313354492,16.78199996948242,0.38133328755696616
2024-09-04,NVDA,106.03524017333984,-0.01657401604516351,0.04331300060416991,0.041391468990716024,0.04965018888960385,0.08615002330625264,0.06352852705459049,0.03898557985623665,1.0660818977324404,0.04431811791614627,21.31999969482422,17.95999984741211,0.028957548327861904
2024-09-05,NVDA,107.0335922241211,0.009415285419726471,0.04789113543399459,0.04136216775193734,0.04817516766857793,0.04561141154189832,0.0635910172862916,0.03900826317004341,0.8916113927946457,0.04394047005728269,19.899999618530273,18.51799964904785,-0.06660413211162819
2024-09-06,NVDA,102.66079711914062,-0.040854417889891304,0.04486339185430915,0.04158275460082708,0.04864027948792956,0.07001852036787887,0.06446435064615466,0.039599070810116085,1.1981197451223444,0.031363178535295716,22.3799991607666,19.863999557495116,0.12462309496363155
2024-09-09,NVDA,106.29480743408205,0.035398228115490316,0.05007759907288421,0.03997299157388922,0.04909175764239764,0.026862032286663062,0.062246912628215065,0.038958687122258445,0.7953477418536287,0.03799345808459883,19.450000762939453,20.753999710083008,-0.13092039802055044
2024-09-10,NVDA,107.92211151123048,0.01530934686680352,0.02965799949815121,0.04132318670011351,0.049122024068890144,0.041165630346443195,0.05396152356982722,0.03438148966167165,0.7855372258418682,0.04029324740548588,19.079999923706055,20.42599983215332,-0.019023178648836292
2024-09-11,NVDA,116.7176284790039,0.08149874798231838,0.04431811791614627,0.05091170386898501,0.04942991928957852,0.0835685909368199,0.053445237095940665,0.03488450322387389,1.2685728070243756,0.01611548953371287,17.690000534057617,19.7,-0.07285112134206173
2024-09-12,NVDA,118.95413208007812,0.01916166075526915,0.04394047005728269,0.05136201454359783,0.0437621852392699,0.045408793770561666,0.053404713541673345,0.03490350666937307,1.0479366428563075,0.024544276698675094,17.06999969482422,19.13400001525879,-0.035048096128643014
2024-09-13,NVDA,118.9141845703125,-0.0003358228004953778,0.031363178535295716,0.046878576160598255,0.04182623745799655,0.01981528665480502,0.04336406679905857,0.03007249826475579,0.6902501399963006,0.02526814920865388,16.559999465942383,17.970000076293946,-0.029876991095463934
2024-09-16,NVDA,116.59780883789062,-0.01947938961858864,0.03799345808459883,0.047102100571059166,0.041857822397499446,0.03271107839317292,0.04453387602036054,0.03047672467675456,0.7260653155921545,0.023993506474755857,17.139999389648438,17.50799980163574,0.03502415111177348
2024-09-17,NVDA,115.40966796875,-0.010190078878690834,0.04029324740548588,0.034114898072703924,0.039992548249878294,0.034345543269143276,0.04316985860490056,0.029795431133140954,0.6855418202386708,0.028899403609854383,17.610000610351562,17.213999938964843,0.027421309068831112
2024-09-18,NVDA,113.19313049316406,-0.019205821441112936,0.01611548953371287,0.03432931644638769,0.03975623334614588,0.03951658833027712,0.034359458083592,0.021207980662006125,0.9158760633369265,0.02422894922484508,18.229999542236328,17.321999740600585,0.03520720672322497
2024-09-19,NVDA,117.68611907958984,0.039693120658917724,0.024544276698675094,0.03586007250332499,0.0388911832338762,0.020446284940629268,0.029366956317605518,0.01811568076910727,0.8617256318076401,0.02109709268072287,16.329999923706055,17.173999786376953,-0.10422378860340853
2024-09-20,NVDA,115.81903076171876,-0.01586498333425701,0.02526814920865388,0.032640986154934964,0.03768340363387355,0.027844856525289594,0.030972870291702436,0.018832918128387496,1.1218645350181395,0.02285179913558574,16.149999618530273,17.091999816894532,-0.011022676424785383
2024-09-23,NVDA,116.07862091064452,0.0022413427846743605,0.023993506474755857,0.03173923448026019,0.037667408817722396,0.018320980683641273,0.028094850749796108,0.017353820675394337,0.6154850087288604,0.02301585827667368,15.890000343322754,16.842000007629395,-0.01609902670890473
2024-09-24,NVDA,120.68143463134766,0.03965255345552654,0.028899403609854383,0.033154778333221724,0.03763071892254611,0.0531149636175662,0.031848734819480695,0.020720359086226596,1.0557677293625656,0.022849086076365713,15.390000343322754,16.397999954223632,-0.031466330345934046
2024-09-25,NVDA,123.31731414794922,0.02184163226641722,0.02422894922484508,0.023022425014704934,0.0359954697698333,0.026961394004201545,0.029337695954265573,0.019322183862808016,0.8490826889672896,0.021085118333044727,15.40999984741211,15.83400001525879,0.0012995129072905787
2024-09-26,NVDA,123.8464813232422,0.004291102015554049,0.02109709268072287,0.022535091506808703,0.03590002144643813,0.047323404336195043,0.03471311983337873,0.022434254613370837,0.92245608147534,0.0281051981912638,15.369999885559082,15.642000007629395,-0.002595714617073419
2024-09-27,NVDA,121.21060180664062,-0.0212834429241624,0.02285179913558574,0.023940021459722016,0.03540097166534595,0.03929156987736613,0.037002462503794034,0.023648693326435127,0.8497769121287285,0.0265634162323414,16.959999084472656,15.803999900817871,0.10344822451218505
2024-09-30,NVDA,121.25054168701172,0.00032950814347754154,0.02301585827667368,0.02273907418301868,0.03530528156683449,0.02758562587922752,0.03885539154291129,0.024316572354026213,0.7225252884504744,0.02720950967951847,16.729999542236328,15.971999740600586,-0.013561294495994303
2024-10-01,NVDA,116.81745910644533,-0.03656134248051168,0.022849086076365713,0.025896903844928033,0.0349083729749538,0.05683761987930695,0.03959992279525944,0.024591314130098955,0.9911070066307611,0.010822493064988057,19.260000228881836,16.7459997177124,0.15122538887453651
2024-10-02,NVDA,118.66458892822266,0.015812104080214606,0.021085118333044727,0.02514047260764441,0.03489455554695494,0.03567520335048861,0.04134268466451685,0.02542488527620869,0.7462676425253734,0.01635722726965079,18.899999618530273,17.443999671936034,-0.018691620253031727
2024-10-03,NVDA,122.65834045410156,0.03365579876819558,0.0281051981912638,0.024272688282210606,0.0354325344706907,0.032722867907139644,0.038422577378705774,0.023759259035662315,0.9368827648180605,0.015147352431296751,20.489999771118164,18.46799964904785,0.08412699389840173
2024-10-04,NVDA,124.72511291503906,0.016849832251814023,0.0265634162323414,0.023426067491704,0.034898122941747836,0.025696438773008527,0.03570355115783425,0.022413121401509875,0.8481976920300975,0.017424191231272663,19.209999084472656,18.91799964904785,-0.06246953152482426
2024-10-07,NVDA,127.52074432373048,0.022414342575867385,0.02720950967951847,0.02377144704147677,0.03412715987589034,0.04455059808192304,0.039096545598373354,0.02426948732983674,1.1902469519511936,0.017626515130967513,22.639999389648438,20.099999618530273,0.17855286145995874
2024-10-08,NVDA,132.6826629638672,0.04047905042831612,0.010822493064988057,0.023888307418482503,0.03461980591878919,0.030551565785544032,0.03383933477962077,0.020805897207136503,0.9792457882166458,0.027564961291894848,21.420000076293945,20.531999588012695,-0.05388689691892423
2024-10-09,NVDA,132.4430694580078,-0.0018057634698258607,0.01635722726965079,0.02373188966669727,0.03454803593729635,0.02367131197984655,0.03143855650549236,0.019462571602198123,0.8729685170820716,0.03124690462456287,20.860000610351562,20.923999786376953,-0.026143765823892218
2024-10-10,NVDA,134.5996856689453,0.016283345136615557,0.015147352431296751,0.023858974308681894,0.03437430271554483,0.0296713899001552,0.030828260904095472,0.01913533725657407,0.8784821305290698,0.030750533245893837,20.93000030517578,21.011999893188477,0.0033556899700895038
2024-10-11,NVDA,134.58970642089844,-7.414020320539727e-05,0.017424191231272663,0.021755605443992552,0.031990813074171266,0.015726966388669047,0.028834366427227576,0.018309428159727848,0.6248006884170455,0.030723074390285085,20.459999084472656,21.261999893188477,-0.022455863060207304
2024-10-14,NVDA,137.85459899902344,0.02425811501449293,0.017626515130967513,0.021799447517611564,0.03213284914576221,0.023900940658376984,0.024704434942518363,0.015279692827607867,0.8554748789533405,0.03415565815611218,19.700000762939453,20.67400016784668,-0.037145569674535084
2024-10-15,NVDA,131.3946990966797,-0.04686024223529539,0.027564961291894848,0.024485731634770847,0.02783486674572921,0.07469605908165755,0.033533333601741065,0.02356249414123984,1.3547374810906283,0.017777655135465652,20.639999389648438,20.518000030517577,0.047715664482478326
2024-10-16,NVDA,135.50827026367188,0.03130697962149487,0.03124690462456287,0.025225736763516672,0.02781025590087285,0.03713522871206703,0.036226116948185165,0.02483682465422135,0.9575436908723873,0.024851499620355922,19.579999923706055,20.261999893188477,-0.051356564791082526
2024-10-17,NVDA,136.71636962890625,0.0089153183262074,0.030750533245893837,0.02423966550906916,0.027809887407584548,0.029358098937311353,0.03616345875561639,0.02473981575471527,1.1051870750890787,0.024796187056113195,19.110000610351562,19.897999954223632,-0.024004050826652468
2024-10-18,NVDA,137.7847137451172,0.007814310159864446,0.030723074390285085,0.024173009126608535,0.026200732422795872,0.011739095052083334,0.035365884488299255,0.024578910161371537,0.6596324309307959,0.024802382471854865,18.030000686645508,19.412000274658205,-0.05651490786039204
2024-10-21,NVDA,143.4857940673828,0.041376725815984505,0.03415565815611218,0.02591240952375567,0.02642092973039528,0.03973284007449858,0.03853226437152357,0.026103918712519113,0.9803096365836662,0.014540170150484689,18.3700008392334,19.14600028991699,0.018857467534081795
2024-10-22,NVDA,143.36598205566406,-0.0008350095735782936,0.017777655135465652,0.024129436658445875,0.026481498838078578,0.01838567767239214,0.027270188089670487,0.01776007922365984,0.8590776920403813,0.015146539130348876,18.200000762939453,18.658000564575197,-0.009254222565459602
2024-10-23,NVDA,139.34226989746094,-0.028066017478545646,0.024851499620355922,0.026620179955434302,0.023664229681279743,0.03561182322196165,0.026965506991649412,0.017449949111691676,1.0851340468634605,0.009529389919975463,19.239999771118164,18.590000534057616,0.05714280025176999
2024-10-24,NVDA,140.19094848632812,0.006090604017658929,0.024796187056113195,0.026351448904638145,0.02353722514997204,0.020582574704599368,0.025210402145107013,0.016578169219342073,0.6706781692387912,0.022124158034899692,19.079999923706055,18.584000396728516,-0.008316000484173136
2024-10-25,NVDA,141.31918334960938,0.00804784385484969,0.024802382471854865,0.026323629153318016,0.023512133203831106,0.023526932238317002,0.027567969582353746,0.01744483733086533,0.8085488980135708,0.02509784284306738,20.329999923706055,19.044000244140626,0.06551362709634656
2024-10-28,NVDA,140.30079650878906,-0.007206288747798162,0.014540170150484689,0.02566539056480005,0.023156927303432155,0.02198972561870468,0.024019346691194966,0.01483587980188617,0.6914612079163477,0.02582529617568212,19.799999237060547,19.329999923706055,-0.026069881388808724
2024-10-29,NVDA,141.02963256835938,0.005194810562067387,0.015146539130348876,0.01907365485838882,0.022945175050227976,0.023787614940542073,0.025099734144824953,0.015387077153759738,0.6463568662313014,0.03010180099265541,19.34000015258789,19.55799980163574,-0.023232277888761477
2024-10-30,NVDA,139.12261962890625,-0.013522072664613694,0.009529389919975463,0.018034731478524562,0.022744263753371238,0.025261980515093176,0.023029765603451262,0.013867816305621204,0.7423269793409811,0.03420295986288993,20.350000381469727,19.779999923706054,0.05222338267389759
2024-10-31,NVDA,132.55287170410156,-0.04722271577640458,0.022124158034899692,0.023746017716172227,0.02395908227101392,0.041428142720485096,0.0271988792066284,0.016779320925102512,1.1189040789840383,0.013081352617950409,23.15999984741211,20.595999908447265,0.13808350925148427
2024-11-01,NVDA,135.1887664794922,0.01988561048511084,0.02509784284306738,0.024637490285993397,0.02381264536723731,0.020236265567853354,0.026540745872535677,0.016475389630729986,0.8647785419248051,0.019459934604006086,21.8799991607666,20.905999755859376,-0.055267732948130144
2024-11-04,NVDA,135.83773803710938,0.004800484348791212,0.02582529617568212,0.019780355045856516,0.02380536149570245,0.024917304767415323,0.027126261702277804,0.01676556944091283,0.8097795431435859,0.024475948247949623,21.979999542236328,21.341999816894532,0.004570401522182799
2024-11-05,NVDA,139.69174194335938,0.028372114862492248,0.03010180099265541,0.022481979467643447,0.023332163675293904,0.021728205321719412,0.02671437977851327,0.016566638660815407,0.7124860204419429,0.023541623470809132,20.489999771118164,21.571999740600585,-0.06778888999770039
2024-11-06,NVDA,145.3828582763672,0.04074053522301546,0.03420295986288993,0.02420452183239291,0.02404261440609189,0.031110492138648,0.027884082103224232,0.017293842880839887,1.075212176515064,0.019024226430889937,16.270000457763672,20.755999755859374,-0.20595409275225196
2024-11-07,NVDA,148.6477508544922,0.022457204493246063,0.013081352617950409,0.024866939846398022,0.024231772605207126,0.018538382699600373,0.023306130099047292,0.014293574099423516,0.9281888023808389,0.015179317239046615,15.199999809265137,19.16399974822998,-0.06576525005492273
2024-11-08,NVDA,147.39964294433594,-0.008396413016554805,0.019459934604006086,0.025268323485526073,0.023835291883413927,0.023775720717554842,0.024014021128987588,0.014682216811464251,0.7854984056688522,0.020378008474636656,14.9399995803833,17.77599983215332,-0.017105278430553206
2024-11-11,NVDA,145.0333709716797,-0.016053444400471517,0.024475948247949623,0.025871812071634206,0.02417434013751287,0.036348609245255084,0.026300282024555543,0.016299013676334212,0.8244990803016049,0.020097325698360816,14.970000267028809,16.373999977111815,0.002008078145122605
2024-11-12,NVDA,148.05862426757812,0.020859015243389623,0.023541623470809132,0.026445220172301182,0.022905937565561345,0.024546493724798186,0.026863939705171296,0.01657757329966719,0.9361825450083275,0.030864225432961852,14.710000038146973,15.218000030517578,-0.017368084451840793
2024-11-13,NVDA,146.0418243408203,-0.013621630869087076,0.019024226430889937,0.02645306584962082,0.02319653572173379,0.023449838205932824,0.02533180891862826,0.015575328173539594,0.9202831718733305,0.030380818438049687,14.020000457763672,14.768000030517578,-0.04690683742990798
2024-11-14,NVDA,146.53103637695312,0.0033498077577498453,0.015179317239046615,0.019146276753568444,0.022658543209406336,0.023507747869815406,0.026325681952671272,0.016029278658196335,0.9582884507701338,0.030451465397915014,14.3100004196167,14.59000015258789,0.020684732695029018
2024-11-15,NVDA,141.7584686279297,-0.03257035415177123,0.020378008474636656,0.023006459389042527,0.02363270305610344,0.03634317380887584,0.02883917257093547,0.017628416054675078,1.2105360471488475,0.03034693556108836,16.139999389648438,14.830000114440917,0.1278825238553527
2024-11-18,NVDA,139.93133544921875,-0.012889058384981333,0.020097325698360816,0.023692801100430275,0.023591253364902746,0.03139500069135444,0.02784845086015534,0.016988204653042134,1.0818874012559914,0.03575772091673566,15.579999923706055,14.952000045776368,-0.03469637466662756
2024-11-19,NVDA,146.78065490722656,0.048947717364517196,0.030864225432961852,0.02680796423998265,0.024095872435712574,0.04176586367645187,0.031292324850486074,0.01938910003225186,1.1138970024088855,0.022034329957795487,16.350000381469727,15.280000114440918,0.04942236595213734
2024-11-20,NVDA,145.6623992919922,-0.007618549024332788,0.030380818438049687,0.023905581742084858,0.024164550506931243,0.033107148202492796,0.03322378684979807,0.0204176613353235,1.5061643058418823,0.02182264338741902,17.15999984741211,15.907999992370605,0.049541250583724494
2024-11-21,NVDA,146.44119262695312,0.005346563963976703,0.030451465397915014,0.02273898083789919,0.024046612468626303,0.08311176514344054,0.0451445903045231,0.02958534494196165,1.846274293252456,0.02627554889647233,16.8700008392334,16.420000076293945,-0.016899709251596895
2024-11-22,NVDA,141.72854614257812,-0.032181153402513485,0.03034693556108836,0.024725040685670656,0.02489211316647646,0.04269107213016248,0.04641416996878043,0.030140653409264584,1.0808156167542966,0.023933267597641108,15.239999771118164,16.24000015258789,-0.0966212796103989
2024-11-25,NVDA,135.80780029296875,-0.04177525283899508,0.03575772091673566,0.027357370689363447,0.02576256107015547,0.04580205507904406,0.049295580846318354,0.031330825098775196,1.517580913500454,0.012163569197403712,14.600000381469727,16.044000244140626,-0.041994711237550164
2024-11-26,NVDA,136.70639038085938,0.00661663090008191,0.022034329957795487,0.026134666704566944,0.02422529925646214,0.02651186774289491,0.04624478165960696,0.030013926405106334,0.8311978002542328,0.017673676322836774,14.100000381469727,15.594000244140625,-0.0342465744476691
2024-11-27,NVDA,135.12884521484375,-0.011539659277233771,0.02182264338741902,0.026089970916797763,0.023670518171383832,0.04004727586524928,0.047632807192158254,0.030628320232306962,0.9787761174734212,0.01440438300190181,14.100000381469727,14.982000350952148,0.0
2024-11-29,NVDA,138.03433227539062,0.021501605049072836,0.02627554889647233,0.02751587883470985,0.023940733668111707,0.02386982315918835,0.03578441879530782,0.021943730382545403,0.6308655644067149,0.019323546373305026,13.510000228881836,14.310000228881837,-0.041843981320970114
2024-12-02,NVDA,138.41372680664062,0.002748551936289756,0.023933267597641108,0.0258903863881734,0.023905911332925998,0.018971287105173498,0.03104046179031002,0.019487032826902687,0.769538187799397,0.02410087536424002,13.34000015258789,13.930000305175781,-0.012583277084667777
2024-12-03,NVDA,140.0411834716797,0.011757913774784523,0.012163569197403712,0.025920656214420086,0.022739611568145163,0.018465681158745532,0.025573187006250313,0.016112442171362935,0.7407945751060059,0.025741931528979592,13.300000190734863,13.670000267028808,-0.002998497855734139
2024-12-04,NVDA,144.91357421875,0.034792556205836656,0.017673676322836774,0.02321948446734443,0.02363733082529958,0.037894446900433726,0.02784970283775808,0.017776210082621636,1.0254889947478705,0.024361491573680515,13.449999809265137,13.54000015258789,0.01127816664504766
2024-12-05,NVDA,144.8436737060547,-0.00048236000714330096,0.01440438300190181,0.023104042540911557,0.023010859782972258,0.017854655876748178,0.023411178840057854,0.01489226848518861,0.7775520281030268,0.0240837425910584,13.539999961853027,13.42800006866455,0.006691461253842901
2024-12-06,NVDA,142.2275848388672,-0.018061464475808475,0.019323546373305026,0.02364543343718117,0.023267505111129693,0.030819989570375936,0.024801212122295378,0.015743655305101214,0.8527153506527116,0.024503335200821905,12.770000457763672,13.280000114440918,-0.056868501200791455
2024-12-09,NVDA,138.6029815673828,-0.025484530835496955,0.02410087536424002,0.022796113820680627,0.023705770713413978,0.02031548242221766,0.025070051185704205,0.015873778852934048,0.853713463439578,0.023553896093976814,14.1899995803833,13.45,0.1111980479026784
2024-12-10,NVDA,134.86856079101562,-0.02694329324042477,0.025741931528979592,0.020261743371381508,0.024171200500961568,0.05945075592400671,0.03326706613875644,0.02172764508921529,0.9412406109388165,0.021721090662552536,14.180000305175781,13.626000022888183,-0.0007046705780979767
2024-12-11,NVDA,139.10223388671875,0.031391104575241746,0.024361491573680515,0.022608574746969534,0.02486711205615251,0.03560398781136966,0.03280897432094363,0.021425254245574937,0.8312381199846569,0.004485699282474064,13.579999923706055,13.652000045776367,-0.04231314305760081
2024-12-12,NVDA,137.1351776123047,-0.014141083284226585,0.0240837425910584,0.022795462642262346,0.024878835871490305,0.019222363914685004,0.033082515928530995,0.021513811475531427,0.7210304308758629,0.013888053430572077,13.920000076293945,13.728000068664551,0.02503683022813319
2024-12-13,NVDA,134.04978942871094,-0.02249888203241668,0.024503335200821905,0.022796859680108198,0.023645732918942702,0.052588549850151406,0.03743622798448609,0.02428182301673526,1.0397523150515322,0.02055374840271141,13.8100004196167,13.936000061035156,-0.00790227414327227
2024-12-16,NVDA,131.8031463623047,-0.01675976572571225,0.023553896093976814,0.023112071111442454,0.023563827366426798,0.03015148278438681,0.03940342805691992,0.02499800453601141,1.0715891176586352,0.0229384052341226,14.6899995803833,14.036000061035157,0.06372187791657047
2024-12-17,NVDA,130.19554138183594,-0.01219701520667582,0.021721090662552536,0.02245538966339046,0.023634292246607312,0.03627575542357549,0.03476842795683367,0.02182873664239577,1.1582643816098317,0.019659891081397454,15.869999885559082,14.373999977111817,0.0803267759620312
2024-12-18,NVDA,128.7177734375,-0.01135037289796248,0.004485699282474064,0.016977243503954482,0.0230285827913842,0.06531687169147285,0.040711004732854314,0.025969322529874033,1.225217232517455,0.016804704365085993,27.6200008392334,17.182000160217285,0.7403907396600702
2024-12-19,NVDA,130.48507690429688,0.013730065550388026,0.013888053430572077,0.018539303730420724,0.021774872381767528,0.03428218532774155,0.043722969015465615,0.027037684669031645,0.9470806720766952,0.02392364344833195,24.09000015258789,19.216000175476076,-0.1278059587033482
2024-12-20,NVDA,134.49911499023438,0.030762430318997724,0.02055374840271141,0.022296414943864522,0.022163862288913747,0.052412752179248547,0.04368780948128505,0.027276201017044043,1.4144212517152295,0.02084036936283313,18.360000610351562,20.126000213623048,-0.23785801186974165
2024-12-23,NVDA,139.4617156982422,0.036896902320644465,0.0229384052341226,0.024640346695848348,0.023303441081114557,0.03343594351090675,0.04434470162658903,0.02760594511474251,0.8238387088305845,0.013309757972157695,16.780000686645508,20.54400043487549,-0.08605663786390261
2024-12-24,NVDA,140.01089477539062,0.003937848278998013,0.019659891081397454,0.022616645905378034,0.023160753257623515,0.023177863155803148,0.041725123173034576,0.02653578502308105,0.521328307663073,0.021547500168326326,14.270000457763672,20.224000549316408,-0.14958284422952606
2024-12-26,NVDA,139.72132873535156,-0.002068167912958385,0.016804704365085993,0.020484902097914332,0.02279281129133164,0.022296938035333464,0.033121136441806684,0.02118502995353113,0.5868802525018985,0.030167025508469742,14.729999542236328,17.64600028991699,0.03223539381334706
2024-12-27,NVDA,136.80567932128906,-0.020867604398359774,0.02392364344833195,0.021124326418038828,0.022961485915921506,0.03145754128454261,0.032556207633166905,0.020904063229759965,0.8738136392095482,0.02750899296992961,15.949999809265137,16.018000221252443,0.08282418906603617
2024-12-30,NVDA,137.28494262695312,0.0035032412984734584,0.02084036936283313,0.019598050814570982,0.022962717621270137,0.045457849663921523,0.031165227130101496,0.019483566862008837,0.853569134974439,0.045705634940392155,17.399999618530273,15.826000022888184,0.0909090800379102
2024-12-31,NVDA,134.08973693847656,-0.023274261745943603,0.013309757972157695,0.02040328955516872,0.022594567947004967,0.031573502905237714,0.03079273900896769,0.01914433446073132,0.7953620029613412,0.04327970540439245,17.350000381469727,15.939999961853028,-0.002873519434293592
2025-01-02,NVDA,138.1037139892578,0.029935005783648938,0.021547500168326326,0.021488387908102577,0.023201793456047143,0.03072807515739791,0.03230278140928665,0.019936407353660736,1.004290368787724,0.044411749690988614,17.93000030517578,16.67199993133545,0.03342938968033171
2025-01-03,NVDA,144.2545623779297,0.044537892653272904,0.030167025508469742,0.023603368878872218,0.022891716410888836,0.035785963350600566,0.03500058647234007,0.02136546444238839,1.1622730248504867,0.035785166149670256,16.1299991607666,16.951999855041503,-0.10039046925668937
2025-01-06,NVDA,149.20713806152344,0.03433219443429869,0.02750899296992961,0.024674180924407693,0.023697992791524028,0.02904367630738713,0.03451781347690897,0.02110308370164418,1.314120321080701,0.023679775896081376,16.040000915527344,16.970000076293946,-0.005579556721748813
2025-01-07,NVDA,139.93099975585938,-0.06216953442159834,0.045705634940392155,0.0334891160432922,0.026337038767767235,0.09362073949706108,0.04415039144353688,0.029567604269857505,1.6743015921947897,0.024597399823895236,17.81999969482422,17.054000091552734,0.11097248614080613
2025-01-08,NVDA,139.90106201171875,-0.00021394647499739516,0.04327970540439245,0.03149404409227407,0.0256778728555118,0.04560701849840927,0.046957094562171196,0.03086724063967947,1.0723601950757773,0.025100386570545793,17.700000762939453,17.12400016784668,-0.006733946910202238
2025-01-10,NVDA,135.7073211669922,-0.02997647612121257,0.044411749690988614,0.03290870310552654,0.025101641444040198,0.041939495214886414,0.04919937857366889,0.03174718572433366,0.9797748078908206,0.027242119571843935,19.540000915527344,17.44600028991699,0.1039548063998117
2025-01-13,NVDA,133.03131103515625,-0.01971898132557659,0.035785166149670256,0.03334590183747418,0.025331862515725844,0.029873235111914306,0.04801683292593164,0.031285052335483524,0.9620718707858339,0.024927971246798943,19.190000534057617,18.058000564575195,-0.017911994118260277
2025-01-14,NVDA,131.56350708007812,-0.011033522436610599,0.023679775896081376,0.0329486487294495,0.025324491012812547,0.04804191025316314,0.05181647971508685,0.03288289112944276,0.910985436729396,0.024760467476453617,18.709999084472656,18.592000198364257,-0.025013102460996528
2025-01-15,NVDA,136.03683471679688,0.03400127995976865,0.024597399823895236,0.03500664568982932,0.025798714690896802,0.0378743647538114,0.04066720476643691,0.024692428073188184,0.8720735970784684,0.02530850508214972,16.1200008392334,18.252000427246095,-0.13842856076827315
2025-01-16,NVDA,133.3708038330078,-0.019597860309961135,0.025100386570545793,0.034757657859319106,0.026033262412074924,0.03938005703681805,0.03942181247411866,0.023848210581469218,0.9918660909007219,0.02956781094399125,16.600000381469727,18.03200035095215,0.029776644990494594
2025-01-17,NVDA,137.504638671875,0.030995050791199574,0.027242119571843935,0.03486052987373131,0.02658704768324184,0.02207532595978514,0.03544897862309841,0.02189729566834344,0.9670660819052032,0.08472168809878856,15.970000267028809,17.31800022125244,-0.03795181325081021
2025-01-21,NVDA,140.61996459960938,0.022656151514774958,0.024927971246798943,0.03235937890763886,0.026123473205414048,0.03365763993137182,0.03620585958698991,0.022287868803334724,0.9690936701029685,0.0985131504275085,15.0600004196167,16.49200019836426,-0.05698183044435312
2025-01-22,NVDA,146.85067749023438,0.04430887824759355,0.024760467476453617,0.0337311971732546,0.027384244060990562,0.028013836350091997,0.03220024480637569,0.019785829624847474,1.1567234464538763,0.09329795699484082,15.100000381469727,15.770000457763672,0.0026560398896751103
2025-01-23,NVDA,147.00045776367188,0.0010199494888094573,0.02530850508214972,0.02606122154983414,0.027151148871741283,0.02384183180092459,0.02939373821579832,0.018063187890189937,0.7877640822009466,0.09390305118666507,15.020000457763672,15.550000381469726,-0.005298008058610915
2025-01-24,NVDA,142.40731811523438,-0.031245750648081327,0.02956781094399125,0.028515306029561135,0.027367788850341468,0.04971249881242056,0.03146022657091883,0.019750047666870427,1.1683123330205156,0.09396807783870081,14.850000381469727,15.200000381469726,-0.011318247078086707
2025-01-27,NVDA,118.24340057373048,-0.16968171201672888,0.08472168809878856,0.06133498649254802,0.04130159170936161,0.09880085398709627,0.04680533217638105,0.031828039207762227,3.461767984771332,0.054423275741146894,17.899999618530273,15.58600025177002,0.20538714873478559
2025-01-28,NVDA,128.79762268066406,0.08925844534006377,0.0985131504275085,0.06898210637192113,0.044234141886888366,0.09884486748607592,0.059842777687321866,0.04136336834344914,2.231988513429701,0.026752371725580232,16.40999984741211,15.8560001373291,-0.08324021245093771
2025-01-29,NVDA,123.51551818847656,-0.041010885001222075,0.09329795699484082,0.07011197115392513,0.04476641604680953,0.055295040474031665,0.0652990185121098,0.043298451466551494,1.7014949310454146,0.03602854966761615,16.559999465942383,16.147999954223632,0.009140744663317601
2025-01-30,NVDA,124.46411895751952,0.007680012867658181,0.09390305118666507,0.06901525166005106,0.0446394796096831,0.055355005546842154,0.07160165326129331,0.04544595937864339,1.3748511192176616,0.038304594922972765,15.84000015258789,16.311999893188478,-0.04347822080763086
2025-01-31,NVDA,119.89093780517578,-0.03674296809914024,0.09396807783870081,0.0695856899271051,0.04502319615168046,0.07212456112872073,0.07608406572455335,0.04742016997056376,1.305093967440795,0.029764507601790315,16.43000030517578,16.62799987792969,0.03724748402174094
2025-02-03,NVDA,116.48602294921876,-0.02840010194506981,0.054423275741146894,0.06838572481604063,0.045244893231647855,0.0476598438544333,0.06585586369802075,0.04191143288675489,1.212913218899507,0.016339313283530044,18.6200008392334,16.772000122070313,0.1332927871807601
2025-02-04,NVDA,118.47305297851562,0.01705809829358751,0.026752371725580232,0.06807254980748353,0.04535388966367388,0.03792667460706691,0.053672225122218954,0.03284175089249804,0.8344966302014463,0.0221545821465668,17.209999084472656,16.931999969482423,-0.07572511768043466
2025-02-05,NVDA,124.64382934570312,0.05208590655890788,0.03602854966761615,0.06886241166291532,0.04633427073628402,0.033966176412525896,0.0494064523099178,0.030708160589151306,0.85341167222648,0.01962691524536203,15.770000457763672,16.77400016784668,-0.08367220821110855
2025-02-06,NVDA,128.48812866210938,0.030842275438633937,0.038304594922972765,0.07021748287259805,0.04633612677466166,0.02766556878005104,0.04386856495655957,0.027696783660246808,0.8320147603419562,0.019841608669024013,15.5,16.706000137329102,-0.01712114457363567
2025-02-07,NVDA,129.64634704589844,0.009014205404414222,0.029764507601790315,0.0700827346631872,0.04583852670857122,0.04135855875421356,0.037715364481658145,0.0232352049984937,0.754832941008348,0.021049377045113917,16.540000915527344,16.728000259399415,0.06709683325982874
2025-02-10,NVDA,133.3708038330078,0.028727818962695606,0.016339313283530044,0.04092637357187919,0.046159666186719926,0.03773297154876295,0.03572999002052407,0.021861245413656548,0.7166802969372137,0.01947992343460926,15.8100004196167,16.166000175476075,-0.04413545680190001
2025-02-11,NVDA,132.6019744873047,-0.005764600074434356,0.0221545821465668,0.03105599028276456,0.04616883278195926,0.026054151924451565,0.03335548548400101,0.02058300331670194,0.5934248381715854,0.018725823175559504,16.020000457763672,15.928000450134277,0.013282734508116123
2025-02-12,NVDA,130.94442749023438,-0.012500168292961633,0.01962691524536203,0.0276533759006392,0.04606769701374191,0.02409641357950782,0.031381532917397384,0.01949244165717709,0.5347810763387303,0.014599721329957542,15.890000343322754,15.952000427246094,-0.008114863341212808
2025-02-13,NVDA,135.08822631835938,0.031645476692271135,0.019841608669024013,0.02881016022990429,0.04643454886330668,0.03939686669790828,0.033727792500968835,0.02092120891511155,0.6573999895344772,0.02443198924146905,15.100000381469727,15.87200050354004,-0.04971679954588537
2025-02-14,NVDA,138.64292907714844,0.02631393464602727,0.021049377045113917,0.024337531430180956,0.046439499214572987,0.0270075609302045,0.030857592936167022,0.019074298405063507,0.6523997156575367,0.021657232399547206,14.770000457763672,15.518000411987305,-0.021854299031079605
2025-02-18,NVDA,139.19210815429688,0.0039611041169134165,0.01947992343460926,0.01963762519916634,0.046146014481395055,0.039526614109586064,0.03121632144833164,0.019237509088828153,0.7292977246093736,0.020269216646586506,15.350000381469727,15.42600040435791,0.03926878170143766
2025-02-19,NVDA,139.02236938476562,-0.00121945684839464,0.018725823175559504,0.020577441175860283,0.045419668513074475,0.029734967440134426,0.031952484551468215,0.019616487661657484,0.560282871684484,0.032147891673373216,15.270000457763672,15.27600040435791,-0.005211721284556381
2025-02-20,NVDA,139.90106201171875,0.0063205125250109795,0.014599721329957542,0.016402460766727918,0.04497144636216214,0.027621228742544336,0.03265744758407552,0.019968867109585387,0.4889142652864997,0.043494695686410734,15.65999984741211,15.230000305175782,0.025540234312838583
2025-02-21,NVDA,134.22950744628906,-0.04053975347917382,0.02443198924146905,0.021805355919274454,0.04412422421167573,0.055270462987303884,0.03583216684195464,0.02223282450496015,0.7659642736436312,0.05231118565246282,18.209999084472656,15.852000045776368,0.1628352019097845
2025-02-24,NVDA,130.08572387695312,-0.030870884116102726,0.021657232399547206,0.02440070997306793,0.044473578395056036,0.06532080585334088,0.04349481582658191,0.027022547416795894,0.841346486524433,0.062076395082503934,18.979999542236328,16.6939998626709,0.04228448635234905
2025-02-25,NVDA,126.44115447998048,-0.028016674607737935,0.020269216646586506,0.02372325997383931,0.04443159582842734,0.045486809063959285,0.04468685481745656,0.02769885633339247,1.0000535528423875,0.06466828764047501,19.43000030517578,17.50999984741211,0.023709208313628327
2025-02-26,NVDA,131.084228515625,0.03672122462611371,0.032147891673373216,0.02714243591039904,0.044820130063200875,0.039914612150357,0.04672278375950108,0.02861372415072226,1.2475078418896517,0.060375127165610734,19.100000381469727,18.27599983215332,-0.016984041097423352
2025-02-27,NVDA,119.9708251953125,-0.08478062880758996,0.043494695686410734,0.038036739848003036,0.04742318687322054,0.12484387998425994,0.06616731400784419,0.04198994436576846,1.7219986400830007,0.054019393280836735,21.1299991607666,19.36999969482422,0.1062826564792283
2025-02-28,NVDA,124.73370361328124,0.03970030555524451,0.05231118565246282,0.039042653084042984,0.04758320879174042,0.06956448078280567,0.06902611756694456,0.04389908131065643,1.5129748532655933,0.04937702736269473,19.6299991607666,19.653999710083006,-0.07098911782188544
2025-03-03,NVDA,113.88990020751952,-0.08693563240438495,0.062076395082503934,0.04429911715151094,0.0499826027844356,0.10012272850592287,0.07598650209746095,0.048106742449857305,1.592461039941108,0.038421797791963176,22.780000686645508,20.413999938964842,0.16046875499488777
2025-03-04,NVDA,115.81702423095705,0.016920938730529356,0.06466828764047501,0.045211555050499445,0.04970830408416821,0.07931715766602204,0.0827525718178735,0.05129394313421814,1.5333023178759364,0.03836857133228621,23.510000228881836,21.229999923706053,0.032045633021612785
2025-03-05,NVDA,117.12507629394533,0.01129412598600199,0.060375127165610734,0.045873488949144135,0.049537655454452906,0.03213978299218729,0.08119760598623955,0.05090683159684834,1.0891403034626848,0.051532706700545515,21.93000030517578,21.795999908447264,-0.06720544059225653
2025-03-06,NVDA,110.40510559082033,-0.05737431228014822,0.054019393280836735,0.04683889988050728,0.04953837248835389,0.0463959235559091,0.06550801470056938,0.04171616037726977,1.2165339615426338,0.04148420522984695,24.8700008392334,22.544000244140626,0.1340629499838053
2025-03-07,NVDA,112.52195739746094,0.019173495603419077,0.04937702736269473,0.04805813937826826,0.049765451322125176,0.052533549295271174,0.0621018284030625,0.03966548864550507,1.2727019799069752,0.04589052328712407,23.3700008392334,23.292000579833985,-0.06031362884530711
2025-03-10,NVDA,106.82046508789062,-0.0506700420206071,0.038421797791963176,0.049115992027083395,0.05020793347933874,0.05973078322243558,0.05402343934636504,0.03385519169579296,1.3305401557936378,0.034884202507456316,27.860000610351562,24.308000564575195,0.1921266414154501
2025-03-11,NVDA,108.59779357910156,0.01663846426570581,0.03836857133228621,0.050162999333213436,0.04004735420144313,0.06868334933780493,0.05189667768072161,0.031997452125596126,1.2568896536188745,0.043543509471019044,26.920000076293945,24.990000534057618,-0.03374014764767641
2025-03-12,NVDA,115.57803344726562,0.06427607447733008,0.051532706700545515,0.05387405223640656,0.038305077155789145,0.03352345735637033,0.052173412553558215,0.03210193741760104,1.1183536613044316,0.03365468475516951,24.229999542236328,25.450000381469728,-0.09992572535044164
2025-03-13,NVDA,115.41825103759766,-0.0013824634742628517,0.04148420522984695,0.047263353898677356,0.037622057926823396,0.03434851321862885,0.04976393048610217,0.031081863994360876,1.0084689197303078,0.0335881570961716,24.65999984741211,25.408000183105468,0.017746608060236646
2025-03-14,NVDA,121.49972534179688,0.05269075080871022,0.04589052328712407,0.048718496047694085,0.038879771842290786,0.030656659683348932,0.045388552563717724,0.028787180156282684,0.9236796632536469,0.020792933349997777,21.770000457763672,25.088000106811524,-0.1171938121464231
2025-03-17,NVDA,119.36272430419922,-0.0175885256660947,0.034884202507456316,0.0392219188150273,0.03841105218630997,0.0406592542456659,0.041574246768363785,0.026391674873358195,0.8417636871866364,0.025316062047472002,20.510000228881836,23.618000030517578,-0.0578778228014456
2025-03-18,NVDA,115.26846313476562,-0.034301003041780964,0.043543509471019044,0.04086030256688895,0.03857930181280802,0.03881136373295306,0.03559984964739342,0.02146035157971437,0.9744119835608179,0.016349727721834094,21.700000762939453,22.57400016784668,0.05802050320710772
2025-03-19,NVDA,117.35553741455078,0.0181062037527564,0.03365468475516951,0.04112036564682026,0.03859539601238571,0.040588808537443254,0.037012919883608005,0.022269620536429217,0.8739816943311784,0.03265657656490181,19.899999618530273,21.70800018310547,-0.08294935857713559
2025-03-20,NVDA,118.3641128540039,0.008594187046243817,0.0335881570961716,0.03565043009419229,0.03738550837854146,0.03146879073612692,0.03643697538710761,0.02197228273250954,0.782243543708677,0.03197926480916263,19.799999237060547,20.736000061035156,-0.005025144893802347
2025-03-21,NVDA,117.5352783203125,-0.0070024141076757696,0.020792933349997777,0.03566343009977306,0.03690829174440875,0.02183517214494358,0.034672677879426544,0.02116782148350396,0.8327778194863451,0.03188679675242563,19.280000686645508,20.238000106811523,-0.02626255406322109
2025-03-24,NVDA,121.24009704589844,0.031520908262874014,0.025316062047472002,0.03052520301710141,0.03737192707110014,0.023721314520570427,0.03128508993440745,0.019278132363027934,0.7164550262235507,0.02035945270712721,17.479999542236328,19.631999969482422,-0.09336105188294774
2025-03-25,NVDA,120.52110290527344,-0.005930332935586535,0.016349727721834094,0.031068530653777522,0.03693700871399488,0.019637109111275634,0.027450239010071965,0.01713329071993278,0.533839145215666,0.02637400295613038,17.149999618530273,18.721999740600587,-0.018878714665219953
2025-03-26,NVDA,113.60079956054688,-0.057419847461616325,0.03265657656490181,0.031665762213763875,0.0382648962905344,0.0538853475589525,0.030109546814373812,0.019444628775698445,0.9399503371904997,0.01507372915767378,18.329999923706055,18.407999801635743,0.06880468404796991
2025-03-27,NVDA,111.27406311035156,-0.02048169079087525,0.03197926480916263,0.03224392267821496,0.03835065197189835,0.034012324111577646,0.03061825348946396,0.019703198532023864,0.7847095677838802,0.036216472158118594,18.690000534057617,18.186000061035156,0.019639967913255507
2025-03-28,NVDA,109.51652526855467,-0.015794676608994918,0.03188679675242563,0.02565895491492274,0.03777457331518783,0.03464943115895699,0.03318110529226664,0.020924514668410818,0.7820471524362645,0.043976205325304926,21.649999618530273,18.65999984741211,0.15837340823392898
2025-03-31,NVDA,108.22832489013672,-0.011762611854777671,0.02035945270712721,0.025534096898936046,0.03727845937804083,0.06744784779336384,0.04192641194682532,0.0270525417496856,1.0377495012675562,0.05273487390651107,22.280000686645508,19.620000076293945,0.029099357007656312
2025-04-01,NVDA,109.99585723876952,0.016331513496370187,0.02637400295613038,0.02507404367693138,0.03747792742991774,0.033862874951143145,0.04477156511479882,0.028094100192204832,0.7963270241442187,0.04922416565340465,21.770000457763672,20.544000244140626,-0.02289049430718948
2025-04-02,NVDA,110.26546478271484,0.0024510699831183924,0.01507372915767378,0.023978632782414598,0.03750385762387662,0.04700237753550251,0.04339497111010883,0.027375378788376252,0.7982265572113199,0.10879233662313365,21.510000228881836,21.18000030517578,-0.011943051144452932
2025-04-03,NVDA,101.65753936767578,-0.07806547074373227,0.036216472158118594,0.032340200985250485,0.03957729707564475,0.03958741314818948,0.044509988917431194,0.027870346244596795,1.221919992936174,0.1051666177904839,30.020000457763672,23.44600028991699,0.395629945993925
2025-04-04,NVDA,94.17801666259766,-0.07357568117034718,0.043976205325304926,0.03710070464362446,0.04089913611572928,0.08503866875920207,0.054587836437480206,0.0345676657750511,1.8561036673939815,0.09275559751559123,45.310001373291016,28.17800064086914,0.5093271379872046
2025-04-07,NVDA,97.50334930419922,0.03530901116249785,0.05273487390651107,0.03771390904822556,0.04156517066805113,0.15495695768123904,0.07208965841505525,0.052243924097185465,2.0436360041315447,0.0943295442409461,46.97999954223633,33.1180004119873,0.03685716438600095
2025-04-08,NVDA,96.16522979736328,-0.013723831195389558,0.04922416565340465,0.03744993479948353,0.041417916943685795,0.11827621005917008,0.08897232543666064,0.05982340855682001,1.5611158784763357,0.09202662169475377,52.33000183105469,39.23000068664551,0.11387829589075582
2025-04-09,NVDA,114.17000579833984,0.187227504566003,0.10879233662313365,0.07378567909471298,0.05419550750102834,0.15367794466396842,0.11030743886235381,0.07345441685458985,1.9182527314372535,0.04452299324433778,33.619998931884766,41.652000427246094,-0.35753873962348437
2025-04-10,NVDA,107.4194564819336,-0.059127169778110056,0.1051666177904839,0.0761153159983645,0.053054590992288674,0.10885933919953399,0.12416182407262273,0.07864706752034084,1.341098619663257,0.0390775547170461,40.720001220703125,43.79200057983398,0.21118389394369697
2025-04-11,NVDA,110.77476501464844,0.031235575403224525,0.09275559751559123,0.07655630245190528,0.052845267640732815,0.0366898015291388,0.11449205062661008,0.07604106025067636,0.9548150930812598,0.032906907303683355,37.560001373291016,42.242000579833984,-0.07760313734483593
2025-04-14,NVDA,110.55506896972656,-0.001983267984299708,0.0943295442409461,0.07640013081966046,0.0503919467773117,0.047150223682327276,0.0929307038268277,0.0637994123860356,0.8052857997954637,0.038143495350259266,30.889999389648438,39.024000549316405,-0.17758258093104407
2025-04-15,NVDA,112.04297637939452,0.013458518216612925,0.09202662169475377,0.07635653575196188,0.050356249535161796,0.027807511866700673,0.07483696418833383,0.056492031504075814,0.7041378863156343,0.04499476618043388,30.1200008392334,34.58200035095215,-0.024927114458703215
2025-04-16,NVDA,104.3437728881836,-0.06871652057100175,0.04452299324433778,0.0797895369717149,0.05183832518674781,0.06067570195140631,0.05623651564582142,0.038501941688430505,1.1981693114398992,0.03869842320400665,32.63999938964844,34.38600044250488,0.08366528818726215
2025-04-17,NVDA,101.34796905517578,-0.028710901955003698,0.0390775547170461,0.07605542322083286,0.05105206862218889,0.043551071652186885,0.04317486213635199,0.02680014742351001,0.8770158277045528,0.036650682562476805,29.649999618530273,32.172000122070315,-0.09160538685752617
2025-04-21,NVDA,96.77438354492188,-0.04512754969726096,0.032906907303683355,0.07339415080633317,0.05149594655309217,0.04540296522142488,0.044917494874809206,0.027682836588799886,0.8621303701104096,0.026081576255636518,33.81999969482422,31.423999786376953,0.14064081382610993
2025-04-22,NVDA,98.75159454345705,0.020431140205789733,0.038143495350259266,0.07285997922837983,0.0508963525239113,0.025583970016301805,0.04060424414160411,0.025617205142825054,0.7188485540194459,0.027768744853355832,30.56999969482422,31.35999984741211,-0.09609698490025054
2025-04-23,NVDA,102.5662612915039,0.03862891293738202,0.04499476618043388,0.0733642893329584,0.05132188846825766,0.027066560543974258,0.04045605387705883,0.02554319570791081,0.7295862682648027,0.02675009501750422,28.450000762939453,31.02599983215332,-0.06934900075395489
2025-04-24,NVDA,106.28104400634766,0.036218369160263775,0.03869842320400665,0.04089992728520443,0.050343662669734945,0.03222775810711858,0.034766465108201285,0.021435668243037134,0.6578990883532421,0.024558810074463155,26.469999313354492,29.79199981689453,-0.0695958311594923
2025-04-25,NVDA,110.85465240478516,0.04303315272443453,0.036650682562476805,0.038971172629657165,0.05099959814169002,0.05576069446801199,0.037208389671366304,0.023626024430825236,0.746450568525368,0.019416198218724298,24.84000015258789,28.829999923706055,-0.06157911609556577
2025-04-28,NVDA,108.57784271240234,-0.020538693171568978,0.026081576255636518,0.03836261854873686,0.05012903689566934,0.04000741257438965,0.03612927914195925,0.022958221955024602,0.619587944045832,0.014941841171406414,25.149999618530273,27.095999908447265,0.01247984959895776
2025-04-29,NVDA,108.867431640625,0.0026671088777265872,0.027768744853355832,0.03838201025206846,0.05005623056819181,0.02531640608898777,0.03607576635649645,0.022933299321432364,0.518385918847643,0.015667472716576262,24.170000076293945,25.81599998474121,-0.038966185172991996
2025-04-30,NVDA,108.76756286621094,-0.0009173429822770807,0.02675009501750422,0.03805370889071296,0.049680794843587214,0.044436250635841314,0.03954970437486986,0.024956582021728478,0.7135112353052924,0.01740270212409077,24.700000762939453,25.06599998474121,0.021928038269446892
2025-05-01,NVDA,111.45380401611328,0.024697079525506593,0.024558810074463155,0.030692823594725478,0.04978170318090324,0.032613559445772794,0.0396268646426007,0.024905583108343468,0.7150957643640565,0.017005825364064406,24.600000381469727,24.69200019836426,-0.004048598315015806
2025-05-02,NVDA,114.33976745605467,0.02589380833985855,0.019416198218724298,0.028397615176568435,0.04999126339713407,0.01772924698075865,0.03202057514515004,0.02023612068509033,0.5892636359356608,0.015604584655698795,22.68000030517578,24.260000228881836,-0.07804878237889012
2025-05-05,NVDA,113.66072082519533,-0.005938849150802561,0.014941841171406414,0.021404599757502925,0.049986497654265785,0.017659414094404743,0.02755097544915306,0.01776018739602031,0.4397562674123454,0.02603527807384044,23.639999389648438,23.95800018310547,0.042328001391321646
2025-05-06,NVDA,113.38111114501952,-0.002460037893001199,0.015667472716576262,0.02213911096103219,0.04963235981534811,0.03452526102991451,0.029392746437338402,0.018872759019773554,0.5657878408379247,0.028802873947938207,24.760000228881836,24.076000213623047,0.04737736328892761
2025-05-07,NVDA,116.89617919921876,0.031002236780898418,0.01740270212409077,0.021317431500466447,0.049965076892762576,0.0461302036434432,0.02973153703885878,0.019139282040363022,0.7752155738698194,0.02949589916140832,23.549999237060547,23.845999908447265,-0.048869183385945925
2025-05-08,NVDA,117.20574951171876,0.002648250050777179,0.017005825364064406,0.019915986882172332,0.04876809212399,0.024111798286015645,0.02803118480690735,0.018265405705123007,0.8066614129982964,0.031069347119957708,22.479999542236328,23.421999740600587,-0.04543523267467309
2025-05-09,NVDA,116.48675537109376,-0.006134461352112375,0.015604584655698795,0.016660191187008924,0.04860865455863214,0.025889449060924004,0.02966322522294042,0.01895260160028094,0.576273774962855,0.02841347797071197,21.899999618530273,23.265999603271485,-0.025800708875297285
2025-05-12,NVDA,122.82786560058594,0.05443631947075178,0.02603527807384044,0.020313857949456896,0.04937624450943422,0.022113831062627088,0.03055410861658489,0.019305818309682764,0.994247921375416,0.02717503744863561,18.389999389648438,22.215999603271484,-0.16027398584573105
2025-05-13,NVDA,129.7481689453125,0.056341476837431514,0.028802873947938207,0.024132902420802495,0.050140423900251634,0.05195105349419576,0.03403926710944114,0.022061978342083472,1.4390840663635183,0.020033163859915853,18.219999313354492,20.907999420166014,-0.009244158887228515
2025-05-14,NVDA,135.1505889892578,0.041637736299942496,0.02949589916140832,0.02418683922349647,0.050510277246102006,0.027781955573855203,0.030369617495523537,0.01961488474076286,1.210827100901555,0.009238028528954684,18.6200008392334,19.921999740600587,0.021953981391520827
2025-05-15,NVDA,134.64132690429688,-0.003768108513396262,0.031069347119957708,0.025501225919822307,0.050546911009581016,0.026996954240269398,0.03094664868637429,0.019889236061451897,1.0130965013301685,0.010989554606033331,17.829999923706055,18.99199981689453,-0.0424275445714678
2025-05-16,NVDA,135.21051025390625,0.004227404487880282,0.02841347797071197,0.02580358962542938,0.04788544565558315,0.021344161890124485,0.030037591252214384,0.019503635429464584,1.0278505449932027,0.010684877409291124,17.239999771118164,18.059999847412108,-0.03309030595134499
2025-05-19,NVDA,135.38026428222656,0.0012554795333701296,0.02717503744863561,0.025179542518052506,0.04522385985365529,0.02566936298245214,0.030748697636179396,0.019821261126934837,0.895740430204863,0.020429009173119773,18.139999389648438,18.00999984741211,0.05220415490016572
2025-05-20,NVDA,134.1919403076172,-0.008777675098432969,0.020033163859915853,0.025818803643350933,0.045193807502109884,0.014585553227032732,0.023275597582746794,0.014395406920041228,0.7630750629292599,0.020094067408564373,18.09000015258789,17.98400001525879,-0.0027562976153725494
2025-05-21,NVDA,131.6155548095703,-0.01919925661810129,0.009238028528954684,0.027669884016084993,0.04531066424967414,0.05166917603119849,0.02805304167421545,0.01834260133852286,1.2715593988160827,0.020525026235200344,20.8700008392334,18.43400001525879,0.1536761007847649
2025-05-22,NVDA,132.64410400390625,0.00781479967032861,0.010989554606033331,0.027518150931495986,0.030840428870610306,0.02032671016353888,0.026718992858869344,0.01770229163085894,0.8872855299792172,0.027500308135706218,20.280000686645508,18.92400016784668,-0.02827025054444432
2025-05-23,NVDA,131.10626220703125,-0.011593744090047986,0.010684877409291124,0.027985346689051983,0.0285424597169529,0.02681079437638812,0.02781231935612207,0.018232276845457772,0.953439058621037,0.02644360328182899,22.290000915527344,19.934000396728514,0.09911243396581493
2025-05-27,NVDA,135.31036376953125,0.0320663673247068,0.020429009173119773,0.024968905687752067,0.028567118371782132,0.017343218476130122,0.02614709045485767,0.017489446594131083,0.9285859278953366,0.02561238741184996,18.959999084472656,20.09800033569336,-0.14939442325168273
2025-05-28,NVDA,134.621337890625,-0.005092188504347228,0.020094067408564373,0.01918883778068019,0.028606765669171384,0.018247954591038108,0.02687957072765874,0.017718647668556648,1.417534278868763,0.024648804977437842,19.309999465942383,20.342000198364257,0.018459936622906348
2025-05-29,NVDA,138.99520874023438,0.032490175169429536,0.020525026235200344,0.01731412989419023,0.028964117812442527,0.04008909931159492,0.024563555383738032,0.015525287386272589,1.6694057049806281,0.02296534956680305,19.18000030517578,20.004000091552733,-0.0067322198012426115
2025-05-30,NVDA,134.94090270996094,-0.02916867471202156,0.027500308135706218,0.02005431339376735,0.026131574747190106,0.049581859736130246,0.030414585298256303,0.019639463380697962,1.4739850221281863,0.015442151442936803,18.56999969482422,19.661999893188476,-0.03180399377715093
2025-06-02,NVDA,137.187744140625,0.01665055876714705,0.02644360328182899,0.020692245356225977,0.025172923769383772,0.019799105575977766,0.029012247538174236,0.019028740000571007,0.8730411925787097,0.014954985540898809,18.360000610351562,18.87599983215332,-0.01130851308151537
2025-06-03,NVDA,141.02235412597656,0.027951549239128015,0.02561238741184996,0.022296382759128985,0.02305645217231379,0.028678678776020716,0.03127933959815235,0.020011566692684366,0.9764119384329998,0.010181635977431191,17.690000534057617,18.62200012207031,-0.03649237766997637
2025-06-04,NVDA,141.7213897705078,0.004956913737993673,0.024648804977437842,0.021818214601692174,0.02305486680420721,0.020081779455231805,0.031646104570991096,0.020158244526741288,0.722034880874968,0.011372513494408683,17.610000610351562,18.28200035095215,-0.004522324550077617
2025-06-05,NVDA,139.79408264160156,-0.013599267774802248,0.02296534956680305,0.021170738412557663,0.02297523217308523,0.036931194843033095,0.03101452367727873,0.019730786211546024,0.9944470116413456,0.008944001929678898,18.479999542236328,18.142000198364258,0.04940368550432428
2025-06-06,NVDA,141.5216522216797,0.012357959274336361,0.015442151442936803,0.0212566783910068,0.022466114801801794,0.01241892287937622,0.02358193630592792,0.015029176653914615,0.6681458891048312,0.014621827527182284,16.770000457763672,17.78200035095215,-0.0925324202830431
2025-06-09,NVDA,142.43040466308594,0.006421296156031264,0.014954985540898809,0.02027452980138441,0.021577166977453904,0.021454094186618825,0.02391293402805613,0.015170927227131058,0.7942270267501181,0.016860126684812387,17.15999984741211,17.542000198364256,0.0232557769232431
2025-06-10,NVDA,143.75852966308594,0.00932472952767105,0.010181635977431191,0.018539013231606127,0.02086304337199046,0.019171953168366063,0.0220115889065252,0.014023799116534707,0.6788749879010997,0.01665848360378939,16.950000762939453,17.394000244140624,-0.012237708994171426
2025-06-11,NVDA,142.6400146484375,-0.0077805123443444035,0.011372513494408683,0.018739830318319023,0.021069051553620606,0.021844222754173415,0.022364077566313523,0.014188550005779005,0.7571478875608252,0.01633476131926223,17.260000228881836,17.32400016784668,0.01828905321468688
2025-06-12,NVDA,144.80712890625,0.015192891441814238,0.008944001929678898,0.01670703113345207,0.021005970217652537,0.021724095837823202,0.019322657765271544,0.011818558784465265,0.7532927240826057,0.015990328439816643,18.020000457763672,17.23200035095215,0.04403245763636199
2025-06-13,NVDA,141.78114318847656,-0.02089666262033618,0.014621827527182284,0.014985721993226873,0.02153337337375148,0.01922938440561863,0.02068475007052003,0.012459542727981145,0.8479286590588745,0.01175770756511918,20.81999969482422,18.042000198364256,0.15538286159444614
2025-06-16,NVDA,144.49754333496094,0.019159107377723306,0.016860126684812387,0.015220496323665745,0.021377907650535904,0.020595726568916426,0.020513076546979547,0.012370282348568969,0.867605991187958,0.014178835791643654,19.110000610351562,18.432000350952148,-0.08213252207192667
2025-06-17,NVDA,143.92828369140625,-0.003939580081545602,0.01665848360378939,0.01314916824048982,0.021335867957582903,0.009991690883942705,0.018677024090094876,0.011544731501366588,0.667578443514474,0.02119265396155586,21.600000381469727,19.362000274658204,0.130298257016767
2025-06-18,NVDA,145.28648376464844,0.009436644684475581,0.01633476131926223,0.013331611721362926,0.02124284597780622,0.017390698746205423,0.01778631928850128,0.011013375050837238,0.7750129387498335,0.021556402564344886,20.139999389648438,19.938000106811522,-0.06759263731651588
2025-06-20,NVDA,143.65866088867188,-0.011204227907487208,0.015990328439816643,0.01302693175423154,0.021099280762328802,0.02467850470025848,0.018377201060988335,0.011405448074050679,1.1737389862419754,0.016807619406279523,20.6200008392334,20.45800018310547,0.023833240522920462
2025-06-23,NVDA,143.97824096679688,0.002224579264125559,0.01175770756511918,0.012588185576992976,0.021102509704904453,0.019074703717325666,0.01834626492332974,0.011403045087122553,0.7514740374729186,0.01698227949211704,19.829999923706055,20.260000228881836,-0.03831236097838653
2025-06-24,NVDA,147.7032470703125,0.02587200731515149,0.014178835791643654,0.014707043069524452,0.021219457833547523,0.016632906121611758,0.017553700833868806,0.010941008901492959,0.9159446215311331,0.02652194538611838,17.479999542236328,19.93400001525879,-0.11850733184624906
2025-06-25,NVDA,154.10475158691406,0.043340310003842974,0.02119265396155586,0.019344934486866056,0.020468434356287105,0.03363361106551463,0.02228208487018319,0.014029194841145003,1.290322750759378,0.021214569692404216,16.760000228881836,18.96599998474121,-0.041189893147009715
2025-06-26,NVDA,154.8137969970703,0.00460106130962723,0.021556402564344886,0.01866821812675967,0.018301537797563855,0.01754613047179702,0.022313171215301512,0.014027856703849194,0.9746720451301396,0.02163177803443526,16.59000015258789,18.256000137329103,-0.010143202504316884
2025-06-27,NVDA,157.54017639160156,0.01761070038597934,0.016807619406279523,0.018781591988742855,0.01718269110167768,0.02187012492571319,0.021751495260392453,0.0137126025820765,1.3295049753182375,0.02102716989300509,16.31999969482422,17.395999908447266,-0.01627489181918751
2025-06-30,NVDA,157.7798614501953,0.0015214217990842105,0.01698227949211704,0.01599866488792703,0.017113809144659396,0.017089669310499704,0.021354488379027262,0.01351881190745804,1.0183993036081365,0.021541817170386984,16.729999542236328,16.77599983215332,0.02512254013963844
2025-07-01,NVDA,153.09609985351562,-0.029685420899917325,0.02652194538611838,0.02011165453726517,0.01827720918470511,0.03724717117683487,0.025477341390071885,0.016162602349205548,1.111055364094236,0.012093012466119032,16.829999923706055,16.645999908447266,0.005977309277102272
2025-07-02,NVDA,157.04083251953125,0.025766382486490436,0.021214569692404216,0.020670160933318808,0.018679360237991105,0.029443592259538996,0.024639337628876757,0.015527102335230232,0.9053673695794859,0.00946460007437466,16.639999389648438,16.621999740600586,-0.011289396014196651
2025-07-03,NVDA,159.1280517578125,0.013290933350226908,0.02163177803443526,0.02071616130641959,0.018546952678431882,0.02014554743851714,0.02515922102222078,0.015755744829699315,0.764647063798233,0.009158791033275571,16.3799991607666,16.57999954223633,-0.015625014328040088
2025-07-07,NVDA,158.02952575683594,-0.006903408851184123,0.02102716989300509,0.02028250731674522,0.018104598719890657,0.012449451164789228,0.023275086270035987,0.014985651611553642,0.7641668931900923,0.008507960183017855,17.790000915527344,16.873999786376952,0.08608069761920256
2025-07-08,NVDA,159.78717041015625,0.01112225481221052,0.021541817170386984,0.02010944666660532,0.018124371628580802,0.011437511444091726,0.022144654696754393,0.014588964681716169,0.7564981550181278,0.017321549759068425,16.809999465942383,16.889999771118163,-0.055087206247954934
2025-07-09,NVDA,162.66334533691406,0.018000036669871378,0.012093012466119032,0.019595017524397875,0.017916360769222577,0.02001470044884512,0.018698160551156442,0.011959091513783816,1.006213018748358,0.017478983300267703,15.9399995803833,16.711999702453614,-0.05175490262933857
2025-07-10,NVDA,163.88172912597656,0.007490217212359207,0.00946460007437466,0.015678382243508815,0.017299426675820375,0.01761120830078093,0.01633168375940483,0.010076907688306805,0.9158478461677552,0.017420054852079033,15.779999732971191,16.539999771118165,-0.010037631845926431
2025-07-11,NVDA,164.7006378173828,0.004996949298580855,0.009158791033275571,0.015674167057815644,0.017162815859321088,0.026800862345495818,0.017662746740800567,0.011118668258122532,1.0500125643632146,0.018485885011050807,16.399999618530273,16.543999862670898,0.03929023422374556
2025-07-14,NVDA,163.85177612304688,-0.005153967255895786,0.008507960183017855,0.015504517075625418,0.016593007133762796,0.02114951585176713,0.019402759678196144,0.012035327735433542,0.7479253689780005,0.01864643886930967,17.200000762939453,16.42599983215332,0.048780558720578515
2025-07-15,NVDA,170.4729461669922,0.04040951035509699,0.017321549759068425,0.019230551672826963,0.016422798583794022,0.018746321062984236,0.020864521601974648,0.012674844773978443,1.2423947378713098,0.013289634378621127,17.3799991607666,16.539999771118165,0.010465022665288926
2025-07-16,NVDA,171.14205932617188,0.003925040155780657,0.017478983300267703,0.014205849575721725,0.016354555802205364,0.016630718239600103,0.020187725160125642,0.012325544802736163,0.8612663863695728,0.017920088116610715,17.15999984741211,16.783999824523924,-0.012658188951534366
2025-07-17,NVDA,172.7698974609375,0.009511619418247186,0.017420054852079033,0.013264713375865966,0.01590067752433128,0.019248565497425856,0.020515196599454628,0.012495682683520103,0.8670544396115457,0.019306700709670985,16.520000457763672,16.931999969482423,-0.03729600205940298
2025-07-18,NVDA,172.18067932128906,-0.00341042130780711,0.018485885011050807,0.013798672249082935,0.01600917453766278,0.01734241302508114,0.018623506735371696,0.011243067688046893,0.7927231787649323,0.019211827038997726,16.40999984741211,16.93400001525879,-0.006658632403358511
2025-07-21,NVDA,171.1520538330078,-0.005974105180302058,0.01864643886930967,0.013689858874537096,0.01573505482155812,0.013887296154764042,0.017171062795971075,0.010382457624959651,0.6887807553942799,0.019999171516744567,16.649999618530273,16.82399978637695,0.014625214707483014
2025-07-22,NVDA,166.80784606933594,-0.025382153858991896,0.013289634378621127,0.017207132074686497,0.016758013924300978,0.04077110464205931,0.02157601951178609,0.014179388394890963,1.0687025519928042,0.013267433563332263,16.5,16.647999954223632,-0.00900898630432001
2025-07-23,NVDA,170.55284118652344,0.022450953030295873,0.017920088116610715,0.017648720410067046,0.017037349284069084,0.019264511708918165,0.022102778205649702,0.014422167948217048,0.8606714672099633,0.013032694594516954,15.369999885559082,16.289999961853027,-0.06848485542066174
2025-07-24,NVDA,173.5089111328125,0.017332282040708913,0.019306700709670985,0.018079239738362576,0.01715092382954299,0.014561981692791213,0.021165461444722776,0.014022122857597928,0.7498342828250444,0.014206101566239755,15.390000343322754,16.063999938964844,0.0013012659669868754
2025-07-25,NVDA,173.26922607421875,-0.0013813991283150306,0.019211827038997726,0.018225408711889667,0.01700727569566815,0.010144060558132167,0.01972579095133298,0.013505707867869674,0.7270979407883548,0.019128634321491127,14.930000305175781,15.768000030517578,-0.02988954047337322
2025-07-28,NVDA,176.514892578125,0.018731927056198527,0.019999171516744567,0.018278039867696248,0.01708073271810669,0.017142850236474612,0.020376901767675093,0.01378873288013076,0.8639933686063189,0.024212410482009648,15.029999732971191,15.444000053405762,0.0066978851809362805
2025-07-29,NVDA,175.2765350341797,-0.0070155980940657114,0.013267433563332263,0.014609894002071038,0.01648320657481859,0.024841893606131583,0.017191059560489545,0.01073419330512319,0.9627416437630663,0.02453760346673318,15.979999542236328,15.339999961853028,0.0632069079270261
2025-07-30,NVDA,179.03155517578125,0.021423404683743374,0.013032694594516954,0.01575235075454943,0.01654480718995939,0.021476019477660473,0.01763336111423801,0.01103828538182796,1.1025525372525036,0.02262351212945181,15.479999542236328,15.361999893188477,-0.03128911228554565
2025-07-31,NVDA,177.63340759277344,-0.0078095036466339085,0.014206101566239755,0.016104144270008516,0.016650215371048258,0.041434815192528236,0.023007927814185414,0.015093755129525108,1.3801697633450645,0.022274144491031714,16.719999313354492,15.627999687194825,0.0801033467562382
2025-08-01,NVDA,173.4889373779297,-0.023331592131278556,0.019128634321491127,0.01808173712183866,0.017547139559380854,0.03252356583457724,0.027483828869474425,0.017226381995464866,1.2496999923256693,0.016500855195661336,20.3799991607666,16.71799945831299,0.21889952139464608
2025-08-04,NVDA,179.76058959960938,0.03615015641036212,0.024212410482009648,0.020976296984506076,0.01806117793859219,0.03155551486545129,0.030366361795269765,0.01868787776447055,0.9031497780199051,0.008544611022666754,17.520000457763672,17.215999603271484,-0.14033360258957683
2025-08-05,NVDA,178.02288818359375,-0.009666754097136132,0.02453760346673318,0.018925919104874848,0.018313248781140715,0.02445866007352741,0.030289715088748927,0.018676352805114402,0.9480513127842084,0.005320880761492363,17.850000381469727,17.589999771118165,0.0188356115915409
2025-08-06,NVDA,179.1813507080078,0.006507379675917635,0.02262351212945181,0.018104229916627513,0.017972756913311256,0.020343294692531787,0.030063170131723188,0.018583637296519694,0.8434568955349208,0.008112425122611821,16.770000457763672,17.84799995422363,-0.06050419611347535
2025-08-07,NVDA,180.52957153320312,0.007524336767571027,0.022274144491031714,0.017626937315824695,0.016585143194773486,0.028102017541571725,0.02739661060153189,0.016747667998946045,0.9383116020597603,0.007616047494607806,16.56999969482422,17.818000030517577,-0.01192610360644697
2025-08-08,NVDA,182.45700073242188,0.01067652896336857,0.016500855195661336,0.01762172495846193,0.016611847837148166,0.01587306624911981,0.024066510684440403,0.014916748898588532,0.7792573327455278,0.006558342210087563,15.149999618530273,16.772000122070313,-0.08569704903117736
2025-08-11,NVDA,181.8178253173828,-0.0035031564284915273,0.008544611022666754,0.017137392264664007,0.016533587744803787,0.019718754180116958,0.02169915854737354,0.013287920773095771,0.8731475711505384,0.008135062555951292,16.25,16.518000030517577,0.07260728773380909
2025-08-12,NVDA,182.9163818359375,0.00604207269907131,0.005320880761492363,0.016775011522585117,0.016522137204727682,0.027407670415494554,0.02228896061576697,0.01371964102668204,0.9437198691467036,0.016687403407775803,14.729999542236328,15.8939998626709,-0.09353848970853362
2025-08-13,NVDA,181.3484649658203,-0.008571768446215433,0.008112425122611821,0.016059561906587645,0.015402306107712234,0.02544190324554488,0.02330868232636959,0.014303216744549532,1.1588628639182048,0.016960092286266455,14.489999771118164,15.437999725341797,-0.01629326399026665
2025-08-14,NVDA,181.7778778076172,0.002367887932648305,0.007616047494607806,0.01573006198295943,0.014940572487701333,0.019558276425842187,0.021599934103223677,0.013258917761096303,0.8431781896485127,0.016442659642372823,14.829999923706055,15.089999771118164,0.023464469148273492
2025-08-15,NVDA,180.20997619628903,-0.008625370866016668,0.006558342210087563,0.013598024829292314,0.015056309442950671,0.021390970771025936,0.022703515007604903,0.013807207310212052,1.0158624103105343,0.01981013759997887,15.09000015258789,15.077999877929688,0.017532045193487944
2025-08-18,NVDA,181.76788330078125,0.008644954831997342,0.008135062555951292,0.007961030269001178,0.014925667175841628,0.012911412419318358,0.021342046655445184,0.01321523355059491,0.8538625511433481,0.020045250662353655,14.989999771118164,14.82599983215332,-0.006626930447881874
2025-08-19,NVDA,175.4063720703125,-0.034997993677144845,0.016687403407775803,0.013725012880182514,0.016538256542128475,0.03991115082666698,0.02384274273767967,0.015179028290803228,1.2011744752531568,0.008484059195884672,15.569999694824219,14.993999862670899,0.038692457142231795
2025-08-20,NVDA,175.16668701171875,-0.0013664558234958157,0.016960092286266455,0.0134443739071839,0.0163189874076672,0.04104901481633695,0.026964165051838084,0.01759528185375992,1.3680721194006618,0.00838040503542893,15.6899995803833,15.233999824523925,0.007707121895382807
2025-08-21,NVDA,174.7472381591797,-0.002394569764917698,0.016442659642372823,0.013007588992169052,0.016316632489631926,0.01765914054942632,0.026584337876554908,0.017440201698224547,0.8873874313441932,0.01009834426411024,16.600000381469727,15.58799991607666,0.05799877791100583
2025-08-22,NVDA,177.75326538085938,0.017202144384917073,0.01981013759997887,0.013911834505926432,0.016537628158128474,0.04151918176064255,0.03060998007447823,0.019995052059923198,1.0776692301757662,0.018055252497964552,14.220000267028809,15.413999938964844,-0.1433734975751969
2025-08-25,NVDA,179.57083129882812,0.010225218164484184,0.020045250662353655,0.014470220793882044,0.01652486449841135,0.02969799460761641,0.03396729651213785,0.021255108591366027,1.0094567211611805,0.016988626909548023,14.789999961853027,15.373999977111817,0.040084365971908564
2025-08-26,NVDA,181.5282287597656,0.010900419888796531,0.008484059195884672,0.014815857064503586,0.015044972799544374,0.019695228843635202,0.029924112115531486,0.019221387467808753,1.039897307426921,0.013861315621889808,14.619999885559082,15.184000015258789,-0.011494258061691465
2025-08-27,NVDA,181.35845947265625,-0.0009352225175623952,0.00838040503542893,0.014557389469056027,0.015051992125194681,0.01866739689268536,0.02544778853080117,0.016400373775535215,1.4249989313365667,0.015578356886235581,14.850000381469727,15.016000175476075,0.015731908188168164
2025-08-28,NVDA,179.93035888671875,-0.007874463590449854,0.01009834426411024,0.01473943883442736,0.015089220073234518,0.04473551446138044,0.03086306331319199,0.019762321380386808,1.6745009029949876,0.016888260773486527,14.430000305175781,14.582000160217286,-0.028282832693932725
2025-08-29,NVDA,173.94830322265625,-0.033246505487318556,0.018055252497964552,0.017889055084329458,0.01635202879015917,0.028705937594721412,0.028300414480007762,0.017893587349693152,1.4290952942668673,0.015673485969543877,15.359999656677246,14.810000038146972,0.06444901814505788
2025-09-02,NVDA,170.55284118652344,-0.019519949164359285,0.016988626909548023,0.018001535773911795,0.0167190109891404,0.030214332468626884,0.028403682052209854,0.017965794804614445,1.3257329163025533,0.016125809819675353,17.170000076293945,15.286000061035157,0.11783857161935951
2025-09-03,NVDA,170.39306640625,-0.0009368051517751885,0.013861315621889808,0.014903050372535377,0.01601941833100497,0.02068924440463356,0.02860248516440953,0.018035882164098106,0.9408154753754524,0.023465554943969423,16.350000381469727,15.632000160217284,-0.047757698962177964
2025-09-04,NVDA,171.4316864013672,0.0060954357886893185,0.015578356886235581,0.015166973014124365,0.015529155462582761,0.01427238084571331,0.027723481955015124,0.017742654184884032,0.8095786799402351,0.023806594040935818,15.300000190734863,15.722000122070312,-0.06422019365362708
2025-09-05,NVDA,166.79786682128906,-0.027030123061550726,0.016888260773486527,0.017106229447286014,0.015956490159049704,0.029696990349652053,0.024715777132669443,0.01532351863360915,1.2565263354665894,0.015472756939458357,15.180000305175781,15.872000122070313,-0.007843129677328364
2025-09-08,NVDA,168.08612060546875,0.007723442803737823,0.015673485969543877,0.01599592125770173,0.016039108078647495,0.021448521553776457,0.023264293924480452,0.014464038237123103,0.9066091154658334,0.01651799446757884,15.109999656677246,15.822000122070312,-0.0046113733261696765
2025-09-09,NVDA,170.53285217285156,0.014556416428491259,0.016125809819675353,0.016517933512946042,0.015880319803410405,0.024830114609808475,0.02218745035271677,0.01371380286841551,0.8675553100348177,0.020203823321190785,15.039999961853027,15.396000099182128,-0.004632673488730754
2025-09-10,NVDA,177.09413146972656,0.03847516307429433,0.023465554943969423,0.02112997711859678,0.017388915154054725,0.021541713336635803,0.02235794413911722,0.013807818416945807,1.2218105122443212,0.012693499202119415,15.350000381469727,15.196000099182129,0.02061173007998507
2025-09-11,NVDA,176.9443359375,-0.0008458526038293002,0.023806594040935818,0.021130622937126156,0.016933857298214592,0.02144834391280077,0.023793136752534715,0.014440305684916417,0.8204784910942037,0.02334820419896573,14.710000038146973,15.07800006866455,-0.04169383240506963
2025-09-12,NVDA,177.59349060058594,0.0036686942232229125,0.015472756939458357,0.021105131756528415,0.016886822019757847,0.012090929404548608,0.020271924563514024,0.012454626559699152,0.6788606070006539,0.02329534209520492,14.760000228881836,14.994000053405761,0.003399061224010902
2025-09-15,NVDA,177.52359008789062,-0.0003935983940567267,0.01651799446757884,0.017852494058908347,0.016296865090571624,0.024416380290743677,0.020865496310907467,0.012876016460524218,0.8013211356502974,0.0295152589210147,15.6899995803833,15.110000038146973,0.0630080851680257
2025-09-16,NVDA,174.65724182128906,-0.016146295065249894,0.020203823321190785,0.0174235979251063,0.015152521199325258,0.017840776704450747,0.01946762872983592,0.011957941740206325,0.7650439362185609,0.032233882139435066,16.360000610351562,15.37400016784668,0.04270242497685861
2025-09-17,NVDA,170.0730743408203,-0.026246649910796838,0.012693499202119415,0.019673947849466127,0.015774838831470666,0.028128448382074473,0.020784975738923656,0.01289466326633189,1.1433023418361412,0.028759601089261008,15.720000267028809,15.448000144958495,-0.03911982392701152
2025-09-18,NVDA,176.01551818847656,0.03494053288969079,0.02334820419896573,0.022570599459649527,0.017067540266928898,0.023490690312132332,0.021193445018789968,0.013186931159819393,1.0415002972890148,0.024550038764552317,15.699999809265137,15.646000099182128,-0.0012722937292578562
2025-09-19,NVDA,176.4449462890625,0.0024397172760990404,0.02329534209520492,0.02001165792470193,0.017010741642845495,0.016414836618157447,0.02205822646151174,0.01351889630697317,1.2550696376773882,0.02455274432231154,15.449999809265137,15.784000015258789,-0.01592356707243181
2025-09-22,NVDA,183.37611389160156,0.03928232430745848,0.0295152589210147,0.02265903123524196,0.01841012405459676,0.05359183217243511,0.027893316837850023,0.01886260113553688,1.391160629839969,0.017980053039554595,16.100000381469727,15.866000175476074,0.04207123496628107
2025-09-23,NVDA,178.2027130126953,-0.028211967028401452,0.032233882139435066,0.025362971496967836,0.01912634592558125,0.034803517962151434,0.03128586508939016,0.020485239085347613,0.9859735296586712,0.013967234091798328,16.639999389648438,15.92199993133545,0.0335403102723042
2025-09-24,NVDA,176.74456787109375,-0.008182508094013552,0.028759601089261008,0.022599588241161175,0.01913507625550267,0.02474998504040286,0.03061017242105583,0.02016905998385698,0.7398580982798894,0.011026013987012286,16.18000030517578,16.013999938964844,-0.02764417676354103
2025-09-25,NVDA,177.4636688232422,0.004068588702951903,0.024550038764552317,0.022631826369254943,0.019100980821852326,0.040126003298213496,0.03393723501827207,0.02199812753702533,0.9986476663017562,0.01042587016555125,16.739999771118164,16.22199993133545,0.03461059674784095
2025-09-26,NVDA,177.96302795410156,0.0028138668279011902,0.02455274432231154,0.022620231310343214,0.01910349978839917,0.02716208277886522,0.03608668425041363,0.022764071349082534,0.802296897701485,0.013127505500818834,15.289999961853027,16.189999961853026,-0.08661886673181729
2025-09-29,NVDA,181.61837768554688,0.02053993896073769,0.017980053039554595,0.02348691317733856,0.019416891622652362,0.020236417664382448,0.02941560134880309,0.018195514820374577,1.056864619361145,0.01458043084053168,16.1200008392334,16.194000053405762,0.05428390316881204
2025-09-30,NVDA,186.3423309326172,0.026010326197546618,0.013967234091798328,0.023545558984540648,0.019922148221543073,0.031461090783414906,0.028747115913055787,0.017822505140175953,1.2952151027412009,0.007941059522068297,16.280000686645508,16.122000312805177,0.00992554833016479
2025-10-01,NVDA,187.00149536132812,0.0035373842616002182,0.011026013987012286,0.020609184188195694,0.01872613496138874,0.02264476270440428,0.028326071445856065,0.01764193600554,0.9477063361955613,0.013375268336076149,16.290000915527344,16.144000434875487,0.0006142646474234237
2025-10-02,NVDA,188.64939880371097,0.00881224740582276,0.01042587016555125,0.01861697524067162,0.018749517558740693,0.015829347783501275,0.023466740342913624,0.014549887337352312,0.7467797647967277,0.015129557601714382,16.6299991607666,16.122000312805177,0.020871591536571144
2025-10-03,NVDA,187.38101196289065,-0.006723513824393734,0.013127505500818834,0.01909188939278845,0.018806206280234387,0.026542990390915202,0.023342921865323624,0.014445055185520606,0.7693335185142941,0.028445493987375437,16.649999618530273,16.394000244140624,0.001202673407877164
2025-10-06,NVDA,185.30364990234375,-0.011086299720477033,0.01458043084053168,0.01574322168006206,0.018752733499115746,0.02101969406924544,0.02349957714629622,0.014532067045605657,0.8831155491201699,0.03142510227593264,16.3700008392334,16.444000244140625,-0.016816743886603813
2025-10-07,NVDA,184.8042907714844,-0.0026948154076971154,0.007941059522068297,0.012100449313365992,0.018695067624890045,0.027345426622283356,0.02267644431406991,0.01382649423085176,0.7884529975627905,0.03813981449767898,17.239999771118164,16.636000061035155,0.05314593080531016
2025-10-08,NVDA,188.86911010742188,0.021995264931179204,0.013375268336076149,0.012559485600255266,0.01900230245129716,0.016181126368286444,0.021383717046846343,0.013144943496325067,0.7531163656774484,0.035367786440965304,16.299999237060547,16.637999725341796,-0.0545243936506532
2025-10-09,NVDA,192.32470703125,0.0182962524780399,0.015129557601714382,0.013022183696840064,0.019240349710378767,0.0220179951804511,0.022621446526236308,0.013769290618339003,1.0491018719302194,0.034061949564001395,16.43000030517578,16.59799995422363,0.007975526024544655
2025-10-10,NVDA,182.92669677734375,-0.04886532988389891,0.028445493987375437,0.02231442418774819,0.021319052197780318,0.07408818406917807,0.03213048526188888,0.022621518641678082,1.479828098952228,0.026988265443874965,21.65999984741211,17.6,0.3183201123002275
2025-10-13,NVDA,188.0801239013672,0.028172088682583807,0.03142510227593264,0.02309842201503731,0.020884298703430487,0.02203692510132294,0.03233393146830438,0.022691623048882042,0.8435601502156018,0.02211362384659961,19.030000686645508,18.131999969482422,-0.12142193810222157
2025-10-14,NVDA,179.8006591796875,-0.04402094463751838,0.03813981449767898,0.02602837600570244,0.022224065348501288,0.028328645992870598,0.03253057534242183,0.022766551404105034,1.1104247351095615,0.007907882800733266,20.809999465942383,18.845999908447265,0.09353645376092956
2025-10-15,NVDA,179.60093688964844,-0.0011107984306079066,0.035367786440965304,0.025934880105045303,0.022224881264684807,0.04215093006658521,0.03772453608208158,0.025013078830447583,1.1571778082790443,0.008355589092069609,20.639999389648438,19.713999938964843,-0.008169153323245748
2025-10-16,NVDA,181.5784149169922,0.01101039928627312,0.034061949564001395,0.02606192981094557,0.022274206103997562,0.01930583880957783,0.03718210480790693,0.024857058656669602,0.9729498964094276,0.008175109447006352,25.309999465942383,21.489999771118164,0.22625970030968534
2025-10-17,NVDA,182.9866180419922,0.007755344299286593,0.026988265443874965,0.026264521639814024,0.021597425601490715,0.02374198272314024,0.027112864538699367,0.016920036789049922,0.953820193242916,0.012826841458878795,20.780000686645508,21.313999938964844,-0.1789805956097521
2025-10-20,NVDA,182.4073486328125,-0.0031656380962610253,0.02211362384659961,0.026080685673659308,0.021612347665480213,0.01899913070685096,0.026505305659804967,0.01664193970241357,0.7368019248318132,0.016056158891868524,18.229999542236328,21.153999710083006,-0.12271419923715232
2025-10-21,NVDA,180.92922973632812,-0.008103395546085412,0.007907882800733266,0.02616961151377172,0.02158890127401099,0.01650469294509284,0.024140515050249417,0.015494546599474706,0.7263509607721126,0.02039092306860556,17.8700008392334,20.56599998474121,-0.01974759802757342
2025-10-22,NVDA,180.05035400390625,-0.004857566318624551,0.008355589092069609,0.024797997946994735,0.02050040313026666,0.03705351663968094,0.023121032364868562,0.014591252123623869,0.9434139773535897,0.014305034085456822,18.600000381469727,20.158000183105468,0.04085056004214738
2025-10-23,NVDA,181.9279632568359,0.010428245272369407,0.008175109447006352,0.024110009193884716,0.02057322751390388,0.017786591062953674,0.02281718281554373,0.014454888440700569,0.6629968091361925,0.025696444634493783,17.299999237060547,18.5560001373291,-0.06989253321222011
2025-10-24,NVDA,186.0227203369141,0.02250757391428282,0.012826841458878795,0.01998356748536092,0.020937609181341754,0.021314299032460213,0.022331646077407723,0.014168472125741894,0.7857074722598796,0.027831131733409245,16.3700008392334,17.67400016784668,-0.05375713519309755
2025-10-27,NVDA,191.24607849121097,0.02807914078902085,0.016056158891868524,0.01996998714320568,0.021475049960656908,0.018643308902856585,0.02226048171660885,0.014154514258391291,0.9293078368129026,0.02734614905184225,15.789999961853027,17.186000251770018,-0.03543071763260408
2025-10-28,NVDA,200.77394104003903,0.04981991068259184,0.02039092306860556,0.017966456301930417,0.022813338738546594,0.0559120046889867,0.030141944065387626,0.020357339180826644,1.7718705028527841,0.028794835215552955,16.420000076293945,16.896000099182128,0.03989867738840602
2025-10-29,NVDA,206.7762756347656,0.0298959843276152,0.014305034085456822,0.018271810564410722,0.022469692992117273,0.03579020431993842,0.02988928160143912,0.020157010123593614,1.765494235696444,0.022857354497250883,16.920000076293945,16.560000038146974,0.03045066977325206
2025-10-30,NVDA,202.63156127929688,-0.020044438573744494,0.025696444634493783,0.02128982097342783,0.022335543010087448,0.02341170099211087,0.031014303587270566,0.020554528218925915,1.0103722160689348,0.025441853316591236,16.90999984741211,16.482000160217286,-0.0005910300730935791
2025-10-31,NVDA,202.23207092285156,-0.0019715110218919696,0.027831131733409245,0.02168482130838535,0.022367113290554255,0.029137210412508795,0.03257888586328027,0.02119405072656142,1.0037050105758958,0.02575656678246676,17.440000534057617,16.69600009918213,0.03134244183488977
2025-11-03,NVDA,206.6164703369141,0.021680040134361755,0.02734614905184225,0.02139724845810889,0.02165075912987993,0.027938895218853933,0.03443800312647975,0.021891691639825718,0.9999963942564388,0.03973293374041606,17.170000076293945,16.972000122070312,-0.01548167714997506
2025-11-04,NVDA,198.43690490722656,-0.039588157789888334,0.028794835215552955,0.026510907822443336,0.022327306708287375,0.030399156830767247,0.029335433554835855,0.017627617083228745,1.0339872009402467,0.037896148924577926,19.0,17.488000106811523,0.10658124144289749
2025-11-05,NVDA,194.9613494873047,-0.01751466251475131,0.022857354497250883,0.02755900548775335,0.022564244227962205,0.04236465338881359,0.03065032336861089,0.018560064913404527,0.9273778873178035,0.03732598460768873,18.010000228881836,17.706000137329102,-0.05210525111148234
2025-11-06,NVDA,187.8404235839844,-0.03652480823530602,0.025441853316591236,0.03095248575102402,0.02371800643853772,0.05976175098334734,0.037920333366858176,0.02350823640252639,1.1941400827749757,0.03715646267955558,19.5,18.22400016784668,0.08273180189796547
2025-11-07,NVDA,187.91033935546875,0.0003722083359394279,0.02575656678246676,0.030235985384493406,0.023719907913428605,0.05001330835698316,0.042095552955753054,0.026123342692954372,1.4200036113464454,0.03808590515689835,19.079999923706055,18.552000045776367,-0.0215384654509716
2025-11-10,NVDA,198.7964630126953,0.05793254216114918,0.03973293374041606,0.03435395215491407,0.02562859238738388,0.030896805129283604,0.04268713493783899,0.02640774659326698,1.053205247093152,0.022570192218401328,17.600000381469727,18.638000106811525,-0.07756811049026757
2025-11-11,NVDA,192.91395568847656,-0.029590603550341266,0.037896148924577926,0.031770781670291355,0.025940735581755837,0.021329442115742163,0.04087319199483397,0.025786466522417527,0.9417896507748327,0.022295075345364016,17.280000686645508,18.294000244140626,-0.018181800448205276
2025-11-12,NVDA,193.5531463623047,0.003313345950255231,0.03732598460768873,0.02970789356821824,0.025940155429513955,0.024561374777505352,0.037312536272572326,0.024160024319184417,0.8401417753785118,0.028636504864064813,17.510000228881836,18.194000244140625,0.013310158165333874
2025-11-13,NVDA,186.62196350097656,-0.03581023089314139,0.03715646267955558,0.030918303452887135,0.02677087627205434,0.04061862524402746,0.033483911124708346,0.021316721878259184,1.1163744583240156,0.027615799358577362,20.0,18.294000244140626,0.1422044396670561
2025-11-14,NVDA,189.92774963378903,0.01771381069407285,0.03808590515689835,0.03193836351066484,0.02693098274058081,0.05484562641955439,0.034450374737222594,0.022187991633431593,1.0006350232581325,0.02412006598105786,19.829999923706055,18.444000244140625,-0.008500003814697288
2025-11-17,NVDA,186.3623046875,-0.018772638296214117,0.022570192218401328,0.030604815837616314,0.02708409865123405,0.025080345780830564,0.03328708286753199,0.02161591506586661,0.9199969299683335,0.027498447978887636,22.3799991607666,19.4,0.12859300286794828
2025-11-18,NVDA,181.1289825439453,-0.028081441428459142,0.022295075345364016,0.02956087664635238,0.027580837293110266,0.028396609715160587,0.03470051638741567,0.02218377065561362,1.1056093763611528,0.02703799411081024,24.690000534057617,20.881999969482422,0.10321722340993555
2025-11-19,NVDA,186.28240966796875,0.028451698075282472,0.028636504864064813,0.031544542871836286,0.027785253035570567,0.02696761025133393,0.03518176348218138,0.022396485876194354,1.2522262475811676,0.02319649492768919,23.65999984741211,22.111999893188475,-0.041717321359500015
2025-11-20,NVDA,180.4098968505859,-0.031524784480993384,0.027615799358577362,0.03100854787721994,0.028135322811922037,0.08940430663780147,0.04493889976093619,0.03028124057523662,1.6431506866515964,0.020165085817998862,26.420000076293945,23.395999908447266,0.11665258861714323
2025-11-21,NVDA,178.6521453857422,-0.00974309888497682,0.02412006598105786,0.031029565752574154,0.02674856723973776,0.06501567847357506,0.04697291017174032,0.03154525750655534,1.5781280420681059,0.021625925029132104,23.43000030517578,24.11599998474121,-0.11317183052550484
2025-11-24,NVDA,182.3174743652344,0.02051656850567407,0.027498447978887636,0.0241412500833076,0.02650153870583186,0.03845524051002392,0.04964788911757899,0.03255012021208832,1.140564911827197,0.019536471369667893,20.520000457763672,23.744000244140626,-0.12419973578785137
2025-11-25,NVDA,177.59349060058594,-0.025910756942502222,0.02703799411081024,0.023807287784812278,0.0256740158161829,0.04841975174735539,0.053652517524017965,0.034334802143385,1.4178138502815183,0.01537358747277725,18.559999465942383,22.518000030517577,-0.09551661540434953
2025-11-26,NVDA,180.03038024902344,0.013721728427074753,0.02319649492768919,0.024571377688752425,0.025796298911000354,0.025907013820352848,0.05344039823782174,0.03426362867659055,0.8361694070340844,0.01705061798943222,17.190000534057617,21.22400016784668,-0.07381459974709137
2025-11-28,NVDA,176.7745361328125,-0.018084970501686226,0.020165085817998862,0.022835678311784877,0.025930216404449084,0.01576267393295375,0.038712071696852195,0.02565808282022277,0.5591437045192106,0.013599849775531955,16.350000381469727,19.210000228881835,-0.04886562690464402
2025-12-01,NVDA,179.69082641601562,0.016497230579703537,0.021625925029132104,0.02270306523510777,0.026075711738453727,0.03679418876916815,0.033067773755970815,0.02129988195675269,0.8653124007006634,0.013739586619644894,17.239999771118164,17.972000122070312,0.05443421216412436
2025-12-02,NVDA,181.22885131835935,0.008559284483354412,0.019536471369667893,0.022544639219246414,0.026118780941343053,0.031191466178188215,0.03161501888960367,0.02032416114889516,0.8395639431971936,0.014237155628721623,16.59000015258789,17.186000061035156,-0.03770299461483784
2025-12-03,NVDA,179.36123657226562,-0.010305283802814258,0.01537358747277725,0.0209533553542375,0.026145743507020588,0.01859789746644111,0.025650648033420813,0.016146313693797234,0.7633151491811769,0.013346731570454318,16.079999923706055,16.690000152587892,-0.03074142400187263
2025-12-04,NVDA,183.1566162109375,0.021160534523537944,0.01705061798943222,0.019924674930452045,0.026407930579169226,0.024866383668752583,0.025442522003100758,0.01605054501087142,0.7743217336137792,0.012056197287818317,15.779999732971191,16.407999992370605,-0.01865672836805088
2025-12-05,NVDA,182.1877899169922,-0.005289605770121497,0.013599849775531955,0.017054079991561086,0.026368388239552797,0.020558083025678756,0.026401603821645764,0.016438985317761615,0.6784978661200144,0.01821131344175245,15.40999984741211,16.219999885559083,-0.023447394918898135
2025-12-08,NVDA,185.323974609375,0.017214022376646154,0.013739586619644894,0.01727663586730076,0.026232586065404136,0.030180576725474594,0.02507888141290705,0.015338301553370962,0.9771248443735651,0.015014344474840667,16.65999984741211,16.103999900817872,0.08111615914194314
2025-12-09,NVDA,184.7446746826172,-0.003125876875773148,0.014237155628721623,0.01632768366559177,0.02570255653693187,0.012975043956564462,0.021435596968582302,0.013353781768855993,0.7009784171630407,0.017024849655935682,16.93000030517578,16.17199993133545,0.016206510218282677
2025-12-10,NVDA,183.55612182617188,-0.006433489130266867,0.013346731570454318,0.013643025830444655,0.023866021670248566,0.018718045838804064,0.02145962664305489,0.013378335866820634,0.7911076386081837,0.021647340698244057,15.770000457763672,16.11000003814697,-0.06851741444195236
2025-12-11,NVDA,180.70957946777344,-0.015507749510496383,0.012056197287818317,0.01429923395193246,0.023156124179974074,0.025976965662367867,0.02168174304177795,0.013548662000101635,0.8793388353143932,0.02608403749669173,14.850000381469727,15.92400016784668,-0.05833862077290075
2025-12-12,NVDA,174.80679321289062,-0.03266449001911087,0.01821131344175245,0.016906664401387782,0.023564487587861324,0.04685185696982359,0.026940497830606914,0.017467400123586666,0.9869705807975026,0.028384801986470372,15.739999771118164,15.990000152587891,0.059932617291983625
2025-12-15,NVDA,176.0752410888672,0.0072562847968487,0.015014344474840667,0.0160768454659709,0.02366060155294262,0.019229675641011527,0.024750317613714302,0.01630002280316922,0.8003446460198171,0.028604352830681,16.5,15.958000183105469,0.04828464040237068
2025-12-16,NVDA,177.50350952148438,0.008111693749698334,0.017024849655935682,0.016045040008343815,0.023272648551642072,0.02020038021618851,0.02619538486563911,0.016830525722354137,0.726134959569345,0.030153880483192983,16.479999542236328,15.868000030517578,-0.0012121489553740261
2025-12-17,NVDA,170.7317657470703,-0.03814991485334229,0.021647340698244057,0.019662748012965373,0.023199856939316463,0.03404707640748803,0.029261190979375906,0.01842372145045454,1.0862456112959928,0.01611881364691347,17.6200008392334,16.238000106811523,0.06917483790429602
2025-12-18,NVDA,173.9278564453125,0.018719953397407174,0.02608403749669173,0.019317623100802636,0.023453705312634174,0.024864974086608437,0.029038792664224017,0.018285559946467946,0.8737951395095744,0.01672555269545865,16.8700008392334,16.642000198364258,-0.04256526471497213
2025-12-19,NVDA,180.76951599121097,0.039336191946053534,0.028384801986470372,0.023860323320810797,0.023859961076481254,0.02823360658190912,0.025315142586641127,0.015534412398100448,1.6197610651545182,0.01634478795420719,14.90999984741211,16.476000213623045,-0.11618262562637516
2025-12-22,NVDA,183.4662322998047,0.014917981573424388,0.028604352830681,0.02368103762760574,0.024036032817280683,0.00985354420239118,0.023439916298917056,0.014893307560575308,0.6803317350176619,0.0164760452186627,14.079999923706055,15.992000198364257,-0.05566733281020897
2025-12-23,NVDA,188.97950744628903,0.030050626087284815,0.030153880483192983,0.02556114925149262,0.02216411932763198,0.033983445412028974,0.02619652933808515,0.01667778637777087,0.9421012908547617,0.008119936895624838,14.0,15.496000289916992,-0.005681812794001595
2025-12-24,NVDA,188.38023376464844,-0.0031711040511147592,0.01611881364691347,0.025454153452148503,0.021522977797819427,0.012300553081549802,0.021847224672897504,0.014412352254499036,0.379068408084205,0.010638960640181015,13.470000267028809,14.666000175476075,-0.03785712378365658
2025-12-26,NVDA,190.2978973388672,0.010179749413702144,0.01672555269545865,0.0246754636518824,0.021602038366802516,0.024615559079696064,0.02179734167151503,0.014381619916157252,0.8188149849500441,0.009124508562998216,13.600000381469727,14.01200008392334,0.0096510847708835
2025-12-29,NVDA,187.99070739746097,-0.012124095818556335,0.01634478795420719,0.021841583644631995,0.02067379643506372,0.015141806536196428,0.01917898166237249,0.012832108179360431,0.7034549223646526,0.0076517616955672375,14.199999809265137,13.870000076293945,0.044117603747491074
2025-12-30,NVDA,187.31153869628903,-0.003612778049374543,0.0164760452186627,0.022124372285996848,0.020424884934530464,0.010984392082385558,0.019405151238371367,0.012895376628942926,0.5882186465948641,0.008826745923802816,14.329999923706055,13.920000076293945,0.009154937759653814
2025-12-31,NVDA,186.27281188964844,-0.00554545018352981,0.008119936895624838,0.022428177479151587,0.020152432549444158,0.021823013755654822,0.016973064907096536,0.010667501211418027,0.7370546871128427,0.013668813723835887,14.949999809265137,14.110000038146973,0.04326586802930965
2026-01-02,NVDA,188.6199493408203,0.012600536961681508,0.010638960640181015,0.016530774858419476,0.01954467756410001,0.02472861010332981,0.019458676311452535,0.012086846617742645,0.9144909999373849,0.011314519613185713,14.510000228881836,14.318000030517577,-0.02943141043457509
2026-01-05,NVDA,187.89083862304688,-0.0038655016095672234,0.009124508562998216,0.01676871517558534,0.01888968949587045,0.03976191356835049,0.022487947209183422,0.014637371586961347,1.1265718735676513,0.011508874749179136,14.899999618530273,14.577999877929688,0.02687797267378067
2026-01-06,NVDA,187.0119171142578,-0.004677830570294028,0.0076517616955672375,0.012930987919200703,0.01793394577496019,0.028572904762715803,0.025174166854487295,0.015970681830557398,1.0747967245981445,0.0119930134871412,14.75,14.68799991607666,-0.010067088749702191
2026-01-07,NVDA,188.8796234130859,0.009987097761727126,0.008826745923802816,0.012534088495906844,0.017874621775839997,0.025434919058058836,0.028064272249621953,0.017121361037480756,0.9477231170490811,0.011086190807256837,15.380000114440918,14.897999954223632,0.042711872165486
2026-01-08,NVDA,184.81459045410156,-0.02152181842344103,0.013668813723835887,0.010623339912747809,0.018021133830479565,0.03156072497722182,0.030011814493935352,0.018170390234670115,1.0554310771352327,0.012852310356628515,15.449999809265137,14.997999954223634,0.004551345533378326
2026-01-09,NVDA,184.63479614257812,-0.0009728361331303725,0.011314519613185713,0.01062318439290373,0.017316988458042814,0.014443352591852188,0.027954762991639827,0.017374609724876047,0.8115317689560356,0.013151795031701758,14.489999771118164,14.993999862670899,-0.062135925566243366
2026-01-12,NVDA,184.71470642089844,0.00043280183361860125,0.011508874749179136,0.009801427731479545,0.017161308654301835,0.022169302425663832,0.024436240763102496,0.0150108057606277,0.8643652574014312,0.024273831029660842,15.119999885559082,15.03799991607666,0.04347826945426525
2026-01-13,NVDA,185.58364868164065,0.004704239730442428,0.0119930134871412,0.009487081142783413,0.016787744278385856,0.025348510713918606,0.023791361953343058,0.014635597952524032,1.017266361683716,0.029339044939309236,15.979999542236328,15.283999824523926,0.056878284602278395
2026-01-14,NVDA,182.91688537597656,-0.014369602734984444,0.011086190807256837,0.010355213052431424,0.0167991792772789,0.019984731212772035,0.0227013243842857,0.01401536503087045,1.0154919924091088,0.02876225514556797,16.75,15.557999801635741,0.04818526156577807
2026-01-15,NVDA,186.8221435546875,0.021349905289956617,0.012852310356628515,0.012661189068987881,0.017163107241434022,0.01801654671053385,0.019992488730948103,0.012205008237506101,1.2884248095226982,0.027869145918608486,15.84000015258789,15.635999870300292,-0.054328349099230455
2026-01-16,NVDA,186.0031280517578,-0.004383931622591319,0.013151795031701758,0.0119573588111646,0.017060495474658127,0.023411913818278618,0.021786200976233388,0.013138908973356487,1.1874778572544056,0.02798009485877079,15.859999656677246,15.90999984741211,0.0012625949429734273
2026-01-20,NVDA,177.8530731201172,-0.043816762744832816,0.024273831029660842,0.018030074072919983,0.01852124230033011,0.026787241400939615,0.022709788771288545,0.013707320778070778,1.390229169177893,0.012929137798529859,20.09000015258789,16.903999900817873,0.2667087381764075
2026-01-21,NVDA,183.09669494628903,0.02948288569987456,0.029339044939309236,0.021135422564317604,0.01930294801552182,0.03807555480828308,0.025255197590161437,0.015740468834229398,1.2975830418567196,0.009068074486224074,16.899999618530273,17.08799991607666,-0.1587854907829206
2026-01-22,NVDA,184.6148223876953,0.008291397296120495,0.02876225514556797,0.021035927188253575,0.019101785420513863,0.01211861900856835,0.023681975149320703,0.01514461735657737,0.9011432032342304,0.009220064156600068,15.640000343322754,16.86599998474121,-0.07455617181351726
2026-01-23,NVDA,187.44137573242188,0.015310543910665775,0.027869145918608486,0.020470585762168026,0.01929173740860628,0.014813229639370675,0.023041311735088065,0.014897040328608183,0.9308727317011379,0.010302187403375625,16.09000015258789,16.915999984741212,0.02877236568970143
2026-01-26,NVDA,186.2428436279297,-0.006394170442939551,0.02798009485877079,0.020617638553545363,0.0192912399414498,0.01678548615612876,0.021716026202658095,0.014258987210449447,0.7983994598503265,0.017910568144295206,16.149999618530273,16.973999977111816,0.0037289910113973423
2026-01-27,NVDA,188.29034423828125,0.010993714284356582,0.012929137798529859,0.020851058482127132,0.019131228308977025,0.022809266678899275,0.02092043125825003,0.013800498476797535,0.9182216472672061,0.019972461931457,16.350000381469727,16.226000022888183,0.012383948462139527
2026-01-28,NVDA,191.2866973876953,0.015913472151403374,0.009068074486224074,0.021302028847448994,0.018167112292138524,0.013105731566579576,0.015926466609909328,0.009830822029033707,0.940575304411142,0.016863725547294615,16.350000381469727,16.116000175476074,0.0
2026-01-29,NVDA,192.2754821777344,0.005169124688451543,0.009220064156600068,0.020383880448415537,0.01815490755948686,0.03854344387653,0.021211431583501656,0.014013680350965865,1.0626224697321822,0.011514842736154425,16.8799991607666,16.363999938964845,0.032415826723621866
2026-01-30,NVDA,190.8971710205078,-0.007168418675203347,0.010302187403375625,0.019860273045597798,0.018223615900945074,0.02626486759909208,0.023501759175445936,0.015164838782045002,1.090382970368461,0.047542621667189595,17.440000534057617,16.63400001525879,0.03317543845574367
2026-02-02,NVDA,185.38389587402344,-0.02888086354036168,0.017910568144295206,0.022159484034311065,0.017576175950945506,0.029201002915373322,0.02598486252729485,0.01643495361830353,1.0018429611471111,0.046928141365809924,16.34000015258789,16.672000122070312,-0.06307341443720693
2026-02-03,NVDA,180.12030029296875,-0.028392949431980563,0.019972461931457,0.01910566078168371,0.018207163362332728,0.05567266690030653,0.0325575425715763,0.02130161516971127,1.225242826254347,0.04402285029855884,18.0,17.002000045776366,0.10159117698350828
2026-02-04,NVDA,173.97779846191406,-0.03410221846767858,0.016863725547294615,0.019312686212139014,0.01785414097853854,0.044032367308366814,0.03874286971993375,0.024057253591421048,1.2320714567056368,0.037022743950014834,18.639999389648438,17.45999984741211,0.03555552164713549
2026-02-05,NVDA,171.6706085205078,-0.013261404396442744,0.011514842736154425,0.01887133069670714,0.017722027207296914,0.03368634151988465,0.037771449248604684,0.023417958038902332,1.2089142446166175,0.0376997918769132,21.770000457763672,18.438000106811522,0.1679185177362963
2026-02-06,NVDA,185.1841278076172,0.07871772229137908,0.047542621667189595,0.03276715289673661,0.022378423745563883,0.06687877488575053,0.04589423070593637,0.028959362134986916,1.3326077361353021,0.01917126106334779,20.3700008392334,19.02400016784668,-0.06430866279706493
2026-02-09,NVDA,189.80848693847656,0.024971681890920472,0.046928141365809924,0.03365503700053721,0.022844890524705577,0.05109454355351061,0.05027293883356383,0.0311334750336399,1.1104297073253258,0.014842497596636337,17.360000610351562,19.228000259399415,-0.1477663281723809
2026-02-10,NVDA,188.3103179931641,-0.00789305562399889,0.04402285029855884,0.03364888322515623,0.02281912168389017,0.02312507035965937,0.043763419525434395,0.028030521796295563,0.7735699716739999,0.01748791363366927,17.790000915527344,19.186000442504884,0.02476960196184419
2026-02-11,NVDA,189.8184814453125,0.008008926267137229,0.037022743950014834,0.03333817014260342,0.022749308623755547,0.023625309983037517,0.039682008060368534,0.026232277539845326,0.8192761226732084,0.01686088948094038,17.649999618530273,18.98800048828125,-0.007869662158076385
2026-02-12,NVDA,186.7122802734375,-0.016364060802846025,0.0376997918769132,0.03364091932148722,0.022948386970726653,0.037980132720609176,0.04054076630051344,0.026624496094078652,1.069937098294762,0.015388600856575181,20.81999969482422,18.79800033569336,0.17960340763780214
2026-02-13,NVDA,182.5873107910156,-0.02209265226893986,0.01917126106334779,0.03420055902901342,0.023286225644680754,0.032328667693434586,0.033630744862050255,0.021054337183293467,0.923478435821891,0.006131130742493824,20.600000381469727,18.844000244140624,-0.010566729902939609
2026-02-17,NVDA,184.7446746826172,0.011815519283653098,0.014842497596636337,0.033311275723198384,0.023271540649936032,0.04308807465051287,0.0320294510814507,0.019723850020638364,0.9325299293923212,0.006047512741658524,20.290000915527344,19.43000030517578,-0.015048517485525714
2026-02-18,NVDA,187.75099182128903,0.016272821632539847,0.01748791363366927,0.03203008716829984,0.02345882901107175,0.01920417433982686,0.031245271877484205,0.019431980973329627,0.9629489697383378,0.0053675031702668016,19.6200008392334,19.796000289916993,-0.03302119497595557
2026-02-19,NVDA,187.6710968017578,-0.00042553713701432017,0.01686088948094038,0.029148712978254162,0.02344094435551614,0.014741825990680362,0.029468575079012772,0.018803251052676457,0.7560152073428659,0.02901084722050249,20.229999542236328,20.312000274658203,0.031090656315525544
2026-02-20,NVDA,189.5887756347656,0.010218296081220712,0.015388600856575181,0.02817750337742991,0.023444249747696162,0.023127169003582228,0.02649798233560738,0.017092499915633916,1.0536580958396042,0.03224902925746857,19.09000015258789,19.966000366210938,-0.056351923650237334
2026-02-23,NVDA,191.3166656494141,0.009113883503194309,0.006131130742493824,0.014850720321685423,0.02312203321519175,0.022813860859123666,0.024595020968745197,0.015988244099957458,1.0047249384778363,0.03685068980696294,21.010000228881836,20.04800033569336,0.10057622110776498
2026-02-24,NVDA,192.61508178710935,0.006786738276500115,0.006047512741658524,0.012895294092627055,0.023137874018814276,0.03303090575251191,0.022583587189145004,0.0141280909843115,1.0105572847451776,0.035764319516507215,19.549999237060547,19.9,-0.06949076515545527
2026-02-25,NVDA,195.32176208496097,0.01405227603538961,0.0053675031702668016,0.012977899252463008,0.023246183074114263,0.019635976910508758,0.022669947703281387,0.014175158065783448,1.4030261694501736,0.036264277106028434,17.93000030517578,19.561999893188478,-0.082864398726613
2026-02-26,NVDA,184.66476440429688,-0.05456124072866242,0.02901084722050249,0.022373021011625603,0.025434350504353383,0.05392387903524585,0.030506358312194483,0.019628796903986993,1.9064832326146064,0.02771331266286916,18.6299991607666,19.24199981689453,0.03904064939635021
2026-02-27,NVDA,176.97415161132812,-0.041646346652961186,0.03224902925746857,0.025342856396408434,0.026438832168372423,0.035047075848038574,0.032890339681085755,0.020793707454348297,1.5879831879996977,0.023713022958889683,19.860000610351562,19.395999908447266,0.06602262506673928
2026-03-02,NVDA,182.25770568847656,0.029854947906472917,0.03685068980696294,0.026745800664942816,0.02672814899713781,0.048334105275779936,0.037994388564417,0.023875184320482114,1.0574948496542063,0.022908990024920643,21.440000534057617,19.481999969482423,0.07955689200142912
2026-03-03,NVDA,179.83065795898438,-0.013316571281988043,0.035764319516507215,0.026708402717987495,0.02682272319436702,0.022104946737462498,0.03580919676140712,0.022915635580164146,0.8979396626881571,0.021867041403858964,23.56999969482422,20.286000061035157,0.09934697330735043
2026-03-04,NVDA,182.8170166015625,0.016606504566419655,0.036264277106028434,0.026734471061552002,0.025725669479932427,0.025349647944944428,0.03695193096829426,0.02332486534266479,0.9020612617931292,0.021035372903898127,21.149999618530273,20.929999923706056,-0.10267289383229639
2026-03-05,NVDA,183.1166534423828,0.00163899863585093,0.02771331266286916,0.0267587872729689,0.025167663263721197,0.03370782589300215,0.03290872033984552,0.020688451834317535,1.0110039796325978,0.02273537559151457,23.75,21.954000091552736,0.12293146233401209
2026-03-06,NVDA,177.60337829589844,-0.03010799423668542,0.023713022958889683,0.02771350259108828,0.025718078375289187,0.033404492958921346,0.03258020376202207,0.020503550583814704,0.9656212754133952,0.018500407934596893,29.489999771118164,23.879999923706055,0.24168420088918596
2026-03-09,NVDA,182.427490234375,0.027162275767295796,0.022908990024920643,0.029357519613432293,0.026065503064169486,0.040240932653308206,0.030961569237527724,0.019147427181814797,0.9179913321746396,0.01533925262757278,25.5,24.69199981689453,-0.1353000950181722
2026-03-10,NVDA,184.544921875,0.01160697676597211,0.021867041403858964,0.029599323635628016,0.02613407881344324,0.023975796028222526,0.03133573909567973,0.019303856551401172,0.9320277238942569,0.01426221623470277,24.93000030517578,24.963999938964843,-0.022352929208792838
2026-03-11,NVDA,185.8134307861328,0.006873713447352436,0.021035372903898127,0.02920070633777252,0.026085219908343577,0.017040252592304555,0.029673860025151755,0.01862496403154775,0.7542829569357692,0.013216177054057199,24.229999542236328,25.579999923706055,-0.028078650395929716
2026-03-12,NVDA,182.9268035888672,-0.015535083686109119,0.02273537559151457,0.023908178980805706,0.02605078948846001,0.017418381850156095,0.026415971216582547,0.01686977329240408,0.80628443721755,0.012453019301093396,27.290000915527344,26.288000106811523,0.12628978254650813
2026-03-13,NVDA,180.0401611328125,-0.015780314308353027,0.018500407934596893,0.020076536066011633,0.026155781918034065,0.0341192449180824,0.02655892160841476,0.016950155200575204,0.8396244073767309,0.017465707879154895,27.190000534057617,25.828000259399413,-0.0036643597696923713
2026-03-16,NVDA,183.0067138671875,0.01647717218041489,0.01533925262757278,0.018380948143567374,0.02634590957273836,0.04077066461594943,0.026664868000942997,0.016835296514831066,1.1172067840778623,0.017660953408012492,23.510000228881836,25.43000030517578,-0.13534388499059757
2026-03-17,NVDA,181.71820068359375,-0.007040797336696936,0.01426221623470277,0.017956662081492537,0.025848048959488383,0.020447432366649903,0.025959195268628478,0.016472590126142748,0.9333942067128935,0.01785648557511622,22.3700008392334,24.918000411987304,-0.048489977820074914
2026-03-18,NVDA,180.1899871826172,-0.008409798772097021,0.013216177054057199,0.017300894844670723,0.025353064895715337,0.01690689110282304,0.025932522970732175,0.016452722908138824,0.8030200089120747,0.021545118814173304,25.09000015258789,25.090000534057616,0.12159138181989015
2026-03-19,NVDA,178.3521270751953,-0.010199568445272478,0.012453019301093396,0.017480675567847135,0.024598304392856127,0.023465515785702804,0.027141949757841517,0.01699645612593005,0.8663739151513161,0.028196732690397033,24.059999465942383,24.444000244140625,-0.041052239154301895
2026-03-20,NVDA,172.4989471435547,-0.03281811115811839,0.017465707879154895,0.017970480294145053,0.025243209798912983,0.03786909902547832,0.027891920579320696,0.017555299423757397,1.2037101487848862,0.02611679964538369,26.780000686645508,24.362000274658204,0.11305075981208423
2026-03-23,NVDA,175.43553161621094,0.0170237820072745,0.017660953408012492,0.016303003012120253,0.020764157112645766,0.02055340823785222,0.02384846930370126,0.014862293097767968,0.9094268346232228,0.02281731098159842,26.149999618530273,24.89000015258789,-0.023525057952272554
2026-03-24,NVDA,174.99603271484375,-0.00250518750288653,0.01785648557511622,0.01540936299862679,0.020149007806879133,0.012785419704235664,0.02231606677121841,0.014249863226947839,0.7395487168135277,0.03846838413986876,26.950000762939453,25.8060001373291,0.03059277843515873
2026-03-25,NVDA,178.47198486328125,0.019863034004328428,0.021545118814173304,0.017004320271356652,0.020526830804012967,0.024457103740299288,0.023826109298713656,0.015024905452435846,0.8326992575962342,0.03724002259960569,25.329999923706055,25.854000091552734,-0.06011134669284157
2026-03-26,NVDA,171.04066467285156,-0.04163858095780393,0.028196732690397033,0.020611217144929493,0.021695114595805434,0.03135946592457849,0.025404899326488796,0.015955491652645957,0.9979301035285968,0.030255971887942393,27.440000534057617,26.530000305175783,0.08330045861456314
2026-03-27,NVDA,167.32498168945312,-0.021723974181843797,0.02611679964538369,0.020990683573770565,0.02182861561430217,0.023639007956485377,0.022558881112690207,0.013907276341790382,1.0854446017216903,0.026174793939396118,31.049999237060547,27.38400001525879,0.13155971693667867
2026-03-30,NVDA,164.97772216796875,-0.014028147487508913,0.02281731098159842,0.01933536927381341,0.021639502112119843,0.03136158341833288,0.02472051614878634,0.015257300941691684,1.0335941052723951,0.022880743280308317,30.610000610351562,28.276000213623046,-0.014170648551379394
2026-03-31,NVDA,174.1969757080078,0.05588180888236938,0.03846838413986876,0.028517111254650777,0.02405127588221722,0.04392195339104732,0.030947822886148668,0.019134557384266792,1.2427693839494383,0.008337415583231698,25.25,27.936000061035156,-0.17510619090085677
2026-04-01,NVDA,175.54541015625,0.007740860269023653,0.03724002259960569,0.02868735578237276,0.023881553399864388,0.014907511335348591,0.029037904405158528,0.018415361555915614,0.9262560383525928,0.008336106039944065,24.540000915527344,27.778000259399413,-0.028118775622679504
2026-04-02,NVDA,177.18348693847656,0.009331356375359201,0.030255971887942393,0.028750055550174788,0.023969462985237222,0.034500312289497,0.029666073678142234,0.018949596530157056,0.8008637542673267,0.011151858539075117,23.8700008392334,27.06400032043457,-0.027302365578560805
2026-04-06,NVDA,177.43319702148438,0.0014093304479019242,0.026174793939396118,0.02638721374957301,0.023872999578618395,0.011427599562439302,0.02722379199933302,0.018137955135167777,0.6158385793362011,0.010641864186598527,24.170000076293945,25.68800048828125,0.012568044680059565
2026-04-07,NVDA,177.89266967773438,0.00258955293576979,0.022880743280308317,0.025933981046356497,0.023798528244496197,0.025659696287565033,0.026083414573179454,0.01755354924359385,0.7686337126010643,0.013514400622631394,25.780000686645508,24.722000503540038,0.06661152690399286
2026-04-08,NVDA,181.8680419921875,0.0223470271240227,0.008337415583231698,0.026667484569175972,0.024166666884689207,0.0272407260830343,0.02274716911157685,0.014700374582732045,0.8646422421549256,0.013840895151155056,21.040000915527344,23.88000068664551,-0.18386344627110762
2026-04-09,NVDA,183.69590759277344,0.010050504643715596,0.008336106039944065,0.02620266074233954,0.024088046285398127,0.01881358623766938,0.023528384092041006,0.015036571800839693,0.6872290271148191,0.016528344496669508,19.489999771118164,22.870000457763673,-0.07366925270736524
2026-04-10,NVDA,188.4104156494141,0.025664741901011867,0.011151858539075117,0.02165627797603948,0.022419725407847414,0.030217869907724057,0.022671895615686416,0.014290048827430858,0.9458146598310331,0.015592266190252793,19.229999542236328,21.94200019836426,-0.013340186348648642
2026-04-13,NVDA,189.0896148681641,0.003604892099032586,0.010641864186598527,0.018841485754051594,0.02093044719430247,0.020706767838460288,0.024527729270890614,0.015038523154916515,0.7941770263151562,0.015883305452000066,19.1200008392334,20.932000350952148,-0.005720161498773413
2026-04-14,NVDA,196.28123474121097,0.038032865411783634,0.013514400622631394,0.017877400091071374,0.021349136121271532,0.02920966055075301,0.025237722123528206,0.015520277627441442,0.9747522330254084,0.011103562469768706,18.360000610351562,19.448000335693358,-0.039748964201003045
2026-04-15,NVDA,198.63848876953125,0.012009574075831697,0.013840895151155056,0.011810639113151998,0.021194400269461282,0.02343233528302919,0.024476043963527185,0.015089241681425445,1.1190097083111248,0.011323757830550596,18.170000076293945,18.87400016784668,-0.010348612622076536
2026-04-16,NVDA,198.1190948486328,-0.002614769796708716,0.016528344496669508,0.012765485302547203,0.02107590131452333,0.02036807875273502,0.024786942466540313,0.015224917292922942,0.8146995339941694,0.013817137894595414,17.940000534057617,18.56400032043457,-0.012658202601573132
2026-04-17,NVDA,201.44520568847656,0.016788441530004805,0.015592266190252793,0.01279430619106067,0.02122568236403111,0.012048754284157782,0.021153119341827058,0.013246571300506372,0.9778176814677377,0.023119250529090626,17.479999542236328,18.21400032043457,-0.02564108016318145
2026-04-20,NVDA,201.82476806640625,0.00188419663120043,0.015883305452000066,0.012747350678496307,0.02026601956644037,0.02142928775300546,0.021297623324736094,0.01333489504120494,0.756227783931444,0.02710323700184813,18.8700008392334,18.16400032043457,0.07951952708227816
2026-04-21,NVDA,199.64732360839844,-0.010788787118989118,0.011103562469768706,0.014541285342364037,0.019983082974932027,0.018761256295739107,0.01920794247373331,0.01181386700248857,0.7003986963646914,0.02834844773245922,19.5,18.392000198364258,0.03338628154465928
2026-04-22,NVDA,202.26426696777344,0.013107830909409257,0.011323757830550596,0.014075542055372465,0.020006712359252186,0.017283950617283883,0.01797826554058425,0.011025582051367467,0.7067252333732931,0.03169667210934211,18.920000076293945,18.542000198364256,-0.029743585831079722
2026-04-23,NVDA,199.4075927734375,-0.014123474389033275,0.013817137894595414,0.016138319312898854,0.020241587835354527,0.033109600433580584,0.020526569876753366,0.013033543494336605,0.7588014748284998,0.039373437681328456,19.309999465942383,18.81599998474121,0.02061307547969271
2026-04-24,NVDA,208.0275421142578,0.043227788976992976,0.023119250529090626,0.018943166024615852,0.02124897644231238,0.053488256403332136,0.028814470300588237,0.019277083042317244,1.4175590000552434,0.03138635504573813,18.709999084472656,19.061999893188478,-0.03107200404267052
2026-04-27,NVDA,216.3578338623047,0.04004417714781017,0.02710323700184813,0.020950577041986954,0.021846578970564516,0.04362678048850233,0.03325396884768761,0.021932372661452645,1.2427907342397437,0.017909526997922302,18.020000457763672,18.891999816894533,-0.03687860291140321
2026-04-28,NVDA,212.92184448242188,-0.01588104908680843,0.02834844773245922,0.020946339233785496,0.022127498170714865,0.030632822795830794,0.03562828214770595,0.022905982300322758,1.1991263741033178,0.018210297227909934,17.829999923706055,18.55799980163574,-0.010543869546671303
2026-04-29,NVDA,209.00640869140625,-0.018389075111261644,0.03169667210934211,0.02250643330206672,0.0224404302054647,0.024563915840613782,0.037084275192371924,0.02336479820371839,0.8519188468033452,0.03739108253528041,18.809999465942383,18.53599967956543,0.054963519149170637
2026-04-30,NVDA,199.33767700195312,-0.04626045560032954,0.039373437681328456,0.027821707438470136,0.024209797399035643,0.05812499713281231,0.04208735453221827,0.026452651612807607,1.52115843744651,0.027614696537096008,16.889999389648438,18.051999664306642,-0.10207337218538048
2026-05-01,NVDA,198.2189788818359,-0.005612075634383262,0.03138635504573813,0.027302714404520936,0.024133642616190297,0.02962965469002314,0.03731563418955647,0.02344642259714971,0.8730944726876751,0.025809915190386442,16.989999771118164,17.707999801635744,0.00592068591376127
2026-05-04,NVDA,198.2489318847656,0.0001511106711307164,0.017909526997922302,0.027285899186168864,0.023138462648320077,0.03521760572773482,0.035633799237402966,0.022275696896887267,0.84573192859788,0.02412112935118279,18.290000915527344,17.761999893188477,0.07651566579883617
2026-05-05,NVDA,196.271240234375,-0.009975799776516081,0.018210297227909934,0.02725618538475744,0.02317594351240339,0.02142497055403147,0.0337922287890431,0.021447166067485614,0.7700078354261752,0.019708749227776694,17.3799991607666,17.671999740600587,-0.04975405736520189
2026-05-06,NVDA,207.5880584716797,0.057659075388685865,0.03739108253528041,0.03293518516774138,0.02511502806325242,0.04648031360728193,0.038175508342376735,0.02407331156438149,1.2615441275528334,0.006341880824588661,17.389999389648438,17.387999725341796,0.0005753871901450491
2026-05-07,NVDA,211.2537841796875,0.01765865404299216,0.027614696537096008,0.032622162508032286,0.025076300568874117,0.0364066049562278,0.03383182990705984,0.02107084302917531,1.1079792982830912,0.013764046973913462,17.079999923706055,17.42599983215332,-0.01782630689032183
2026-05-08,NVDA,214.9494781494141,0.017494095947569566,0.025809915190386442,0.030315616821425546,0.02348090288597789,0.022816002470902805,0.032469099463235764,0.020473451798887866,0.9052312499713842,0.033016260437753964,17.190000534057617,17.46599998474121,0.006440316794081857
2026-05-11,NVDA,219.18453979492188,0.01970259096216065,0.02412112935118279,0.028214815506996154,0.02288876633976163,0.03832484309397955,0.03309054693648471,0.02089841090667546,1.0567593029507367,0.03380119161998579,18.3799991607666,17.48399963378906,0.0692262123175218
2026-05-12,NVDA,220.52297973632812,0.006106452319395217,0.019708749227776694,0.02754522058151461,0.022472856805878055,0.03999457323976885,0.03680446747363218,0.02282793446768947,1.0475678210670138,0.034053564838156226,17.989999771118164,17.605999755859376,-0.021218683757119994
2026-05-13,NVDA,225.56710815429688,0.022873482047085725,0.006341880824588661,0.026926698483969332,0.020900064229821942,0.027764198568986067,0.033061244465973014,0.020361345561549338,1.0013536430387648,0.032672433923154824,17.8700008392334,17.702000045776366,-0.006670313141271755
2026-05-14,NVDA,235.465576171875,0.04388258597883499,0.013764046973913462,0.021239029634709177,0.02185317487662544,0.030711758995801683,0.03192227527388779,0.019687845326234573,1.18514627386365,0.02057475618236467,17.260000228881836,17.738000106811523,-0.0341354550477867
2026-05-15,NVDA,225.0577087402344,-0.044201227206322136,0.033016260437753964,0.028175595548897838,0.023995779489479594,0.032220816043154764,0.03380323798833818,0.020575275668322523,1.1784448905291052,0.013034909572684066,18.43000030517578,17.986000061035156,0.06778679378787822
2026-05-18,NVDA,222.0612030029297,-0.013314388358780183,0.03380119161998579,0.02916930884189408,0.024289952719519944,0.05231200296720024,0.03660066996298232,0.022589155942007395,0.9442459687519638,0.013056086565214314,17.81999969482422,17.87400016784668,-0.03309824201035161
2026-05-19,NVDA,220.35317993164065,-0.0076916771060926425,0.034053564838156226,0.028988326770052898,0.024437943376022956,0.029781025553024774,0.034557960425633506,0.021377023982355414,0.9002342491164882,0.013168607997807447,18.059999465942383,17.888000106811525,0.01346800085456068
2026-05-20,NVDA,223.20985412597656,0.012964070657941695,0.032672433923154824,0.02422312524670335,0.024300339785734974,0.02519355999489254,0.0340438327108148,0.021134333294580504,1.1483647571288862,0.011229828787850409,17.440000534057617,17.802000045776367,-0.03432995294678509
2026-05-21,NVDA,219.25445556640625,-0.017720537361840427,0.02057475618236467,0.025148238674103415,0.024710940500883936,0.043141549167175795,0.03652979074508962,0.022527124646822026,1.233406424560593,0.01063638559620312,16.760000228881836,17.702000045776366,-0.03899084199268488
2026-05-22,NVDA,215.0793304443359,-0.01904237298751632,0.013034909572684066,0.025621110247034697,0.02484490389989462,0.028839415790979553,0.035853510694654575,0.02219978496265817,1.040726626146689,0.031361454183604795,16.700000762939453,17.3560001373291,-0.003579920353401156
2026-05-26,NVDA,214.60987854003903,-0.0021826918622399605,0.013056086565214314,0.024703182335444895,0.024876305171769666,0.028762881216726315,0.031143686344559794,0.01892543056199183,1.150932600583088,0.031831358661900365,17.010000228881836,16.900000381469727,0.025316460062143387
2026-05-27,NVDA,212.35250854492188,-0.010518481304186644,0.013168607997807447,0.024668921265408216,0.02419116825833051,0.025258678095111946,0.03023921685297723,0.018467428449350363,1.034452355678342,0.037139737285097715,16.290000915527344,16.67000045776367,-0.042328001391321646
2026-05-28,NVDA,214.0005798339844,0.007761016341909066,0.011229828787850409,0.02329892640277739,0.024148446581586453,0.020070025912521647,0.02921451003650305,0.01801363069636156,0.8832297099248918,0.037903883325750246,15.739999771118164,16.466000366210938,-0.03376311316747249
2026-05-29,NVDA,210.8942108154297,-0.014515703746992403,0.01063638559620312,0.015793180995282013,0.02433690764030105,0.03187456543996278,0.026961113291060445,0.016278743034338357,1.7408990451783148,0.04846234654474015,15.319999694824219,16.190000152587892,-0.026683613875561618
2026-06-01,NVDA,224.09881591796875,0.0626124588791841,0.031361454183604795,0.024466578822452723,0.02660540014823913,0.04087180488500255,0.02936759110986505,0.018205515744048315,1.2487411428258313,0.03514876820310851,16.049999237060547,16.08199996948242,0.04765010161736205
2026-06-02,NVDA,222.56060791015625,-0.006863972045151545,0.031831358661900365,0.024164547388365713,0.026676070488985498,0.049053012819792956,0.03342561743047837,0.02096324647603678,1.1122273226025177,0.03543909063058388,15.770000457763672,15.83400001525879,-0.017445407639044563
2026-06-03,NVDA,214.5,-0.03621758578863232,0.037139737285097715,0.026778731068214396,0.02753924820664273,0.03869621800876743,0.03611312541320947,0.02229667243320924,0.9130667733170029,0.035624851808709196,16.059999465942383,15.787999725341797,0.01838928343441748
2026-06-04,NVDA,218.66000366210935,0.01939395646671027,0.037903883325750246,0.027260749722417748,0.027644427386299145,0.048614308537371066,0.041821981938179355,0.02534082982951439,0.9644085827937301,0.036279017843253894,15.399999618530273,15.719999694824219,-0.04109588227644323
2026-06-05,NVDA,205.1000061035156,-0.062014073591381336,0.04846234654474015,0.03311708304831939,0.0299518330847991,0.05138953180144322,0.045724975210475444,0.02745208720873874,1.2352178936724743,0.023400926825667894,21.510000228881836,16.957999801635744,0.3967532962143463
2026-06-08,NVDA,208.63999938964844,0.017259839984335112,0.03514876820310851,0.03353493682368992,0.029062503448290544,0.021424469103621467,0.04183550805419923,0.02572590038224598,0.7777034018285243,0.02769246901373836,18.920000076293945,17.53199996948242,-0.12040911785348352
2026-06-09,NVDA,208.19000244140625,-0.0021568105327770537,0.03543909063058388,0.03353496747832776,0.02808770351547457,0.05792784195767498,0.043610473881775635,0.027260617144043143,1.0113098206489501,0.03042318463688722,19.8700008392334,18.352000045776368,0.05021145661250648
2026-06-10,NVDA,200.4199981689453,-0.03732169739825886,0.035624851808709196,0.03527096604305934,0.028747043774913814,0.036423526187263154,0.04315593551747478,0.027050237365216057,0.9032730080408066,0.02444042132230742,22.219999313354492,19.584000015258788,0.11826866506623457
2026-06-11,NVDA,204.8699951171875,0.022203357892913722,0.036279017843253894,0.03614576677586314,0.028885315495934618,0.0298726534965544,0.039407604509311446,0.024964628514643365,0.8839089225557568,0.02594249351449494,19.440000534057617,20.392000198364258,-0.12511246018023325
2026-06-12,NVDA,205.19000244140625,0.0015620019126554308,0.023400926825667894,0.03597144304349807,0.027547954232676936,0.017690944196216765,0.03266788698826616,0.021524663371302752,0.6362290130877589,0.026881379093604503,17.68000030517578,19.626000213623048,-0.09053498871043908
2026-06-15,NVDA,212.4499969482422,0.03538181402824003,0.02769246901373836,0.03124381009197133,0.028200650053260314,0.020569594910566986,0.032496912149655256,0.021474472870305787,0.8592950719684058,0.02609548237693573,16.200000762939453,19.08200035095215,-0.08371037990327757
2026-06-16,NVDA,207.41000366210935,-0.023723197733726997,0.03042318463688722,0.03181260773477397,0.028608896748894105,0.0202498053752195,0.02496130483316416,0.015533293525297368,0.7246342263000553,0.025262166577837572,16.40999984741211,18.39000015258789,0.012962905838441063
2026-06-17,NVDA,204.6499938964844,-0.013307023368657078,0.02444042132230742,0.030225057810624647,0.028663001218741754,0.029953604034374734,0.023667320402586477,0.014570433025439769,0.7427177486244387,0.02546066898806035,18.440000534057617,17.634000396728517,0.12370510088491216
2026-06-18,NVDA,210.69000244140625,0.029513846689763312,0.02594249351449494,0.031257275613071345,0.027194294243959284,0.023209451483149356,0.022334679999905467,0.013637392505560139,1.37333743845519,0.01395772126092289,16.399999618530273,17.026000213623046,-0.11062911369007722
2026-06-22,NVDA,208.6499938964844,-0.009682512322762848,0.026881379093604503,0.023824646682792015,0.02706950704101245,0.030050344864000548,0.024806560133462226,0.01507345725439291,0.711130870994217,0.019630351091958504,17.280000686645508,16.94600028991699,0.0536586029624615
2026-06-23,NVDA,200.0399932861328,-0.04126528091164572,0.02609548237693573,0.026670545822226575,0.027869632199013603,0.018846252744412137,0.024461891700231254,0.01487553659225251,0.8985477849736554,0.018804091126763185,19.489999771118164,17.604000091552734,0.1278934604545825
2026-06-24,NVDA,199.0,-0.00519892681982459,0.025262166577837572,0.02666606167190488,0.027569642571173537,0.025577871044676508,0.025527504834122656,0.015472415845086636,0.8979832764473222,0.019600495248137537,18.6299991607666,18.047999954223634,-0.044125224240688765
2026-06-25,NVDA,195.7400054931641,-0.016381881943899,0.02546066898806035,0.02450971095106769,0.02762346694943431,0.044293439897998256,0.02839547200684736,0.01777992720143781,0.8893589847736746,0.0191517521253093,18.889999389648438,18.137999725341796,0.013955997884818938
2026-06-26,NVDA,192.52999877929688,-0.016399339040476968,0.01395772126092289,0.023266865969643627,0.027253863562159107,0.022490011211282992,0.028251583952474086,0.017685585072348856,1.0552251799337014,0.017049132803395407,18.40999984741211,18.539999771118165,-0.025410246572022843
2026-06-29,NVDA,194.97000122070312,0.012673362368860186,0.019630351091958504,0.023921579747535927,0.025888787841980197,0.03272292959982795,0.028786100899639566,0.018106215107576384,0.9137107723497877,0.016446038737592265,17.649999618530273,18.613999557495116,-0.04128192477897652
2026-06-30,NVDA,200.08999633789065,0.026260425117358377,0.018804091126763185,0.022339103128155912,0.025491723799917033,0.027587607444099018,0.03053437183957694,0.018942674891898024,1.0367678756013317,0.020377826520568045,16.450000762939453,18.005999755859374,-0.06798860518563254
2026-07-01,NVDA,197.5800018310547,-0.012544327816355949,0.019600495248137537,0.021607544041944773,0.025481988154018538,0.03239198854115754,0.031897195338873155,0.019700362612540188,0.9237452667548669,0.019299335035916583,16.59000015258789,17.59799995422363,0.008510600799718215
2026-07-02,NVDA,194.8300018310547,-0.013918412665829716,0.0191517521253093,0.021635660532931384,0.025541989222068854,0.03957291681269814,0.030953090721813126,0.018947150511171438,0.9033420847319357,0.020936878029327508,16.149999618530273,17.05,-0.026522033153145053
2026-07-06,NVDA,195.5500030517578,0.0036955356666652506,0.017049132803395407,0.018398217123618627,0.025388068329182632,0.018205049874898075,0.03009609845453614,0.01861940897964418,0.7065518178837554,0.03137979092545998,15.569999694824219,16.481999969482423,-0.035913308817702494
2026-07-07,NVDA,196.92999267578125,0.007056965494693257,0.016446038737592265,0.018909361803016965,0.025332271126007933,0.0369166939666219,0.03093485132789493,0.019192519911832902,0.8304994662156605,0.034455810431933694,16.1299991607666,16.177999877929686,0.035966568845119395
2026-07-08,NVDA,204.1199951171875,0.03651044893523969,0.020377826520568045,0.018603426389996153,0.02615604686495904,0.049480728714093265,0.03531347558189378,0.02227205502169189,0.983146556355109,0.03244855301008876,16.899999618530273,16.26799964904785,0.0477371666352322
2026-07-09,NVDA,202.77999877929688,-0.006564748040099211,0.019299335035916583,0.018668482545074947,0.026172736064031935,0.027764028296257532,0.03438788353291378,0.021812694895457833,0.8951690866617552,0.0352848729418787,15.84000015258789,16.117999649047853,-0.06272186330585061
2026-07-10,NVDA,210.9600067138672,0.04033932332484791,0.020936878029327508,0.020929747297100124,0.027199216681475933,0.04304134216003429,0.035081568602381014,0.02244874555480356,1.010810360770443,0.030365424991630755,15.029999732971191,15.893999671936035,-0.05113638963471623
2026-07-13,NVDA,203.52999877929688,-0.03521998340020871,0.03137979092545998,0.023964847481134484,0.02790664694894183,0.0371935703317499,0.038879272693751375,0.024016340703679244,0.8374785859606815,0.026139564820490117,17.15999984741211,16.211999702453614,0.14171657699822537
2026-07-14,NVDA,211.8000030517578,0.040632851776453593,0.034455810431933694,0.026363111055759805,0.02880754252674421,0.04131255842268214,0.03975844558496343,0.024571171289363647,0.8543085660781605,0.018606682312873036,16.5,16.285999870300294,-0.03846152991147278
2026-07-15,NVDA,212.5,0.0033049902651376417,0.03244855301008876,0.025646556806286237,0.026329628080555716,0.03656472598805147,0.03717524503975507,0.022776093899323748,0.8646418535676769,0.02230234661444176,15.670000076293945,16.039999961853027,-0.05030302567915479
2026-07-16,NVDA,207.3999938964844,-0.024000028722426348,0.0352848729418787,0.02681260713615841,0.02663561014590147,0.02521695217671722,0.036665829815847005,0.02253865160389524,0.8528939744066828,0.020280118166324565,16.729999542236328,16.217999839782713,0.06764514746531392
2026-07-17,NVDA,202.80999755859375,-0.022131130535045118,0.030365424991630755,0.02757758228887415,0.026131062531438355,0.04279864296765521,0.036617289977371195,0.022388587137112306,0.9950853308228933,0.017090830791982415,18.770000457763672,16.96599998474121,0.12193669882519642
2026-07-20,NVDA,203.27999877929688,0.0023174460152899368,0.026139564820490117,0.02758472742035537,0.02584386204831826,0.02685953732120591,0.034550483375262384,0.021347776742180316,0.6457312300225729,0.029729106070953238,18.649999618530273,17.263999938964844,-0.006393225162856231
