date,ticker,close,ret,vol_5,vol_10,vol_30,target_vol_fwd
2023-09-12,AAPL,174.0973663330078,-0.017060687406958097,0.01902177578220443,0.01932544217664228,0.01667270459764485,0.011278616462828595
2023-09-13,AAPL,172.03347778320312,-0.0118547947810822,0.014844206121680727,0.01756702999479289,0.016743389302460943,0.014198481716256393
2023-09-14,AAPL,173.54437255859375,0.008782562527130056,0.011669529846435565,0.016208493011164896,0.016739111103501292,0.014146228612458745
2023-09-15,AAPL,172.823486328125,-0.004153901505652979,0.011263269103031983,0.016017818442983806,0.016720000148728716,0.014381255071665332
2023-09-18,AAPL,175.7465057373047,0.016913322785480744,0.014152546664221112,0.017107035772756813,0.014744882762668733,0.011982240449573156
2023-09-19,AAPL,176.832763671875,0.0061808223726165235,0.011278616462828595,0.017410171255498,0.014449634872887845,0.014016232606044135
2023-09-20,AAPL,173.2974853515625,-0.01999221324659295,0.014198481716256393,0.014903179443504578,0.014872551302946499,0.012429747508707489
2023-09-21,AAPL,171.7569580078125,-0.008889496236052064,0.014146228612458745,0.012225544477162334,0.014871306012337632,0.012647520310009064
2023-09-22,AAPL,172.60623168945312,0.004944624610794479,0.014381255071665332,0.012306378400613868,0.014905735439646618,0.012348521120734446
2023-09-25,AAPL,173.8800811767578,0.007380089784918997,0.011982240449573156,0.012366515086279105,0.01497383060948383,0.014362524876126038
2023-09-26,AAPL,169.8115997314453,-0.02339820304763196,0.014016232606044135,0.013359436678852539,0.015438070600903051,0.00961433072942631
2023-09-27,AAPL,168.30068969726562,-0.00889756669490882,0.012429747508707489,0.013158323138718488,0.015392836372551622,0.00827190526539328
2023-09-28,AAPL,168.55746459960938,0.0015256913254819704,0.012647520310009064,0.012682156512363206,0.015384183791578368,0.008272819773436376
2023-09-29,AAPL,169.07095336914062,0.00304637217195336,0.012348521120734446,0.012803009735470564,0.015184249090723568,0.009211422568726094
2023-10-02,AAPL,171.57923889160156,0.014835697513247537,0.014362524876126038,0.012472439661789455,0.015429350536660991,0.008296611277281438
2023-10-03,AAPL,170.24609375,-0.007769851120762894,0.00961433072942631,0.012192217245752604,0.015420077015695088,0.006507604153488918
2023-10-04,AAPL,171.49034118652344,0.007308522675125717,0.00827190526539328,0.011156676788818433,0.015409189654795536,0.006523039148402575
2023-10-05,AAPL,172.7247314453125,0.007198016227902171,0.008272819773436376,0.011050636602797124,0.01489279996810796,0.006575807406987156
2023-10-06,AAPL,175.2725067138672,0.014750494889965271,0.009211422568726094,0.01188114427076577,0.014378175834593694,0.008133462937766482
2023-10-09,AAPL,176.75376892089844,0.008451195425928537,0.008296611277281438,0.011943726660683211,0.014274177785732643,0.007165925806593111
2023-10-10,AAPL,176.1612548828125,-0.003352200304996611,0.006507604153488918,0.008426757825989667,0.014192020581708728,0.0080990023259444
2023-10-11,AAPL,177.5536346435547,0.0079040068241365,0.006523039148402575,0.007222757906470424,0.013664386857279982,0.006440590835629693
2023-10-12,AAPL,178.45228576660156,0.005061293872417494,0.006575807406987156,0.0070980486858266,0.013191421467522866,0.0042009526867048015
2023-10-13,AAPL,176.61550903320312,-0.01029281707156593,0.008133462937766482,0.008727557586397162,0.013286942417397673,0.00559385083704688
2023-10-16,AAPL,176.4871368408203,-0.0007268455249798134,0.007165925806593111,0.008020719929369242,0.013153326576707555,0.005998116700151703
2023-10-17,AAPL,174.936767578125,-0.008784602042094636,0.0080990023259444,0.008174987228106364,0.013198900457524202,0.006966535933745881
2023-10-18,AAPL,173.64309692382812,-0.007395075787707928,0.006440590835629693,0.00857675658651617,0.011631368254762976,0.008105082073604723
2023-10-19,AAPL,173.26788330078125,-0.0021608323607097413,0.0042009526867048015,0.00836746075031948,0.010365129022534428,0.01139410132421023
2023-10-20,AAPL,170.72010803222656,-0.014704255745607075,0.00559385083704688,0.007904712944281739,0.010661071409639473,0.013353762973828783
2023-10-23,AAPL,170.83860778808594,0.0006941171560002068,0.005998116700151703,0.007032189763697463,0.010570406693303334,0.015509360696625353
2023-10-24,AAPL,171.27310180664062,0.002543301096749939,0.006966535933745881,0.007277238584154204,0.010150411153493414,0.01553471041288338
2023-10-25,AAPL,168.9623260498047,-0.013491761008945224,0.008105082073604723,0.006921590070131133,0.010217759746370195,0.016733865571675825
2023-10-26,AAPL,164.804931640625,-0.02460545203404818,0.01139410132421023,0.008371339076861006,0.010957769412439913,0.007421874508880028
2023-10-27,AAPL,166.1182861328125,0.007969145577824133,0.013353762973828783,0.009679252583289789,0.011085518981613848,0.010931386637576203
2023-10-30,AAPL,168.1624298095703,0.012305350147445493,0.015509360696625353,0.011230975968155149,0.010854569155934725,0.01110622410551986
2023-10-31,AAPL,168.636474609375,0.0028189697326657104,0.01553471041288338,0.011367899424223523,0.010790643055067904,0.01032935972826684
2023-11-01,AAPL,171.79649353027344,0.018738644342620514,0.016733865571675825,0.01324770842755007,0.01082176864103189,0.010034039277922924
2023-11-02,AAPL,175.35150146484375,0.020693134426191584,0.007421874508880028,0.014892354730925166,0.011341126687955977,0.009263411141397133
2023-11-03,AAPL,174.44296264648438,-0.0051812434496977255,0.010931386637576203,0.014035334433104426,0.01136273507075987,0.009823144664928497
2023-11-06,AAPL,176.9907684326172,0.014605380162546533,0.01110622410551986,0.01454434514193341,0.011589752502280243,0.012786068414067807
2023-11-07,AAPL,179.54843139648438,0.014450826935874517,0.01032935972826684,0.014927025767888935,0.01092177150263865,0.0127605468489183
2023-11-08,AAPL,180.60501098632812,0.005884649515598195,0.010034039277922924,0.013471014600518971,0.010749088216013222,0.012854334515643741
2023-11-09,AAPL,180.13101196289062,-0.0026245064898746673,0.009263411141397133,0.008748499632619998,0.010787508166953648,0.011954838252000862
2023-11-10,AAPL,184.31369018554688,0.02322020054779861,0.009823144664928497,0.009819222580807854,0.01144610756033078,0.00875043301510359
2023-11-13,AAPL,182.7315673828125,-0.008583859403724525,0.012786068414067807,0.011473072578760546,0.011405717287500035,0.005669128213161895
2023-11-14,AAPL,185.3420867919922,0.014286088860119062,0.0127605468489183,0.011425995240505247,0.011454051491847953,0.005853252211395712
2023-11-15,AAPL,185.90565490722656,0.0030406915395684297,0.012854334515643741,0.011096766794187805,0.011423864049869474,0.005849714741474241
2023-11-16,AAPL,187.5866546630859,0.009042219596268941,0.011954838252000862,0.010187978290543553,0.011453508968392851,0.006422443072114168
2023-11-17,AAPL,187.5668487548828,-0.00010558271449889745,0.00875043301510359,0.009635421841551335,0.011238979889792762,0.006446416088950319
2023-11-20,AAPL,189.30718994140625,0.009278511624395636,0.005669128213161895,0.009330420968440847,0.011255537160037288,0.004598613978262958
2023-11-21,AAPL,188.5062255859375,-0.004231029765518479,0.005853252211395712,0.00949470171839837,0.01127202383212639,0.0048244914366880306
2023-11-22,AAPL,189.1687164306641,0.0035144242195044306,0.005849714741474241,0.00949754965068622,0.011225455362888983,0.004714153394967949
2023-11-24,AAPL,187.84375,-0.007004151932012093,0.006422443072114168,0.009961643405139596,0.01133410407740508,0.004663350038689495
2023-11-27,AAPL,187.6657562255859,-0.0009475629315007783,0.006446416088950319,0.007465786861870475,0.011117398091216858,0.006782713671498386
2023-11-28,AAPL,188.2689208984375,0.0032140369398376833,0.004598613978262958,0.006508234133152933,0.011106309407493034,0.01190081293220302
2023-11-29,AAPL,187.2504425048828,-0.005409700064643808,0.0048244914366880306,0.005638302505300473,0.011007695727997183,0.011951533806718108
2023-11-30,AAPL,187.82394409179688,0.0030627515707959407,0.004714153394967949,0.005639176858931529,0.01085366214501119,0.012350502425301682
2023-12-01,AAPL,189.09950256347656,0.006791245268794155,0.004663350038689495,0.0053202310006807245,0.010839116661723809,0.01238154481497588
2023-12-04,AAPL,187.3097686767578,-0.009464508697572982,0.006782713671498386,0.006243483919929399,0.01058361140990624,0.013424390620020078
2023-12-05,AAPL,191.25506591796875,0.021062955066798228,0.01190081293220302,0.008802263668430652,0.011063109168431933,0.0101308432729784
2023-12-06,AAPL,190.16741943359375,-0.005686889804223605,0.011951533806718108,0.008910847472995554,0.011197324429979824,0.011127230894163793
2023-12-07,AAPL,192.0955810546875,0.010139284777785251,0.012350502425301682,0.009360635216024588,0.010780217761302934,0.01101295654867159
2023-12-08,AAPL,193.51950073242188,0.007412558216677523,0.01238154481497588,0.008995449463451934,0.009298593522048303,0.011153280449701432
2023-12-11,AAPL,191.0177764892578,-0.012927504637494813,0.013424390620020078,0.010287157906328448,0.009865648324974495,0.009768071866222605
2023-12-12,AAPL,192.5306701660156,0.007920172167027895,0.0101308432729784,0.010464171586210462,0.009781407843883878,0.009497786433432381
2023-12-13,AAPL,195.74432373046875,0.016691644825637786,0.011127230894163793,0.010978582293097434,0.010020906452680516,0.006590543550106299
2023-12-14,AAPL,195.89260864257812,0.0007575438678546487,0.01101295654867159,0.011036168351288846,0.009705433095393857,0.006395799222030662
2023-12-15,AAPL,195.35867309570312,-0.002725654380606124,0.011153280449701432,0.011203629430218612,0.009284957840418077,0.006438006085902893
2023-12-18,AAPL,193.6974639892578,-0.008503380372733793,0.009768071866222605,0.011085285626828726,0.00941283965549981,0.0059337472318441
2023-12-19,AAPL,194.73570251464844,0.005360103865108989,0.009497786433432381,0.00927121027896514,0.009186650364078572,0.004460327878024835
2023-12-20,AAPL,192.6493225097656,-0.01071390596557864,0.006590543550106299,0.009843528834505186,0.009275263173010593,0.0030180650626599474
2023-12-21,AAPL,192.5010223388672,-0.0007697933684188696,0.006395799222030662,0.00935237495549376,0.009268416750252563,0.0034996291247130695
2023-12-22,AAPL,191.43310546875,-0.005547590642076106,0.006438006085902893,0.009145248625013636,0.009335677432103236,0.01566953043802046
2023-12-26,AAPL,190.88926696777344,-0.0028408801061076128,0.0059337472318441,0.008196166416690168,0.008472603177118622,0.015403201697632382
2023-12-27,AAPL,190.98814392089844,0.0005179806842765533,0.004460327878024835,0.007717972459963955,0.00827058940581681,0.014423464573117498
2023-12-28,AAPL,191.4133148193359,0.002226163832523387,0.0030180650626599474,0.004933253856157183,0.007913419697001626,0.013113310139705046
2023-12-29,AAPL,190.37506103515625,-0.005424146095372784,0.0034996291247130695,0.004905367477929933,0.007992541499398903,0.02145960135427448
2024-01-02,AAPL,183.5621795654297,-0.03578662789486087,0.01566953043802046,0.011511291820690689,0.010269238609312345,0.014334894973555945
2024-01-03,AAPL,182.1877593994141,-0.007487490992259094,0.015403201697632382,0.011492665257723536,0.010343387575220048,0.013923699535760524
2024-01-04,AAPL,179.87393188476562,-0.012700235857096231,0.014423464573117498,0.010905003480504497,0.010374640131421723,0.011888991169972706
2024-01-05,AAPL,179.15211486816406,-0.0040129050887929285,0.013113310139705046,0.010915526442151595,0.010372845186180925,0.01116480760167884
2024-01-08,AAPL,183.4830780029297,0.02417478095613168,0.02145960135427448,0.01472818221866168,0.011365405940106276,0.006728720701897975
2024-01-09,AAPL,183.0677795410156,-0.0022634156045030496,0.014334894973555945,0.014743495442736643,0.011311213128749865,0.006873842107932137
2024-01-10,AAPL,184.1060333251953,0.005671417366741371,0.013923699535760524,0.015082757339611277,0.011372543026566833,0.0174332488468559
2024-01-11,AAPL,183.51275634765625,-0.003222474390565666,0.011888991169972706,0.015018050895161734,0.01135929443327514,0.017845943906834506
2024-01-12,AAPL,183.8390350341797,0.0017779618867765912,0.01116480760167884,0.014998450462921994,0.011334268346156673,0.017766322931252434
2024-01-16,AAPL,181.57469177246097,-0.012316988398561435,0.006728720701897975,0.01523146106363704,0.01151164015205364,0.01377099933295345
2024-01-17,AAPL,180.6353302001953,-0.005173416862757518,0.006873842107932137,0.01066145215086341,0.011437162710590091,0.013244202844192799
2024-01-18,AAPL,186.5187225341797,0.032570551549710114,0.0174332488468559,0.01487695969408652,0.012903775056477456,0.0083416853025703
2024-01-19,AAPL,189.41590881347656,0.015532951544668494,0.017845943906834506,0.014351957922973058,0.01262816913151688,0.00842888373243865
2024-01-22,AAPL,191.71986389160156,0.012163471867580933,0.017766322931252434,0.014098321169159697,0.012782509685484517,0.005670332810662898
2024-01-23,AAPL,192.99539184570312,0.006653081888388757,0.01377099933295345,0.012734500059430992,0.012706063889670412,0.007164775598066317
2024-01-24,AAPL,192.3230133056641,-0.003483909815715114,0.013244202844192799,0.012818901187293143,0.012649392431981111,0.008402856804880331
2024-01-25,AAPL,191.99673461914065,-0.0016965140100257958,0.0083416853025703,0.012987756267983035,0.012421709259701352,0.013513716731599668
2024-01-26,AAPL,190.2663116455078,-0.00901277293629732,0.00842888373243865,0.013479200895663216,0.012445613926245215,0.013513892145920619
2024-01-29,AAPL,189.58401489257812,-0.0035860092468754656,0.005670332810662898,0.013669632437725834,0.012033704886073339,0.015512541867232693
2024-01-30,AAPL,185.9353179931641,-0.01924580456575653,0.007164775598066317,0.014679848710523564,0.012479166175464126,0.013632811642011316
2024-01-31,AAPL,182.33604431152344,-0.01935766545317108,0.008402856804880331,0.016115723343158094,0.012890702934847332,0.007636177116431799
2024-02-01,AAPL,184.76852416992188,0.013340641821989463,0.013513716731599668,0.012728482406757615,0.013137908362542482,0.007444033629885349
2024-02-02,AAPL,183.76983642578125,-0.005405075072322352,0.013513892145920619,0.011381415924811707,0.013091335360136049,0.006347013675712391
2024-02-05,AAPL,185.5793304443359,0.009846523530456786,0.015512541867232693,0.011058261444708237,0.01314920481001225,0.007164889396111679
2024-02-06,AAPL,187.18125915527344,0.008632042733972556,0.013632811642011316,0.011269762503712324,0.013270355678363549,0.006464267506245951
2024-02-07,AAPL,187.2899932861328,0.0005809028710999087,0.007636177116431799,0.011323421033435158,0.01324266641549027,0.005875415813433401
2024-02-08,AAPL,186.21218872070312,-0.005754736526596305,0.007444033629885349,0.011360487423393418,0.013269990775321091,0.006096510873513313
2024-02-09,AAPL,186.97454833984375,0.004094037153948404,0.006347013675712391,0.011345284937348942,0.013297726111807675,0.003825986312425754
2024-02-12,AAPL,185.2914123535156,-0.009001952411559766,0.007164889396111679,0.011573074856055994,0.013372592981030901,0.003816862614991836
2024-02-13,AAPL,183.2023468017578,-0.011274486632829372,0.006464267506245951,0.010494916231836236,0.01348160125796753,0.0046813101911370985
2024-02-14,AAPL,182.32122802734375,-0.0048095386865733,0.005875415813433401,0.008564422658326888,0.011825065583451115,0.0076498720306672876
2024-02-15,AAPL,182.0340881347656,-0.0015749120148262907,0.006096510873513313,0.0071736024577429445,0.011747728575878595,0.008977923630653804
2024-02-16,AAPL,180.49949645996097,-0.008430243425992412,0.003825986312425754,0.00741777150167253,0.011613167061162086,0.008795896642381644
2024-02-20,AAPL,179.75692749023438,-0.0041139669876658624,0.003816862614991836,0.006202977433151736,0.011614440016794637,0.009469166887856916
2024-02-21,AAPL,180.50938415527344,0.00418596754820455,0.0046813101911370985,0.005366351665110577,0.010729956729309209,0.009847088973571434
2024-02-22,AAPL,182.53904724121097,0.011244086258649144,0.0076498720306672876,0.007078034501486665,0.010934390669607755,0.007107234016410469
2024-02-23,AAPL,180.7073974609375,-0.01003429024066882,0.008977923630653804,0.007415111850244028,0.011027151525173333,0.006443162388161437
2024-02-26,AAPL,179.3609161376953,-0.007451168807481978,0.008795896642381644,0.007084181922727343,0.011089179221917218,0.01202038874756755
2024-02-27,AAPL,180.8163299560547,0.008114442375183106,0.009469166887856916,0.00780618595393866,0.011197883844370466,0.011855408415407696
2024-02-28,AAPL,179.6183319091797,-0.006625496973454603,0.009847088973571434,0.007344687023580696,0.01103770488258734,0.011976271508352714
2024-02-29,AAPL,178.95498657226562,-0.0036930826038930054,0.007107234016410469,0.0073047586154258584,0.011018470299369988,0.012665485753329509
2024-03-01,AAPL,177.87582397460938,-0.00603035779179284,0.006443162388161437,0.007421876256073355,0.009148414352633145,0.016503591293117716
2024-03-04,AAPL,173.36106872558594,-0.025381500128246137,0.01202038874756755,0.010342801492228583,0.009556113038062022,0.016241322712500835
2024-03-05,AAPL,168.43052673339844,-0.028440883691090324,0.011855408415407696,0.012918419554094096,0.010202159847698504,0.007430910152648605
2024-03-06,AAPL,167.4404754638672,-0.005878098755211725,0.011976271508352714,0.012381999461889462,0.009994480233346849,0.009631796659862248
2024-03-07,AAPL,167.3216552734375,-0.0007096264514330208,0.012665485753329509,0.010864179719553344,0.010018684635557471,0.010086871427173147
2024-03-08,AAPL,169.0344696044922,0.010236656625561169,0.016503591293117716,0.01235795841088628,0.01036801226448679,0.00992123382351616
2024-03-11,AAPL,171.034423828125,0.011831635454663925,0.016241322712500835,0.013645296059650718,0.010725570428544837,0.008844216620115919
2024-03-12,AAPL,171.5096435546875,0.002778503390873155,0.007430910152648605,0.01318698832950822,0.01078637269431982,0.010505512877653268
2024-03-13,AAPL,169.43051147460938,-0.01212253746778491,0.009631796659862248,0.013366767085325196,0.010497268899347824,0.006875345202952737
2024-03-14,AAPL,171.2819366455078,0.01092734215806157,0.010086871427173147,0.014377049888555045,0.010328806611320717,0.022921643928374175
2024-03-15,AAPL,170.90573120117188,-0.0021964105013276836,0.00992123382351616,0.014376273710405937,0.009912631563936786,0.023124095936637508
2024-03-18,AAPL,171.99481201171875,0.006372406606218073,0.008844216620115919,0.012485748966776199,0.010028145822944812,0.023016063790295232
2024-03-19,AAPL,174.3313751220703,0.013585079009199141,0.010505512877653268,0.008580492057054072,0.010204127531318321,0.02104055906789169
2024-03-20,AAPL,176.8956298828125,0.014709083542458368,0.006875345202952737,0.0085547645109673,0.010479710070307336,0.022853486473558705
2024-03-21,AAPL,169.66812133789062,-0.040857473696268576,0.022921643928374175,0.01703341862664972,0.01265606091942863,0.01325593962864007
2024-03-22,AAPL,170.569091796875,0.0053101929335923614,0.023124095936637508,0.016823455669441323,0.012740295158011417,0.013357935526064449
2024-03-25,AAPL,169.15330505371094,-0.008300371000685591,0.023016063790295232,0.01659069671141494,0.012708566662092576,0.013230038525622457
2024-03-26,AAPL,168.024658203125,-0.006672331056301606,0.02104055906789169,0.016621994817924177,0.012679319526585209,0.013275528413916599
2024-03-27,AAPL,171.5888671875,0.021212416216114027,0.022853486473558705,0.017659783393208818,0.013334250519792094,0.0059706612175216495
2024-03-28,AAPL,169.77703857421875,-0.01055912684184468,0.01325593962864007,0.017680125849216622,0.013415700123094006,0.006389200886910649
2024-04-01,AAPL,168.3414306640625,-0.008455842569834116,0.013357935526064449,0.017847443123689754,0.013461874215296566,0.005988875950148096
2024-04-02,AAPL,167.16326904296875,-0.006998643271868499,0.013230038525622457,0.01770359993488802,0.013442705781358458,0.006306772897888709
2024-04-03,AAPL,167.9652099609375,0.004797351251623505,0.013275528413916599,0.017009780305224903,0.013503380275025347,0.0077646360214597655
2024-04-04,AAPL,167.14346313476562,-0.0048923632838192566,0.0059706612175216495,0.015750646831184593,0.01345767511319538,0.02142796968966744
2024-04-05,AAPL,167.89590454101562,0.00450176986965567,0.006389200886910649,0.009891971277234285,0.013275774592608956,0.02136575885402574
2024-04-08,AAPL,166.77713012695312,-0.0066635003225418155,0.005988875950148096,0.009766400763079022,0.01322570766713683,0.024822956786463464
2024-04-09,AAPL,167.9850311279297,0.007242605746106134,0.006306772897888709,0.009923755839177767,0.0133110897340714,0.027001236013097073
2024-04-10,AAPL,166.11380004882812,-0.011139272746727769,0.0077646360214597655,0.010317732334843918,0.013265936435902787,0.026725908527871947
2024-04-11,AAPL,173.3017120361328,0.04327101050720561,0.02142796968966744,0.016262378659034207,0.015671411665944372,0.01215256941289531
2024-04-12,AAPL,174.79669189453125,0.008626457527936893,0.02136575885402574,0.015859414592273836,0.015761561282580182,0.006945535164678265
2024-04-15,AAPL,170.9750213623047,-0.021863517500276708,0.024822956786463464,0.017427460384344798,0.0162062871684324,0.008931205123906076
2024-04-16,AAPL,167.6978759765625,-0.019167392754978807,0.027001236013097073,0.018493643914058427,0.01592368803639944,0.00825178277035922
2024-04-17,AAPL,166.33160400390625,-0.008147222883414407,0.026725908527871947,0.01860986055296564,0.015128242597646122,0.010026069689323397
2024-04-18,AAPL,165.38111877441406,-0.005714399468364828,0.01215256941289531,0.018631635136280793,0.015126193376204172,0.009289035760048124
2024-04-19,AAPL,163.36138916015625,-0.01221257679973009,0.006945535164678265,0.018841208004928486,0.015281876849739506,0.005764859662423827
2024-04-22,AAPL,164.19302368164062,0.005090765484793147,0.008931205123906076,0.018924392802543797,0.015183620552607462,0.010497070512752846
2024-04-23,AAPL,165.24252319335938,0.006391864210708809,0.00825178277035922,0.018883083610837337,0.015058835384410914,0.016291831822251798
2024-04-24,AAPL,167.3414764404297,0.012702258513773712,0.010026069689323397,0.019033412705530724,0.015253306637073909,0.01599573516166496
2024-04-25,AAPL,168.2028350830078,0.005147311120353049,0.009289035760048124,0.01219134110244134,0.015133052046860648,0.018779834084588092
2024-04-26,AAPL,167.61868286132812,-0.0034729035416758425,0.005764859662423827,0.011499441174469018,0.014997949499263086,0.030386333260887122
2024-04-29,AAPL,171.7769775390625,0.024808062005680753,0.010497070512752846,0.012887283523260103,0.01569379882469867,0.03181102808331391
2024-04-30,AAPL,168.63844299316406,-0.01827098480170153,0.016291831822251798,0.012737196339940639,0.016006201632172947,0.028299770601768203
2024-05-01,AAPL,167.61868286132812,-0.0060470205591098836,0.01599573516166496,0.012592846728426936,0.015809197419921633,0.02708704296795105
2024-05-02,AAPL,171.3116455078125,0.022031927368977078,0.018779834084588092,0.013969195058252433,0.016116647370075517,0.026915205807203087
2024-05-03,AAPL,181.5588836669922,0.05981635474228386,0.030386333260887122,0.021461178525516118,0.017901464172233678,0.007883052714815353
2024-05-06,AAPL,179.90545654296875,-0.009106836804835594,0.03181102808331391,0.02233415531426416,0.018014149863865316,0.009182863289134187
2024-05-07,AAPL,180.58859252929688,0.003797194367837209,0.028299770601768203,0.022387992262764996,0.017912315910138303,0.009147961129986403
2024-05-08,AAPL,180.92523193359375,0.0018641233069152108,0.02708704296795105,0.02245863748757502,0.01783191589579958,0.009216827238616951
2024-05-09,AAPL,182.7370758056641,0.010014323887866272,0.026915205807203087,0.022441311917801524,0.017544180804575538,0.009608173684779859
2024-05-10,AAPL,181.47796630859375,-0.0068902793344979285,0.007883052714815353,0.022669488918924313,0.0174644455453765,0.007548606286700997
2024-05-13,AAPL,184.6802215576172,0.01764542172341832,0.009182863289134187,0.022194678129338997,0.017556507633633513,0.004932626856928185
2024-05-14,AAPL,185.8203125,0.006173324532357194,0.009147961129986403,0.020308756455392256,0.01745607545164114,0.004980163418682501
2024-05-15,AAPL,188.09066772460935,0.012218014242169284,0.009216827238616951,0.019518152037394085,0.01752492700518046,0.005796164346313882
2024-05-16,AAPL,188.20965576171875,0.0006326099989373279,0.009608173684779859,0.019439311958326697,0.01745797287573269,0.011594575345501066
2024-05-17,AAPL,188.2393798828125,0.00015793090409443877,0.007548606286700997,0.008263030541506266,0.017472613204774695,0.014664752422464438
2024-05-20,AAPL,189.39935302734375,0.006162223575393089,0.004932626856928185,0.006950149727248396,0.017360146479048558,0.014293837492679333
2024-05-21,AAPL,190.69810485839844,0.006857213661480621,0.004980163418682501,0.0069499889900029735,0.017358106818339533,0.013751271152414658
2024-05-22,AAPL,189.26052856445312,-0.007538492818335962,0.005796164346313882,0.008043993184237241,0.017259268893525838,0.013670639717130235
2024-05-23,AAPL,185.27508544921875,-0.021057973077979186,0.011594575345501066,0.011112017239316888,0.016242310646654087,0.006482412755527546
2024-05-24,AAPL,188.3484344482422,0.01658803174518475,0.014664752422464438,0.011625768335114563,0.01641246719285167,0.0035860838972792807
2024-05-28,AAPL,188.35836791992188,5.2739868578122184e-05,0.014293837492679333,0.01057908567357706,0.01575986509181674,0.003167482300570896
2024-05-29,AAPL,188.65576171875,0.0015788722429075364,0.013751271152414658,0.010478173055579465,0.01518228170976883,0.0029233408657266357
2024-05-30,AAPL,189.64718627929688,0.005255204248810097,0.013670639717130235,0.009907423971010321,0.015007406510989767,0.0065135848895198955
2024-05-31,AAPL,190.59893798828125,0.005018538517005622,0.006482412755527546,0.009992519639574026,0.014883192742889918,0.007715187918003509
2024-06-03,AAPL,192.36366271972656,0.009258838218467957,0.0035860838972792807,0.010286317514489444,0.014547004757079192,0.012555823712156555
2024-06-04,AAPL,192.6809234619141,0.0016492758440027622,0.003167482300570896,0.0101925925937199,0.014564413300261321,0.035433101674433636
2024-06-05,AAPL,194.1878662109375,0.007820923431069549,0.0029233408657266357,0.01025046789295538,0.01456994306990199,0.03584087697677444
2024-06-06,AAPL,192.809814453125,-0.007096487461866308,0.0065135848895198955,0.010206283451389103,0.014680235417727712,0.03408239771384995
2024-06-07,AAPL,195.19908142089844,0.012391832721535545,0.007715187918003509,0.0067344916374247514,0.014744982020711353,0.03639081763603113
2024-06-10,AAPL,191.46148681640625,-0.01914760344815858,0.012555823712156555,0.009112237963969115,0.015324718740203636,0.030753802577685938
2024-06-11,AAPL,205.37098693847656,0.07264907607976645,0.035433101674433636,0.02416263025127968,0.01944127161194597,0.017189842468418887
2024-06-12,AAPL,211.2401428222656,0.02857831075013184,0.03584087697677444,0.02475028763624017,0.019293092098174383,0.015962830588098307
2024-06-13,AAPL,212.40008544921875,0.005491108893677987,0.03408239771384995,0.02474363973253427,0.01912363376909461,0.015399448464445688
2024-06-14,AAPL,210.66510009765625,-0.008168477653354378,0.03639081763603113,0.02547751857069877,0.019159565895467676,0.0158763571197754
2024-06-17,AAPL,214.80923461914065,0.01967167091066968,0.030753802577685938,0.025640567310601246,0.01657792188667943,0.010868906686125343
2024-06-18,AAPL,212.4496612548828,-0.010984506175637176,0.017189842468418887,0.026471307869045405,0.01663938046896899,0.015792311083731088
2024-06-20,AAPL,207.87924194335935,-0.02151295174832113,0.015962830588098307,0.028315515636403915,0.01736441933267359,0.01078347685027744
2024-06-21,AAPL,205.7080841064453,-0.01044432246633653,0.015399448464445688,0.028522197731052787,0.0175813208567118,0.012870686410961387
2024-06-24,AAPL,206.3524932861328,0.0031326390622259392,0.0158763571197754,0.028472638260893,0.01755087128518021,0.017362003103347706
2024-06-25,AAPL,207.27452087402344,0.004468216367088607,0.010868906686125343,0.027108558841611403,0.01742533675616018,0.017516807725239315
2024-06-26,AAPL,211.41859436035156,0.019993163987805262,0.015792311083731088,0.016094415699128964,0.01749116947703804,0.01674981293144646
2024-06-27,AAPL,212.2613220214844,0.0039860621705603005,0.01078347685027744,0.01341070195330093,0.01748920946942064,0.017587536373396384
2024-06-28,AAPL,208.81117248535156,-0.016254254441059324,0.012870686410961387,0.014259037567198908,0.017830139401904355,0.009957565176413974
2024-07-01,AAPL,214.88853454589844,0.029104582806617874,0.017362003103347706,0.016968665095415905,0.01841279649087883,0.007731062823558726
2024-07-02,AAPL,218.37831115722656,0.01623993862074924,0.017516807725239315,0.0166049756421932,0.018513182035604567,0.00824987402168406
2024-07-03,AAPL,219.6472930908203,0.0058109339103740165,0.01674981293144646,0.016009976125918462,0.01851261430878097,0.01778898609983446
2024-07-05,AAPL,224.39617919921875,0.02162050823196293,0.017587536373396384,0.014250285690921596,0.018755209005889516,0.016188784281125464
2024-07-08,AAPL,225.86349487304688,0.006538951238227009,0.009957565176413974,0.012774501624112337,0.01859040173241262,0.01723167596464519
2024-07-09,AAPL,226.7160797119141,0.0037747792725266738,0.007731062823558726,0.012740708148681185,0.017879919126709293,0.017313430310108603
2024-07-10,AAPL,230.97914123535156,0.018803525223506368,0.00824987402168406,0.012913414143540426,0.017925820697634428,0.019847126064282593
2024-07-11,AAPL,225.6156311035156,-0.023220755359770417,0.01778898609983446,0.016333147303173687,0.01872171465607075,0.019201965027446245
2024-07-12,AAPL,228.5601043701172,0.013050838952069821,0.016188784281125464,0.016420772804076243,0.018741215770030774,0.017340056200073502
2024-07-15,AAPL,232.3869476318359,0.016743268788159682,0.01723167596464519,0.014282741286064484,0.018830311876396947,0.012866687813048672
2024-07-16,AAPL,232.80337524414065,0.001791957838202185,0.017313430310108603,0.012952940768143174,0.01885101948424609,0.013522719116940484
2024-07-17,AAPL,226.9143829345703,-0.025295991964869757,0.019847126064282593,0.016288364151258297,0.019734254748670407,0.014643428487763531
2024-07-18,AAPL,222.25469970703125,-0.02053498402030629,0.019201965027446245,0.01799709772116966,0.020299074391552274,0.013195021921669306
2024-07-19,AAPL,222.3835906982422,0.0005799247052180601,0.017340056200073502,0.016531214906479692,0.020307014369008846,0.01340846409427359
2024-07-22,AAPL,222.03662109375,-0.0015602302463179063,0.012866687813048672,0.01633014486942226,0.020220850440247174,0.013683146857075744
2024-07-23,AAPL,223.07760620117188,0.004688348716054058,0.013522719116940484,0.016365988174764912,0.020171414340338905,0.013332606291072094
2024-07-24,AAPL,216.66314697265625,-0.028754384349682582,0.014643428487763531,0.016718052719388424,0.0206332535333113,0.007215222466201059
2024-07-25,AAPL,215.62217712402344,-0.0048045542732017,0.013195021921669306,0.015619257823543701,0.016148692110674403,0.011342364350860334
2024-07-26,AAPL,216.0881500244141,0.002161062032699057,0.01340846409427359,0.014613917660452872,0.01533514610282169,0.011669118912384526
2024-07-29,AAPL,216.36573791503903,0.0012846048734906912,0.013683146857075744,0.012690830927147522,0.015310652599219614,0.025254850746866158
2024-07-30,AAPL,216.9209442138672,0.0025660546081753832,0.013332606291072094,0.012752927507636553,0.015220683237447543,0.02454534281682224
2024-07-31,AAPL,220.1727600097656,0.014990787577857656,0.007215222466201059,0.012682558786501418,0.015046608449460258,0.023913890556034385
2024-08-01,AAPL,216.48472595214844,-0.0167506373515669,0.011342364350860334,0.012144185638109992,0.015239669031187614,0.026453304327223835
2024-08-02,AAPL,217.97183227539065,0.006869336008356264,0.011669118912384526,0.012482999800638347,0.014681335162977982,0.027346629378416285
2024-08-05,AAPL,207.4727783203125,-0.04816702160769748,0.025254850746866158,0.01921470528562681,0.017161957246186185,0.010528714962246912
2024-08-06,AAPL,205.4502716064453,-0.009748299175637798,0.02454534281682224,0.018811133681741456,0.017252862040168526,0.004033418420313161
2024-08-07,AAPL,208.01808166503903,0.01249845054238996,0.023913890556034385,0.018278414701855178,0.01738636606132569,0.006564080693966148
2024-08-08,AAPL,211.4781036376953,0.016633275073787868,0.026453304327223835,0.019385483676109292,0.01726531527563229,0.0060670242217212905
2024-08-09,AAPL,214.38291931152344,0.01373577511743096,0.027346629378416285,0.01998239263904783,0.017430884833639176,0.006104195058920777
2024-08-12,AAPL,215.9114532470703,0.00712992406510593,0.010528714962246912,0.020128889829740104,0.01717777442234336,0.007583404632172402
2024-08-13,AAPL,219.62364196777344,0.017193107011582276,0.004033418420313161,0.02085633947463397,0.016641244823143168,0.005469041198838767
2024-08-14,AAPL,220.07029724121097,0.0020337303827384634,0.006564080693966148,0.02031633866158704,0.016388781526023428,0.005877348718371001
2024-08-15,AAPL,223.0479736328125,0.013530569226876787,0.0060670242217212905,0.019767913736633974,0.01653678622004475,0.005277269803363713
2024-08-16,AAPL,224.3680877685547,0.005918521088720485,0.006104195058920777,0.019750426943814816,0.01609256278951298,0.0067040398947101325
2024-08-19,AAPL,224.2092437744141,-0.0007079616166468794,0.007583404632172402,0.008653630112823081,0.016047254947465568,0.0066593563195407515
2024-08-20,AAPL,224.82464599609375,0.0027447673937066597,0.005469041198838767,0.006458674618325873,0.01603973711957471,0.006733273674090529
2024-08-21,AAPL,224.71548461914065,-0.000485540081557545,0.005877348718371001,0.006977363011293197,0.01563514091968774,0.007679056802922274
2024-08-22,AAPL,222.85939025878903,-0.008259752831441203,0.005277269803363713,0.007850772621309217,0.015125514247442278,0.008230925015493452
2024-08-23,AAPL,225.15219116210935,0.010288105431222272,0.0067040398947101325,0.007506492540146152,0.015049661140337232,0.008177109047133419
2024-08-26,AAPL,225.4896545410156,0.0014988234276755996,0.0066593563195407515,0.007534996186316626,0.014704633848750355,0.015419093453177636
2024-08-27,AAPL,226.33334350585935,0.0037415861342333656,0.006733273674090529,0.006046121504525427,0.014721229822589407,0.014885937042618931
2024-08-28,AAPL,224.80479431152344,-0.006753530746548386,0.007679056802922274,0.006798762945733977,0.014031821496563481,0.015995294638892956
2024-08-29,AAPL,228.0802459716797,0.014570203763614176,0.008230925015493452,0.006997153221848308,0.01373953107567483,0.012387064198955806
2024-08-30,AAPL,227.2961273193359,-0.0034379069042267396,0.008177109047133419,0.007078015089371138,0.013762880602180573,0.012842060068150356
2024-09-03,AAPL,221.1125030517578,-0.027205145729960134,0.015419093453177636,0.011499949377531345,0.014681669959477704,0.006252069971066262
2024-09-04,AAPL,219.20675659179688,-0.00861889958124551,0.014885937042618931,0.011613470220337917,0.01473502570605525,0.007598913715306375
2024-09-05,AAPL,220.72537231445312,0.006927777894566445,0.015995294638892956,0.01198463079830336,0.013783143372545558,0.007004720390611348
2024-09-06,AAPL,219.1769866943359,-0.007014987012509466,0.012387064198955806,0.011915480539012658,0.013819513717333842,0.005862882152812838
2024-09-09,AAPL,219.26632690429688,0.0004076167452997659,0.012842060068150356,0.011208832356624692,0.013816561558010318,0.014458700823291044
2024-09-10,AAPL,218.47227478027344,-0.0036214047785367853,0.006252069971066262,0.011117957755652259,0.01383695853405806,0.01473673994842508
2024-09-11,AAPL,221.0032958984375,0.011585090697250333,0.007598913715306375,0.011903224357872224,0.013982475746515661,0.016489797326742484
2024-09-12,AAPL,221.1125030517578,0.0004941426455942199,0.007004720390611348,0.011823398718317519,0.013720232463004987,0.02406057949370041
2024-09-13,AAPL,220.8444976806641,-0.0012120769626083883,0.005862882152812838,0.010393239074100821,0.013345092764971239,0.02419470933043861
2024-09-16,AAPL,214.71047973632812,-0.0277752808367705,0.014458700823291044,0.01298851004007111,0.014264796644795154,0.0182463459522991
2024-09-17,AAPL,215.17694091796875,0.002172512409331251,0.01473673994842508,0.010676205933423747,0.011051236450772725,0.018086420989027213
2024-09-18,AAPL,219.0479431152344,0.01798985607264192,0.016489797326742484,0.01223035043544105,0.011255599428442611,0.018292438431908125
2024-09-19,AAPL,227.16709899902344,0.037065656807002245,0.02406057949370041,0.016936334010430147,0.012816210795330345,0.005480333869812622
2024-09-20,AAPL,226.5020751953125,-0.0029274653180026977,0.02419470933043861,0.016715409685426175,0.012595372040895095,0.005459396383174597
2024-09-23,AAPL,224.7849578857422,-0.0075810224170778095,0.0182463459522991,0.017062552820699215,0.012533022095241595,0.010253947481259037
2024-09-24,AAPL,225.67825317382812,0.0039739994014189595,0.018086420989027213,0.016922374148208384,0.01249869267832694,0.018808584757670017
2024-09-25,AAPL,224.68569946289065,-0.004398091960473249,0.018292438431908125,0.016815611393307898,0.012184623470935033,0.018739425161246975
2024-09-26,AAPL,225.8271484375,0.005080203045133569,0.005480333869812622,0.016839159881208023,0.012207662097558426,0.01866116837690357
2024-09-27,AAPL,226.0951232910156,0.0011866370158313266,0.005459396383174597,0.01680158300267598,0.011974211076197522,0.018875245332860013
2024-09-30,AAPL,231.2663726806641,0.022872007650480697,0.010253947481259037,0.014081933015866467,0.012620324660505756,0.015258336417759802
2024-10-01,AAPL,224.52688598632812,-0.029141662993270256,0.018808584757670017,0.01826836678686675,0.013774648294748226,0.0150106972935203
2024-10-02,AAPL,225.0926513671875,0.0025198112839539544,0.018739425161246975,0.017634843547507082,0.013773241960261157,0.016897002285951465
2024-10-03,AAPL,223.9908905029297,-0.004894699394075497,0.01866116837690357,0.012967270039348307,0.013803543334610391,0.016640036623214487
2024-10-04,AAPL,225.1124725341797,0.005007266271997546,0.018875245332860013,0.013100806599161177,0.013742700082549854,0.017096942185838633
2024-10-07,AAPL,220.04051208496097,-0.022530783799412202,0.015258336417759802,0.014743821074528617,0.014228291811184925,0.011917792778343156
2024-10-08,AAPL,224.09017944335935,0.01840418984679859,0.0150106972935203,0.016045700222995275,0.014645687215595157,0.010801631978852925
2024-10-09,AAPL,227.83209228515625,0.016698245550482493,0.016897002285951465,0.016855715179080605,0.014950855953704554,0.011165494837354724
2024-10-10,AAPL,227.3358154296875,-0.00217825702468466,0.016640036623214487,0.016841653078906043,0.014899374559126828,0.010938178749857105
2024-10-11,AAPL,225.85693359375,-0.006505274292756158,0.017096942185838633,0.016996680834868143,0.01470776067084435,0.010163205018034874
2024-10-14,AAPL,229.57904052734375,0.016479932116180818,0.011917792778343156,0.01614062742087631,0.015004153718610573,0.008558231884447846
2024-10-15,AAPL,232.11004638671875,0.011024551080801137,0.010801631978852925,0.012931376236813336,0.014175650854244395,0.008108985905641488
2024-10-16,AAPL,230.055419921875,-0.008851949740342313,0.011165494837354724,0.01350491714908654,0.01418157253579015,0.012884379363748116
2024-10-17,AAPL,230.42271423339844,0.0015965470913408275,0.010938178749857105,0.0132765993364106,0.014147276826268889,0.012816427761013556
2024-10-18,AAPL,233.25146484375,0.012276353135421747,0.010163205018034874,0.013598996062912913,0.014183826833522054,0.010980398883837054
2024-10-21,AAPL,234.7204437255859,0.0062978334683554404,0.008558231884447846,0.010018656671861609,0.014199293432678239,0.01150463830123068
2024-10-22,AAPL,234.10508728027344,-0.0026216567911395705,0.008108985905641488,0.009437902124680184,0.014185913384197368,0.011623481844653397
2024-10-23,AAPL,229.04302978515625,-0.02162301363855812,0.012884379363748116,0.01146212332195412,0.014729960165536897,0.008960871014529678
2024-10-24,AAPL,228.8544464111328,-0.0008233534729275016,0.012816427761013556,0.011433744022413006,0.0147343985493198,0.01196715377364433
2024-10-25,AAPL,229.6882171630859,0.0036432359739047016,0.010980398883837054,0.011167982972803907,0.01473305718670555,0.011647650873626727
2024-10-28,AAPL,231.66336059570312,0.0085992370745549,0.01150463830123068,0.010252832644868155,0.013709167149687066,0.00815489529360192
2024-10-29,AAPL,231.93136596679688,0.001156874226483584,0.011623481844653397,0.00963171500662676,0.013711582114214072,0.0100858202919594
2024-10-30,AAPL,228.3879547119141,-0.015277844116134198,0.008960871014529678,0.010463725838590017,0.013768581361057203,0.009594582546739523
2024-10-31,AAPL,224.2291259765625,-0.01820949244279313,0.01196715377364433,0.011777447642756391,0.01248116292955185,0.013148958827921914
2024-11-01,AAPL,221.25144958496097,-0.013279614673754603,0.011647650873626727,0.010918069459083125,0.012695901972293111,0.01063275124600793
2024-11-04,AAPL,220.3581390380859,-0.004037535340675968,0.00815489529360192,0.010170887102271098,0.012646094644998397,0.012547271163245634
2024-11-05,AAPL,221.78741455078125,0.006486148044880347,0.0100858202919594,0.010912393549668161,0.012685580920540505,0.01233655848978239
2024-11-06,AAPL,221.06283569335935,-0.0032669971778583884,0.009594582546739523,0.009291945699115262,0.012675277010862646,0.01213694750663037
2024-11-07,AAPL,225.7874298095703,0.02137217728792984,0.013148958827921914,0.012198817663192736,0.013256673105803826,0.009319206609686997
2024-11-08,AAPL,225.51914978027344,-0.0011881973656511224,0.01063275124600793,0.012077172803599717,0.013256923264763165,0.0115654501025565
2024-11-11,AAPL,222.8064727783203,-0.012028588279958119,0.012547271163245634,0.01187020388247685,0.012700258467490021,0.011472336505507344
2024-11-12,AAPL,222.8064727783203,0.0,0.01233655848978239,0.011821769196970358,0.011548775355784632,0.011398693048643342
2024-11-13,AAPL,223.6908264160156,0.003969155952552539,0.01213694750663037,0.011327776317598957,0.011563532057410314,0.011398611806711345
2024-11-14,AAPL,226.77117919921875,0.013770581621771028,0.009319206609686997,0.010748270377323926,0.011798828480674716,0.00992998706317471
2024-11-15,AAPL,223.5715789794922,-0.01410937770410281,0.0115654501025565,0.010874757376913671,0.012059163417947587,0.005873835827743116
2024-11-18,AAPL,226.5724334716797,0.013422343331317421,0.011472336505507344,0.011350076970091863,0.011534231485693724,0.005730289417945055
2024-11-19,AAPL,226.8307647705078,0.0011401709151894757,0.011398693048643342,0.011285115232207436,0.01105888960279455,0.00580713487122202
2024-11-20,AAPL,227.54620361328125,0.003154064412282276,0.011398611806711345,0.011114030328934963,0.010641904929587874,0.006444517411194737
2024-11-21,AAPL,227.0692596435547,-0.0020960313209054116,0.00992998706317471,0.00908427275200027,0.010641331694025504,0.005223694770031344
2024-11-22,AAPL,228.41065979003903,0.005907449333256487,0.005873835827743116,0.009205096585787838,0.010620336072228766,0.005179981366444556
2024-11-25,AAPL,231.39161682128903,0.013050866513805381,0.005730289417945055,0.008560159772311076,0.010458859840388164,0.005117503407024557
2024-11-26,AAPL,233.56771850585935,0.009404410213577297,0.00580713487122202,0.00861019173070545,0.010405702265329452,0.005852619970933936
2024-11-27,AAPL,233.43853759765625,-0.0005530768936283792,0.006444517411194737,0.008773629922148885,0.010264434088366196,0.0056475987292638925
2024-11-29,AAPL,235.8233184814453,0.010215883411244464,0.005223694770031344,0.008412268756109597,0.010414625480778145,0.006127173681135175
2024-12-02,AAPL,238.0689697265625,0.00952260047724618,0.005179981366444556,0.005635094746255956,0.01032193956495358,0.007895428106451422
2024-12-03,AAPL,241.1095428466797,0.012771816182552076,0.005117503407024557,0.0055470201514272385,0.010508282012706722,0.006907756178924784
2024-12-04,AAPL,241.46725463867188,0.0014836069438348698,0.005852619970933936,0.005512813365310526,0.010486887649561228,0.00809966552804091
2024-12-05,AAPL,241.49705505371097,0.0001234138976056176,0.0056475987292638925,0.005780916178856522,0.00957499777801597,0.008024623504102529
2024-12-06,AAPL,241.29832458496097,-0.0008229105266140957,0.006127173681135175,0.0055942259431636795,0.00957499357636588,0.00782177767770152
2024-12-09,AAPL,245.1835021972656,0.016101137954385836,0.007895428106451422,0.00642080542581352,0.009921097125251138,0.0062685589114568506
2024-12-10,AAPL,246.197021484375,0.004133717309796614,0.006907756178924784,0.006119242505448547,0.009855462501124705,0.006884167370616437
2024-12-11,AAPL,244.9251708984375,-0.005165986892405217,0.00809966552804091,0.00695863189961813,0.009943042181768376,0.013397932758231248
2024-12-12,AAPL,246.3858184814453,0.00596364831613605,0.008024623504102529,0.006704080582563476,0.009422786346048333,0.013496584425874323
2024-12-13,AAPL,246.5547637939453,0.0006856941423871721,0.00782177767770152,0.006625497041597813,0.008579385879321631,0.015495402205735361
2024-12-16,AAPL,249.44625854492188,0.011727596362295811,0.0062685589114568506,0.006845030401942607,0.008125415993182103,0.015057153248911711
2024-12-17,AAPL,251.87075805664065,0.009719526465786554,0.006884167370616437,0.006504706085945249,0.008041719055041086,0.015259732700042723
2024-12-18,AAPL,246.4752655029297,-0.021421671159212674,0.013397932758231248,0.010468775731822625,0.009316724254782223,0.006617457308578466
2024-12-19,AAPL,248.2041931152344,0.007014608986329218,0.013496584425874323,0.010550377290128433,0.009245527715372433,0.011959423303487976
2024-12-20,AAPL,252.87437438964844,0.018815883872863592,0.015495402205735361,0.011579977289571627,0.009089494258626846,0.01103470113459363
2024-12-23,AAPL,253.6494140625,0.0030649197836760678,0.015057153248911711,0.01087327545143747,0.00904166897331793,0.010855930297477853
2024-12-24,AAPL,256.56085205078125,0.01147819717637466,0.015259732700042723,0.01116834657858882,0.008616367022903288,0.010703271383854896
2024-12-26,AAPL,257.3755798339844,0.0031755732672802406,0.006617457308578466,0.010693473761602372,0.00857542136091768,0.009074380728140253
2024-12-27,AAPL,253.9673767089844,-0.01324213869551405,0.011959423303487976,0.012133399918221087,0.009190404674499879,0.012385377333175658
2024-12-30,AAPL,250.5988922119141,-0.013263453521946578,0.01103470113459363,0.013197226796555668,0.009546345643397094,0.012227336210708265
2024-12-31,AAPL,248.8302001953125,-0.007057860475719657,0.010855930297477853,0.01294698011827279,0.009180678188007297,0.013047404537344931
2025-01-02,AAPL,242.30194091796875,-0.026235799642565727,0.010703271383854896,0.014760477412774314,0.010482714719195346,0.0122375687102428
2025-01-03,AAPL,241.8150329589844,-0.00200950911552622,0.009074380728140253,0.013393904729155876,0.010510397225707416,0.012168516492010792
2025-01-06,AAPL,243.44461059570312,0.006738942640489798,0.012385377333175658,0.013373956674911794,0.010542088043669559,0.009648686413338334
2025-01-07,AAPL,240.6723175048828,-0.011387777630552542,0.012227336210708265,0.011461122106602021,0.010809045376151597,0.016129293115201955
2025-01-08,AAPL,241.1592254638672,0.002023115761847105,0.013047404537344931,0.01138542601712475,0.01078383547523811,0.022423934617247336
2025-01-10,AAPL,235.34637451171875,-0.02410378844503036,0.0122375687102428,0.011230058197448385,0.011560844872666834,0.022614290272825206
2025-01-13,AAPL,232.91189575195312,-0.010344237360004005,0.012168516492010792,0.010450150560224853,0.01160615862196557,0.025592419179949973
2025-01-14,AAPL,231.79904174804688,-0.004778004147505732,0.009648686413338334,0.010491015825647324,0.0116383345600083,0.02649111989681196
2025-01-15,AAPL,236.35987854003903,0.019675822460687886,0.016129293115201955,0.013698885027049806,0.012050274458627953,0.022427838360321185
2025-01-16,AAPL,226.81088256835935,-0.04040024064431946,0.022423934617247336,0.017565217217697538,0.014000107421493923,0.015869860696567553
2025-01-17,AAPL,228.5199737548828,0.007535313857827575,0.022614290272825206,0.01714213502899493,0.013847616727180267,0.022766077569567833
2025-01-21,AAPL,221.2265625,-0.03191585897303639,0.025592419179949973,0.01894021726461463,0.014887072640446398,0.018964190111693254
2025-01-22,AAPL,222.4090118408203,0.005344970004767413,0.02649111989681196,0.018818739050946606,0.014952878059445885,0.0190479377215372
2025-01-23,AAPL,222.24008178710935,-0.0007595468021407425,0.022427838360321185,0.01895815934919996,0.014953146835392027,0.020480000482579974
2025-01-24,AAPL,221.3656768798828,-0.003934505873986138,0.015869860696567553,0.018708097093290903,0.01452914289433792,0.021056275046053695
2025-01-27,AAPL,228.40072631835935,0.03178021786229257,0.022766077569567833,0.02160735230753396,0.015834843189390164,0.025462127102074558
2025-01-28,AAPL,236.74742126464844,0.03654408232771966,0.018964190111693254,0.02465580057425354,0.017340915477187413,0.020054441936271816
2025-01-29,AAPL,237.84039306640625,0.004616615445775185,0.0190479377215372,0.0245514461196728,0.01732403709325255,0.019546530223734152
2025-01-30,AAPL,236.0816650390625,-0.007394572489008211,0.020480000482579974,0.023975572768428283,0.01735921321875873,0.019886466006627693
2025-01-31,AAPL,234.50177001953125,-0.006692154679906359,0.021056275046053695,0.019615428904796985,0.01720763823957307,0.021962280044219958
2025-02-03,AAPL,226.56246948242188,-0.03385603672180437,0.025462127102074558,0.022783478269177405,0.018012123719223793,0.01604415476796718
2025-02-04,AAPL,231.32208251953125,0.02100795002801048,0.020054441936271816,0.020765177504631693,0.018210227959230475,0.01631566860900776
2025-02-05,AAPL,230.99415588378903,-0.0014176192440016333,0.019546530223734152,0.020850540896196017,0.018131964041935848,0.01811288308445177
2025-02-06,AAPL,231.73939514160156,0.0032262255941550855,0.019886466006627693,0.020787673857363284,0.017726777237106136,0.019362725816742216
2025-02-07,AAPL,226.18490600585935,-0.023968687466143668,0.021962280044219958,0.02256804044760799,0.018103945953486664,0.0082898325502632
2025-02-10,AAPL,226.45346069335935,0.0011873236470210102,0.01604415476796718,0.020076483691425444,0.01790372862214883,0.008997462677893097
2025-02-11,AAPL,231.3973388671875,0.021831762511780095,0.01631566860900776,0.017407677138289918,0.018476297416498595,0.009348274370000076
2025-02-12,AAPL,235.625,0.018270137217260674,0.01811288308445177,0.018498308129939925,0.018789104527342733,0.008471106981914429
2025-02-13,AAPL,240.2605133056641,0.019673266018733537,0.019362725816742216,0.01938222000273355,0.01908778981604465,0.005614642943432099
2025-02-14,AAPL,243.3143768310547,0.012710634316781766,0.0082898325502632,0.01939477187996718,0.019220308558828805,0.0031093360890449887
2025-02-18,AAPL,243.18507385253903,-0.0005314235032047865,0.008997462677893097,0.014417249892596119,0.01859951367649343,0.003051826000544747
2025-02-19,AAPL,243.5829620361328,0.0016361538037283907,0.009348274370000076,0.013635915357937194,0.01859588703536746,0.013431084909193508
2025-02-20,AAPL,244.53793334960935,0.003920517697518111,0.008471106981914429,0.013448580088118965,0.018569914727831715,0.013149879711014
2025-02-21,AAPL,244.25938415527344,-0.0011390837835276724,0.005614642943432099,0.013611111639251234,0.018440991161178883,0.017725168195634307
2025-02-24,AAPL,245.80125427246097,0.006312429397625108,0.0031093360890449887,0.008922249191011877,0.0184685453611799,0.017600330921902926
2025-02-25,AAPL,245.74156188964844,-0.00024284816198039127,0.003051826000544747,0.009060866204747801,0.01786286714752529,0.017149427112021453
2025-02-26,AAPL,239.09666442871097,-0.027040185672464356,0.013431084909193508,0.01316733547012849,0.0184965694893988,0.013988634217505694
2025-02-27,AAPL,236.05274963378903,-0.012730896109299339,0.013149879711014,0.012913035389107775,0.018639271606799915,0.013066812686442407
2025-02-28,AAPL,240.56887817382812,0.019131861615869328,0.017725168195634307,0.012823406958403463,0.01862050625435119,0.01180109470820062
2025-03-03,AAPL,236.7789001464844,-0.015754232451486105,0.017600330921902926,0.012897498513565487,0.017234124185077877,0.023968550594849366
2025-03-04,AAPL,234.68994140625,-0.008822402413990682,0.017149427112021453,0.013012594996715652,0.017297805874378073,0.025647151949470745
2025-03-05,AAPL,234.50094604492188,-0.0008052980890261852,0.013988634217505694,0.012928720872854304,0.01614875874763027,0.024755720402458593
2025-03-06,AAPL,234.09310913085935,-0.001739169589466849,0.013066812686442407,0.0126786924712887,0.016151015310820575,0.024202499156522617
2025-03-07,AAPL,237.81346130371097,0.015892617201183512,0.01180109470820062,0.01420057129614192,0.016343804141695017,0.025112103727821133
2025-03-10,AAPL,226.28436279296875,-0.04847958752014647,0.023968550594849366,0.019839374159428238,0.018780006207426828,0.0218588318161721
2025-03-11,AAPL,219.67926025390625,-0.029189390099861323,0.025647151949470745,0.020666712400874566,0.01862179180236352,0.01963163460333805
2025-03-12,AAPL,215.8395538330078,-0.01747869332981411,0.024755720402458593,0.020051807095824725,0.017426924175672126,0.02023964536716913
2025-03-13,AAPL,208.57791137695312,-0.0336437058319391,0.024202499156522617,0.021412900958704628,0.018236859196053206,0.010675162267941971
2025-03-14,AAPL,212.36788940429688,0.018170562751941066,0.025112103727821133,0.021258770373080292,0.018674685158155298,0.011108908898695249
2025-03-17,AAPL,212.8752288818359,0.0023889651065522877,0.0218588318161721,0.021690138041989968,0.018692267667779407,0.011395831791259614
2025-03-18,AAPL,211.57211303710935,-0.006121500615977715,0.01963163460333805,0.02172834117583448,0.017779655376701925,0.00925555426466877
2025-03-19,AAPL,214.1086883544922,0.011989176082662256,0.02023964536716913,0.02269182661968518,0.017448186294856664,0.012741685273737428
2025-03-20,AAPL,212.97471618652344,-0.005296245456846038,0.010675162267941971,0.022596156839941036,0.017454829719808433,0.011147271304303649
2025-03-21,AAPL,217.1227874755859,0.019476825058565073,0.011108908898695249,0.023061623940287955,0.017887221768930095,0.017525838053516367
2025-03-24,AAPL,219.56983947753903,0.011270360105469335,0.011395831791259614,0.019032383217324138,0.01754956864506549,0.01916178311590662
2025-03-25,AAPL,222.5739898681641,0.013681981085259087,0.00925555426466877,0.017176414850324725,0.017746459108707546,0.01812163257908994
2025-03-26,AAPL,220.3656311035156,-0.009921908512115718,0.012741685273737428,0.016400106829500903,0.017315113445095027,0.01732411222378175
2025-03-27,AAPL,222.67344665527344,0.010472665543175275,0.011147271304303649,0.010592241935790933,0.017065136168703275,0.04467040347862019
2025-03-28,AAPL,216.7547149658203,-0.026580320996315576,0.017525838053516367,0.014053644558195267,0.01715298442119636,0.051137407284389556
2025-03-31,AAPL,220.9624786376953,0.019412558903452393,0.01916178311590662,0.015081186067366538,0.017410167241157803,0.04388163216679411
2025-04-01,AAPL,222.01693725585935,0.004772116174045049,0.01812163257908994,0.014669641995144781,0.01746355858198233,0.03648815631703555
2025-04-02,AAPL,222.7132568359375,0.0031363354016351597,0.01732411222378175,0.014461801019287228,0.01747908283799335,0.09905138563119613
2025-04-03,AAPL,202.1220245361328,-0.09245624886610715,0.04467040347862019,0.03390737696851124,0.02387997843454031,0.09215089068990369
2025-04-04,AAPL,187.3898773193359,-0.07288739191390436,0.051137407284389556,0.03882176101856954,0.0267875879258049,0.08650209357457658
2025-04-07,AAPL,180.5062561035156,-0.03673422126260195,0.04388163216679411,0.03832697646686957,0.027121166596919582,0.08192863673773323
2025-04-08,AAPL,171.5137481689453,-0.04981826186352967,0.03648815631703555,0.037617686797963006,0.02801005785756272,0.07338007672760337
2025-04-09,AAPL,197.8048553466797,0.15328862822026945,0.09905138563119613,0.06802880873760293,0.04093335255685876,0.03662768410236213
2025-04-10,AAPL,189.41915893554688,-0.04239378450258846,0.09215089068990369,0.06842294600241712,0.04146849069148713,0.02996685915880803
2025-04-11,AAPL,197.1085205078125,0.040594423581418404,0.08650209357457658,0.07032451671325349,0.04210619887500534,0.024795508849976826
2025-04-14,AAPL,201.45556640625,0.022054074005721125,0.08192863673773323,0.07044090297602672,0.04236258532443623,0.02837574121344259
2025-04-15,AAPL,201.0775451660156,-0.001876449715328743,0.07338007672760337,0.07034829555018669,0.04235727237439313,0.030820571707908948
2025-04-16,AAPL,193.24891662597656,-0.03893338032138538,0.03662768410236213,0.07088353071157447,0.04281849108304827,0.020270960677987972
2025-04-17,AAPL,195.94467163085935,0.013949651319910217,0.02996685915880803,0.06520941360691378,0.04296239378214272,0.02075668104498049
2025-04-21,AAPL,192.14474487304688,-0.01939285578008043,0.024795508849976826,0.06072180269734646,0.04285236784291561,0.012968651904646657
2025-04-22,AAPL,198.690185546875,0.0340651558186138,0.02837574121344259,0.05955125714406207,0.042695004195807386,0.009472437756653384
2025-04-23,AAPL,203.52462768554688,0.024331559837067696,0.030820571707908948,0.05560118236173884,0.04270130462402562,0.006090110214829912
2025-04-24,AAPL,207.2748107910156,0.01842618826092579,0.020270960677987972,0.029543183844166845,0.04274645397043718,0.0009085717052938951
2025-04-25,AAPL,208.18002319335935,0.0043672089188706575,0.02075668104498049,0.024456438166073968,0.04229064750664958,0.018872582542248217
2025-04-28,AAPL,209.03550720214844,0.004109347264288132,0.012968651904646657,0.021936785889873814,0.04216902075790807,0.021711669781583332
2025-04-29,AAPL,210.09988403320312,0.00509184705173249,0.009472437756653384,0.0212107318138214,0.042176496982417884,0.02063321561064121
2025-04-30,AAPL,211.3831024169922,0.006107658696214546,0.006090110214829912,0.02109761223563968,0.0421703643047927,0.018089116454491398
2025-05-01,AAPL,212.19879150390625,0.003858818787250806,0.0009085717052938951,0.014437074439776218,0.04212214204532908,0.01877284728878829
2025-05-02,AAPL,204.27069091796875,-0.03736166699984034,0.018872582542248217,0.020515351333445758,0.04267847783279786,0.015576552454373248
2025-05-05,AAPL,197.8446350097656,-0.03145853122308051,0.021711669781583332,0.022341131979649858,0.042867872117200986,0.02929806709855564
2025-05-06,AAPL,197.46664428710935,-0.0019105432029410396,0.02063321561064121,0.019530156706685706,0.042792239407771195,0.028316911988489818
2025-05-07,AAPL,195.2185211181641,-0.011384824900738999,0.018089116454491398,0.01767347020391134,0.04270664613237471,0.02654794351132182
2025-05-08,AAPL,196.45199584960935,0.006318430876231407,0.01877284728878829,0.016328795747600527,0.04272539350963786,0.027919471027804944
2025-05-09,AAPL,197.4865264892578,0.005266073450536091,0.015576552454373248,0.016389833205805615,0.04267949333327961,0.028548311025153154
2025-05-12,AAPL,209.95706176757812,0.06314625863349033,0.02929806709855564,0.027174609124595055,0.044100092354777826,0.007889008731386185
2025-05-13,AAPL,212.08859252929688,0.010152222286661461,0.028316911988489818,0.027310861131264505,0.043990761572471664,0.004540304154455129
2025-05-14,AAPL,211.490966796875,-0.0028178117705190964,0.02654794351132182,0.02728114854000426,0.04398150288949926,0.008531544189486307
2025-05-15,AAPL,210.6144561767578,-0.004144435260722168,0.027919471027804944,0.02728517343555989,0.04397966077622275,0.008622679838076441
2025-05-16,AAPL,210.4252014160156,-0.0008985839062414236,0.028548311025153154,0.024043652724511456,0.040445339752248136,0.010836337094492368
2025-05-19,AAPL,207.9550018310547,-0.011739086232723905,0.007889008731386185,0.02156358560941739,0.038002833788064905,0.02151107368201045
2025-05-20,AAPL,206.04258728027344,-0.009196290225973569,0.004540304154455129,0.02195009803242166,0.03730767083555,0.021872916931771975
2025-05-21,AAPL,201.2914276123047,-0.02305911477177236,0.008531544189486307,0.023163941268086394,0.03625541459048911,0.019716356088645255
2025-05-22,AAPL,200.56430053710935,-0.0036123101903565713,0.008622679838076441,0.023233059931478454,0.023254214815256295,0.019880683403281106
2025-05-23,AAPL,194.49839782714844,-0.03024417951607783,0.010836337094492368,0.025348443369121374,0.022573260250454093,0.01084495847452171
2025-05-27,AAPL,199.4188690185547,0.02529826078968056,0.02151107368201045,0.01562843993066073,0.02181092919753448,0.00384130440437486
2025-05-28,AAPL,199.62803649902344,0.0010488851004830657,0.021872916931771975,0.014893956698030784,0.021432908332818353,0.00448770496853216
2025-05-29,AAPL,199.1598968505859,-0.0023450596251284317,0.019716356088645255,0.014905701227526135,0.02143443111742853,0.007378864583705863
2025-05-30,AAPL,200.0563507080078,0.004501176550088415,0.019880683403281106,0.015264556889423957,0.020149229216700988,0.01026452843298123
2025-06-02,AAPL,200.90298461914065,0.004231977181112123,0.01084495847452171,0.015503005191774237,0.02001735566658509,0.01222206256297315
2025-06-03,AAPL,202.46676635742188,0.007783765588379676,0.00384130440437486,0.015719459990919407,0.01967345837038974,0.011961966815232435
2025-06-04,AAPL,202.0185546875,-0.002213754276742086,0.00448770496853216,0.015546013524618818,0.018722117477029402,0.01466335330311389
2025-06-05,AAPL,199.83721923828125,-0.010797698521272103,0.007378864583705863,0.014105073840361465,0.01828807242193559,0.014283463050410337
2025-06-06,AAPL,203.11419677734375,0.016398234280647683,0.01026452843298123,0.01502515750667334,0.01821951672263543,0.010884439552882848
2025-06-09,AAPL,200.6539764404297,-0.012112498170726016,0.01222206256297315,0.011457084515901668,0.01831536681168437,0.012814670115256796
2025-06-10,AAPL,201.86912536621097,0.006055942410600812,0.011961966815232435,0.008585414930316107,0.018337768792193915,0.012421191981565148
2025-06-11,AAPL,197.9945068359375,-0.019193715350202867,0.01466335330311389,0.010752360276866487,0.018593770353721485,0.011083362339616347
2025-06-12,AAPL,198.4128570556641,0.0021129385173965787,0.014283463050410337,0.01077216035225329,0.018549358961684234,0.015795814655787447
2025-06-13,AAPL,195.67372131347656,-0.013805233102505365,0.010884439552882848,0.011398475129445067,0.018638948589540006,0.013215729245371058
2025-06-16,AAPL,197.6359405517578,0.010028016154186137,0.012814670115256796,0.011895790907226329,0.017562457528704854,0.013668806140529392
2025-06-17,AAPL,194.86691284179688,-0.014010749776737996,0.012421191981565148,0.011986918812690562,0.01678929168347051,0.010350334744920229
2025-06-18,AAPL,195.80319213867188,0.004804711498842984,0.011083362339616347,0.012288780893075035,0.016812813175677777,0.01110167246881444
2025-06-20,AAPL,200.2057342529297,0.02248452676471091,0.015795814655787447,0.014300253574669854,0.017165674563224622,0.0047187115189388
2025-06-23,AAPL,200.7037811279297,0.0024876753748261926,0.013215729245371058,0.013191310362479197,0.017138831331320797,0.010364555803436112
2025-06-24,AAPL,199.50851440429688,-0.005955377207721546,0.013668806140529392,0.012757513278424846,0.01716164843182976,0.00937719481690443
2025-06-25,AAPL,200.76353454589844,0.006290559304443111,0.010350334744920229,0.0127711163082125,0.012512132801232142,0.01138605110463488
2025-06-26,AAPL,200.2057342529297,-0.0027783944640664693,0.01110167246881444,0.011034811465768363,0.012321163096208697,0.009425029415682464
2025-06-27,AAPL,200.28543090820312,0.0003980737892990138,0.0047187115189388,0.011031782688959803,0.01232641016323023,0.015824131357232984
2025-06-30,AAPL,204.35926818847656,0.020340157852722696,0.010364555803436112,0.011224684143738006,0.01295617322272341,0.014657099467290814
2025-07-01,AAPL,206.9987945556641,0.012916107943551358,0.00937719481690443,0.011420769118138841,0.013200281712267937,0.013980597030731384
2025-07-02,AAPL,211.6005401611328,0.022230784557691008,0.01138605110463488,0.010540723543473017,0.013648987905424553,0.009704449571723109
2025-07-03,AAPL,212.70616149902344,0.005225040243511225,0.009425029415682464,0.01052596761363346,0.013543080135296157,0.009481103513285984
2025-07-07,AAPL,209.120361328125,-0.016857998591239265,0.015824131357232984,0.011921660021481397,0.013203913905909371,0.00769363910148879
2025-07-08,AAPL,209.18014526367188,0.00028588290096287494,0.014657099467290814,0.011981692548986931,0.013172468262172015,0.007850084297428507
2025-07-09,AAPL,210.30567932128903,0.005380692590104097,0.013980597030731384,0.011437002781963695,0.011741316673990115,0.007780288892045439
2025-07-10,AAPL,211.57064819335935,0.00601490590341025,0.009704449571723109,0.011434797448019287,0.010962039787368075,0.006807465311336821
2025-07-11,AAPL,210.3255920410156,-0.005884824586848469,0.009481103513285984,0.011717805272104774,0.011056166022289734,0.007182710849612252
2025-07-14,AAPL,207.79562377929688,-0.012028817972970951,0.00769363910148879,0.012863575358422965,0.011319596217004695,0.0028279126750177085
2025-07-15,AAPL,208.28370666503903,0.002348860273691633,0.007850084297428507,0.011469980402587234,0.011306586042447466,0.003535773567125226
2025-07-16,AAPL,209.32955932617188,0.005021288884659469,0.007780288892045439,0.010889315835568483,0.011314304587567537,0.004487311685311953
2025-07-17,AAPL,209.19009399414065,-0.0006662476741466916,0.006807465311336821,0.007991290765755034,0.011255763144581862,0.004792561731123779
2025-07-18,AAPL,210.3455047607422,0.005523257552692229,0.007182710849612252,0.008018095379950387,0.01126465211214535,0.004794386580253489
2025-07-21,AAPL,211.6403656005859,0.006155875978032244,0.0028279126750177085,0.006049311064403719,0.011054478716209647,0.004367765649597742
2025-07-22,AAPL,213.55279541015625,0.009036224276703031,0.003535773567125226,0.006514917864856038,0.010802056415463408,0.005735046820507928
2025-07-23,AAPL,213.3037872314453,-0.0011660263132247106,0.004487311685311953,0.00647633367654907,0.010499038528744963,0.006491144940819308
2025-07-24,AAPL,212.9152984619141,-0.0018212933514850649,0.004792561731123779,0.0063331617016712735,0.01049501537215335,0.0063130172887676805
2025-07-25,AAPL,213.03485107421875,0.0005615031572099305,0.004794386580253489,0.00590767137475884,0.009721636629432867,0.009417704594629352
2025-07-28,AAPL,213.2041931152344,0.0007949029943306041,0.004367765649597742,0.0036567883669096847,0.009726372193561272,0.0107415827263086
2025-07-29,AAPL,210.43516540527344,-0.012987679414280251,0.005735046820507928,0.00613814517016084,0.009680307384965678,0.011119265076766912
2025-07-30,AAPL,208.2239227294922,-0.010507952278425825,0.006491144940819308,0.006933342504448022,0.009852159508979856,0.028292148888316652
2025-07-31,AAPL,206.74978637695312,-0.007079572477626139,0.0063130172887676805,0.007239489572992528,0.00954539126309829,0.029689768675956334
2025-08-01,AAPL,201.5803070068359,-0.025003553622503172,0.009417704594629352,0.010016760020670578,0.01072405374331064,0.023241388907834122
2025-08-04,AAPL,202.5464630126953,0.004792908693340925,0.0107415827263086,0.009868338898631545,0.00996271910970057,0.026662698916378416
2025-08-05,AAPL,202.11814880371097,-0.0021146466969285127,0.011119265076766912,0.008756553390593945,0.00996546410703807,0.02412593647066345
2025-08-06,AAPL,212.4073486328125,0.05090685764737524,0.028292148888316652,0.019936027156738013,0.013513952414004946,0.019560592405059606
2025-08-07,AAPL,219.16053771972656,0.031793575553679565,0.029689768675956334,0.022330978996485444,0.01454445236173041,0.019738276636723735
2025-08-08,AAPL,228.4437255859375,0.04235793525056386,0.023241388907834122,0.02548811057521762,0.016167167808881805,0.010625412413948057
2025-08-11,AAPL,226.53909301757812,-0.00833742561094275,0.026662698916378416,0.025907057431223627,0.01632211837158136,0.009513069298162478
2025-08-12,AAPL,229.0021209716797,0.010872419065924621,0.02412593647066345,0.025008059683553602,0.01608998430384555,0.0086064571422934
2025-08-13,AAPL,232.6717529296875,0.01602444528652036,0.019560592405059606,0.024127718954009288,0.01615973290233671,0.007614223849696025
2025-08-14,AAPL,232.123291015625,-0.002357234632724192,0.019738276636723735,0.023768927283284974,0.01582479601611526,0.007362492490129976
2025-08-15,AAPL,230.9366455078125,-0.005112134601489071,0.010625412413948057,0.02101028374459869,0.01589179469908799,0.01154125052568336
2025-08-18,AAPL,230.23863220214844,-0.003022531587090427,0.009513069298162478,0.021525029814400624,0.015495510226704158,0.011544688104273419
2025-08-19,AAPL,229.90956115722656,-0.0014292607707683258,0.0086064571422934,0.021472223924044638,0.01551027089800004,0.012909405418876868
2025-08-20,AAPL,225.3723907470703,-0.019734587754066668,0.007614223849696025,0.01917486867869586,0.016060403813447973,0.007592321239020069
2025-08-21,AAPL,224.2655334472656,-0.004911237335397112,0.007362492490129976,0.017113505765292435,0.016100182783490895,0.005886147519253053
2025-08-22,AAPL,227.11746215820312,0.012716749948596728,0.01154125052568336,0.010851854161340947,0.016141501185558634,0.00577853614359944
2025-08-25,AAPL,226.51914978027344,-0.0026343741790885167,0.011544688104273419,0.01054131643263921,0.01593597451569452,0.008408920891128581
2025-08-26,AAPL,228.6630859375,0.009464701590599311,0.012909405418876868,0.010388899789233972,0.01597883706964249,0.01837207942245148
2025-08-27,AAPL,229.8397674560547,0.005145918125483151,0.007592321239020069,0.008988021066721983,0.015979332912240643,0.01835925405048578
2025-08-28,AAPL,231.9039306640625,0.008980879291928812,0.005886147519253053,0.009523251033667107,0.015995032045661342,0.018716122450070465
2025-08-29,AAPL,231.485107421875,-0.0018060204541949787,0.00577853614359944,0.009384501864240944,0.016020022734752948,0.01949052739696693
2025-09-02,AAPL,229.0719451904297,-0.01042469754672981,0.008408920891128581,0.009948648391932123,0.016203746466072484,0.02044329848649886
2025-09-03,AAPL,237.79725646972656,0.038089829254487784,0.01837207942245148,0.015705649466809926,0.01741438597037277,0.014641820024616227
2025-09-04,AAPL,239.10354614257812,0.005493291605817463,0.01835925405048578,0.013420791159920734,0.017392186684158997,0.01724970102552071
2025-09-05,AAPL,239.0137939453125,-0.0003753695782166,0.018716122450070465,0.013083013516869918,0.01737761884899262,0.02077550418838849
2025-09-08,AAPL,237.2089080810547,-0.0075513878695669945,0.01949052739696693,0.013567878223968202,0.01749578280609308,0.021774192924229
2025-09-09,AAPL,233.6888732910156,-0.014839387013392824,0.02044329848649886,0.014770449392751992,0.017816285238674737,0.020368676514967748
2025-09-10,AAPL,226.1501922607422,-0.03225947784379701,0.014641820024616227,0.018284833732860797,0.018743883096537114,0.005755509007929157
2025-09-11,AAPL,229.3810577392578,0.014286370691166894,0.01724970102552071,0.018843605317189465,0.018693854889453274,0.008331497407456584
2025-09-12,AAPL,233.40966796875,0.01756295951024689,0.02077550418838849,0.01948465524019629,0.01875888973358329,0.013763686737898809
2025-09-15,AAPL,236.0322265625,0.011235861035975292,0.021774192924229,0.01972452937339305,0.017962097304003742,0.020435845775821387
2025-09-16,AAPL,237.4781494140625,0.006125955224930424,0.020368676514967748,0.019243295526095494,0.017962123023667155,0.02261521664106991
2025-09-17,AAPL,238.3157958984375,0.003527257082143187,0.005755509007929157,0.01504055783010765,0.017909414154795047,0.024470286972648754
2025-09-18,AAPL,237.2089080810547,-0.004644626316983702,0.008331497407456584,0.014994756721439103,0.015819750294706943,0.02286261601763168
2025-09-19,AAPL,244.8074188232422,0.03203299068174581,0.013763686737898809,0.01822530571896132,0.015834408470915995,0.022306478193408995
2025-09-22,AAPL,255.35755920410156,0.04309567263758818,0.020435845775821387,0.021794736528913568,0.01589677925799902,0.010911171134892742
2025-09-23,AAPL,253.71221923828125,-0.006443278871197333,0.02261521664106991,0.020980216821874842,0.01585043750726619,0.010522136655300642
2025-09-24,AAPL,251.59820556640625,-0.008332328960039437,0.024470286972648754,0.01676161427879137,0.01594680415050513,0.0093870145589312
2025-09-25,AAPL,256.14532470703125,0.018072939472633998,0.02286261601763168,0.01689028019035823,0.016007599723559782,0.00501003521737645
2025-09-26,AAPL,254.73931884765625,-0.0054890943685314,0.022306478193408995,0.017491296436501116,0.016056119482796106,0.003950572049875055
2025-09-29,AAPL,253.71221923828125,-0.004031963397017835,0.010911171134892742,0.017927420339357757,0.01603797419265861,0.004387078762188642
2025-09-30,AAPL,253.9116668701172,0.0007861175643599783,0.010522136655300642,0.018048416704782397,0.016001532683294618,0.004533938569997038
2025-10-01,AAPL,254.72933959960935,0.0032203038937570483,0.0093870145589312,0.01805496941394401,0.015975738158339577,0.004987713322883892
2025-10-02,AAPL,256.40460205078125,0.006576637201686886,0.00501003521737645,0.017605925183136705,0.015364154654885448,0.008534943474840021
2025-10-03,AAPL,257.2920837402344,0.0034612549164674267,0.003950572049875055,0.015449461701948542,0.015264485538739832,0.015822338587872728
2025-10-06,AAPL,255.96583557128903,-0.005154640398047916,0.004387078762188642,0.008000291288096654,0.015289598140271851,0.018185370801951515
2025-10-07,AAPL,255.75645446777344,-0.0008180041021813578,0.004533938569997038,0.007666895110989785,0.015265564877306414,0.018301070729518903
2025-10-08,AAPL,257.3320007324219,0.006160338232429563,0.004987713322883892,0.0070908192841991746,0.015237912964541614,0.018332283280251885
2025-10-09,AAPL,253.32330322265625,-0.015577920734133444,0.008534943474840021,0.006738441873049888,0.015650954250583077,0.017703767942106423
2025-10-10,AAPL,244.57806396484375,-0.03452204809648307,0.015822338587872728,0.012573825295735381,0.017064235498884545,0.010159083959142511
2025-10-13,AAPL,246.9613342285156,0.009744415443628807,0.018185370801951515,0.013302310081319048,0.01710762758701296,0.018428041781977225
2025-10-14,AAPL,247.07101440429688,0.0004441188177246591,0.018301070729518903,0.01329303828608439,0.01694314998925627,0.01820063985278348
2025-10-15,AAPL,248.63658142089844,0.006336506208048043,0.018332283280251885,0.0134810487654769,0.015591594708849979,0.02233840394910125
2025-10-16,AAPL,246.75192260742188,-0.007579973963228515,0.017703767942106423,0.013181221719683523,0.015661683684046402,0.02092976491360437
2025-10-17,AAPL,251.5782470703125,0.019559419889786378,0.010159083959142511,0.015015297345778741,0.016012887046281996,0.020334763083870992
2025-10-20,AAPL,261.50018310546875,0.039438767662544505,0.018428041781977225,0.01986076677986359,0.017309061047313258,0.014503809078315335
2025-10-21,AAPL,262.0286560058594,0.00202092745830873,0.01820063985278348,0.019831218655578214,0.01696678611960989,0.014584000016902443
2025-10-22,AAPL,257.72088623046875,-0.016440071254245958,0.02233840394910125,0.02065154426991934,0.016021769948903086,0.009118809001801639
2025-10-23,AAPL,258.84765625,0.004372055505519334,0.02092976491360437,0.01989236960997398,0.01591459425692593,0.008934479760164982
2025-10-24,AAPL,262.0785827636719,0.012481961631328753,0.020334763083870992,0.015219547867996714,0.0157935932368341,0.010212181945054015
2025-10-27,AAPL,268.0516662597656,0.022791192752595002,0.014503809078315335,0.016015732472126964,0.01611408966239852,0.004611587635893151
2025-10-28,AAPL,268.2411193847656,0.0007067783895675639,0.014584000016902443,0.01600154889996231,0.016124142410777084,0.004879255048977005
2025-10-29,AAPL,268.93914794921875,0.0026022429598195895,0.009118809001801639,0.0160975300700402,0.01612634406100565,0.004771962635060971
2025-10-30,AAPL,270.63433837890625,0.006303249053230431,0.008934479760164982,0.015177369566372082,0.016043835951244173,0.0034132360149181293
2025-10-31,AAPL,269.6072692871094,-0.0037950435186790976,0.010212181945054015,0.015234323851150302,0.015239065686292217,0.0036316119488716586
2025-11-03,AAPL,268.29095458984375,-0.004882341269010326,0.004611587635893151,0.01046430450053505,0.013318820369115657,0.0038178736379775994
2025-11-04,AAPL,269.2781982421875,0.0036797500454424092,0.004879255048977005,0.010466969135586687,0.013232464714712866,0.01036654601375759
2025-11-05,AAPL,269.3779296875,0.00037036583712879434,0.004771962635060971,0.008124630735662617,0.01309116663482256,0.011377601208378238
2025-11-06,AAPL,269.0089416503906,-0.0013697782796735503,0.0034132360149181293,0.008332020097222505,0.01276369362954529,0.01142750319696701
2025-11-07,AAPL,267.7126159667969,-0.004818894404181151,0.0036316119488716586,0.008143531105046252,0.012751233394203025,0.011030671852958336
2025-11-10,AAPL,268.93035888671875,0.00454869456011342,0.0038178736379775994,0.003994290862456845,0.012713582742246593,0.014461867067959846
2025-11-11,AAPL,274.73956298828125,0.02160114657791201,0.01036654601375759,0.007832009399045563,0.013202419696809868,0.007349144360620083
2025-11-12,AAPL,272.9628601074219,-0.006466862149501096,0.011377601208378238,0.008319007886250679,0.013307689350985467,0.008528031725414997
2025-11-13,AAPL,272.44384765625,-0.0019014031834500011,0.01142750319696701,0.008198232658087458,0.013305790220109675,0.008721036328874577
2025-11-14,AAPL,271.9048156738281,-0.00197850671637112,0.011030671852958336,0.008107271463095037,0.013323792307423962,0.014206250685204213
2025-11-17,AAPL,266.9639892578125,-0.018171161859606544,0.014461867067959846,0.01001990344814196,0.01376697563033507,0.011689091237124288
2025-11-18,AAPL,266.9440612792969,-7.464669137968727e-05,0.007349144360620083,0.00991776015342104,0.013763338113865358,0.01128161624572649
2025-11-19,AAPL,268.06195068359375,0.0041877290655560895,0.008528031725414997,0.01004162148648293,0.013745101872830477,0.011453271262949954
2025-11-20,AAPL,265.7562561035156,-0.008601349703672212,0.008721036328874577,0.010370673706000384,0.01350391079311898,0.008068864874963754
2025-11-21,AAPL,270.98651123046875,0.019680647235321702,0.014206250685204213,0.012152955347441924,0.01203893101479871,0.0067854486247502415
2025-11-24,AAPL,275.4083251953125,0.016317468883471742,0.011689091237124288,0.013041738332143603,0.012215149732693019,0.005528936480459268
2025-11-25,AAPL,276.4563903808594,0.003805495657415614,0.01128161624572649,0.011227526196422904,0.012199546348802659,0.00859323484150359
2025-11-26,AAPL,277.0352783203125,0.002093957526739132,0.011453271262949954,0.010944879106771659,0.012194007322549952,0.011670673292922555
2025-11-28,AAPL,278.3328857421875,0.0046839067924580036,0.008068864874963754,0.010913155591379915,0.012007556699527362,0.012211058202133763
2025-12-01,AAPL,282.57501220703125,0.01524119743713337,0.0067854486247502415,0.011523060068123772,0.011840460963478044,0.008756700554231221
2025-12-02,AAPL,285.6592712402344,0.010914832876105063,0.005528936480459268,0.008638098946268198,0.009874203275198256,0.0038326360826105186
2025-12-03,AAPL,283.623046875,-0.007128157809805358,0.00859323484150359,0.009508242001937239,0.010045188916777583,0.006564545498127813
2025-12-04,AAPL,280.179443359375,-0.012141479874668626,0.011670673292922555,0.011139168688759297,0.009790302071231735,0.004636672223847613
2025-12-05,AAPL,278.26300048828125,-0.006840055245008081,0.012211058202133763,0.01092101951201615,0.009942431666732235,0.003790236998396763
2025-12-08,AAPL,277.3746643066406,-0.003192433705098474,0.008756700554231221,0.009759714984356465,0.009808634460243456,0.007675914225363777
2025-12-09,AAPL,276.66595458984375,-0.002555062909471051,0.0038326360826105186,0.0085087016131698,0.009009635419029494,0.007943434568869824
2025-12-10,AAPL,278.26300048828125,0.005772469911612843,0.006564545498127813,0.008615967789540935,0.009049509513233248,0.007284951351730693
2025-12-11,AAPL,277.514404296875,-0.002690246960942222,0.004636672223847613,0.008661739552237238,0.009074052699183165,0.00780028927692081
2025-12-12,AAPL,277.7639465332031,0.0008992046267306542,0.003790236998396763,0.008525985360995048,0.009020400531189273,0.008749967811940207
2025-12-15,AAPL,273.6016540527344,-0.01498499906996098,0.007675914225363777,0.0077798132674285776,0.009442965627186325,0.007204620254467279
2025-12-16,AAPL,274.1007385253906,0.0018241281266524467,0.007943434568869824,0.006347151815653756,0.009389568716785448,0.007802338140170999
2025-12-17,AAPL,271.33587646484375,-0.010087028861802017,0.007284951351730693,0.006568905119390362,0.009576345371762317,0.006567385664932474
2025-12-18,AAPL,271.68524169921875,0.001287574790797219,0.00780028927692081,0.006170958867775974,0.009578048464073946,0.006702637724815328
2025-12-19,AAPL,273.1625061035156,0.005437411303821804,0.008749967811940207,0.006544614234682511,0.009616980243314846,0.0062437337209315
2025-12-22,AAPL,270.4674987792969,-0.009865948891234266,0.007204620254467279,0.007021943008845149,0.00975735950673412,0.0036287030994252793
2025-12-23,AAPL,271.85491943359375,0.005129713035979311,0.007802338140170999,0.007423801246547671,0.009766476779287016,0.0038011443188002867
2025-12-24,AAPL,273.3022155761719,0.005323781322749355,0.006567385664932474,0.007374626677870558,0.008967903699844732,0.0021698818853491506
2025-12-26,AAPL,272.8929748535156,-0.0014973926274014504,0.006702637724815328,0.007367779242533013,0.008892511252906802,0.005633993822320368
2025-12-29,AAPL,273.2523498535156,0.001316908213532919,0.0062437337209315,0.0073850223388130685,0.008887823364269515,0.007185241065345309
2025-12-30,AAPL,272.5735778808594,-0.0024840480713893553,0.0036287030994252793,0.005745844986529356,0.00889245060836381,0.006440243150450044
2025-12-31,AAPL,271.3558349609375,-0.00446757506501283,0.0038011443188002867,0.00582386912681758,0.008249163142721649,0.006348024752269196
2026-01-02,AAPL,270.5074157714844,-0.003126592761770741,0.0021698818853491506,0.004969133463814831,0.008276249248951033,0.007642589226074405
2026-01-05,AAPL,266.7643737792969,-0.013837114156417418,0.005633993822320368,0.0065000074103029335,0.008643554589642881,0.008583871009598402
2026-01-06,AAPL,261.8734436035156,-0.018334270451824564,0.007185241065345309,0.00777750800795954,0.009140998816899237,0.005052248751905142
2026-01-07,AAPL,259.8471984863281,-0.007737497507594893,0.006440243150450044,0.007632514724299707,0.008399460811446406,0.004005758432561008
2026-01-08,AAPL,258.55963134765625,-0.004955093401707855,0.006348024752269196,0.0069303231738348445,0.007726247770318573,0.004564264383935122
2026-01-09,AAPL,258.8890075683594,0.0012738888084979916,0.007642589226074405,0.006355822892908226,0.007673471559457782,0.006072755434315813
2026-01-12,AAPL,259.76739501953125,0.0033929113461488303,0.008583871009598402,0.00685657757735853,0.007701900411034345,0.014292683083666866
2026-01-13,AAPL,260.5658874511719,0.003073874731586601,0.005052248751905142,0.007053158104746227,0.007658383214332783,0.014480870833251449
2026-01-14,AAPL,259.4779052734375,-0.004175458991876879,0.004005758432561008,0.0070137467957361805,0.006921383094720097,0.015533424066086932
2026-01-15,AAPL,257.73114013671875,-0.0067318453757286845,0.004564264383935122,0.0070351360993208085,0.006447960238637253,0.015922123544970686
2026-01-16,AAPL,255.05613708496097,-0.010379044807463988,0.006072755434315813,0.007179634913832431,0.006539385738292242,0.022919757926352056
2026-01-20,AAPL,246.2425079345703,-0.034555644302943334,0.014292683083666866,0.011458102786827573,0.00853522076603658,0.012279552901786912
2026-01-21,AAPL,247.1907501220703,0.0038508468560267684,0.014480870833251449,0.01136345150860407,0.008646196132409953,0.014294370375344617
2026-01-22,AAPL,247.8894500732422,0.002826561879143208,0.015533424066086932,0.01164007875158795,0.008732643518913293,0.014101822375369869
2026-01-23,AAPL,247.58001708984375,-0.0012482700788880585,0.015922123544970686,0.011687780075966688,0.008741815561476697,0.013367866422829285
2026-01-26,AAPL,254.9363555908203,0.0297129735567756,0.022919757926352056,0.015890280841552196,0.010540166309230953,0.01772508357891681
2026-01-27,AAPL,257.791015625,0.011197539980376536,0.012279552901786912,0.01633846131358106,0.010848362883310637,0.01869522743552365
2026-01-28,AAPL,255.96446228027344,-0.007085403423770176,0.014294370375344617,0.016397422864726535,0.010862634114702865,0.017545896969038285
2026-01-29,AAPL,257.801025390625,0.007175070687510443,0.014101822375369869,0.016595511295209427,0.010748724259669482,0.019044178467443534
2026-01-30,AAPL,258.9988098144531,0.0046461584937966816,0.013367866422829285,0.01651241928670354,0.01079491401815736,0.018712585109714717
2026-02-02,AAPL,269.5093078613281,0.04058126002356821,0.01772508357891681,0.02019563057581572,0.013162660393262747,0.014300831809944304
2026-02-03,AAPL,268.98028564453125,-0.0019629088916998105,0.01869522743552365,0.0149148959828535,0.01316386670253973,0.01445839702720968
2026-02-04,AAPL,275.97723388671875,0.02601286642781786,0.017545896969038285,0.015695903597316853,0.013981047782042318,0.008049725428173095
2026-02-05,AAPL,275.3983459472656,-0.002097593092373451,0.019044178467443534,0.01606029378720409,0.013855042193404356,0.023696512109211303
2026-02-06,AAPL,277.6042175292969,0.008009748840153375,0.018712585109714717,0.015554309895799272,0.013896747577355015,0.021736348022898606
2026-02-09,AAPL,274.3672180175781,-0.01166048390953256,0.014300831809944304,0.01570842952271798,0.0140508107202338,0.030772180060867852
2026-02-10,AAPL,273.4280700683594,-0.003422959769044165,0.01445839702720968,0.016001801569410563,0.014063340150413245,0.031034156141162818
2026-02-11,AAPL,275.24639892578125,0.006650117732854843,0.008049725428173095,0.015327207243294531,0.014112088857787971,0.030213247575844968
2026-02-12,AAPL,261.4891052246094,-0.04998173910671744,0.023696512109211303,0.02375674695587451,0.0168403231745998,0.02198861725884827
2026-02-13,AAPL,255.5445556640625,-0.022733450234726726,0.021736348022898606,0.024925581624739967,0.01728517227783861,0.01697199376079584
2026-02-17,AAPL,263.6371154785156,0.03166790148756515,0.030772180060867852,0.023382635083213775,0.01833245190856574,0.014000768725162442
2026-02-18,AAPL,264.106689453125,0.0017811375828364895,0.031034156141162818,0.02341239438344333,0.018167369581042665,0.013775551300718092
2026-02-19,AAPL,260.3401184082031,-0.014261551090285374,0.030213247575844968,0.0215270379247568,0.0180417656631782,0.01020130192583589
2026-02-20,AAPL,264.3364562988281,0.015350449692731916,0.02198861725884827,0.022526778798711487,0.018193785972653864,0.02031605441720149
2026-02-23,AAPL,265.9349670410156,0.006047257970275721,0.01697199376079584,0.022420177489737982,0.018186089265126878,0.020089069734005816
2026-02-24,AAPL,271.8895263671875,0.02239103564464129,0.014000768725162442,0.02368700711897827,0.01859714419850321,0.015344110992986394
2026-02-25,AAPL,273.97760009765625,0.007679860855135612,0.013775551300718092,0.02380257916125638,0.01862623456005516,0.013437788088661756
2026-02-26,AAPL,272.6987609863281,-0.0046676776162442035,0.01020130192583589,0.02374449858629949,0.018663648530100222,0.013264523120096374
2026-02-27,AAPL,263.93682861328125,-0.03213044438249635,0.02031605441720149,0.0200015321239179,0.01963883894274208,0.004953035593786566
2026-03-02,AAPL,264.476318359375,0.0020440108677830526,0.020089069734005816,0.018170183380879914,0.019588763911104867,0.007857383680856355
2026-03-03,AAPL,263.5072326660156,-0.003664168116717992,0.015344110992986394,0.015314600747041723,0.019491815901484827,0.00851089940955871
2026-03-04,AAPL,262.2783508300781,-0.0046635601744375865,0.013437788088661756,0.015369488082341452,0.018326386559733215,0.008425085383397053
2026-03-05,AAPL,260.0504150390625,-0.008494547048829904,0.013264523120096374,0.014900432935715711,0.018427946716594912,0.011568164015048319
2026-03-06,AAPL,257.2229919433594,-0.010872595974432131,0.004953035593786566,0.014187056166394894,0.01857224896468775,0.014152722861029374
2026-03-09,AAPL,259.6407775878906,0.009399570490431275,0.007857383680856355,0.014452088251244301,0.018621571720608705,0.014533209064956037
2026-03-10,AAPL,260.58990478515625,0.0036555398041986376,0.00851089940955871,0.011881664356064563,0.017864868385905452,0.014854649600474164
2026-03-11,AAPL,260.5699157714844,-7.670678451010549e-05,0.008425085383397053,0.011258888872679979,0.01775874917303863,0.015347401047925457
2026-03-12,AAPL,255.52456665039065,-0.01936274610273281,0.011568164015048319,0.01214268283210418,0.01807841797414059,0.014087667660509102
2026-03-13,AAPL,249.8897705078125,-0.022051876328148534,0.014152722861029374,0.010000579572541558,0.018467396796178055,0.010595874696954315
2026-03-16,AAPL,252.58729553222656,0.010794859745288043,0.014533209064956037,0.011052697903527104,0.0185646256401047,0.011625327053575402
2026-03-17,AAPL,253.99598693847656,0.005577047742174601,0.014854649600474164,0.011510328132366202,0.016908854909221005,0.011123403592469733
2026-03-18,AAPL,249.70994567871097,-0.0168744447950816,0.015347401047925457,0.01225799510045287,0.017130467872833257,0.007449740650263165
2026-03-19,AAPL,248.73085021972656,-0.003920930967820424,0.014087667660509102,0.012191240462604964,0.01627285677811736,0.0067315214015204565
2026-03-20,AAPL,247.76173400878903,-0.0038962445152317393,0.010595874696954315,0.011975697065245825,0.0162714743607534,0.010896939182284768
2026-03-23,AAPL,251.25851440429688,0.014113480475494988,0.011625327053575402,0.01262284095281543,0.01645603977966578,0.008359627757149293
2026-03-24,AAPL,251.4083709716797,0.0005964238375686381,0.011123403592469733,0.012474319854590299,0.01639041076833598,0.017177041711386648
2026-03-25,AAPL,252.3874664306641,0.0038944425565474727,0.007449740650263165,0.012657628664442186,0.016434861734682803,0.01734311418385909
2026-03-26,AAPL,252.6572265625,0.0010688333127271132,0.0067315214015204565,0.011321702663349512,0.01635873029376288,0.01734179361771603
2026-03-27,AAPL,248.57098388671875,-0.016173068672430957,0.010896939182284768,0.01020911467047153,0.013982532430920762,0.013980273300487721
2026-03-30,AAPL,246.40298461914065,-0.008721851736991582,0.008359627757149293,0.009664788011445597,0.013476896690063045,0.018016370893898796
2026-03-31,AAPL,253.5563812255859,0.029031290418426225,0.017177041711386648,0.013790227275229773,0.013262557761623817,0.015688686981697664
2026-04-01,AAPL,255.3946990966797,0.007250134515282669,0.01734311418385909,0.01258485535754461,0.013342486924773035,0.015640678797801896
2026-04-02,AAPL,255.68443298339844,0.0011344553655323608,0.01734179361771603,0.012406382241324045,0.013110124589735487,0.01570067335888557
2026-04-06,AAPL,258.6217041015625,0.011487876222620041,0.013980273300487721,0.012433470491565542,0.012967095133260867,0.015360120498083503
2026-04-07,AAPL,253.26666259765625,-0.0207060792616357,0.018016370893898796,0.014157171816482827,0.013403455603146942,0.010355371361508249
2026-04-08,AAPL,258.66168212890625,0.021301735790709264,0.015688686981697664,0.015555159454980321,0.013337708999985036,0.013751721549180253
2026-04-09,AAPL,260.2502136230469,0.006141348347641795,0.015640678797801896,0.015586405369590791,0.013303811885736769,0.015738058300730114
2026-04-10,AAPL,260.240234375,-3.834482173115106e-05,0.01570067335888557,0.015606998696411405,0.013294161562164349,0.018759295237019462
2026-04-13,AAPL,258.96142578125,-0.004913954203973225,0.015360120498083503,0.014425902096516573,0.01199499402550397,0.017425192945500417
2026-04-14,AAPL,258.59173583984375,-0.00142758690909639,0.010355371361508249,0.013873970128049504,0.011985701613847403,0.023651722135697904
2026-04-15,AAPL,266.18475341796875,0.02936295529114541,0.013751721549180253,0.013938245240823148,0.013161325462021606,0.02291794850487011
2026-04-16,AAPL,263.15753173828125,-0.011372633634406881,0.015738058300730114,0.014814684140350363,0.013306887376089208,0.021292472456124572
2026-04-17,AAPL,269.98126220703125,0.02593021154924191,0.018759295237019462,0.01643605772245611,0.013997888576615235,0.019419859752702127
2026-04-20,AAPL,272.79864501953125,0.010435475371396441,0.017425192945500417,0.01639732556233218,0.013896842945085612,0.019298477674716957
2026-04-21,AAPL,265.9250183105469,-0.025196703995697067,0.023651722135697904,0.017234027703369702,0.014679725761637782,0.0158353757507567
2026-04-22,AAPL,272.9185791015625,0.026298995241013978,0.02291794850487011,0.01782098128418256,0.015391103989111898,0.00938935065736385
2026-04-23,AAPL,273.1783142089844,0.0009516944880663125,0.021292472456124572,0.01787641825912337,0.015388256224854647,0.009789126511102869
2026-04-24,AAPL,270.81048583984375,-0.008667702544387201,0.019419859752702127,0.018348852595050497,0.015002752616619413,0.016900353884533512
2026-04-27,AAPL,267.3636474609375,-0.012727861582674027,0.019298477674716957,0.018934300591177004,0.01457683315863085,0.016640781079410527
2026-04-28,AAPL,270.4608154296875,0.011584102768505522,0.0158353757507567,0.019015748909338836,0.014593288269519873,0.018886914112613434
2026-04-29,AAPL,269.92132568359375,-0.001994705758897597,0.00938935065736385,0.016964335061068966,0.014601636466513683,0.01768521359578065
2026-04-30,AAPL,271.1002502441406,0.004367659937802859,0.009789126511102869,0.016354010008919465,0.014156453906980962,0.01833298848546445
2026-05-01,AAPL,279.88214111328125,0.03239351812191993,0.016900353884533512,0.017447767601234104,0.015080826564651442,0.01553095182402929
2026-05-04,AAPL,276.5751647949219,-0.011815603186417278,0.016640781079410527,0.017912303682566206,0.015292545802175742,0.012324463104483915
2026-05-05,AAPL,283.9184265136719,0.026550690927708454,0.018886914112613434,0.016775305629543928,0.01574408245428205,0.008978307008464243
2026-05-06,AAPL,287.245361328125,0.011717924952267644,0.01768521359578065,0.015464379975755043,0.015787161147086545,0.009262813552768548
2026-05-07,AAPL,287.1754150390625,-0.00024350711440246364,0.01833298848546445,0.015505734561915382,0.015811339239990434,0.009729865357672979
2026-05-08,AAPL,293.0500183105469,0.020456497888878378,0.01553095182402929,0.015363529850789768,0.016063275255814205,0.006648720078776391
2026-05-11,AAPL,292.67999267578125,-0.0012626705737772692,0.012324463104483915,0.014010663265127515,0.0156072092545703,0.008585893688748975
2026-05-12,AAPL,294.79998779296875,0.007243389265544797,0.008978307008464243,0.013994978160190847,0.015373275786129759,0.008348307246395292
2026-05-13,AAPL,298.8699951171875,0.013805995565634221,0.009262813552768548,0.013532500853286819,0.014832255904637376,0.0074671790975337935
2026-05-14,AAPL,298.2099914550781,-0.00220833028705536,0.009729865357672979,0.014005474455960742,0.014896393297441858,0.007477420437126872
2026-05-15,AAPL,300.2300109863281,0.0067738157309671365,0.006648720078776391,0.01150581667794814,0.01487776440091186,0.008312383377250742
2026-05-18,AAPL,297.8399963378906,-0.007960612067346995,0.008585893688748975,0.010847304931599976,0.015029640761240953,0.005807900280074043
2026-05-19,AAPL,298.9700012207031,0.003793999787491842,0.008348307246395292,0.008546721245381372,0.0142393128666697,0.005534824686340577
2026-05-20,AAPL,302.25,0.0109709963070026,0.0074671790975337935,0.008486595068930397,0.01396993068036304,0.005305608863163814
2026-05-21,AAPL,304.989990234375,0.009065310949131433,0.007477420437126872,0.008340116010929249,0.01398620573901446,0.006152224198826153
2026-05-22,AAPL,308.82000732421875,0.012557845216167651,0.008312383377250742,0.007109192987464596,0.014006502880062997,0.010329785672881312
2026-05-26,AAPL,308.3299865722656,-0.001586751960143129,0.005807900280074043,0.007142980646007488,0.01393158625158325,0.017149698786252658
2026-05-27,AAPL,310.8500061035156,0.008173125031610828,0.005534824686340577,0.007177839477512464,0.013866947978453437,0.0190905174393555
2026-05-28,AAPL,312.510009765625,0.005340207912225559,0.005305608863163814,0.006539008159203541,0.01316171693267353,0.0189540698889136
2026-05-29,AAPL,312.05999755859375,-0.001439992937726231,0.006152224198826153,0.00645551262990908,0.012845177001900162,0.01969595582300076
2026-06-01,AAPL,306.30999755859375,-0.018425943872925732,0.010329785672881312,0.009634751166946873,0.012997344608738621,0.019784642509286108
2026-06-02,AAPL,315.20001220703125,0.029022933365852488,0.017149698786252658,0.01213851439000337,0.013722774746464928,0.01418146843832079
2026-06-03,AAPL,310.260009765625,-0.015672595971098935,0.0190905174393555,0.01391716991392467,0.013098007940585615,0.016697921778472253
2026-06-04,AAPL,311.2300109863281,0.0031264139436979477,0.0189540698889136,0.013687274720590581,0.012481781250992969,0.019611996415797785
2026-06-05,AAPL,307.3399963378906,-0.012498841728371679,0.01969595582300076,0.014312739723787844,0.012848447024618086,0.01973350691202017
2026-06-08,AAPL,301.5400085449219,-0.01887156849768501,0.019784642509286108,0.014897361579143212,0.013322086028737176,0.022605867500837935
2026-06-09,AAPL,290.54998779296875,-0.03644631040831148,0.01418146843832079,0.01838625560047926,0.014935206969591577,0.013029824522246923
2026-06-10,AAPL,291.5799865722656,0.003544996808021894,0.016697921778472253,0.01805150933156239,0.01484557415282087,0.015157611050799344
2026-06-11,AAPL,295.6300048828125,0.013889904990249002,0.019611996415797785,0.01884551061811011,0.014958304064355502,0.014208253932557155
2026-06-12,AAPL,291.1300048828125,-0.015221729613622226,0.01973350691202017,0.019028638404811987,0.015326157111725434,0.011389581813140582
2026-06-15,AAPL,296.4200134277344,0.018170605764429082,0.022605867500837935,0.020027663993379567,0.01457067075770644,0.009280984772721981
2026-06-16,AAPL,299.239990234375,0.009513449426140408,0.013029824522246923,0.017318234206138143,0.014391644303930997,0.006994033918135565
2026-06-17,AAPL,295.95001220703125,-0.010994446379867018,0.015157611050799344,0.01706056986861535,0.013871775621485066,0.026921830578590655
2026-06-18,AAPL,298.010009765625,0.006960626705947437,0.014208253932557155,0.017294459493315248,0.013777549800536451,0.033192104817323584
2026-06-22,AAPL,297.010009765625,-0.0033555919842641613,0.011389581813140582,0.0170466091038883,0.013801417263851576,0.033064863233577935
2026-06-23,AAPL,294.29998779296875,-0.00912434558954689,0.009280984772721981,0.01631924592078004,0.013431079198010551,0.03703735281578513
2026-06-24,AAPL,293.0799865722656,-0.004145434153267291,0.006994033918135565,0.011206974505299642,0.013452418081482728,0.03807785084614098
2026-06-25,AAPL,275.1499938964844,-0.06117781321571136,0.026921830578590655,0.022512224928995198,0.017420280716719607,0.020459467592224754
2026-06-26,AAPL,283.7799987792969,0.03136472859984596,0.033192104817323584,0.024755245376092562,0.018249980580149986,0.020314361194575387
2026-06-29,AAPL,281.739990234375,-0.007188697419469814,0.033064863233577935,0.024472183645306827,0.018278691830130964,0.020053369745364803
2026-06-30,AAPL,289.3599853515625,0.02704619642688466,0.03703735281578513,0.025465992004186123,0.018965652731497175,0.02008741825352069
2026-07-01,AAPL,294.3800048828125,0.017348699838890536,0.03807785084614098,0.025978730888427257,0.019209107093065406,0.02031590386772525
2026-07-02,AAPL,308.6300048828125,0.0484068203126522,0.020459467592224754,0.030002121846941163,0.02115770415519938,0.008436465447951274
2026-07-06,AAPL,312.6600036621094,0.01305770247720095,0.020314361194575387,0.030116853393939748,0.021194066505688808,0.007129125518106829
2026-07-07,AAPL,310.6600036621094,-0.006396724801939757,0.020053369745364803,0.030228253924908854,0.02118792711497825,0.00757515953285228
2026-07-08,AAPL,313.3900146484375,0.008787777487112347,0.02008741825352069,0.029831730738550968,0.021127077712096147,0.018689314332712852
2026-07-09,AAPL,316.2200012207031,0.009030238488741738,0.02031590386772525,0.029588969551226037,0.02117619715963304,0.01908234099279739
2026-07-10,AAPL,315.32000732421875,-0.0028461004775477416,0.008436465447951274,0.01785160802976416,0.021144119590961838,0.018406213599049114
2026-07-13,AAPL,317.30999755859375,0.0063110179758711915,0.007129125518106829,0.01685221801045294,0.02115221777918768,0.023776456327367322
2026-07-14,AAPL,314.8599853515625,-0.0077211944971221635,0.00757515953285228,0.016918038145107183,0.02120541567145602,0.022659152834613353
2026-07-15,AAPL,327.5,0.040144874663333496,0.018689314332712852,0.018687020685145012,0.02207952818535864,0.014235194927118255
2026-07-16,AAPL,333.260009765625,0.017587816078244334,0.01908234099279739,0.018693906412417593,0.021700759969154236,0.010338950803448588
2026-07-17,AAPL,333.739990234375,0.0014402582208634662,0.018406213599049114,0.01402532396465798,0.02144117576001333,0.021901477712883873
2026-07-20,AAPL,326.5899963378906,-0.021423845225929217,0.023776456327367322,0.01662496226952123,0.021886562812624754,0.018661495397575154
2023-09-12,AMZN,141.22999572753906,-0.013067856717097759,0.021087423302054684,0.01591132434762399,0.021471075205946166,0.02073300972984332
2023-09-13,AMZN,144.85000610351562,0.025632022130484877,0.019132764397828506,0.016979732608177884,0.02164265446018836,0.011868418659414902
2023-09-14,AMZN,144.72000122070312,-0.0008975138235036706,0.01990163181604818,0.017075099721339974,0.020919268448718564,0.015533485633018243
2023-09-15,AMZN,140.38999938964844,-0.029919857618376344,0.026959973351879173,0.01974151962869501,0.021826417353564748,0.017067736332089665
2023-09-18,AMZN,139.97999572753906,-0.0029204620264398073,0.020264729848380274,0.01979921931207417,0.015830458025405246,0.022373781704464447
2023-09-19,AMZN,137.6300048828125,-0.016788047695762587,0.02073300972984332,0.020528957699330188,0.01571494753565926,0.025706016761958706
2023-09-20,AMZN,135.2899932861328,-0.01700219075536713,0.011868418659414902,0.020790602295522924,0.015747984707102192,0.026848677242615547
2023-09-21,AMZN,129.3300018310547,-0.04405345369833069,0.015533485633018243,0.023852084459719987,0.017442290080519684,0.021072218746413476
2023-09-22,AMZN,129.1199951171875,-0.0016238050792075631,0.017067736332089665,0.023711110064164268,0.017390613056107545,0.022025590147369604
2023-09-25,AMZN,131.27000427246094,0.01665124873434287,0.022373781704464447,0.020597712885206395,0.0177281157445129,0.02242616182887875
2023-09-26,AMZN,125.9800033569336,-0.040298626825268746,0.025706016761958706,0.022949289322998855,0.018763857958601644,0.020883755145999782
2023-09-27,AMZN,125.9800033569336,0.0,0.026848677242615547,0.019570857271789383,0.01848948056308942,0.022797132158633177
2023-09-28,AMZN,125.9800033569336,0.0,0.021072218746413476,0.019637960531665475,0.018242319489086486,0.02325065338703647
2023-09-29,AMZN,127.12000274658205,0.009049050319664964,0.022025590147369604,0.019903322986203224,0.018318589663798266,0.02408691197029438
2023-10-02,AMZN,129.4600067138672,0.01840783446134764,0.02242616182887875,0.021765978799823116,0.018657832705304068,0.022280296828134764
2023-10-03,AMZN,124.72000122070312,-0.03661366636292884,0.020883755145999782,0.023530697934749514,0.019622044107297905,0.010760704101662567
2023-10-04,AMZN,127.0,0.018280939360016735,0.022797132158633177,0.024894586996407255,0.01997941462460074,0.010728109983781077
2023-10-05,AMZN,125.95999908447266,-0.008188983586829512,0.02325065338703647,0.02110082267985093,0.01990054883873359,0.007041335314409892
2023-10-06,AMZN,127.95999908447266,0.015878056641289273,0.02408691197029438,0.0218866574680008,0.019591468945248793,0.01383417524418965
2023-10-09,AMZN,128.25999450683594,0.0023444468936362206,0.022280296828134764,0.021080377676651572,0.019479827991970865,0.01604775488083838
2023-10-10,AMZN,129.47999572753906,0.009511938819224852,0.010760704101662567,0.016426394223273858,0.019575829116408046,0.017179034135974634
2023-10-11,AMZN,131.8300018310547,0.01814956889912689,0.010728109983781077,0.017064699673584934,0.019715447444599757,0.01866469952410289
2023-10-12,AMZN,132.3300018310547,0.0037927633547389927,0.007041335314409892,0.016991067930778057,0.01972923947231715,0.018468224846671488
2023-10-13,AMZN,129.7899932861328,-0.019194502454286222,0.01383417524418965,0.0185320549309872,0.019552194067952586,0.01969474171471872
2023-10-16,AMZN,132.5500030517578,0.021265196921155027,0.01604775488083838,0.018828743969393692,0.020000047102609074,0.01626640837903406
2023-10-17,AMZN,131.47000122070312,-0.008147882355257097,0.017179034135974634,0.013710812979840068,0.020020461343171165,0.019766553417277812
2023-10-18,AMZN,128.1300048828125,-0.025405007278304192,0.01866469952410289,0.0159212163226197,0.02037797410646932,0.02992402086664418
2023-10-19,AMZN,128.39999389648438,0.002107149015711185,0.018468224846671488,0.015590388650703807,0.02004033254144735,0.029105713861156356
2023-10-20,AMZN,125.16999816894533,-0.025155731161039308,0.01969474171471872,0.01688679392446812,0.020447580829156674,0.04543478402907857
2023-10-23,AMZN,126.55999755859376,0.011104892625885654,0.01626640837903406,0.017361983903671472,0.01933206743094887,0.04801300628497138
2023-10-24,AMZN,128.55999755859375,0.015802781594350446,0.019766553417277812,0.017898796139464233,0.019577167876744555,0.04800139755068716
2023-10-25,AMZN,121.38999938964844,-0.055771610960691276,0.02992402086664418,0.02365010671187634,0.02106513738707015,0.032323878883623786
2023-10-26,AMZN,119.56999969482422,-0.01499299533713827,0.029105713861156356,0.023357096714221856,0.021112519377804742,0.0263442845063569
2023-10-27,AMZN,127.73999786376952,0.0683281608245998,0.04543478402907857,0.033609693629231246,0.02462239880049587,0.016505352416175217
2023-10-30,AMZN,132.7100067138672,0.03890722509168998,0.04801300628497138,0.03533220012492845,0.02577549487585278,0.010856754829187014
2023-10-31,AMZN,133.08999633789062,0.002863308000901066,0.04800139755068716,0.03519791767458023,0.02562164207169443,0.010770146754546574
2023-11-01,AMZN,137.0,0.02937864429857373,0.032323878883623786,0.03475742281661312,0.026006718824744424,0.00928745382265147
2023-11-02,AMZN,138.07000732421875,0.007810272439553012,0.0263442845063569,0.03471028741315964,0.02461244094689506,0.012183557066105254
2023-11-03,AMZN,138.60000610351562,0.0038386235328597973,0.016505352416175217,0.03280783631474716,0.024601277855918806,0.014454058557954718
2023-11-06,AMZN,139.74000549316406,0.008225103459209127,0.010856754829187014,0.032816787837666894,0.0244838141664515,0.01567427763762725
2023-11-07,AMZN,142.7100067138672,0.02125376487729147,0.010770146754546574,0.03296073804343757,0.02333653815393654,0.01602389426945924
2023-11-08,AMZN,142.0800018310547,-0.004414580990635519,0.00928745382265147,0.024254982130644757,0.02337929947745025,0.018758480500894324
2023-11-09,AMZN,140.60000610351562,-0.010416636461610618,0.012183557066105254,0.02363805777275834,0.023521980750493336,0.017794701952955613
2023-11-10,AMZN,143.55999755859375,0.021052569890351647,0.014454058557954718,0.01544598703930337,0.0237133166132207,0.01673338165167251
2023-11-13,AMZN,142.58999633789062,-0.006756765374750118,0.01567427763762725,0.01313514939554728,0.023643263278436796,0.015961471473866177
2023-11-14,AMZN,145.8000030517578,0.02251214528584833,0.01602389426945924,0.013850623501675513,0.022627098569496185,0.014482126857812413
2023-11-15,AMZN,143.1999969482422,-0.017832688951265996,0.018758480500894324,0.014266578954924627,0.022881006972704652,0.014252931453656555
2023-11-16,AMZN,142.8300018310547,-0.0025837648398919777,0.017794701952955613,0.01437899985382862,0.022798569351148767,0.013936191565751217
2023-11-17,AMZN,145.17999267578125,0.016453061783939793,0.01673338165167251,0.01495498371442831,0.02280874900809797,0.012644047933672914
2023-11-20,AMZN,146.1300048828125,0.0065436854591447435,0.015961471473866177,0.014920975049390267,0.022808154974353945,0.012979010220514548
2023-11-21,AMZN,143.89999389648438,-0.015260459261028925,0.014482126857812413,0.01485522280970509,0.02307138750608866,0.010191346737716852
2023-11-22,AMZN,146.7100067138672,0.019527539517508297,0.014252931453656555,0.01579766740901659,0.023102329146691414,0.004751078003996147
2023-11-24,AMZN,146.74000549316406,0.0002044767086364363,0.013936191565751217,0.01511344133100906,0.02311180386699362,0.00579493663698859
2023-11-27,AMZN,147.72999572753906,0.006746559883569869,0.012644047933672914,0.013996332483904313,0.02270711225649791,0.0076595034911190575
2023-11-28,AMZN,147.02999877929688,-0.00473835354015173,0.012979010220514548,0.013854547108859588,0.02254367615910818,0.011037484885592449
2023-11-29,AMZN,146.32000732421875,-0.0048288883967405605,0.010191346737716852,0.012210868900444568,0.022491580446809607,0.013166229321960111
2023-11-30,AMZN,146.08999633789062,-0.001571972217158657,0.004751078003996147,0.010468007972651575,0.021835164624540816,0.015648786177268646
2023-12-01,AMZN,147.02999877929688,0.006434406632690459,0.00579493663698859,0.010412843873547059,0.021832345341167052,0.01546467835992642
2023-12-04,AMZN,144.83999633789062,-0.014894936132684111,0.0076595034911190575,0.010613137975505553,0.02142415470429784,0.014428685898441157
2023-12-05,AMZN,146.8800048828125,0.014084566393959497,0.011037484885592449,0.01138414551102533,0.021459842746854713,0.013791888615464678
2023-12-06,AMZN,144.52000427246094,-0.016067541747663228,0.013166229321960111,0.01151100252618239,0.021704160730131688,0.010182385279750773
2023-12-07,AMZN,146.8800048828125,0.016329923474831087,0.015648786177268646,0.010954343394860573,0.01861382107009491,0.010161929224347383
2023-12-08,AMZN,147.4199981689453,0.0036764247561378305,0.01546467835992642,0.011010441296562527,0.018176101421351305,0.012654185873241831
2023-12-11,AMZN,145.88999938964844,-0.010378502226973785,0.014428685898441157,0.011262754660110475,0.014312200511512286,0.01352488290638411
2023-12-12,AMZN,147.47999572753906,0.010898597193382598,0.013791888615464678,0.011789403615721441,0.012829542478784286,0.014703114436411351
2023-12-13,AMZN,148.83999633789062,0.009221593773735215,0.010182385279750773,0.011937528911836,0.012869359635174504,0.017017121564444782
2023-12-14,AMZN,147.4199981689453,-0.00954043404920335,0.010161929224347383,0.012440975135222486,0.012144761704431243,0.01517628313174795
2023-12-15,AMZN,149.97000122070312,0.01729753821347546,0.012654185873241831,0.013407251359611209,0.012408000643977889,0.014965950897544647
2023-12-18,AMZN,154.07000732421875,0.027338841569267247,0.01352488290638411,0.014105713077853604,0.013190739935159125,0.007953834110556082
2023-12-19,AMZN,153.7899932861328,-0.0018174467759756174,0.014703114436411351,0.014024994697002673,0.013197195817938944,0.007934985782600204
2023-12-20,AMZN,152.1199951171875,-0.01085895208954335,0.017017121564444782,0.013243129296257823,0.012989980967911867,0.005516962406340144
2023-12-21,AMZN,153.83999633789062,0.011306871390431628,0.01517628313174795,0.01286462935030488,0.013030487937553391,0.004038212689890456
2023-12-22,AMZN,153.4199981689453,-0.0027300973670256745,0.014965950897544647,0.013079787936165512,0.012837084019836461,0.006299778336409081
2023-12-26,AMZN,153.41000366210938,-6.514474615582078e-05,0.007953834110556082,0.012189945501327484,0.012383580628094215,0.006048574132730426
2023-12-27,AMZN,153.33999633789062,-0.0004563413242133496,0.007934985782600204,0.012118971961510159,0.012277867860517884,0.009576197481189319
2023-12-28,AMZN,153.3800048828125,0.0002609139551152939,0.005516962406340144,0.012018354648129542,0.011684923463907189,0.011028344516735693
2023-12-29,AMZN,151.94000244140625,-0.009388462612883952,0.004038212689890456,0.012000715181053702,0.011291864892779384,0.020141141010757382
2024-01-02,AMZN,149.92999267578125,-0.013228970207501023,0.006299778336409081,0.01186660761601387,0.01160503030150392,0.020752457275576612
2024-01-03,AMZN,148.47000122070312,-0.00973782115920796,0.006048574132730426,0.007302746081947313,0.011439578871404857,0.020229490757841233
2024-01-04,AMZN,144.57000732421875,-0.026267891590348702,0.009576197481189319,0.010150783616710568,0.012400670235605857,0.00822128957806172
2024-01-05,AMZN,145.24000549316406,0.00463442024626004,0.011028344516735693,0.010522121795043407,0.012100447070034968,0.010999212153782792
2024-01-08,AMZN,149.10000610351562,0.026576703830634596,0.020141141010757382,0.01370756825483703,0.01254535316165503,0.011380720722533542
2024-01-09,AMZN,151.3699951171875,0.015224607114340927,0.020752457275576612,0.014878579690206702,0.012825019420284687,0.011430198614445511
2024-01-10,AMZN,153.72999572753906,0.015590940651907248,0.020229490757841233,0.015810996299591814,0.013058459412646882,0.010242738515609482
2024-01-11,AMZN,155.17999267578125,0.009432101662268044,0.00822128957806172,0.01606418369175905,0.013084647012994735,0.01089021792275661
2024-01-12,AMZN,154.6199951171875,-0.0036086969005325598,0.010999212153782792,0.016138686824205203,0.013064947196987808,0.010889888486410303
2024-01-16,AMZN,153.16000366210938,-0.009442449238027617,0.011380720722533542,0.016142527902631102,0.01321570259039633,0.009741404484163097
2024-01-17,AMZN,151.7100067138672,-0.009467203666572499,0.011430198614445511,0.01581678704722391,0.01333598489520142,0.006391898329278422
2024-01-18,AMZN,153.5,0.011798781932089941,0.010242738515609482,0.015612766827848446,0.013118606961176546,0.005729366893849772
2024-01-19,AMZN,155.33999633789062,0.011986946826648914,0.01089021792275661,0.0117257029253337,0.013057537879129727,0.004927424964345938
2024-01-22,AMZN,154.77999877929688,-0.003604979862209201,0.010889888486410303,0.012211116123815369,0.012656622068197964,0.003244103471059717
2024-01-23,AMZN,156.02000427246094,0.008011406531487353,0.009741404484163097,0.010026851618881128,0.012429228973971695,0.01049174254172622
2024-01-24,AMZN,156.8699951171875,0.005447960655367012,0.006391898329278422,0.0093271686699864,0.012441234462431628,0.016083126954141068
2024-01-25,AMZN,157.75,0.005609771850602074,0.005729366893849772,0.008390125826736627,0.01222673782633649,0.020572411437333227
2024-01-26,AMZN,159.1199951171875,0.008684596622424712,0.004927424964345938,0.008325737827601362,0.012182025023114471,0.04041114750521008
2024-01-29,AMZN,161.25999450683594,0.01344896590822775,0.003244103471059717,0.008666082202720169,0.012285189026667866,0.04196218218047223
2024-01-30,AMZN,159.0,-0.014014601164705653,0.01049174254172622,0.009544672153366214,0.012465346553866798,0.04097220986484057
2024-01-31,AMZN,155.1999969482422,-0.023899390262627773,0.016083126954141068,0.012427709772563049,0.013045919854490788,0.035932680508423014
2024-02-01,AMZN,159.27999877929688,0.026288672108771616,0.020572411437333227,0.014348461355205617,0.012974648987014009,0.03704659316927551
2024-02-02,AMZN,171.80999755859375,0.07866649218561839,0.04041114750521008,0.027782481653515694,0.019172054292622538,0.014940848700541267
2024-02-05,AMZN,170.30999755859375,-0.008730574595861018,0.04196218218047223,0.028116155450149376,0.01911952395365724,0.0156674008506719
2024-02-06,AMZN,169.14999389648438,-0.00681113075414308,0.04097220986484057,0.028616059596566882,0.01916503432500441,0.01888013335686332
2024-02-07,AMZN,170.52999877929688,0.008158468416245013,0.035932680508423014,0.02859709475150188,0.019149205701779585,0.019688542050830826
2024-02-08,AMZN,169.83999633789062,-0.004046223223746481,0.03704659316927551,0.028876196000705043,0.01918997195488331,0.019900211000520276
2024-02-09,AMZN,174.4499969482422,0.02714319777292107,0.014940848700541267,0.029523545076662827,0.01964640658287115,0.01313529671423039
2024-02-12,AMZN,172.33999633789062,-0.012095159915523457,0.0156674008506719,0.03025156411505666,0.01986641974200169,0.013444268212345241
2024-02-13,AMZN,168.63999938964844,-0.021469171561243172,0.01888013335686332,0.030913357449792376,0.020267205067590863,0.011513700323544268
2024-02-14,AMZN,170.97999572753906,0.013875689909627953,0.019688542050830826,0.029062887975065007,0.020090996228986285,0.01940746574762892
2024-02-15,AMZN,169.8000030517578,-0.006901349311422389,0.019900211000520276,0.028903185342924572,0.020027870143815654,0.01848898531356315
2024-02-16,AMZN,169.50999450683594,-0.0017079419299743659,0.01313529671423039,0.014050554089524952,0.019204500704498,0.01846556641572872
2024-02-20,AMZN,167.0800018310547,-0.01433539469369316,0.013444268212345241,0.014486757974073637,0.01954305057747745,0.01658214114635532
2024-02-21,AMZN,168.58999633789062,0.00903755380828164,0.011513700323544268,0.014744556807384082,0.019128953976334653,0.017111495609287267
2024-02-22,AMZN,174.5800018310547,0.035530017339574504,0.01940746574762892,0.018530247496780602,0.01987443207194721,0.010713388369476298
2024-02-23,AMZN,174.99000549316406,0.0023485144793740087,0.01848898531356315,0.01838891987200958,0.01977682325985429,0.011010337977998151
2024-02-26,AMZN,174.72999572753906,-0.0014858549486425066,0.01846556641572872,0.016353058666647123,0.019783600479306433,0.011295397463094499
2024-02-27,AMZN,173.5399932861328,-0.006810521779339163,0.01658214114635532,0.015990080949892894,0.019835453101137476,0.014957500127842875
2024-02-28,AMZN,173.16000366210938,-0.0021896371944472026,0.017111495609287267,0.014050233953528411,0.019709250405981277,0.015033544131610316
2024-02-29,AMZN,176.75999450683594,0.02078996747858297,0.010713388369476298,0.014808978158295459,0.019755507219002343,0.014464069275528688
2024-03-01,AMZN,178.22000122070312,0.00825982552183624,0.011010337977998151,0.014404596316309264,0.019725850326463342,0.014034041042303753
2024-03-04,AMZN,177.5800018310547,-0.003591063770984282,0.011295397463094499,0.014513115199178332,0.01974531958841031,0.01580769237731814
2024-03-05,AMZN,174.1199951171875,-0.01948421375262155,0.014957500127842875,0.015333780438042911,0.02018233842499876,0.017353170167841516
2024-03-06,AMZN,173.50999450683594,-0.0035033346396604603,0.015033544131610316,0.015410495084186354,0.020215330660029538,0.01720473098175904
2024-03-07,AMZN,176.82000732421875,0.019076784751165476,0.014464069275528688,0.012065063442903834,0.020407253376074967,0.015915459801976978
2024-03-08,AMZN,175.35000610351562,-0.008313545751684748,0.014034041042303753,0.012431680016767104,0.020531907346268218,0.01970182021749234
2024-03-11,AMZN,171.9600067138672,-0.019332758891648982,0.01580769237731814,0.013906140622130279,0.02093209968315311,0.016861735716627097
2024-03-12,AMZN,175.38999938964844,0.019946455814511488,0.017353170167841516,0.015279285415850767,0.021079215675866517,0.014571162968750872
2024-03-13,AMZN,176.55999755859375,0.0066708374081581034,0.01720473098175904,0.01531993578684498,0.020839973904159426,0.015433254504838416
2024-03-14,AMZN,178.75,0.012403729449981915,0.015915459801976978,0.014380990991381017,0.020226921838644066,0.014274304230005471
2024-03-15,AMZN,174.4199981689453,-0.024223786467438835,0.01970182021749234,0.01616988838729074,0.02048691736077481,0.005434437355938906
2024-03-18,AMZN,174.47999572753906,0.00034398325434925603,0.016861735716627097,0.01617569537064603,0.014721270024110177,0.004801272448634588
2024-03-19,AMZN,175.89999389648438,0.00813845829732096,0.014571162968750872,0.015113888848043926,0.01467394933759998,0.007518667188809028
2024-03-20,AMZN,178.14999389648438,0.012791359170393646,0.015433254504838416,0.015434946588052613,0.014742089080255052,0.006237698311750459
2024-03-21,AMZN,178.14999389648438,0.0,0.014274304230005471,0.014332365090008535,0.014696580822590934,0.006154875954764405
2024-03-22,AMZN,178.8699951171875,0.0040415450203241665,0.005434437355938906,0.013983668059670953,0.014664297794738506,0.0061163446549580645
2024-03-25,AMZN,179.7100067138672,0.004696213001679439,0.004801272448634588,0.011787860497445232,0.013879965684892841,0.006155334073032317
2024-03-26,AMZN,178.3000030517578,-0.007845994154095037,0.007518667188809028,0.010985387423003926,0.013762024577214631,0.004526983747586562
2024-03-27,AMZN,179.8300018310547,0.008581036192426339,0.006237698311750459,0.011097431813375103,0.013132453727845675,0.008476133261371215
2024-03-28,AMZN,180.3800048828125,0.0030584610251771505,0.006154875954764405,0.010490842236186767,0.012948805499038192,0.015283692249392671
2024-04-01,AMZN,180.97000122070312,0.003270852211551434,0.0061163446549580645,0.005638600343167906,0.01284406086767364,0.015412594351619815
2024-04-02,AMZN,180.69000244140625,-0.0015472110151306673,0.006155334073032317,0.005793538081969501,0.012842405612666481,0.015100150129289738
2024-04-03,AMZN,182.41000366210935,0.009519072430478559,0.004526983747586562,0.00593069299149737,0.012516972269670502,0.014997428880508703
2024-04-04,AMZN,180.0,-0.013212014767422287,0.008476133261371215,0.007071408813205162,0.01280315335382013,0.012134100974572471
2024-04-05,AMZN,185.07000732421875,0.028166707356770848,0.015283692249392671,0.011078363995966614,0.012199802035823906,0.011388274834420453
2024-04-08,AMZN,185.19000244140625,0.0006483768975988902,0.015412594351619815,0.011124491812453388,0.01220216615221592,0.013172166900341105
2024-04-09,AMZN,185.6699981689453,0.002591909504893186,0.015100150129289738,0.01111995680781211,0.012185133256697529,0.012967379302966778
2024-04-10,AMZN,185.9499969482422,0.0015080453603608657,0.014997428880508703,0.010449224012563488,0.012069519234216237,0.01322532143881238
2024-04-11,AMZN,189.0500030517578,0.016671181255133227,0.012134100974572471,0.011113162634765065,0.012312315247909272,0.005316485420995722
2024-04-12,AMZN,186.1300048828125,-0.015445639364236818,0.011388274834420453,0.012884251096437262,0.012284674310242695,0.008573400203032634
2024-04-15,AMZN,183.6199951171875,-0.013485250630092094,0.013172166900341105,0.013924100624364345,0.012529228001775585,0.014919383599230047
2024-04-16,AMZN,183.32000732421875,-0.001633742516860992,0.012967379302966778,0.013926260116039493,0.012509192254402024,0.017457032616789832
2024-04-17,AMZN,181.27999877929688,-0.011128128209780819,0.01322532143881238,0.014139609531821366,0.012121219965763909,0.018143194088593006
2024-04-18,AMZN,179.22000122070312,-0.011363622972558218,0.005316485420995722,0.013966452312448228,0.012314612621018486,0.018727817072928355
2024-04-19,AMZN,174.6300048828125,-0.02561096030926935,0.008573400203032634,0.01197955102341462,0.012766242844414011,0.022011352344857734
2024-04-22,AMZN,177.22999572753906,0.014888568814227066,0.014919383599230047,0.013563028122488096,0.012967539995431423,0.021492790821247356
2024-04-23,AMZN,179.5399932861328,0.01303389727631088,0.017457032616789832,0.014520788191700874,0.012607440539348034,0.026175481160912437
2024-04-24,AMZN,176.58999633789062,-0.016430862529557833,0.018143194088593006,0.014967964919953393,0.012522756233897937,0.027678520481378217
2024-04-25,AMZN,173.6699981689453,-0.016535467634067658,0.018727817072928355,0.013191611746156904,0.012828857155739138,0.027608127936766588
2024-04-26,AMZN,179.6199951171875,0.034260361668536854,0.022011352344857734,0.018518739504707487,0.014138919867498226,0.024845792293898983
2024-04-29,AMZN,180.9600067138672,0.007460258507441919,0.021492790821247356,0.01843570427095923,0.013411779575014693,0.02498484688763253
2024-04-30,AMZN,175.0,-0.03293549122868411,0.026175481160912437,0.020979397226536724,0.014799340218775573,0.012399744275841404
2024-05-01,AMZN,179.0,0.02285714285714291,0.027678520481378217,0.022474323637656893,0.015306692548781416,0.014032132151228614
2024-05-02,AMZN,184.72000122070312,0.031955314082140474,0.027608127936766588,0.02435868799173925,0.016202561919427958,0.006922042824026023
2024-05-03,AMZN,186.2100067138672,0.008066292135759712,0.024845792293898983,0.022145867020129002,0.016246522075490256,0.009521781213638678
2024-05-06,AMZN,188.6999969482422,0.013371946429286963,0.02498484688763253,0.022088387525206095,0.01638353660226397,0.006926005194929491
2024-05-07,AMZN,188.7599945068359,0.0003179520909593059,0.012399744275841404,0.022037067489932623,0.016377401216913574,0.007219174053510688
2024-05-08,AMZN,188.0,-0.004026247769404301,0.014032132151228614,0.02100680274679132,0.01631480564601308,0.007395423882440729
2024-05-09,AMZN,189.5,0.007978723404255428,0.006922042824026023,0.0193908645241206,0.016306663589849488,0.005975457564515733
2024-05-10,AMZN,187.47999572753903,-0.010659653152828352,0.009521781213638678,0.01802607163635145,0.016463935283509184,0.0073343379521666145
2024-05-13,AMZN,186.57000732421875,-0.004853789332504355,0.006926005194929491,0.01821631873490075,0.016499197897671035,0.0074531355615658325
2024-05-14,AMZN,187.07000732421875,0.002679959159411549,0.007219174053510688,0.013138767434751335,0.016493439642559855,0.006776956372920209
2024-05-15,AMZN,185.9900054931641,-0.005773249525686142,0.007395423882440729,0.01233847243840693,0.01646658438211093,0.006921778102572275
2024-05-16,AMZN,183.6300048828125,-0.01268885714634993,0.005975457564515733,0.008559800123289463,0.0164515269754926,0.0064705771680320795
2024-05-17,AMZN,184.6999969482422,0.005826891232250109,0.0073343379521666145,0.008335435947600014,0.015656282832663012,0.004555715363242908
2024-05-20,AMZN,183.5399932861328,-0.006280474722663021,0.0074531355615658325,0.0068033311463812935,0.01569822558698101,0.006800913906100565
2024-05-21,AMZN,183.1499938964844,-0.0021248741632043933,0.006776956372920209,0.006724415947676935,0.015693131717762012,0.006797818435839066
2024-05-22,AMZN,183.1300048828125,-0.0001091401274257997,0.006921778102572275,0.006771410483763394,0.015689353697415653,0.009022452074819425
2024-05-23,AMZN,181.0500030517578,-0.011358061353112014,0.0064705771680320795,0.006146849775397517,0.015471345686923602,0.010136304108529968
2024-05-24,AMZN,180.75,-0.0016570176564539851,0.004555715363242908,0.005799470903225388,0.015240475079089263,0.012451420772927962
2024-05-28,AMZN,182.1499938964844,0.007745471073219434,0.006800913906100565,0.006789138474200068,0.015126758402297899,0.01203627116733283
2024-05-29,AMZN,182.02000427246097,-0.0007136405620595809,0.006797818435839066,0.006590352278087707,0.01512459479998067,0.01359833824104272
2024-05-30,AMZN,179.32000732421875,-0.014833517662161233,0.009022452074819425,0.007602794170610564,0.015232279296749201,0.013629752931727647
2024-05-31,AMZN,176.44000244140625,-0.016060700229647673,0.010136304108529968,0.008107724738905754,0.015373930070588786,0.008858115221045902
2024-06-03,AMZN,178.33999633789062,0.01076849847083472,0.012451420772927962,0.008883728916466601,0.01473900387602691,0.009283114886698491
2024-06-04,AMZN,179.33999633789062,0.00560726713319748,0.01203627116733283,0.009252446764108033,0.014529120320947473,0.010001786497909523
2024-06-05,AMZN,181.27999877929688,0.010817455564965828,0.01359833824104272,0.010138334451976138,0.01446867713660737,0.01088593384697025
2024-06-06,AMZN,185.0,0.020520748266509736,0.013629752931727647,0.0122202458914378,0.014557059921950435,0.011218030408327967
2024-06-07,AMZN,184.3000030517578,-0.003783767287795614,0.008858115221045902,0.011581442333953534,0.014189141930677236,0.011127030994785824
2024-06-10,AMZN,187.05999755859375,0.014975553234585881,0.009283114886698491,0.012201009643628481,0.013073944108585507,0.007523810163424985
2024-06-11,AMZN,187.22999572753903,0.0009087895389929823,0.010001786497909523,0.012128283523960257,0.013024476636945765,0.0072543748098456715
2024-06-12,AMZN,186.88999938964844,-0.0018159287809063063,0.01088593384697025,0.012168915505997729,0.011341009812748017,0.012655295358693388
2024-06-13,AMZN,183.8300018310547,-0.016373254687715777,0.011218030408327967,0.012422660362155034,0.011143612897756842,0.010838502477091425
2024-06-14,AMZN,183.66000366210935,-0.0009247574783879386,0.011127030994785824,0.010705724184057429,0.009481770903357594,0.015429671766452404
2024-06-17,AMZN,184.05999755859375,0.002177904217078641,0.007523810163424985,0.010450114960400693,0.009366098809405457,0.015455201018168187
2024-06-18,AMZN,182.80999755859375,-0.006791263808433312,0.0072543748098456715,0.0108616295914827,0.009066520474685825,0.021078651441479343
2024-06-20,AMZN,186.1000061035156,0.01799687428947827,0.012655295358693388,0.011715077267472392,0.009708103469248577,0.02143830308567323
2024-06-21,AMZN,189.0800018310547,0.01601287280926522,0.010838502477091425,0.01101872332741892,0.010132091365337919,0.026438678352214733
2024-06-24,AMZN,185.57000732421875,-0.0185635417434159,0.015429671766452404,0.012768527241562857,0.010581942847160694,0.023463846508000673
2024-06-25,AMZN,186.33999633789065,0.004149318226444931,0.015455201018168187,0.011855656928853719,0.010443125827866004,0.023000827920646623
2024-06-26,AMZN,193.61000061035156,0.039014727999018506,0.021078651441479343,0.017210104431182538,0.012608648942493004,0.020582399343863
2024-06-27,AMZN,197.8500061035156,0.02189972356695158,0.02143830308567323,0.018013241861274964,0.013156937337997856,0.018889870590718155
2024-06-28,AMZN,193.25,-0.023249966952787804,0.026438678352214733,0.019057321909277253,0.013877959679227647,0.013516958330463463
2024-07-01,AMZN,197.1999969482422,0.02043982896891161,0.023463846508000673,0.019490502470092104,0.014037846824423597,0.01099813011721977
2024-07-02,AMZN,200.0,0.014198798656638534,0.023000827920646623,0.019509589205364285,0.014189195457278411,0.008825689201919134
2024-07-03,AMZN,197.58999633789065,-0.01205001831054675,0.020582399343863,0.020031765388120522,0.014354000249125054,0.013207939492952481
2024-07-05,AMZN,200.0,0.012196992290986808,0.018889870590718155,0.019792204993599214,0.014430744803156254,0.010441579399970223
2024-07-08,AMZN,199.2899932861328,-0.0035500335693359197,0.013516958330463463,0.019813642928185514,0.014470242880839566,0.01047379741399141
2024-07-09,AMZN,199.33999633789065,0.00025090598345323123,0.01099813011721977,0.018099292145096344,0.014228355808129752,0.010702284434550848
2024-07-10,AMZN,199.7899932861328,0.002257434315787732,0.008825689201919134,0.018146060955302832,0.014199149184468024,0.012444428947883938
2024-07-11,AMZN,195.0500030517578,-0.023724863074531144,0.013207939492952481,0.016688775091763586,0.015009536773485807,0.012111464736235155
2024-07-12,AMZN,194.4900054931641,-0.0028710461411535215,0.010441579399970223,0.014969856438094882,0.0150300835232737,0.012020433525883554
2024-07-15,AMZN,192.72000122070312,-0.009100746683475047,0.01047379741399141,0.013269338329770066,0.014839710604028512,0.012643394890087993
2024-07-16,AMZN,193.02000427246097,0.0015566783408966778,0.010702284434550848,0.011186711131857652,0.01442214029621981,0.018889914110872322
2024-07-17,AMZN,187.92999267578125,-0.026370383815217502,0.012444428947883938,0.011955607169013465,0.015307814125195475,0.019855388571480316
2024-07-18,AMZN,183.75,-0.022242286163404512,0.012111464736235155,0.012911603735403268,0.01590553340870578,0.018081946095715867
2024-07-19,AMZN,183.1300048828125,-0.0033741230867346816,0.012020433525883554,0.011134469036544112,0.01581215540494536,0.019989139899352814
2024-07-22,AMZN,182.5500030517578,-0.003167158934036185,0.012643394890087993,0.01115484958496041,0.015360806295151415,0.020003340258291785
2024-07-23,AMZN,186.41000366210935,0.021144894800451564,0.018889914110872322,0.014475739071891421,0.01583452419723807,0.01657719584379402
2024-07-24,AMZN,180.8300018310547,-0.029934025650088403,0.019855388571480316,0.015807925944546775,0.01652660082164161,0.015305177305594202
2024-07-25,AMZN,179.85000610351562,-0.005419431054668911,0.018081946095715867,0.015059502293086512,0.016541821292447596,0.017799499095401457
2024-07-26,AMZN,182.5,0.014734466536293178,0.019989139899352814,0.016666229607371196,0.016794878382270353,0.043710397440737285
2024-07-29,AMZN,183.1999969482422,0.003835599716395466,0.020003340258291785,0.016917703476102153,0.016546166636166874,0.04328497202030395
2024-07-30,AMZN,181.7100067138672,-0.008133134602594794,0.01657719584379402,0.016782254260968018,0.016612531909033,0.045008880544031626
2024-07-31,AMZN,186.97999572753903,0.029002194810164417,0.015305177305594202,0.01833783800681371,0.017447108618982847,0.039147944064069046
2024-08-01,AMZN,184.07000732421875,-0.015563100170141286,0.017799499095401457,0.01755708973564246,0.017648828665876002,0.04423434494312766
2024-08-02,AMZN,167.89999389648438,-0.0878470841762542,0.043710397440737285,0.03303068531644659,0.023586251845119432,0.02306199751550894
2024-08-05,AMZN,161.02000427246094,-0.04097671157906757,0.04328497202030395,0.03452889652760843,0.024274676919593344,0.0070962715374976604
2024-08-06,AMZN,161.92999267578125,0.005651399696776416,0.045008880544031626,0.03320274345217295,0.024212298145348036,0.009167522236824465
2024-08-07,AMZN,162.77000427246094,0.0051874985158653075,0.039147944064069046,0.03312456806410077,0.024225442632631624,0.01028039431282671
2024-08-08,AMZN,165.8000030517578,0.018615215947435537,0.04423434494312766,0.034339721434183006,0.02323653784948306,0.018933785281898916
2024-08-09,AMZN,166.94000244140625,0.00687575011257735,0.02306199751550894,0.03385965652668816,0.022797066745699753,0.020320617474530477
2024-08-12,AMZN,166.8000030517578,-0.000838620987187122,0.0070962715374976604,0.033704882947726146,0.022557486548384312,0.01940112598485942
2024-08-13,AMZN,170.22999572753906,0.020563504874259175,0.009167522236824465,0.03496624694804413,0.022562239001139805,0.019327234927471716
2024-08-14,AMZN,170.10000610351562,-0.0007636117446156998,0.01028039431282671,0.03286572095541464,0.022295318916223446,0.01853880662571354
2024-08-15,AMZN,177.58999633789062,0.04403286281963403,0.018933785281898916,0.0367043217002161,0.02398288812664405,0.012129331618102623
2024-08-16,AMZN,177.05999755859375,-0.002984395462729106,0.020320617474530477,0.021595216336400363,0.02380487533130082,0.012438906868385051
2024-08-19,AMZN,178.22000122070312,0.006551472258579993,0.01940112598485942,0.01417689373980565,0.023879444997440026,0.012312141035229708
2024-08-20,AMZN,178.8800048828125,0.003703308593809629,0.019327234927471716,0.014260838969629602,0.02390612484385439,0.01237943765993739
2024-08-21,AMZN,180.11000061035156,0.006876093995775934,0.01853880662571354,0.014206175385534215,0.023958097298453128,0.010012199163006722
2024-08-22,AMZN,176.1300048828125,-0.022097583221652117,0.012129331618102623,0.017088157933098345,0.023911742937855317,0.01027038496285892
2024-08-23,AMZN,177.0399932861328,0.005166572293719973,0.012438906868385051,0.017089105418967555,0.023959514198886037,0.021541685900730582
2024-08-26,AMZN,175.5,-0.00869856159361615,0.012312141035229708,0.01761240194216795,0.02395600477758842,0.022082914975080775
2024-08-27,AMZN,173.1199951171875,-0.013561281383547064,0.01237943765993739,0.017618346014947654,0.02401946122823309,0.022614535765468038
2024-08-28,AMZN,170.8000030517578,-0.013401063602498708,0.010012199163006722,0.018265794171907195,0.023705211302201202,0.023492245089621312
2024-08-29,AMZN,172.1199951171875,0.007728290643119529,0.01027038496285892,0.01071008981856843,0.023492619637576345,0.030957633959705327
2024-08-30,AMZN,178.5,0.037067191865004956,0.021541685900730582,0.01661012224843422,0.024542144740021178,0.027188173526154633
2024-09-03,AMZN,176.25,-0.012605042016806678,0.022082914975080775,0.01699050914019167,0.024637090450404648,0.028839510341468907
2024-09-04,AMZN,173.3300018310547,-0.016567365497562103,0.022614535765468038,0.01756875280415794,0.024436389585170946,0.02769685421965849
2024-09-05,AMZN,177.88999938964844,0.026308183871355473,0.023492245089621312,0.019725848616812834,0.024386844517074527,0.026720267263091853
2024-09-06,AMZN,171.38999938964844,-0.03653943460735232,0.030957633959705327,0.021850909956555677,0.025260454687785087,0.012259117918597866
2024-09-09,AMZN,175.39999389648438,0.023396899008788496,0.027188173526154633,0.02327653257384009,0.025498324283285204,0.01593582022290062
2024-09-10,AMZN,179.5500030517578,0.023660258265018275,0.028839510341468907,0.0242672192964257,0.025881984281881994,0.014269164058283148
2024-09-11,AMZN,184.52000427246097,0.02768031821904504,0.02769685421965849,0.02472530006484074,0.026332139051731797,0.009504343367187366
2024-09-12,AMZN,187.0,0.013440254011034325,0.026720267263091853,0.023741327545721506,0.025908385404994256,0.011125594912621155
2024-09-13,AMZN,186.4900054931641,-0.0027272433520636463,0.012259117918597866,0.024049253150051405,0.025742233355348615,0.01083125759066322
2024-09-16,AMZN,184.88999938964844,-0.00857958097692424,0.01593582022290062,0.022249460067414916,0.019690072421041333,0.007573378871392697
2024-09-17,AMZN,186.8800048828125,0.010763186217390919,0.014269164058283148,0.021557647027755686,0.01784839604475053,0.008519105148147825
2024-09-18,AMZN,186.42999267578125,-0.0024080275860086653,0.009504343367187366,0.020334927835620575,0.017900856521329955,0.01010365497179075
2024-09-19,AMZN,189.8699951171875,0.01845197970580159,0.011125594912621155,0.019668365873915364,0.018072182090186822,0.0089465883290391
2024-09-20,AMZN,191.6000061035156,0.009111555436973173,0.01083125759066322,0.012508226732235955,0.01791339406671928,0.010654511827111975
2024-09-23,AMZN,193.8800048828125,0.011899784481557374,0.007573378871392697,0.011777682447086046,0.017955097397621737,0.006080609645138586
2024-09-24,AMZN,193.9600067138672,0.0004126358007008335,0.008519105148147825,0.011084039445146965,0.017942144730170532,0.004229851781369705
2024-09-25,AMZN,192.52999877929688,-0.007372694808574054,0.01010365497179075,0.00953432469310836,0.017841733175942214,0.005362926781222112
2024-09-26,AMZN,191.16000366210935,-0.007115748848874226,0.0089465883290391,0.009560432164424839,0.017940883022695857,0.006111828188698747
2024-09-27,AMZN,187.97000122070312,-0.016687603998192024,0.010654511827111975,0.011238862996094346,0.016653961641786286,0.01553893429874733
2024-09-30,AMZN,186.3300018310547,-0.008724793206352333,0.006080609645138586,0.011252482293680999,0.016746271992352922,0.020415179349411155
2024-10-01,AMZN,185.1300048828125,-0.006440170323887107,0.004229851781369705,0.010874337887983134,0.01678810064083583,0.02167652219211022
2024-10-02,AMZN,184.7599945068359,-0.0019986515757443035,0.005362926781222112,0.010868746009670489,0.016793455793011784,0.022817982723724706
2024-10-03,AMZN,181.9600067138672,-0.01515472979116772,0.006111828188698747,0.009324570143905597,0.017017545673415933,0.02109193686586626
2024-10-04,AMZN,186.5099945068359,0.025005427704361427,0.01553893429874733,0.012619430768228563,0.017035539110241263,0.018674299098375254
2024-10-07,AMZN,180.8000030517578,-0.03061493551686756,0.020415179349411155,0.014242315152060862,0.018033217551756194,0.008150444057936591
2024-10-08,AMZN,182.72000122070312,0.010619458719785868,0.02167652219211022,0.01515842448021867,0.01802512032465985,0.008353307893900064
2024-10-09,AMZN,185.1699981689453,0.013408477078997505,0.022817982723724706,0.016307191527921348,0.017920209497959957,0.007845774475970834
2024-10-10,AMZN,186.6499938964844,0.007992632403596822,0.02109193686586626,0.016658896546090464,0.01769395664174076,0.007194279267742041
2024-10-11,AMZN,188.82000732421875,0.011626110360002606,0.018674299098375254,0.016337217986503044,0.01774325255393324,0.005850542527845756
2024-10-14,AMZN,187.5399932861328,-0.006779016992029097,0.008150444057936591,0.016225395606065732,0.016632128003617946,0.004415168059640834
2024-10-15,AMZN,187.69000244140625,0.0007998782160802964,0.008353307893900064,0.016028429347162487,0.016410876056249996,0.00444070077336807
2024-10-16,AMZN,186.88999938964844,-0.004262363692000948,0.007845774475970834,0.01609901166922811,0.0160752310066809,0.013691602980860716
2024-10-17,AMZN,187.52999877929688,0.0034244710350397334,0.007194279267742041,0.015030244989707477,0.015443906115203304,0.014482943042772405
2024-10-18,AMZN,188.9900054931641,0.007785456851548744,0.005850542527845756,0.013108036305003182,0.013659119001499555,0.014482069423111718
2024-10-21,AMZN,189.07000732421875,0.00042331249658356107,0.004415168059640834,0.0068802861257426925,0.013130436237696767,0.014596091759177489
2024-10-22,AMZN,189.6999969482422,0.003332044214411578,0.00444070077336807,0.006537980749985493,0.012515618953177071,0.01583131786303282
2024-10-23,AMZN,184.7100067138672,-0.026304640562205495,0.013691602980860716,0.010744416706748711,0.01256353879727995,0.0036468490573259263
2024-10-24,AMZN,186.3800048828125,0.009041189476714617,0.014482943042772405,0.010837921482708623,0.012427536002486993,0.01880744927292394
2024-10-25,AMZN,187.8300018310547,0.007779788122410869,0.014482069423111718,0.010436694624101827,0.012496930007099496,0.03382985330199355
2024-10-28,AMZN,188.38999938964844,0.002981406341556969,0.014596091759177489,0.010236211150786382,0.012391011016326805,0.035187462267605274
2024-10-29,AMZN,190.8300018310547,0.012951868195294036,0.01583131786303282,0.01097072295087198,0.012458564447387738,0.0354938393051817
2024-10-30,AMZN,192.72999572753903,0.009956473710912794,0.0036468490573259263,0.011031163609987626,0.012553863399490509,0.03775076880025646
2024-10-31,AMZN,186.3999938964844,-0.032843885079535395,0.01880744927292394,0.015840142949599782,0.013572903903364486,0.027220699582047838
2024-11-01,AMZN,197.92999267578125,0.06185621865256041,0.03382985330199355,0.025351663615426484,0.017663812796239627,0.020481896562271663
2024-11-04,AMZN,195.77999877929688,-0.01086239567545566,0.035187462267605274,0.025820813168688273,0.017678700573350626,0.019405246453848744
2024-11-05,AMZN,199.5,0.0190009257528736,0.0354938393051817,0.026261670595569116,0.017999295036977486,0.018911939074261305
2024-11-06,AMZN,207.08999633789065,0.03804509442551707,0.03775076880025646,0.025515157245856405,0.019136706631035522,0.014263381711684108
2024-11-07,AMZN,210.0500030517578,0.01429333510169939,0.027220699582047838,0.025506326985261365,0.019160761175030037,0.015630103663363478
2024-11-08,AMZN,208.17999267578125,-0.008902691496347037,0.020481896562271663,0.026367015756851526,0.018931775837766243,0.02517401907089686
2024-11-11,AMZN,206.83999633789065,-0.006436720074140423,0.019405246453848744,0.02683532020615634,0.018885041340781023,0.025164251707837305
2024-11-12,AMZN,208.91000366210935,0.01000777103494599,0.018911939074261305,0.026811890570499576,0.018820427059824292,0.025880282344567844
2024-11-13,AMZN,214.1000061035156,0.024843245179395845,0.014263381711684108,0.027255132139138875,0.0191504418407272,0.02033039127345494
2024-11-14,AMZN,211.47999572753903,-0.012237320417028852,0.015630103663363478,0.02418659273831849,0.01905118837881981,0.021012808423488297
2024-11-15,AMZN,202.61000061035156,-0.041942478231440705,0.02517401907089686,0.023120700930791774,0.020515707569155925,0.013093678385162453
2024-11-18,AMZN,201.6999969482422,-0.004491405455644082,0.025164251707837305,0.022794585021335786,0.019574010250222516,0.01798893709857135
2024-11-19,AMZN,204.61000061035156,0.014427385751800914,0.025880282344567844,0.02248652828818578,0.01963177102702945,0.022596240682344317
2024-11-20,AMZN,202.8800048828125,-0.00845508881471324,0.02033039127345494,0.018901402128494223,0.019674839387594494,0.022836402700643323
2024-11-21,AMZN,198.3800048828125,-0.022180598835253806,0.021012808423488297,0.01895076752645929,0.020187783252452678,0.017984603316486176
2024-11-22,AMZN,197.1199951171875,-0.006351495788949668,0.013093678385162453,0.01891756356744808,0.020166040163220034,0.015638337931896104
2024-11-25,AMZN,201.4499969482422,0.021966324768223133,0.01798893709857135,0.020766730113977026,0.020433844420251708,0.014924615959658055
2024-11-26,AMZN,207.86000061035156,0.03181932866326265,0.022596240682344317,0.023220090681815464,0.021113737177923645,0.01200161631733755
2024-11-27,AMZN,205.7400054931641,-0.010199148999145646,0.022836402700643323,0.021598239605899405,0.021217750340221588,0.00471665370331003
2024-11-29,AMZN,207.88999938964844,0.010450052683389277,0.017984603316486176,0.021799965439047945,0.021256489020535597,0.007761771959851144
2024-12-02,AMZN,210.7100067138672,0.01356490130596999,0.015638337931896104,0.01686521977268475,0.021321272919723133,0.01266420466860485
2024-12-03,AMZN,213.44000244140625,0.012956175029913197,0.014924615959658055,0.016785138649179215,0.021374510091607696,0.01528890721066658
2024-12-04,AMZN,218.16000366210935,0.022113948494724367,0.01200161631733755,0.017389256096330727,0.021619780087475473,0.015496497826363176
2024-12-05,AMZN,220.5500030517578,0.010955259211262947,0.00471665370331003,0.016590953551542987,0.020821135144280276,0.017173372019824974
2024-12-06,AMZN,227.02999877929688,0.029381072944344444,0.007761771959851144,0.013764770097608757,0.02124579965046482,0.012753985477549445
2024-12-09,AMZN,226.08999633789065,-0.004140432746599365,0.01266420466860485,0.01342096898285248,0.021338396890509124,0.016030755702718495
2024-12-10,AMZN,225.0399932861328,-0.004644181824783655,0.01528890721066658,0.014253286468839693,0.02142597931596544,0.016578794943857344
2024-12-11,AMZN,230.2599945068359,0.023195882405070867,0.015496497826363176,0.013081610823729611,0.021618661780236626,0.024886467402867884
2024-12-12,AMZN,228.97000122070312,-0.0056023335225715565,0.017173372019824974,0.01233842446040686,0.021719394322225125,0.02665189543622113
2024-12-13,AMZN,227.4600067138672,-0.006594726378065796,0.012753985477549445,0.013516727452622848,0.020601109965715802,0.02712806436713592
2024-12-16,AMZN,232.92999267578125,0.024048121869595374,0.016030755702718495,0.0142846049145324,0.018128902223755718,0.02326462814882239
2024-12-17,AMZN,231.1499938964844,-0.007641775792155969,0.016578794943857344,0.015287576200688664,0.01803735416927526,0.02563452275827948
2024-12-18,AMZN,220.52000427246097,-0.045987410359975445,0.024886467402867884,0.022034398263240558,0.020163132545558196,0.01034634278465862
2024-12-19,AMZN,223.2899932861328,0.012561168873593154,0.02665189543622113,0.022118303543058864,0.01917185424517973,0.01278994534741489
2024-12-20,AMZN,224.9199981689453,0.00729994595290151,0.02712806436713592,0.020023948158628034,0.019068171111998815,0.012958956294743357
2024-12-23,AMZN,225.05999755859375,0.0006224408269079884,0.02326462814882239,0.01999097582830497,0.018951400520567502,0.01294215591285951
2024-12-24,AMZN,229.0500030517578,0.017728630305015702,0.02563452275827948,0.02068737349847253,0.019059533209631368,0.006910129589916761
2024-12-26,AMZN,227.0500030517578,-0.00873171784917226,0.01034634278465862,0.019474516033913484,0.01914856296162726,0.013366513688689097
2024-12-27,AMZN,223.75,-0.014534256804240364,0.01278994534741489,0.019897579929002988,0.01894517400174536,0.013278323855235532
2024-12-30,AMZN,221.3000030517578,-0.010949707031249978,0.012958956294743357,0.020053377061747202,0.018914071520366865,0.01751258666721175
2024-12-31,AMZN,219.38999938964844,-0.008630834323407832,0.01294215591285951,0.017768304361522897,0.01716088493607171,0.016749413411383453
2025-01-02,AMZN,220.22000122070312,0.003783225458606987,0.006910129589916761,0.018004347932603956,0.017106086371941484,0.018320356001305656
2025-01-03,AMZN,224.19000244140625,0.018027432561515733,0.013366513688689097,0.012098839877692337,0.017200840864297802,0.014990974254285045
2025-01-06,AMZN,227.61000061035156,0.015254909370185477,0.013278323855235532,0.012393489760812742,0.017191826651134882,0.010258916677374535
2025-01-07,AMZN,222.11000061035156,-0.02416414035082548,0.01751258666721175,0.014678190931409959,0.017299403319200504,0.014774030928912616
2025-01-08,AMZN,222.1300048828125,9.006470850470016e-05,0.016749413411383453,0.014671974275102346,0.017207267478559538,0.01595167941779286
2025-01-10,AMZN,218.94000244140625,-0.014360970473526025,0.018320356001305656,0.01353404811995799,0.01718724654140606,0.017210710868744306
2025-01-13,AMZN,218.4600067138672,-0.0021923619356289947,0.014990974254285045,0.013460436630815396,0.01631501095795532,0.01744528439840751
2025-01-14,AMZN,217.7599945068359,-0.003204303696411337,0.010258916677374535,0.012919456715584835,0.01618726548384353,0.015608268714655744
2025-01-15,AMZN,223.3500061035156,0.025670516796895804,0.014774030928912616,0.01527580087459454,0.016691215478146417,0.015361352733874612
2025-01-16,AMZN,220.66000366210935,-0.012043887924316987,0.01595167941779286,0.015551215387378041,0.016762055789807648,0.01204898745911372
2025-01-17,AMZN,225.94000244140625,0.023928209424767477,0.017210710868744306,0.01721299962113858,0.017132289497803814,0.010763669288308228
2025-01-21,AMZN,230.7100067138672,0.021111818274402117,0.01744528439840751,0.017542634889998167,0.017092733738359466,0.00854460960730188
2025-01-22,AMZN,235.0099945068359,0.018638063663626303,0.015608268714655744,0.0178352248529962,0.017287852153856975,0.006210988027865656
2025-01-23,AMZN,235.4199981689453,0.0017446222360448793,0.015361352733874612,0.015060692008566566,0.016511957310446156,0.008213272970053006
2025-01-24,AMZN,234.8500061035156,-0.002421170970448583,0.01204898745911372,0.015189424848979928,0.01649524552998609,0.010051284430596887
2025-01-27,AMZN,235.4199981689453,0.0024270472668350695,0.010763669288308228,0.013568706911656033,0.016456374906525923,0.010174894941565451
2025-01-28,AMZN,238.1499938964844,0.011596277923594078,0.00854460960730188,0.01318463990512108,0.016063928061920994,0.012463777635894279
2025-01-29,AMZN,237.07000732421875,-0.004534900692607535,0.006210988027865656,0.0133245999422569,0.016049404659814318,0.017650296711381186
2025-01-30,AMZN,234.63999938964844,-0.010250170242948609,0.008213272970053006,0.013053901558116117,0.016124986615903905,0.017339996695028875
2025-01-31,AMZN,237.67999267578125,0.012955989149507907,0.010051284430596887,0.011751897413809767,0.015703811789035495,0.024988609738997965
2025-02-03,AMZN,237.4199981689453,-0.0010938846972727845,0.010174894941565451,0.010463172986937035,0.015627855284183482,0.027346935421870642
2025-02-04,AMZN,242.05999755859375,0.019543422733693472,0.012463777635894279,0.010203653236633288,0.013227552969014948,0.02440028620851366
2025-02-05,AMZN,236.1699981689453,-0.024332807771026643,0.017650296711381186,0.012537994613440717,0.01401822987376734,0.0232751483842202
2025-02-06,AMZN,238.8300018310547,0.011263088803542765,0.017339996695028875,0.012990761269864334,0.014088726583745832,0.022445134009435853
2025-02-07,AMZN,229.1499938964844,-0.04053095448794497,0.024988609738997965,0.018636863801389365,0.016097625807320732,0.012936307198958727
2025-02-10,AMZN,233.13999938964844,0.017412199866636113,0.027346935421870642,0.019634537040326,0.016086200754132328,0.008495802619125612
2025-02-11,AMZN,232.7599945068359,-0.0016299428832776686,0.02440028620851366,0.019146331143725204,0.015994370814711188,0.008701473866617366
2025-02-12,AMZN,228.92999267578125,-0.01645472556041916,0.0232751483842202,0.01967707978050749,0.016062191258094268,0.00873104554139657
2025-02-13,AMZN,230.3699951171875,0.006290143220533118,0.022445134009435853,0.019724166345694977,0.015931920332506073,0.010705320954661255
2025-02-14,AMZN,228.67999267578125,-0.007336035409240549,0.012936307198958727,0.019087196653011305,0.01590536447971855,0.010538287019902599
2025-02-18,AMZN,226.6499938964844,-0.008877028355405603,0.008495802619125612,0.019128352672657733,0.01601047336443343,0.012397896291957047
2025-02-19,AMZN,226.6300048828125,-8.81933122002243e-05,0.008701473866617366,0.017311674155561316,0.015687778321934718,0.014498777513353602
2025-02-20,AMZN,222.8800048828125,-0.016546793977871843,0.00873104554139657,0.01657641844129194,0.015729404185274957,0.01598321558908395
2025-02-21,AMZN,216.5800018310547,-0.028266344731418536,0.010705320954661255,0.016806749958256605,0.015957674740742896,0.017818732575780927
2025-02-24,AMZN,212.7100067138672,-0.017868663239768212,0.010538287019902599,0.013344228622850604,0.016260351733625382,0.022025406387388154
2025-02-25,AMZN,212.8000030517578,0.000423094048469963,0.012397896291957047,0.010653454394626682,0.016074301442435376,0.021659564713478706
2025-02-26,AMZN,214.3500061035156,0.007283848822975836,0.014498777513353602,0.011666653369206987,0.016139425166269015,0.025162434118255177
2025-02-27,AMZN,208.7400054931641,-0.02617215045770649,0.01598321558908395,0.012786707789921041,0.01680293397035713,0.027669382277724933
2025-02-28,AMZN,212.27999877929688,0.016958863624484843,0.017818732575780927,0.014539838625650352,0.01639149792593775,0.024220202234951114
2025-03-03,AMZN,205.02000427246097,-0.034200087377916244,0.022025406387388154,0.016712831719289962,0.017351090853479526,0.02221615789394014
2025-03-04,AMZN,203.8000030517578,-0.005950644792114157,0.021659564713478706,0.016774492351478838,0.016636422640233184,0.02415154201903369
2025-03-05,AMZN,208.36000061035156,0.022374865016246748,0.025162434118255177,0.019583923479025357,0.016701793133247583,0.021203798124239955
2025-03-06,AMZN,200.6999969482422,-0.03676331176651382,0.027669382277724933,0.021492218451768713,0.01725144989897488,0.01776847980827298
2025-03-07,AMZN,199.25,-0.007224698407026442,0.024220202234951114,0.02053772501382255,0.017206374653509948,0.021626949760738326
2025-03-10,AMZN,194.5399932861328,-0.02363867861413893,0.02221615789394014,0.020919734195668026,0.017513020856400992,0.01893134824730318
2025-03-11,AMZN,196.58999633789065,0.010537694677220655,0.02415154201903369,0.02164142313565006,0.017710804885410984,0.0192708692043068
2025-03-12,AMZN,198.88999938964844,0.011699491808345286,0.021203798124239955,0.02202234689382569,0.017714317961226668,0.0197756672158805
2025-03-13,AMZN,193.88999938964844,-0.025139524437347016,0.01776847980827298,0.0219259092776708,0.018058317773195977,0.015705682375740528
2025-03-14,AMZN,197.9499969482422,0.02093969555611075,0.021626949760738326,0.02244201387832286,0.01872184947633259,0.012067492879352269
2025-03-17,AMZN,195.7400054931641,-0.011164392468548168,0.01893134824730318,0.02039904701492231,0.018418229107905186,0.01914400343734932
2025-03-18,AMZN,192.82000732421875,-0.014917738259935365,0.0192708692043068,0.020668485341357755,0.01845676028478906,0.014380254664014406
2025-03-19,AMZN,195.5399932861328,0.014106347155876442,0.0197756672158805,0.019573387292482886,0.01821482021218367,0.021288265676561446
2025-03-20,AMZN,194.9499969482422,-0.003017266841301769,0.015705682375740528,0.016354600062809806,0.017925895530859645,0.02093418793507483
2025-03-21,AMZN,196.2100067138672,0.006463245885351521,0.012067492879352269,0.016513479218030164,0.017785372969727705,0.0305079988363349
2025-03-24,AMZN,203.2599945068359,0.03593082692897376,0.01914400343734932,0.018257407608629195,0.018196041598053225,0.02126084016090167
2025-03-25,AMZN,205.7100067138672,0.012053587883713579,0.014380254664014406,0.018318893178339637,0.0180056552556585,0.020679701419487037
2025-03-26,AMZN,201.1300048828125,-0.022264360904062586,0.021288265676561446,0.019951762824409778,0.018303395672003734,0.024419773569643144
2025-03-27,AMZN,201.36000061035156,0.0011435177345771042,0.02093418793507483,0.017684274613796007,0.01819517144915272,0.04444430167449741
2025-03-28,AMZN,192.72000122070312,-0.04290822091507418,0.0305079988363349,0.02188631434053845,0.019402761371699603,0.04429504841443492
2025-03-31,AMZN,190.2599945068359,-0.012764667384212003,0.02126084016090167,0.021962768011585112,0.01944335779456373,0.04934844404559655
2025-04-01,AMZN,192.1699981689453,0.010038913682617556,0.020679701419487037,0.02182728352046521,0.01965006052540214,0.04732095769549333
2025-04-02,AMZN,196.0099945068359,0.01998228846583361,0.024419773569643144,0.022326253544732923,0.020168383622530452,0.07970057158326674
2025-04-03,AMZN,178.41000366210938,-0.08979129298487243,0.04444430167449741,0.036312516885888775,0.025412390531900825,0.07057870011871598
2025-04-04,AMZN,171.0,-0.041533565999713695,0.04429504841443492,0.03731550364896041,0.025904645628149335,0.06561929125807289
2025-04-07,AMZN,175.25999450683594,0.024912248577988017,0.04934844404559655,0.03584340046666482,0.026485909969747687,0.06687722145641702
2025-04-08,AMZN,170.66000366210938,-0.026246667744515673,0.04732095769549333,0.03476680559138831,0.026706537459851243,0.06544293928974905
2025-04-09,AMZN,191.1000061035156,0.11977031526306248,0.07970057158326674,0.05558529621849343,0.03529354026492301,0.02619418188777048
2025-04-10,AMZN,181.22000122070312,-0.051700704171933065,0.07057870011871598,0.05754677898157731,0.03616290916045886,0.018155611263796237
2025-04-11,AMZN,184.8699951171875,0.020141230945248445,0.06561929125807289,0.05687183440304863,0.03623134591185074,0.009558983096220452
2025-04-14,AMZN,182.1199951171875,-0.014875318183769082,0.06687722145641702,0.05691715645138578,0.03584509901583661,0.026646822412706946
2025-04-15,AMZN,179.58999633789062,-0.013891933050343641,0.06544293928974905,0.056814273229277276,0.03589443163313668,0.03515591193867334
2025-04-16,AMZN,174.3300018310547,-0.029288905919567454,0.02619418188777048,0.056511516281908536,0.03584498181313283,0.03237985334417735
2025-04-17,AMZN,172.61000061035156,-0.009866352335440198,0.018155611263796237,0.04918961832395633,0.035364385995805804,0.029651763689288308
2025-04-21,AMZN,167.32000732421875,-0.030647084568839134,0.009558983096220452,0.04833687882584691,0.035685597263514474,0.020138735717465762
2025-04-22,AMZN,173.17999267578125,0.03502262189247651,0.026646822412706946,0.04904359863876896,0.036243105357403375,0.021486916133083223
2025-04-23,AMZN,180.6000061035156,0.042845673527805994,0.03515591193867334,0.0498206025647657,0.037135702886948285,0.019109129126265896
2025-04-24,AMZN,186.5399932861328,0.032890293365840595,0.03237985334417735,0.03247889441192486,0.037607069666692375,0.018534532656830513
2025-04-25,AMZN,188.9900054931641,0.013133978209558528,0.029651763689288308,0.027536375885118917,0.03742479189252836,0.01786955131597456
2025-04-28,AMZN,187.6999969482422,-0.006825802991833663,0.020138735717465762,0.02715730969400124,0.037227201862592034,0.01996490440818733
2025-04-29,AMZN,187.38999938964844,-0.0016515586767922308,0.021486916133083223,0.02656798527970355,0.037179081375392074,0.020143244779700947
2025-04-30,AMZN,184.4199981689453,-0.015849304820837684,0.019109129126265896,0.02671447804671484,0.037191673109617636,0.020532138930433364
2025-05-01,AMZN,190.1999969482422,0.031341496782804956,0.018534532656830513,0.0254272373113389,0.03756151794846224,0.016698503319750743
2025-05-02,AMZN,189.97999572753903,-0.0011566836184704332,0.01786955131597456,0.024850321843346995,0.03755832445755378,0.016629615663366567
2025-05-05,AMZN,186.3500061035156,-0.01910722026349243,0.01996490440818733,0.022953196828596374,0.03769212335223379,0.033897508185469695
2025-05-06,AMZN,185.0099945068359,-0.007190832051464091,0.020143244779700947,0.021915743849973784,0.03705043356772843,0.030367996660504555
2025-05-07,AMZN,188.7100067138672,0.019998985551532344,0.020532138930433364,0.018700531710602104,0.0371860273268557,0.03381090465809876
2025-05-08,AMZN,192.0800018310547,0.01785806262143419,0.016698503319750743,0.016663249898599356,0.03716144264171695,0.0398673924679402
2025-05-09,AMZN,193.05999755859375,0.0051020185245573835,0.016629615663366567,0.016313355538920788,0.037175877851087724,0.04005860412224924
2025-05-12,AMZN,208.63999938964844,0.08070031092964336,0.033897508185469695,0.029251388808559167,0.03913939362500076,0.013858607406648214
2025-05-13,AMZN,211.3699951171875,0.01308471882441209,0.030367996660504555,0.02891218239254896,0.03905619971601854,0.011006892290814389
2025-05-14,AMZN,210.25,-0.005298742220089303,0.03381090465809876,0.027939757154794565,0.03907805364626348,0.011416468331941666
2025-05-15,AMZN,205.1699981689453,-0.024161720956264898,0.0398673924679402,0.029479526718549903,0.0392755419929729,0.010010357393626526
2025-05-16,AMZN,205.58999633789065,0.002047074000553817,0.04005860412224924,0.029386425742006617,0.03522364024896515,0.010298626331506371
2025-05-19,AMZN,206.16000366210935,0.0027725440652368594,0.013858607406648214,0.027895519158850014,0.03410246565256648,0.016903427910117272
2025-05-20,AMZN,204.07000732421875,-0.0101377391383638,0.011006892290814389,0.028117749624994325,0.034060761842097415,0.016410267266367403
2025-05-21,AMZN,201.1199951171875,-0.014455883280997672,0.011416468331941666,0.02888369706475799,0.033746869420485257,0.01403984688191771
2025-05-22,AMZN,203.1000061035156,0.009844923599835909,0.010010357393626526,0.028651540815089093,0.026063199072867624,0.014046099249650055
2025-05-23,AMZN,200.9900054931641,-0.010388973643240984,0.010298626331506371,0.02911745427475589,0.024128137521333685,0.01230670664466817
2025-05-27,AMZN,206.02000427246097,0.025026113945093353,0.016903427910117272,0.014622073536636596,0.024258816302258738,0.006290109627331081
2025-05-28,AMZN,204.72000122070312,-0.006310081665849232,0.016410267266367403,0.013783961138933444,0.02408002044142858,0.005985944538379607
2025-05-29,AMZN,205.6999969482422,0.004787005283780621,0.01403984688191771,0.013973397181077159,0.023836850595466814,0.005876137706125761
2025-05-30,AMZN,205.0099945068359,-0.0033544115296214594,0.014046099249650055,0.011684582712074404,0.0230138513731523,0.011718393893848073
2025-06-02,AMZN,206.6499938964844,0.00799960701230007,0.01230670664466817,0.011950020453004973,0.02282840626030086,0.012204200959083561
2025-06-03,AMZN,205.7100067138672,-0.00454869204152053,0.006290109627331081,0.012024689153934875,0.02184958836888831,0.010312741181399352
2025-06-04,AMZN,207.22999572753903,0.00738898917924824,0.005985944538379607,0.011680157967818286,0.021206344710821466,0.017723337155947073
2025-06-05,AMZN,207.91000366210935,0.0032814165352026414,0.005876137706125761,0.010227684959731205,0.020048227130021096,0.017887445101935285
2025-06-06,AMZN,213.57000732421875,0.027223334916139486,0.011718393893848073,0.012641272268577603,0.019800511273998258,0.013172734408290266
2025-06-09,AMZN,216.97999572753903,0.015966607137600564,0.012204200959083561,0.011768032233828269,0.019848786345996,0.014148530002910165
2025-06-10,AMZN,217.61000061035156,0.0029035159702170965,0.010312741181399352,0.010123049229283478,0.019731426589576904,0.014132122154494326
2025-06-11,AMZN,213.1999969482422,-0.020265629565462184,0.017723337155947073,0.012596915200403179,0.02023799426967896,0.011535587867109337
2025-06-12,AMZN,213.2400054931641,0.0001876573428452044,0.017887445101935285,0.01265442678554505,0.01989068180544682,0.012818697043214483
2025-06-13,AMZN,212.1000061035156,-0.005346085913907173,0.013172734408290266,0.012792333847554882,0.019337850457293318,0.012839377517540053
2025-06-16,AMZN,216.1000061035156,0.018859028217320217,0.014148530002910165,0.013650841893941022,0.01950497014674977,0.013606196378758664
2025-06-17,AMZN,214.82000732421875,-0.005923177895162612,0.014132122154494326,0.01375929169079482,0.0190994576687929,0.013523297004303169
2025-06-18,AMZN,212.52000427246097,-0.010706651956707613,0.011535587867109337,0.014496713262906545,0.019186928817193367,0.01687192302081493
2025-06-20,AMZN,209.69000244140625,-0.013316402099383118,0.012818697043214483,0.015338073898908313,0.019241213375724847,0.016234964048128193
2025-06-23,AMZN,208.47000122070312,-0.005818118205440093,0.012839377517540053,0.012311680580356298,0.019125427032715633,0.019988197365319125
2025-06-24,AMZN,212.77000427246097,0.02062648355436769,0.013606196378758664,0.013141996261285411,0.019395053561017814,0.019203761764412314
2025-06-25,AMZN,211.9900054931641,-0.0036659245365152637,0.013523297004303169,0.013040113973712351,0.012798114632975605,0.019037519746776588
2025-06-26,AMZN,217.1199951171875,0.024199205109171285,0.01687192302081493,0.013877235046574565,0.013321843724115531,0.017516302740986808
2025-06-27,AMZN,223.3000030517578,0.028463559660798277,0.016234964048128193,0.016177466556911678,0.014172054491508785,0.01212516328555933
2025-06-30,AMZN,219.38999938964844,-0.017510092291414314,0.019988197365319125,0.017428796948499498,0.013793915337834538,0.01244937414201764
2025-07-01,AMZN,220.4600067138672,0.00487719279454657,0.019203761764412314,0.016602863873186467,0.013801605886279926,0.014027991107588992
2025-07-02,AMZN,219.9199981689453,-0.002449462616694653,0.019037519746776588,0.016451471708799535,0.013829933151226442,0.01394427162492733
2025-07-03,AMZN,223.41000366210935,0.015869432167251007,0.017516302740986808,0.016231489329441885,0.01384189075466187,0.013161686756493658
2025-07-07,AMZN,223.47000122070312,0.0002685535903061975,0.01212516328555933,0.01504114938252245,0.013452964054386188,0.013153733776222889
2025-07-08,AMZN,219.36000061035156,-0.018391733064396676,0.01244937414201764,0.016626045018279183,0.013978879750106142,0.006785538864531704
2025-07-09,AMZN,222.5399932861328,0.014496684294917905,0.014027991107588992,0.01609994813643143,0.013915796087610443,0.00956796150500602
2025-07-10,AMZN,222.2599945068359,-0.0012581953255336176,0.01394427162492733,0.015979891514736378,0.013328412743910376,0.009552209308823596
2025-07-11,AMZN,225.02000427246097,0.01241793320363005,0.013161686756493658,0.014785007157546175,0.013334419732951646,0.008912244113881406
2025-07-14,AMZN,225.69000244140625,0.0029775049161142597,0.013153733776222889,0.011965693996518709,0.013331282511439052,0.010706732194942982
2025-07-15,AMZN,226.3500061035156,0.0029243814744550622,0.006785538864531704,0.010014541686732732,0.01327429534078537,0.011834549753342331
2025-07-16,AMZN,223.19000244140625,-0.013960696164789121,0.00956796150500602,0.011342156884129049,0.013612581494735007,0.008365762867832761
2025-07-17,AMZN,223.8800048828125,0.0030915472640284936,0.009552209308823596,0.011274349555413071,0.013544383052543577,0.009987422475462528
2025-07-18,AMZN,226.1300048828125,0.010050026580880944,0.008912244113881406,0.01059996256930834,0.013583359479446897,0.010865055617536762
2025-07-21,AMZN,229.3000030517578,0.014018476542235536,0.010706732194942982,0.011323910589956408,0.013731608816114104,0.009659779413598983
2025-07-22,AMZN,227.47000122070312,-0.007980819043607368,0.011834549753342331,0.009508936080118813,0.01311227471545763,0.009564881259566498
2025-07-23,AMZN,228.2899932861328,0.003604836070819184,0.008365762867832761,0.008723340976941772,0.012856040201903323,0.010001221889486432
2025-07-24,AMZN,232.22999572753903,0.01725876103762425,0.009987422475462528,0.009723978629522557,0.01316299174199049,0.009912141792230305
2025-07-25,AMZN,231.44000244140625,-0.003401771091877559,0.010865055617536762,0.009567466112822618,0.012512152705128902,0.03944839442906476
2025-07-28,AMZN,232.7899932861328,0.005833005662313484,0.009659779413598983,0.009613921477605715,0.012513721468065873,0.037884807519143124
2025-07-29,AMZN,231.0099945068359,-0.007646371539299923,0.009564881259566498,0.01020377064817284,0.01257355147861801,0.03987753607971677
2025-07-30,AMZN,230.19000244140625,-0.003549595623255186,0.010001221889486432,0.008822082343927513,0.01225604153903683,0.04705748154002987
2025-07-31,AMZN,234.11000061035156,0.017029402351838252,0.009912141792230305,0.009856125100520863,0.012447670903266764,0.04578437044530297
2025-08-01,AMZN,214.75,-0.08269617085933034,0.03944839442906476,0.02904111691940558,0.01988647885773383,0.020313504032175644
2025-08-04,AMZN,211.6499938964844,-0.014435418409851408,0.037884807519143124,0.028384063066559787,0.019914405455699273,0.018341361663266616
2025-08-05,AMZN,213.75,0.009922070229506863,0.03987753607971677,0.028916863823068656,0.01994930345683219,0.018690909451153714
2025-08-06,AMZN,222.30999755859375,0.04004677220394748,0.04705748154002987,0.03232977888819228,0.020899491905031674,0.00759804370050992
2025-08-07,AMZN,223.1300048828125,0.0036885760119835798,0.04578437044530297,0.031702659002431646,0.020877743544668443,0.014222383613652955
2025-08-08,AMZN,222.69000244140625,-0.001971955504762035,0.020313504032175644,0.03170648029416285,0.020457486111663477,0.013906681744289365
2025-08-11,AMZN,221.3000030517578,-0.006241858073597895,0.018341361663266616,0.031546240518557984,0.019825508176198308,0.012270355693371794
2025-08-12,AMZN,221.47000122070312,0.0007681796954406295,0.018690909451153714,0.03156773905871325,0.019551103118084504,0.01632028103417278
2025-08-13,AMZN,224.55999755859375,0.01395221168040428,0.00759804370050992,0.03206102882753484,0.019690785499807736,0.01860942712199174
2025-08-14,AMZN,230.97999572753903,0.02858923333961183,0.014222383613652955,0.03301727375756721,0.020319150353467867,0.009019917829983185
2025-08-15,AMZN,231.02999877929688,0.00021648217457248542,0.013906681744289365,0.016411842234604675,0.020146778748874952,0.019917061441394743
2025-08-18,AMZN,231.4900054931641,0.0019911124801876845,0.012270355693371794,0.014711557240361663,0.02014613145654027,0.019815116922390935
2025-08-19,AMZN,228.0099945068359,-0.015033093886340332,0.01632028103417278,0.01655673115842145,0.020041540329135722,0.018682184548959375
2025-08-20,AMZN,223.80999755859375,-0.01842023178556873,0.01860942712199174,0.013468814507465699,0.0202052960101615,0.015394102260247951
2025-08-21,AMZN,221.9499969482422,-0.008310623433453235,0.009019917829983185,0.013710640782284284,0.020266101881927137,0.013595172110396849
2025-08-22,AMZN,228.83999633789065,0.031043025385826706,0.019917061441394743,0.01690519284674473,0.020929073511164267,0.008263511851080851
2025-08-25,AMZN,227.94000244140625,-0.003932852258726305,0.019815116922390935,0.01678245386004948,0.020942061119357893,0.011046557829745538
2025-08-26,AMZN,228.7100067138672,0.0033781006590050122,0.018682184548959375,0.016762679724028465,0.020944000055772505,0.010985814067484534
2025-08-27,AMZN,229.1199951171875,0.0017926124405795996,0.015394102260247951,0.016343721479337905,0.02076400574415028,0.02330697378719544
2025-08-28,AMZN,231.6000061035156,0.0108240705271474,0.013595172110396849,0.013936521670646042,0.020837591079991974,0.024630194434355657
2025-08-29,AMZN,229.0,-0.011226278216735053,0.008263511851080851,0.01441083569630778,0.020893137276907656,0.0242094729179081
2025-09-02,AMZN,225.33999633789065,-0.015982548742835556,0.011046557829745538,0.015128502790732992,0.020948471745563187,0.020824850393075633
2025-09-03,AMZN,225.9900054931641,0.0028845707190781056,0.010985814067484534,0.014540231995121252,0.02090610926586359,0.029106038937169364
2025-09-04,AMZN,235.67999267578125,0.042877945692648245,0.02330697378719544,0.018630016844525345,0.022321379080191408,0.01953085972695233
2025-09-05,AMZN,232.3300018310547,-0.014214150326010255,0.024630194434355657,0.019195417539746316,0.022285438759708738,0.018958139628136514
2025-09-08,AMZN,235.83999633789065,0.015107797009308976,0.0242094729179081,0.017341559654214984,0.022436302586039018,0.018780888723725825
2025-09-09,AMZN,238.2400054931641,0.010176429751274751,0.020824850393075633,0.01727502308938538,0.022483356770416234,0.018996895656542515
2025-09-10,AMZN,230.3300018310547,-0.03320182790348525,0.029106038937169364,0.021020421699494314,0.023292623891750554,0.011178374557556164
2025-09-11,AMZN,229.9499969482422,-0.0016498279850283293,0.01953085972695233,0.02103243413836378,0.023284746473221343,0.011180524536744993
2025-09-12,AMZN,228.1499938964844,-0.00782780202498956,0.018958139628136514,0.020847249133864452,0.023108017920081134,0.010041861188642063
2025-09-15,AMZN,231.42999267578125,0.014376501718361023,0.018780888723725825,0.02106452208238901,0.017275759211254644,0.010764245371708201
2025-09-16,AMZN,234.0500030517578,0.011320962964584513,0.018996895656542515,0.020339029436277776,0.01703627158616313,0.012643131840050349
2025-09-17,AMZN,231.6199951171875,-0.010382430689534927,0.011178374557556164,0.020845189810407394,0.01717502403648077,0.013340972104843363
2025-09-18,AMZN,231.22999572753903,-0.0016837898189711042,0.011180524536744993,0.01532377162990701,0.015681060855597586,0.012567023001917308
2025-09-19,AMZN,231.47999572753903,0.0010811746080494622,0.010041861188642063,0.014697279625854336,0.01567533731407742,0.014364738467189168
2025-09-22,AMZN,227.6300048828125,-0.016632067201427292,0.010764245371708201,0.014432594540151193,0.016007251410187634,0.016422621129705828
2025-09-23,AMZN,220.7100067138672,-0.030400202172415014,0.012643131840050349,0.015816001302356178,0.016956114212522286,0.009984100461718892
2025-09-24,AMZN,220.2100067138672,-0.0022654160880354324,0.013340972104843363,0.013006065037508039,0.016960724994019,0.010258651433470253
2025-09-25,AMZN,218.1499938964844,-0.009354764790773018,0.012567023001917308,0.013052765861590262,0.01683044246704659,0.00898718244578079
2025-09-26,AMZN,219.77999877929688,0.007471945580644457,0.014364738467189168,0.013592998547409117,0.015977652119683203,0.011329505100657783
2025-09-29,AMZN,222.1699981689453,0.01087450815780766,0.016422621129705828,0.013113729087931769,0.016135593806792012,0.01036076222055717
2025-09-30,AMZN,219.57000732421875,-0.011702709034319914,0.009984100461718892,0.012108113278956752,0.016236252150330716,0.0085686006200388
2025-10-01,AMZN,220.6300048828125,0.004827606336181178,0.010258651433470253,0.012487600589081013,0.016075165114737264,0.01054358792609803
2025-10-02,AMZN,222.41000366210935,0.008067800117405932,0.00898718244578079,0.013120805589857324,0.01580897812297712,0.010917738508233521
2025-10-03,AMZN,219.5099945068359,-0.013039023009411066,0.011329505100657783,0.013295382722582055,0.01591697757792561,0.02683731233333897
2025-10-06,AMZN,220.8999938964844,0.006332282923023014,0.01036076222055717,0.013085911264245768,0.014845240994798807,0.0281322974965099
2025-10-07,AMZN,221.77999877929688,0.003983725247293846,0.0085686006200388,0.00891541369888433,0.014862948722387763,0.028835651121963315
2025-10-08,AMZN,225.22000122070312,0.015510877718191152,0.01054358792609803,0.010004132491059553,0.01514315706755546,0.02668740045311453
2025-10-09,AMZN,227.7400054931641,0.01118907849570383,0.010917738508233521,0.009438898523266747,0.015286606303580266,0.02460672674296381
2025-10-10,AMZN,216.3699951171875,-0.04992539782966621,0.02683731233333897,0.019461205695262163,0.017634549708581155,0.01235727135932766
2025-10-13,AMZN,220.07000732421875,0.017100394188331425,0.0281322974965099,0.019989507662328404,0.017886353243081434,0.011970251777140452
2025-10-14,AMZN,216.38999938964844,-0.016721987604375044,0.028835651121963315,0.02035433620866501,0.017907966727631706,0.014708160410146831
2025-10-15,AMZN,215.57000732421875,-0.003789417568938358,0.02668740045311453,0.020249762889892095,0.017897004752394884,0.01802146241635451
2025-10-16,AMZN,214.47000122070312,-0.00510277898660183,0.02460672674296381,0.019938778228992676,0.015826258499659566,0.018122251897570267
2025-10-17,AMZN,213.0399932861328,-0.006667636156250767,0.01235727135932766,0.01969853392733093,0.01570161101158047,0.01675632291049115
2025-10-20,AMZN,216.47999572753903,0.016147214372026264,0.011970251777140452,0.02043535487338617,0.01574349823709326,0.01651255984558351
2025-10-21,AMZN,222.02999877929688,0.025637486886977978,0.014708160410146831,0.02219135017974276,0.016419112885044895,0.014014249069929294
2025-10-22,AMZN,217.9499969482422,-0.018375903497213075,0.01802146241635451,0.022204234065449812,0.015659822231686302,0.00403397161529757
2025-10-23,AMZN,221.08999633789065,0.014406971477930908,0.018122251897570267,0.02245542959755742,0.01593429478883163,0.01937099711857385
2025-10-24,AMZN,224.2100067138672,0.014111947295924798,0.01675632291049115,0.015578723933684509,0.016121269860847796,0.047080241719102155
2025-10-27,AMZN,226.97000122070312,0.012309863182682124,0.01651255984558351,0.015188778514176035,0.01606001385675807,0.047855814409703545
2025-10-28,AMZN,229.25,0.010045375014470892,0.014014249069929294,0.013559958105565428,0.016029236100639752,0.05143779510530732
2025-10-29,AMZN,230.3000030517578,0.0045801659836763875,0.00403397161529757,0.01314943091805788,0.015945791054341883,0.05150815178492059
2025-10-30,AMZN,222.86000061035156,-0.03230569840563213,0.01937099711857385,0.017841310388725256,0.01699827380149262,0.050631176107876825
2025-10-31,AMZN,244.22000122070312,0.09584492754129248,0.047080241719102155,0.03356234753835824,0.024544837561612305,0.02648295850320599
2025-11-03,AMZN,254.0,0.04004585509136338,0.047855814409703545,0.034549577110175825,0.02522732344518965,0.018549109238156263
2025-11-04,AMZN,249.32000732421875,-0.018425168014886806,0.05143779510530732,0.03605034514352032,0.024755201608063628,0.016864169164736452
2025-11-05,AMZN,250.1999969482422,0.0035295587926045258,0.05150815178492059,0.03462161823412395,0.02472430718810694,0.01871883950772595
2025-11-06,AMZN,243.0399932861328,-0.028617121300727022,0.050631176107876825,0.037199926550333204,0.02534039616090821,0.01824321854450943
2025-11-07,AMZN,244.41000366210935,0.005636975040414827,0.02648295850320599,0.037195211867748476,0.025333719435644483,0.017517339475553166
2025-11-10,AMZN,248.3999938964844,0.01632498741700905,0.018549109238156263,0.03725336436833222,0.025405274133823676,0.011420725248917045
2025-11-11,AMZN,249.1000061035156,0.0028180846386127723,0.016864169164736452,0.037315240930252486,0.025232897581754295,0.014396264658173195
2025-11-12,AMZN,244.1999969482422,-0.019670851205186968,0.01871883950772595,0.03840249453303422,0.025615981714530677,0.017758720033452868
2025-11-13,AMZN,237.5800018310547,-0.027108907452568887,0.01824321854450943,0.037849924922814956,0.026207396055311864,0.017507911778522428
2025-11-14,AMZN,234.69000244140625,-0.012164320933474637,0.017517339475553166,0.021625536543195354,0.026189962019707653,0.023412206963340804
2025-11-17,AMZN,232.8699951171875,-0.007754941860691922,0.011420725248917045,0.015192081247158198,0.026246149120976822,0.028936573615817373
2025-11-18,AMZN,222.5500030517578,-0.04431653833391602,0.014396264658173195,0.01883329693154634,0.027573615157224667,0.019655354658369806
2025-11-19,AMZN,222.69000244140625,0.0006290693674619874,0.017758720033452868,0.01860333314948647,0.027427289412739052,0.019906882299526717
2025-11-20,AMZN,217.13999938964844,-0.02492255148822009,0.017507911778522428,0.018257377144340593,0.027709379965096908,0.010134504081486456
2025-11-21,AMZN,220.69000244140625,0.016348913427910006,0.023412206963340804,0.019609576057715603,0.026298660787430275,0.01123824924445135
2025-11-24,AMZN,226.27999877929688,0.02532963104830621,0.028936573615817373,0.021101762161640808,0.026514571046047868,0.0087019149430329
2025-11-25,AMZN,229.6699981689453,0.0149814363087164,0.019655354658369806,0.02218654016378739,0.0264047196996745,0.00973921601049772
2025-11-26,AMZN,229.16000366210935,-0.0022205534501760216,0.019906882299526717,0.021838320469135097,0.026393760243628578,0.012257355471982602
2025-11-28,AMZN,233.22000122070312,0.017716868099636462,0.010134504081486456,0.02165108699084267,0.026499609728391983,0.007754097581315772
2025-12-01,AMZN,233.8800048828125,0.0028299616613276513,0.01123824924445135,0.02135827053024004,0.026435179520070424,0.007634095860210538
2025-12-02,AMZN,234.4199981689453,0.0023088475921804186,0.0087019149430329,0.021195964365159314,0.026326427946607205,0.00828083433818749
2025-12-03,AMZN,232.3800048828125,-0.008702300580441968,0.00973921601049772,0.014781725541200927,0.026052668083948974,0.012649793667092448
2025-12-04,AMZN,229.11000061035156,-0.014071797072686909,0.012257355471982602,0.01589112460232072,0.025949144395559568,0.010946108672042766
2025-12-05,AMZN,229.52999877929688,0.0018331725713693903,0.007754097581315772,0.012583079557254571,0.025842898155069294,0.013751271324585309
2025-12-08,AMZN,226.88999938964844,-0.011501761877265149,0.007634095860210538,0.01302281313042787,0.02583718456670901,0.014609632428038226
2025-12-09,AMZN,227.9199981689453,0.004539639393836836,0.00828083433818749,0.0104384770135511,0.02575571982132166,0.014102973838057153
2025-12-10,AMZN,231.77999877929688,0.016935769749744978,0.012649793667092448,0.010747796608006694,0.025874667946325283,0.007528976514146985
2025-12-11,AMZN,230.27999877929688,-0.006471654188885845,0.010946108672042766,0.010969656377880523,0.02589591638199273,0.0171849427473779
2025-12-12,AMZN,226.19000244140625,-0.017760970816273702,0.013751271324585309,0.010525799504540237,0.02539548162978511,0.015084493910585419
2025-12-15,AMZN,222.5399932861328,-0.01613691637948922,0.014609632428038226,0.01105298460833294,0.018135401751998053,0.011603244543019918
2025-12-16,AMZN,222.55999755859375,8.989068511033871e-05,0.014102973838057153,0.010913513303730946,0.016237997439923504,0.01203340123007466
2025-12-17,AMZN,221.27000427246097,-0.005796159688549407,0.007528976514146985,0.010846146160626818,0.016020524149979835,0.010258494962175116
2025-12-18,AMZN,226.7599945068359,0.024811271877659635,0.0171849427473779,0.01374801823586935,0.016810074990327988,0.006466035997278856
2025-12-19,AMZN,227.3500061035156,0.0026019210221046585,0.015084493910585419,0.013767419446530663,0.016130859773926545,0.0071743665246767835
2025-12-22,AMZN,228.42999267578125,0.00475032567966549,0.011603244543019918,0.01332491966914158,0.016117010183303467,0.00722200443980687
2025-12-23,AMZN,232.13999938964844,0.016241329216049705,0.01203340123007466,0.01418042704842659,0.016113714738653563,0.0037667589482197764
2025-12-24,AMZN,232.3800048828125,0.001033882544133169,0.010258494962175116,0.013165576216450705,0.01609811577719433,0.008413701707303899
2025-12-26,AMZN,232.52000427246097,0.000602458846315379,0.006466035997278856,0.012947372020027709,0.01576086118989109,0.017671550798157725
2025-12-29,AMZN,232.07000732421875,-0.0019353042317808988,0.0071743665246767835,0.011249313682955564,0.015002949431797185,0.022851408758597685
2025-12-30,AMZN,232.52999877929688,0.001982123671998126,0.00722200443980687,0.009155759127051553,0.014850841372052224,0.022813348792579808
2025-12-31,AMZN,230.82000732421875,-0.0073538531116630335,0.0037667589482197764,0.009826578072961346,0.014843985158861712,0.021464396037745533
2026-01-02,AMZN,226.5,-0.018715913643268745,0.008413701707303899,0.011853263241677011,0.012817088121511935,0.014072910057637202
2026-01-05,AMZN,233.05999755859375,0.028962461627345393,0.017671550798157725,0.01276305224331674,0.013819014617624513,0.015169268549481318
2026-01-06,AMZN,240.92999267578125,0.033768107781812384,0.022851408758597685,0.016079160979261566,0.014085083603566369,0.01283967538213685
2026-01-07,AMZN,241.55999755859375,0.0026148877348795008,0.022813348792579808,0.01611077038177345,0.01387696079156968,0.017214866150388673
2026-01-08,AMZN,246.2899932861328,0.019581038977249277,0.021464396037745533,0.016385382533949857,0.01359639916596773,0.013275773610954025
2026-01-09,AMZN,247.3800048828125,0.004425724253495522,0.014072910057637202,0.016304826024352098,0.013408717364087273,0.013177633557705223
2026-01-12,AMZN,246.47000122070312,-0.003678565947722645,0.015169268549481318,0.016528430067561477,0.013429288999414807,0.017643418559152108
2026-01-13,AMZN,242.6000061035156,-0.01570168822988771,0.01283967538213685,0.017785081733540903,0.01351075427202574,0.01855462538895604
2026-01-14,AMZN,236.6499938964844,-0.02452601837319146,0.017214866150388673,0.020048198658047193,0.014310593268104526,0.018488661120956217
2026-01-15,AMZN,238.17999267578125,0.006465239039753046,0.013275773610954025,0.019811454621590018,0.014348868072883126,0.020977164663616484
2026-01-16,AMZN,239.1199951171875,0.0039466053837939885,0.013177633557705223,0.018244990787441174,0.014250706974740655,0.020966203989504082
2026-01-20,AMZN,231.0,-0.033957825706746436,0.017643418559152108,0.020047854843711257,0.015394962080287395,0.01243607699696519
2026-01-21,AMZN,231.30999755859375,0.001341980773133189,0.01855462538895604,0.016082485020559516,0.015393633571239353,0.014492295832174203
2026-01-22,AMZN,234.33999633789065,0.013099298825289152,0.018488661120956217,0.016879907890986492,0.01539456027226795,0.01578097847568678
2026-01-23,AMZN,239.16000366210935,0.020568436457892636,0.020977164663616484,0.01702826195268674,0.015787881200944955,0.01478287960875783
2026-01-26,AMZN,238.4199981689453,-0.003094185824689677,0.020966203989504082,0.016838615040961864,0.01554414504552227,0.01599512164117071
2026-01-27,AMZN,244.67999267578125,0.026256163723313408,0.01243607699696519,0.019295516270630645,0.016134672333341815,0.012311018157824762
2026-01-28,AMZN,243.0099945068359,-0.006825233852112311,0.014492295832174203,0.018717072900602223,0.015789164768651904,0.01495269520000667
2026-01-29,AMZN,241.72999572753903,-0.005267268047532414,0.01578097847568678,0.016764630583768772,0.015467859966164708,0.0216305123213637
2026-01-30,AMZN,239.3000030517578,-0.010052507834071744,0.01478287960875783,0.017113623954108963,0.015640738761118905,0.02728794698147415
2026-02-02,AMZN,242.9600067138672,0.015294624385431943,0.01599512164117071,0.01772538823072565,0.015726961428470108,0.019647243554423537
2026-02-03,AMZN,238.6199951171875,-0.017863069956986388,0.012311018157824762,0.014574953834177597,0.015638382332939564,0.0214457397730936
2026-02-04,AMZN,232.9900054931641,-0.023593955826118007,0.01495269520000667,0.0169030561427183,0.016310070781565662,0.022346899632939565
2026-02-05,AMZN,222.69000244140625,-0.04420791797466195,0.0216305123213637,0.021404657637291928,0.018250182196829598,0.019879390183843926
2026-02-06,AMZN,210.32000732421875,-0.05554804877440456,0.02728794698147415,0.024639445070451484,0.02051952978274564,0.006974161530363617
2026-02-09,AMZN,208.72000122070312,-0.00760748406141476,0.019647243554423537,0.024489089789553383,0.020520451896874178,0.012627394404161973
2026-02-10,AMZN,206.9600067138672,-0.008432323191560842,0.0214457397730936,0.0204422995114299,0.020526478765698495,0.01688626742709415
2026-02-11,AMZN,204.0800018310547,-0.013915755650289796,0.022346899632939565,0.020194360956060052,0.020607976287827148,0.015517647648009591
2026-02-12,AMZN,199.6000061035156,-0.021952154485219033,0.019879390183843926,0.019791566240663673,0.020827803044577535,0.012282769056277898
2026-02-13,AMZN,198.7899932861328,-0.004058180323715521,0.006974161530363617,0.020172640244898527,0.020822917372027044,0.018969797885333862
2026-02-17,AMZN,201.1499938964844,0.011871828009746288,0.012627394404161973,0.01956116157808136,0.020864611212089035,0.01934690515675514
2026-02-18,AMZN,204.7899932861328,0.018095945812067082,0.01688626742709415,0.022743771308973076,0.020365735476812048,0.018550058021182782
2026-02-19,AMZN,204.86000061035156,0.00034184934085601526,0.015517647648009591,0.022989406210482937,0.0190975094660288,0.02037963712819071
2026-02-20,AMZN,210.11000061035156,0.025627257563010764,0.012282769056277898,0.022907964414723436,0.019869320461368172,0.016983873796321186
2026-02-23,AMZN,205.27000427246097,-0.023035535309270494,0.018969797885333862,0.016410387406815857,0.019614104130590528,0.012593298057487174
2026-02-24,AMZN,208.55999755859375,0.016027637831418806,0.01934690515675514,0.01724298084754905,0.019935764482766537,0.0103382237114409
2026-02-25,AMZN,210.63999938964844,0.00997315810991184,0.018550058021182782,0.01721842297932671,0.020133118748002898,0.020326655602631527
2026-02-26,AMZN,207.9199981689453,-0.012913032798065993,0.02037963712819071,0.017118732041870886,0.02008850926886998,0.017377965214836387
2026-02-27,AMZN,210.0,0.01000385652833935,0.016983873796321186,0.015003080767317966,0.01991556616570672,0.02393149386564033
2026-03-02,AMZN,208.38999938964844,-0.007666669573102691,0.012593298057487174,0.015290955897854895,0.01983182548518105,0.023232683728410895
2026-03-03,AMZN,208.72999572753903,0.001631538648142472,0.0103382237114409,0.015108975646751436,0.0198033092895711,0.023170419106252563
2026-03-04,AMZN,216.82000732421875,0.038758260730479055,0.020326655602631527,0.01834601891256603,0.020489939399026005,0.01402780092624088
2026-03-05,AMZN,218.94000244140625,0.009777672934109694,0.017377965214836387,0.01827233026859597,0.02059365153741219,0.012263345991772052
2026-03-06,AMZN,213.2100067138672,-0.026171534044230005,0.02393149386564033,0.01963883659123754,0.020871769834854132,0.007682111156667815
2026-03-09,AMZN,213.4900054931641,0.0013132534612818603,0.023232683728410895,0.017648307504683686,0.020415227656996618,0.013626724381443774
2026-03-10,AMZN,214.3300018310547,0.003934593265620068,0.023170419106252563,0.017145315056689748,0.02046120937414717,0.015831015360645146
2026-03-11,AMZN,212.6499938964844,-0.007838417021498234,0.01402780092624088,0.017249594985703134,0.01969309307097194,0.019544719018703492
2026-03-12,AMZN,209.52999877929688,-0.014671973697334306,0.012263345991772052,0.017416331579675946,0.019777291850790222,0.0185036328754299
2026-03-13,AMZN,207.6699981689453,-0.008877013416636048,0.007682111156667815,0.017343859114726096,0.019791597689193762,0.019588110051775798
2026-03-16,AMZN,211.7400054931641,0.0195984367511175,0.013626724381443774,0.018293177393491337,0.020258135136160083,0.02063091840820664
2026-03-17,AMZN,215.1999969482422,0.016340754535353108,0.015831015360645146,0.018865417960642922,0.020293131713901288,0.01846044326864668
2026-03-18,AMZN,209.8699951171875,-0.024767666852414494,0.019544719018703492,0.016053612140983897,0.02049585500146738,0.019163031097428538
2026-03-19,AMZN,208.7599945068359,-0.005288991452693348,0.0185036328754299,0.015400694224693525,0.02016422682210368,0.021458820897680916
2026-03-20,AMZN,205.3699951171875,-0.01623874055781982,0.019588110051775798,0.014125418232108292,0.01881657883773056,0.027317579610762328
2026-03-23,AMZN,210.13999938964844,0.02322639327005427,0.02063091840820664,0.01648371742811862,0.016517869795543375,0.023947354914048948
2026-03-24,AMZN,207.2400054931641,-0.013800294588880657,0.01846044326864668,0.016790230954927998,0.016655672197505172,0.030809909692943664
2026-03-25,AMZN,211.7100067138672,0.021569200454641724,0.019163031097428538,0.018392606431702124,0.017034717459141483,0.02941290384070543
2026-03-26,AMZN,207.5399932861328,-0.019696817795534227,0.021458820897680916,0.01889103344369345,0.017239523982647123,0.02765715977570913
2026-03-27,AMZN,199.33999633789065,-0.039510442389467215,0.027317579610762328,0.022488662916558048,0.018300604583719838,0.014669655446459214
2026-03-30,AMZN,200.9499969482422,0.008076656164990093,0.023947354914048948,0.02142336043668455,0.018339170211822013,0.015051596776808486
2026-03-31,AMZN,208.27000427246097,0.03642700888472361,0.030809909692943664,0.024384485504262178,0.019381497794111864,0.014484700991312825
2026-04-01,AMZN,210.57000732421875,0.011043371606930474,0.02941290384070543,0.02344401506539692,0.019213311455902573,0.024243479687048458
2026-04-02,AMZN,209.77000427246097,-0.0037992260242741827,0.02765715977570913,0.02340727572840066,0.019233858684435702,0.02005632044023152
2026-04-06,AMZN,212.7899932861328,0.01439666755094926,0.014669655446459214,0.022939799353226018,0.01884268238595989,0.021500189279710553
2026-04-07,AMZN,213.77000427246097,0.00460553135602737,0.015051596776808486,0.02192018021750646,0.018315830398216795,0.018821605619954124
2026-04-08,AMZN,221.25,0.03499085736091101,0.014484700991312825,0.02340905675472964,0.019142507834325192,0.023616372733763474
2026-04-09,AMZN,233.6499938964844,0.056045170153601775,0.024243479687048458,0.027926977838363422,0.02149546214003133,0.015954265086749318
2026-04-10,AMZN,238.3800048828125,0.02024400218227118,0.02005632044023152,0.02595328455257606,0.021465100383651778,0.015941519478003163
2026-04-13,AMZN,239.88999938964844,0.006334400855383171,0.021500189279710553,0.018331132314613238,0.021444802153557797,0.018192140883437385
2026-04-14,AMZN,249.02000427246097,0.038059130876826774,0.018821605619954124,0.018821139074040795,0.022151360116311365,0.006379282431146386
2026-04-15,AMZN,248.5,-0.002088202809168771,0.023616372733763474,0.019434060807347966,0.022188138080634398,0.01101028300263861
2026-04-16,AMZN,249.6999969482422,0.004828961562342915,0.015954265086749318,0.019776964680328434,0.021311718501097702,0.011413333444847396
2026-04-17,AMZN,250.55999755859375,0.003444135445984209,0.015941519478003163,0.019034535127029784,0.02129345898573494,0.017739312597397586
2026-04-20,AMZN,248.27999877929688,-0.009099612075002872,0.018192140883437385,0.02089939828398599,0.020657939280981783,0.018242367627828958
2026-04-21,AMZN,249.91000366210935,0.00656518805713957,0.006379282431146386,0.020792344630358294,0.020645296668655107,0.01959123520265336
2026-04-22,AMZN,255.36000061035156,0.021807838295304416,0.01101028300263861,0.01984610574565075,0.02085631877101227,0.01837007335958108
2026-04-23,AMZN,255.0800018310547,-0.001096486445127054,0.011413333444847396,0.013938688856182454,0.02073733295059456,0.017927241024977034
2026-04-24,AMZN,263.989990234375,0.03493017225717909,0.017739312597397586,0.015902132764306832,0.02098441136418415,0.010778837523869508
2026-04-27,AMZN,261.1199951171875,-0.010871605831113018,0.018242367627828958,0.017259991378345885,0.02104261800955548,0.008032953689644634
2026-04-28,AMZN,259.70001220703125,-0.005438047398549362,0.01959123520265336,0.014241423149756441,0.02105813671288882,0.003674823398974097
2026-04-29,AMZN,263.0400085449219,0.012860978748156615,0.01837007335958108,0.014281104129383904,0.02101468598301202,0.003986542335422038
2026-04-30,AMZN,265.05999755859375,0.0076793983730687465,0.017927241024977034,0.014288165958333326,0.020144241425251737,0.011066040525005597
2026-05-01,AMZN,268.260009765625,0.012072784412985094,0.010778837523869508,0.014371718508561455,0.01999795408561846,0.010328236922083367
2026-05-04,AMZN,272.04998779296875,0.014128002271583506,0.008032953689644634,0.013330472062922285,0.019459381637328417,0.010496075068360766
2026-05-05,AMZN,273.54998779296875,0.005513692583370089,0.003674823398974097,0.013358241944250887,0.019299672304329316,0.010156938105562993
2026-05-06,AMZN,274.989990234375,0.005264129064761924,0.003986542335422038,0.012621763830833915,0.018830961962113844,0.013676076731484948
2026-05-07,AMZN,271.1700134277344,-0.01389133038400725,0.011066040525005597,0.014146884285472098,0.019166472813220176,0.013143571004711424
2026-05-08,AMZN,272.67999267578125,0.0055683857848436435,0.010328236922083367,0.009952280977830113,0.018427387576177862,0.012615289173107856
2026-05-11,AMZN,268.989990234375,-0.013532354923427414,0.010496075068360766,0.01039848500190187,0.016571364027861205,0.012371691306044121
2026-05-12,AMZN,265.82000732421875,-0.011784761609137218,0.010156938105562993,0.011139535595153691,0.017047735296148753,0.01446068479131477
2026-05-13,AMZN,270.1300048828125,0.016213969753363422,0.013676076731484948,0.011533303958162709,0.016331488832807238,0.01658204275672108
2026-05-14,AMZN,267.2200012207031,-0.010772604336833247,0.013143571004711424,0.012113714822605945,0.01671097635675603,0.01744003236829567
2026-05-15,AMZN,264.1400146484375,-0.011526033074604314,0.012615289173107856,0.011988535211180783,0.016958506115821212,0.016862189223760166
2026-05-18,AMZN,264.8599853515625,0.0027257161474880665,0.012371691306044121,0.010824656922240238,0.016936961164386952,0.017024703869715087
2026-05-19,AMZN,259.3399963378906,-0.020841158796957915,0.01446068479131477,0.011789085979048803,0.017704617105238026,0.01484110036136529
2026-05-20,AMZN,265.010009765625,0.021863243262898013,0.01658204275672108,0.014329935148456268,0.017131967308446495,0.013165093445932769
2026-05-21,AMZN,268.4599914550781,0.01301830709151064,0.01744003236829567,0.014703903457386596,0.014395387644837786,0.014902268357063174
2026-05-22,AMZN,266.32000732421875,-0.007971333528174807,0.016862189223760166,0.014664742736746016,0.014268627613358101,0.02221853603763366
2026-05-26,AMZN,265.2900085449219,-0.003867523096163561,0.017024703869715087,0.014148745187768411,0.01432756305455365,0.0231541062330292
2026-05-27,AMZN,271.8500061035156,0.024727646527565872,0.01484110036136529,0.01576019329314284,0.01339370487217914,0.016002385278221884
2026-05-28,AMZN,274.0,0.007908750591183455,0.013165093445932769,0.015156085221015267,0.013386735228081927,0.01881115608030848
2026-05-29,AMZN,270.6400146484375,-0.01226272026117703,0.014902268357063174,0.015297112507599053,0.013681961923534578,0.019881617575917995
2026-06-01,AMZN,261.260009765625,-0.03465860321873382,0.02221853603763366,0.018810760403002905,0.015291805034584853,0.018498661928077326
2026-06-02,AMZN,256.5199890136719,-0.0181429249589532,0.0231541062330292,0.019504222188014952,0.015594260109482904,0.018477644051565684
2026-06-03,AMZN,250.02000427246097,-0.02533909644314103,0.016002385278221884,0.02000620374730042,0.01628862740185481,0.018479770700249497
2026-06-04,AMZN,253.7899932861328,0.015078749497034138,0.01881115608030848,0.019148196153104053,0.016024187036736165,0.018369262912901103
2026-06-05,AMZN,246.02999877929688,-0.03057644001781823,0.019881617575917995,0.019757868299649275,0.016964881968045922,0.014616334937368396
2026-06-08,AMZN,245.22000122070312,-0.0032922715222234444,0.018498661928077326,0.019827334317018993,0.015544251605738834,0.02238799820089333
2026-06-09,AMZN,244.19000244140625,-0.004200304926880172,0.018477644051565684,0.019819826407108273,0.015465482633083725,0.022230878054308935
2026-06-10,AMZN,238.0,-0.025349123139844942,0.018479770700249497,0.016689886612260455,0.016029916761764972,0.025209429144850116
2026-06-11,AMZN,241.5099945068359,0.014747876079142408,0.018369262912901103,0.017752004559235927,0.01609696303149176,0.027974151598746444
2026-06-12,AMZN,238.5500030517578,-0.01225618617201496,0.014616334937368396,0.01775201027283868,0.016064453985143334,0.03596598489455801
2026-06-15,AMZN,246.02000427246097,0.031314194613874635,0.02238799820089333,0.02059205660721987,0.017056229825234793,0.03110831190118471
2026-06-16,AMZN,246.0,-8.131156862678512e-05,0.022230878054308935,0.020177227701165753,0.016766500618491654,0.031167921834674112
2026-06-17,AMZN,237.5,-0.03455284552845528,0.025209429144850116,0.02143154373218683,0.017621342935359326,0.030480256297726195
2026-06-18,AMZN,244.38999938964844,0.029010523745888195,0.027974151598746444,0.023251357246698932,0.01858436922406974,0.029277437782710504
2026-06-22,AMZN,232.7899932861328,-0.047465142323687703,0.03596598489455801,0.02589747105489198,0.020159777649632768,0.024668541183833013
2026-06-23,AMZN,234.11000061035156,0.005670378290686617,0.03110831190118471,0.02612539671801095,0.020161608335908302,0.025466403761618916
2026-06-24,AMZN,234.27000427246097,0.0006834550497298864,0.031167921834674112,0.026173407057889245,0.0201180822195267,0.02575473155849623
2026-06-25,AMZN,227.0099945068359,-0.030989924587961792,0.030480256297726195,0.026743341284144375,0.02065947492638772,0.015864846344021372
2026-06-26,AMZN,232.69000244140625,0.025020959746330895,0.029277437782710504,0.027739038588839166,0.021031124489805195,0.014646388847607043
2026-06-29,AMZN,240.13999938964844,0.03201683299701785,0.024668541183833013,0.02963080779163564,0.0220353010833006,0.007859336042714094
2026-06-30,AMZN,238.33999633789065,-0.007495640277891069,0.025466403761618916,0.027707471518990216,0.021995792831753992,0.008694595244369573
2026-07-01,AMZN,241.6999969482422,0.014097510539473612,0.02575473155849623,0.028221120209565465,0.02219822505107578,0.008678133441068214
2026-07-02,AMZN,242.6699981689453,0.004013244654325954,0.015864846344021372,0.025710724902990985,0.02196448957268487,0.010060401853114588
2026-07-06,AMZN,244.16000366210935,0.006140048231783046,0.014646388847607043,0.02404973098351714,0.02155985512579053,0.010277102767227852
2026-07-07,AMZN,245.97999572753903,0.007454095831143315,0.007859336042714094,0.01728176932853573,0.021445365839699113,0.0099183427232432
2026-07-08,AMZN,243.6199951171875,-0.009594278605344786,0.008694595244369573,0.017942381096612274,0.02146119634771241,0.01410190641270306
2026-07-09,AMZN,247.0399932861328,0.01403824906613349,0.008678133441068214,0.018152738865691766,0.021676703254082535,0.01863578427411057
2026-07-10,AMZN,245.33999633789065,-0.006881464517662694,0.010060401853114588,0.013867639600258701,0.021085644714634238,0.019174314555700428
2026-07-13,AMZN,247.30999755859375,0.008029678202122081,0.010277102767227852,0.012508552051509058,0.021087852662113896,0.019482445058372513
2026-07-14,AMZN,247.4900054931641,0.0007278635572656178,0.0099183427232432,0.008644671638522967,0.021028506650995385,0.02024493765045399
2026-07-15,AMZN,254.9600067138672,0.03018304196089816,0.01410190641270306,0.011330271203335317,0.02096915445252109,0.01147886025809223
2026-07-16,AMZN,249.88999938964844,-0.019885500434225545,0.01863578427411057,0.013744359641882692,0.02102177355574707,0.02045452665464128
2026-07-17,AMZN,247.22999572753903,-0.010644698341696013,0.019174314555700428,0.014438445182864669,0.020593694234511798,0.02065599154865543
2026-07-20,AMZN,249.9900054931641,0.01116373341957555,0.019482445058372513,0.014685456067693973,0.020505963249310873,0.01730680861071926
2023-09-12,GOOGL,134.15045166015625,-0.011539721633644473,0.00927499667477334,0.010998410748203933,0.01282769974361227,0.006868740135465017
2023-09-13,GOOGL,135.50840759277344,0.010122634071015213,0.00864595271248207,0.007721446787889829,0.012807665579260517,0.016157067090855314
2023-09-14,GOOGL,136.88623046875,0.010167803610512172,0.009153386850634136,0.007773130066314232,0.011958619396474593,0.015880800792828186
2023-09-15,GOOGL,136.19235229492188,-0.005069013672536871,0.00960094429468642,0.008051941670082614,0.01203402937278839,0.016308461043688553
2023-09-18,GOOGL,136.99522399902344,0.005895130604418597,0.009761165973523368,0.008007139961705292,0.012013556838430662,0.016488630414703016
2023-09-19,GOOGL,136.8267059326172,-0.001230101761850122,0.006868740135465017,0.008063594925448614,0.011131840120848465,0.015958986487650057
2023-09-20,GOOGL,132.5645294189453,-0.031150179963923552,0.016157067090855314,0.012861755127033414,0.012640207227034952,0.01698131461589033
2023-09-21,GOOGL,129.2935333251953,-0.024674746013035098,0.015880800792828186,0.014682654759666652,0.013232440658664147,0.014113071632416449
2023-09-22,GOOGL,129.10519409179688,-0.0014566794529834448,0.016308461043688553,0.014125144049880287,0.013236264320633167,0.01543000495511525
2023-09-25,GOOGL,129.9576416015625,0.00660273597636607,0.016488630414703016,0.01432430563845279,0.01328461420233567,0.018974687614319946
2023-09-26,GOOGL,127.43994903564452,-0.01937317832865104,0.015958986487650057,0.01496799828029985,0.013521493089244005,0.017056821158121304
2023-09-27,GOOGL,129.39263916015625,0.01532243334439487,0.01698131461589033,0.015628124254030564,0.013654145614776752,0.018034065326814213
2023-09-28,GOOGL,131.1470947265625,0.013559160534894588,0.014113071632416449,0.016013743735226484,0.013762515822173967,0.01795094352255663
2023-09-29,GOOGL,129.70982360839844,-0.01095922956708062,0.01543000495511525,0.016158670739315387,0.01383472380880373,0.016489282273429655
2023-10-02,GOOGL,132.99075317382812,0.025294379979537984,0.018974687614319946,0.01856370263879105,0.014065356652022281,0.014158671566913096
2023-10-03,GOOGL,131.26602172851562,-0.01296880726029237,0.017056821158121304,0.018822286690383824,0.014279986502096376,0.011040351742308368
2023-10-04,GOOGL,134.0513458251953,0.021218926726066956,0.018034065326814213,0.01767315678551042,0.014726694512580294,0.01017494832438235
2023-10-05,GOOGL,133.88282775878906,-0.001257115811623355,0.01795094352255663,0.015239256544058841,0.014027420440169278,0.012982763045105533
2023-10-06,GOOGL,136.37075805664062,0.018582893261964495,0.016489282273429655,0.015807672992828613,0.013848465722274828,0.01254594522309427
2023-10-09,GOOGL,137.20339965820312,0.006105719535684173,0.014158671566913096,0.015804958806756076,0.01386584404091015,0.013670719600113047
2023-10-10,GOOGL,136.8465576171875,-0.0026008250663218657,0.011040351742308368,0.01360239349911129,0.013837150213826602,0.013562822377453761
2023-10-11,GOOGL,139.314697265625,0.018035818301997963,0.01017494832438235,0.013807281908965286,0.013352376174093636,0.011539432577144315
2023-10-12,GOOGL,137.74853515625,-0.011241901537415444,0.012982763045105533,0.014790611327423977,0.013457098149497039,0.010733356245363715
2023-10-13,GOOGL,136.15267944335938,-0.011585282638979955,0.01254594522309427,0.014866895831810105,0.01364334275887756,0.01175980529281911
2023-10-16,GOOGL,137.8773956298828,0.01266751556836554,0.013670719600113047,0.01341291021735216,0.013800377582284617,0.00998864303281
2023-10-17,GOOGL,138.49195861816406,0.004457315033212339,0.013562822377453761,0.012072295792211214,0.013815366442734182,0.013485539452401572
2023-10-18,GOOGL,136.74745178222656,-0.01259644858332376,0.011539432577144315,0.01189556115024299,0.013904272925926586,0.04485249488462401
2023-10-19,GOOGL,136.53927612304688,-0.0015223366612433509,0.010733356245363715,0.011904063294100441,0.013878537202846332,0.04397832712528569
2023-10-20,GOOGL,134.4081573486328,-0.015608100723293217,0.01175980529281911,0.011525716619330476,0.01411204608417146,0.04505264418109831
2023-10-23,GOOGL,135.30027770996094,0.006637397453594263,0.00998864303281,0.011565288595472152,0.014146999711823777,0.04710656555741582
2023-10-24,GOOGL,137.5899658203125,0.016923011165282942,0.013485539452401572,0.012899028759047887,0.014300373927304185,0.04423056413349733
2023-10-25,GOOGL,124.5059814453125,-0.0950940302731611,0.04485249488462401,0.03175382066932896,0.02251467724505003,0.01882971190406215
2023-10-26,GOOGL,121.20524597167967,-0.026510657844038055,0.04397832712528569,0.0321476270229073,0.022793613393960976,0.010478479745255767
2023-10-27,GOOGL,121.09620666503906,-0.0008996253071924531,0.04505264418109831,0.03234815222164659,0.02279823466558516,0.009129040192246774
2023-10-30,GOOGL,123.3660888671875,0.01874445339503561,0.04710656555741582,0.03289781115214265,0.023102366975929805,0.008076868669867452
2023-10-31,GOOGL,122.98943328857422,-0.0030531532779545234,0.04423056413349733,0.03260160669455808,0.02309935178369311,0.005249319796486653
2023-11-01,GOOGL,125.33859252929688,0.019100496505344067,0.01882971190406215,0.033973343457184633,0.022829043820380594,0.0027159349946684528
2023-11-02,GOOGL,126.36944580078124,0.008224548007776722,0.010478479745255767,0.034321953478682825,0.02246999513161858,0.009588095921314283
2023-11-03,GOOGL,127.96529388427734,0.0126284330312878,0.009129040192246774,0.034708446882326716,0.022596293978403702,0.010968463648244211
2023-11-06,GOOGL,129.10519409179688,0.00890788566898748,0.008076868669867452,0.03479547937894339,0.02262356021656293,0.011410628550493155
2023-11-07,GOOGL,129.81884765625,0.005527690574135269,0.005249319796486653,0.034212088979608465,0.022341868652990905,0.012066813762359522
2023-11-08,GOOGL,130.68121337890625,0.006642839142585233,0.0027159349946684528,0.013195566824386183,0.022204007888993224,0.012117359584834782
2023-11-09,GOOGL,129.0952911376953,-0.012135808967526196,0.009588095921314283,0.009713295474753685,0.02218160129049043,0.008865453623522883
2023-11-10,GOOGL,131.42462158203125,0.01804349658154014,0.010968463648244211,0.009981751359772893,0.022331528666980873,0.01176587022513938
2023-11-13,GOOGL,130.92901611328125,-0.0037710245065507575,0.011410628550493155,0.00989379386627372,0.021852580299727153,0.010913139642117597
2023-11-14,GOOGL,132.445556640625,0.011582921588837225,0.012066813762359522,0.009477661252599485,0.021820701525050407,0.010502112057076428
2023-11-15,GOOGL,133.436767578125,0.007483912353432265,0.012117359584834782,0.008562135027511058,0.021513762901763364,0.010834087165683518
2023-11-16,GOOGL,135.7264862060547,0.017159578049498858,0.008865453623522883,0.00922432427401012,0.021735884455703607,0.011267084211250267
2023-11-17,GOOGL,134.12071228027344,-0.011830954817053319,0.01176587022513938,0.010744604189863272,0.02158150071975098,0.009470226388653843
2023-11-20,GOOGL,135.0524444580078,0.006946967115618374,0.010913139642117597,0.010678202897977013,0.021590681333176362,0.009321744007872564
2023-11-21,GOOGL,135.76612854003906,0.005284495848226989,0.010502112057076428,0.010676043390677988,0.021609583945968482,0.011710820457519236
2023-11-22,GOOGL,137.27276611328125,0.011097300847006553,0.010834087165683518,0.01086476179465257,0.02144609165506654,0.01022586427474239
2023-11-24,GOOGL,135.48858642578125,-0.012997331794331601,0.011267084211250267,0.011017951261315887,0.021479458184036467,0.010009324188883345
2023-11-27,GOOGL,135.2110595703125,-0.002048341213012672,0.009470226388653843,0.010152801649083757,0.021377284188960646,0.010835196616547825
2023-11-28,GOOGL,135.99407958984375,0.005791094471262914,0.009321744007872564,0.009902882484880778,0.021273385742830896,0.013800633989399284
2023-11-29,GOOGL,133.80352783203125,-0.016107699426468947,0.011710820457519236,0.01127568795918319,0.021447776466080384,0.013240323822738695
2023-11-30,GOOGL,131.3651580810547,-0.01822350868085887,0.01022586427474239,0.012515282186853223,0.02157767004670704,0.028424197176002322
2023-12-01,GOOGL,130.70103454589844,-0.00505555312274264,0.010009324188883345,0.010672496407576015,0.021589679440943702,0.029645833216863184
2023-12-04,GOOGL,128.13381958007812,-0.019641887110838252,0.010835196616547825,0.011579798819910763,0.021694681615348006,0.028316115748069682
2023-12-05,GOOGL,129.8386993408203,0.01330546272896127,0.013800633989399284,0.01242187209592423,0.02181322175847755,0.02844794778612666
2023-12-06,GOOGL,128.87721252441406,-0.007405240666208401,0.013240323822738695,0.012025807330174595,0.0215696943177804,0.027969782971491924
2023-12-07,GOOGL,135.7264862060547,0.05314573109922849,0.028424197176002322,0.021749555924043092,0.015666330568734333,0.005977200168930897
2023-12-08,GOOGL,133.80352783203125,-0.01416789329611079,0.029645833216863184,0.02182477601232741,0.015013115222089458,0.006647425003725481
2023-12-11,GOOGL,132.11846923828125,-0.012593528893089623,0.028316115748069682,0.022131471524828975,0.015278315603549536,0.01215971672201268
2023-12-12,GOOGL,131.35525512695312,-0.005776740494560451,0.02844794778612666,0.021975224785841546,0.015062442729680426,0.010918748975248214
2023-12-13,GOOGL,131.40481567382812,0.0003773015919850131,0.027969782971491924,0.0215172402823407,0.01503416558683661,0.010632074782026692
2023-12-14,GOOGL,130.7803497314453,-0.004752230267822566,0.005977200168930897,0.020769821195423685,0.014743855138526612,0.007696005356982862
2023-12-15,GOOGL,131.43453979492188,0.005002204572934099,0.006647425003725481,0.020755121505373782,0.0147050241690432,0.007120922132222945
2023-12-18,GOOGL,134.60641479492188,0.02413273561842333,0.01215971672201268,0.020592169058760858,0.015150805684833513,0.005743540053833823
2023-12-19,GOOGL,135.44894409179688,0.0062592061318818,0.010918748975248214,0.020400880717020647,0.015115618392794896,0.009436439015296949
2023-12-20,GOOGL,137.12408447265625,0.012367319598476145,0.010632074782026692,0.020082901413846995,0.015226373809039849,0.008851935832359024
2023-12-21,GOOGL,139.18582153320312,0.01503555752788266,0.007696005356982862,0.012355980921458506,0.015392013139235454,0.005802533900268241
2023-12-22,GOOGL,140.2464141845703,0.007619976228068426,0.007120922132222945,0.010909246563143758,0.015177899709106761,0.004703774004744441
2023-12-26,GOOGL,140.27615356445312,0.0002120509109322377,0.005743540053833823,0.009273987763756987,0.014910209090706112,0.006360270330572242
2023-12-27,GOOGL,139.13624572753906,-0.008126169758356672,0.009436439015296949,0.009629763062360037,0.014992143004205732,0.009120977046367211
2023-12-28,GOOGL,138.99746704101562,-0.0009974301505533134,0.008851935832359024,0.009725319872507765,0.014894412300693436,0.008780998869737584
2023-12-29,GOOGL,138.4622344970703,-0.0038506640109303714,0.005802533900268241,0.009621537764248834,0.014886826983458097,0.01598227384460817
2024-01-02,GOOGL,136.95558166503906,-0.010881326865074703,0.004703774004744441,0.010977101370690174,0.014738796507818046,0.01625263210818172
2024-01-03,GOOGL,137.69900512695312,0.00542820856861681,0.006360270330572242,0.008516804903087196,0.01458074991485528,0.01643248376077278
2024-01-04,GOOGL,135.19122314453125,-0.018212055926691728,0.009120977046367211,0.010532147268913935,0.014944665108504186,0.011502621957148282
2024-01-05,GOOGL,134.53701782226562,-0.00483911090564082,0.008780998869737584,0.009628441705999847,0.014938807486565946,0.009487167729537754
2024-01-08,GOOGL,137.6197052001953,0.022913302433997584,0.01598227384460817,0.011335441200651086,0.015395628760569218,0.007122091369999027
2024-01-09,GOOGL,139.71116638183594,0.015197396176646283,0.01625263210818172,0.012201325750917818,0.015422948758249504,0.006260510177849782
2024-01-10,GOOGL,141.02944946289062,0.009435774642749584,0.01643248376077278,0.012588151240529689,0.015483563704863635,0.008029174351283698
2024-01-11,GOOGL,140.83120727539062,-0.001405679368777224,0.011502621957148282,0.01224483056490014,0.015470850011686786,0.01114845904773497
2024-01-12,GOOGL,141.39622497558594,0.004012020567930152,0.009487167729537754,0.012243829629720553,0.015123301538969618,0.011829626721322357
2024-01-16,GOOGL,141.2376251220703,-0.0011216696453035802,0.007122091369999027,0.012134313191323685,0.014651599272750386,0.011383514795462258
2024-01-17,GOOGL,140.22659301757812,-0.007158376555952195,0.006260510177849782,0.011744232431192846,0.014694062184581837,0.008542604209255554
2024-01-18,GOOGL,142.2189178466797,0.014207895850766539,0.008029174351283698,0.012308318660686513,0.014231484451821675,0.009893291943059539
2024-01-19,GOOGL,145.09341430664062,0.020211772832217756,0.01114845904773497,0.010743608658975447,0.014448454448014838,0.009181196822089444
2024-01-22,GOOGL,144.70684814453125,-0.002664257119846969,0.011829626721322357,0.010493142250353204,0.014347139290313844,0.0070998353134189215
2024-01-23,GOOGL,145.7476348876953,0.007192380709754254,0.011383514795462258,0.008971876136905574,0.010971500631379034,0.012840387589582938
2024-01-24,GOOGL,147.39305114746094,0.011289488580953577,0.008542604209255554,0.008593762745819694,0.010621985530945037,0.037765523589810335
2024-01-25,GOOGL,150.53517150878906,0.02131796809189157,0.009893291943059539,0.009931162770592928,0.010678331786431986,0.03521520396027177
2024-01-26,GOOGL,150.85238647460938,0.002107248177558141,0.009181196822089444,0.009675829117965357,0.01051463794982705,0.03607343357309322
2024-01-29,GOOGL,152.16075134277344,0.008673146635199469,0.0070998353134189215,0.009631304861290263,0.010506743332779928,0.036141693813465464
2024-01-30,GOOGL,150.12876892089844,-0.013354182362687927,0.012840387589582938,0.011441387419787948,0.010891094993343913,0.036784551615889116
2024-01-31,GOOGL,138.8686065673828,-0.07500336167712474,0.037765523589810335,0.028148402513132036,0.018169437771273694,0.0027847492074584653
2024-02-01,GOOGL,139.9193115234375,0.007566180593486793,0.03521520396027177,0.027836757220719637,0.01771975392799432,0.0036077669189886964
2024-02-02,GOOGL,141.12857055664062,0.008642545621735387,0.03607343357309322,0.027074910394785465,0.017747390591767824,0.007546578097454177
2024-02-05,GOOGL,142.4171600341797,0.009130606740056946,0.036141693813465464,0.027319060103193894,0.017688960800235805,0.01137271915091715
2024-02-06,GOOGL,142.8334503173828,0.0029230345774569066,0.036784551615889116,0.02720569804718549,0.017504727628205003,0.015024025173283717
2024-02-07,GOOGL,144.2608184814453,0.009993234504178217,0.0027847492074584653,0.02714009503064164,0.017540929265175306,0.014518022745121397
2024-02-08,GOOGL,144.62757873535156,0.002542341418598104,0.0036077669189886964,0.02598805804614515,0.017542045581789914,0.017474385633561736
2024-02-09,GOOGL,147.69039916992188,0.021177291781775853,0.007546578097454177,0.02713415067701918,0.017820068237366475,0.010448956042757692
2024-02-12,GOOGL,146.2333221435547,-0.009865753187455195,0.01137271915091715,0.026974139987799538,0.017947168664307286,0.012706283479555304
2024-02-13,GOOGL,143.8643341064453,-0.016200056200486146,0.015024025173283717,0.02710289919917945,0.01822203590241191,0.014228191535109064
2024-02-14,GOOGL,144.65728759765625,0.00551181428069758,0.014518022745121397,0.01052637854399243,0.018085029730090914,0.015228842150316236
2024-02-15,GOOGL,141.51516723632812,-0.02172113423049582,0.017474385633561736,0.013202066714498193,0.018579480451048593,0.010865166149218178
2024-02-16,GOOGL,139.28492736816406,-0.01575972322768482,0.010448956042757692,0.013912417955032211,0.0184968700015219,0.023065205810766418
2024-02-20,GOOGL,139.879638671875,0.004269746303122712,0.012706283479555304,0.013591547114458553,0.018469653478528417,0.023649176761930065
2024-02-21,GOOGL,141.297119140625,0.010133572564303472,0.014228191535109064,0.014048406425430955,0.018101704891547665,0.02309366594625734
2024-02-22,GOOGL,142.8235626220703,0.01080307575079531,0.015228842150316236,0.014120914915081897,0.018000714353855682,0.024091808474321814
2024-02-23,GOOGL,142.69471740722656,-0.0009021285597299311,0.010865166149218178,0.014069237625960095,0.017930415014420116,0.023789982527949297
2024-02-26,GOOGL,136.36087036132812,-0.044387396821584546,0.023065205810766418,0.01734861801951107,0.019720108976521118,0.01814628295264203
2024-02-27,GOOGL,137.65933227539062,0.00952224718588135,0.023649176761930065,0.018158046494094412,0.01979278259329262,0.016061919074038845
2024-02-28,GOOGL,135.1813201904297,-0.018001046816089605,0.02309366594625734,0.01828037487933219,0.020043583213691728,0.015306070022840543
2024-02-29,GOOGL,137.24302673339844,0.015251415950550129,0.024091808474321814,0.019201267532167676,0.02023287729877986,0.018141726726393175
2024-03-01,GOOGL,135.9346466064453,-0.009533308599312118,0.023789982527949297,0.018397546157829518,0.020101106683005535,0.018879975965664965
2024-03-04,GOOGL,132.177978515625,-0.02763583960825322,0.01814628295264203,0.01959535614100715,0.02023283618871523,0.013782349629339555
2024-03-05,GOOGL,131.50390625,-0.005099731991629164,0.016061919074038845,0.019322428075144775,0.020236746011261117,0.012260995090122765
2024-03-06,GOOGL,130.2451171875,-0.009572256052279848,0.015306070022840543,0.0184825367501248,0.020177526433371083,0.007010093870944296
2024-03-07,GOOGL,133.1988983154297,0.02267863234886147,0.018141726726393175,0.020129857388413542,0.020569486404506506,0.007378478621352522
2024-03-08,GOOGL,134.21983337402344,0.007664741011416343,0.018879975965664965,0.020584395007469634,0.020156121013436855,0.014005287354910889
2024-03-11,GOOGL,136.45999145507812,0.01669021652569147,0.013782349629339555,0.016569118933623606,0.020472244730654104,0.022118610529102578
2024-03-12,GOOGL,137.28268432617188,0.006028821065583667,0.012260995090122765,0.01638646926527686,0.020425317843792562,0.023543101880302324
2024-03-13,GOOGL,138.56134033203125,0.009314037033406164,0.007010093870944296,0.015322818963932965,0.020456636536670247,0.023493800292326412
2024-03-14,GOOGL,141.84225463867188,0.02367842501219064,0.007378478621352522,0.016297916382945102,0.015791826054526992,0.02401000834484004
2024-03-15,GOOGL,139.93911743164062,-0.013417279723022535,0.014005287354910889,0.016682681099762148,0.01594702916885957,0.021762155208101566
2024-03-18,GOOGL,146.38198852539062,0.04604052971033856,0.022118610529102578,0.017860755368447463,0.017969050792911747,0.012672884945040958
2024-03-19,GOOGL,145.73768615722656,-0.0044015139748719845,0.023543101880302324,0.01779467073022652,0.017937476539538817,0.011935364523743814
2024-03-20,GOOGL,147.43267822265625,0.011630430742540332,0.023493800292326412,0.01634534754672028,0.01804108301509741,0.01137185254330472
2024-03-21,GOOGL,146.30271911621094,-0.007664237807162522,0.02401000834484004,0.01706510692290859,0.01803283467282681,0.009986868893194355
2024-03-22,GOOGL,149.44483947753906,0.021476841854403794,0.021762155208101566,0.017449614919095413,0.018429222045013603,0.013751577167043566
2024-03-25,GOOGL,148.75099182128906,-0.004642834497836756,0.012672884945040958,0.01796462615788516,0.0180661797444922,0.014027069219666441
2024-03-26,GOOGL,149.34571838378906,0.003998135106315859,0.011935364523743814,0.018010903472832924,0.017971696163067628,0.014105985043236716
2024-03-27,GOOGL,149.54393005371094,0.0013272002175015452,0.01137185254330472,0.01815231429157859,0.017680556387284073,0.02095702403465723
2024-03-28,GOOGL,149.60342407226562,0.0003978363985306377,0.009986868893194355,0.017365826397907378,0.017664617464019317,0.021809940807131063
2024-04-01,GOOGL,154.1233673095703,0.030212832796669975,0.013751577167043566,0.017571673835099434,0.01787705111274877,0.01768113004153484
2024-04-02,GOOGL,153.2015380859375,-0.005981112661399557,0.014027069219666441,0.012683409135822495,0.017610302043301856,0.018075119788940573
2024-04-03,GOOGL,153.55836486816406,0.0023291331580914676,0.014105985043236716,0.012324065279252323,0.01761029274008482,0.01825887545733069
2024-04-04,GOOGL,149.2069549560547,-0.02833717274760794,0.02095702403465723,0.015983535368890762,0.01847244879454426,0.008880137560197461
2024-04-05,GOOGL,151.15963745117188,0.013087074229832574,0.021809940807131063,0.016035697951628302,0.018514715167233322,0.01313251150376245
2024-04-08,GOOGL,153.48898315429688,0.015409839176661277,0.01768113004153484,0.01537644447957835,0.01866369494296421,0.015945435675575378
2024-04-09,GOOGL,155.22360229492188,0.011301261530159756,0.018075119788940573,0.01534783531756469,0.016469359198634594,0.014668513532088725
2024-04-10,GOOGL,154.7676544189453,-0.0029373617751137227,0.01825887545733069,0.015522442671955886,0.016494340815286057,0.01528609400389185
2024-04-11,GOOGL,158.00889587402344,0.020942628272341057,0.008880137560197461,0.016406180463262247,0.01622995234217869,0.010250742399127257
2024-04-12,GOOGL,156.34365844726562,-0.010538884013754912,0.01313251150376245,0.017142650619846954,0.01636936266135411,0.01054762389490175
2024-04-15,GOOGL,153.49887084960938,-0.018195733846255058,0.015945435675575378,0.01587859791052557,0.016698200406999427,0.010061275484380442
2024-04-16,GOOGL,153.04293823242188,-0.002970266912479147,0.014668513532088725,0.01578701869654131,0.015651411165539746,0.010598015711230807
2024-04-17,GOOGL,154.10354614257812,0.006930132957494228,0.01528609400389185,0.015928560309301905,0.015537018416977313,0.010551905689154796
2024-04-18,GOOGL,154.6387481689453,0.003473002664533098,0.010250742399127257,0.012299509335397167,0.015283554388883435,0.015256551918415219
2024-04-19,GOOGL,152.73565673828125,-0.012306691907418399,0.01054762389490175,0.012747911700262203,0.015290008727070287,0.04634253027536982
2024-04-22,GOOGL,154.90640258789062,0.014212436676322548,0.010061275484380442,0.012603483829307186,0.015380479239423693,0.053082660403036525
2024-04-23,GOOGL,156.8690185546875,0.012669689141372453,0.010598015711230807,0.012734612179384675,0.015291488124886747,0.055199738428489374
2024-04-24,GOOGL,157.73138427734375,0.005497361624377195,0.010551905689154796,0.012714753434777947,0.015290285974659692,0.05519531219614921
2024-04-25,GOOGL,154.62887573242188,-0.019669570257918045,0.015256551918415219,0.012465378615183145,0.015895721494934473,0.05315597053441671
2024-04-26,GOOGL,170.43869018554688,0.1022436099224,0.04634253027536982,0.03486572195095865,0.02379519919056533,0.02089816782865844
2024-04-29,GOOGL,164.68966674804688,-0.03373074171856971,0.053082660403036525,0.0365279121644253,0.024652264218160108,0.01369609472732922
2024-04-30,GOOGL,161.34927368164062,-0.020282954798351738,0.055199738428489374,0.037484158591814226,0.023873931012494822,0.007023439799254487
2024-05-01,GOOGL,162.41978454589844,0.006634742381115721,0.05519531219614921,0.037483376164109634,0.023832715971774252,0.011932969134111524
2024-05-02,GOOGL,165.155517578125,0.016843594762025127,0.05315597053441671,0.03762640766282624,0.023910026279787586,0.010506490621002148
2024-05-03,GOOGL,165.77008056640625,0.0037211169041964087,0.02089816782865844,0.03703941470129816,0.023807692793451643,0.011756969097112623
2024-05-06,GOOGL,166.62252807617188,0.0051423484072214976,0.01369609472732922,0.03700356459075722,0.02359035008780461,0.01163686948534832
2024-05-07,GOOGL,169.74484252929688,0.018738849357138765,0.007023439799254487,0.03713988181238516,0.023684684275724295,0.007806090827377959
2024-05-08,GOOGL,167.89126586914062,-0.010919781906400639,0.011932969134111524,0.037647416179933724,0.023855309217324597,0.00748459942179836
2024-05-09,GOOGL,168.4661865234375,0.003424363091913296,0.010506490621002148,0.03653011569639982,0.02384974895211361,0.007938052675579772
2024-05-10,GOOGL,167.1676788330078,-0.007707823850153117,0.011756969097112623,0.01641749937857906,0.02394057294161688,0.0038012532572376098
2024-05-13,GOOGL,167.6533660888672,0.002905389721565399,0.01163686948534832,0.011996087297549748,0.02342207768329288,0.003091178973859511
2024-05-14,GOOGL,168.8428192138672,0.007094716633184062,0.007806090827377959,0.009176307191213757,0.023369552801974086,0.0034666130905770787
2024-05-15,GOOGL,170.99374389648438,0.012739213267297433,0.00748459942179836,0.009524070226952782,0.023428777445261506,0.007584838070866721
2024-05-16,GOOGL,172.64906311035156,0.009680583488886452,0.007938052675579772,0.008792148474752823,0.02264291092569499,0.01108461203144416
2024-05-17,GOOGL,174.5125732421875,0.010793630143505872,0.0038012532572376098,0.009006010403876318,0.022618923915301764,0.010478571186100474
2024-05-20,GOOGL,175.364990234375,0.004884559183048198,0.003091178973859511,0.00900652818546634,0.022533967249147156,0.0110193505060652
2024-05-21,GOOGL,176.28683471679688,0.005256719036050628,0.0034666130905770787,0.007656487719004625,0.022499785698943175,0.010538941956626996
2024-05-22,GOOGL,174.8297576904297,-0.00826537630395352,0.007584838070866721,0.0071158080026569644,0.022581279572696386,0.013671230538695796
2024-05-23,GOOGL,172.0246124267578,-0.01604501030447536,0.01108461203144416,0.009559267204250568,0.02265136433182626,0.012293801277886358
2024-05-24,GOOGL,173.45196533203125,0.008297376085536268,0.010478571186100474,0.009054994025420227,0.022521674908332057,0.011583674436920021
2024-05-28,GOOGL,174.84954833984375,0.008057464238800494,0.0110193505060652,0.009148683914608359,0.022148388865748377,0.010751659641538716
2024-05-29,GOOGL,174.3539581298828,-0.002834380841508888,0.010538941956626996,0.009342322668775636,0.022146805769266264,0.012072059878787664
2024-05-30,GOOGL,170.59725952148438,-0.021546391310485413,0.013671230538695796,0.011514342320310693,0.022647320848653556,0.002970346706424911
2024-05-31,GOOGL,170.98385620117188,0.0022661365180887127,0.012293801277886358,0.01103828283634951,0.022648687441451914,0.008804920595041794
2024-06-03,GOOGL,171.64796447753906,0.0038840408160278894,0.011583674436920021,0.010423147706284311,0.022448768617808843,0.008825856985510049
2024-06-04,GOOGL,172.2624969482422,0.0035801908433557017,0.010751659641538716,0.01034075594226254,0.022367933221499686,0.009358994634529487
2024-06-05,GOOGL,173.86830139160156,0.009321845856221644,0.012072059878787664,0.01071912960647745,0.022330364513937905,0.009010843945326016
2024-06-06,GOOGL,175.17666625976562,0.007525033934835834,0.002970346706424911,0.010746709739581993,0.02233916301260776,0.011396919730079254
2024-06-07,GOOGL,172.9266357421875,-0.012844350595424658,0.008804920595041794,0.010243329156685159,0.02212633288372595,0.010119165016838245
2024-06-10,GOOGL,173.67088317871094,0.004303833433925153,0.008825856985510049,0.009983163749279137,0.012061276313907443,0.010089915868569676
2024-06-11,GOOGL,175.26856994628906,0.009199508509057708,0.009358994634529487,0.010089369903141493,0.01024580878466457,0.011052828143729862
2024-06-12,GOOGL,176.42959594726562,0.0066242681236707845,0.009010843945326016,0.010207063471871511,0.009355317677477853,0.01110730831333543
2024-06-13,GOOGL,173.81971740722656,-0.014792747928863093,0.011396919730079254,0.008634823009056818,0.009873830923131693,0.011341303585555353
2024-06-14,GOOGL,175.43727111816406,0.009305927630453237,0.010119165016838245,0.008948643318938083,0.009582890381733045,0.011451492042889876
2024-06-17,GOOGL,175.88381958007812,0.002545345462044324,0.010089915868569676,0.008937485145450456,0.009578264434701157,0.01569205821651192
2024-06-18,GOOGL,173.75027465820312,-0.012130421814632086,0.011052828143729862,0.010035390579050847,0.009897944037857927,0.012647754867900327
2024-06-20,GOOGL,174.95101928710938,0.006910749529854376,0.01110730831333543,0.009837738821674479,0.009408795533889895,0.012579763099917405
2024-06-21,GOOGL,178.25555419921875,0.018888343295024423,0.011341303585555353,0.01127018745254961,0.009671361686199684,0.016298963697178617
2024-06-24,GOOGL,177.8486785888672,-0.0022825409967133226,0.011451492042889876,0.010188157587567978,0.009699361585070235,0.01604094837254626
2024-06-25,GOOGL,182.62185668945312,0.026838423194698535,0.01569205821651192,0.012720985915159126,0.010539371058274533,0.011642216754690396
2024-06-26,GOOGL,182.47300720214844,-0.0008150694007991177,0.012647754867900327,0.012757473906895085,0.010562452263740507,0.011591032627499137
2024-06-27,GOOGL,183.9912872314453,0.00832057328684721,0.012579763099917405,0.012805816918417872,0.010581667696837485,0.01576630176842797
2024-06-28,GOOGL,180.7562561035156,-0.017582523480366374,0.016298963697178617,0.013288742464346928,0.011049426638434922,0.012551991520364337
2024-07-01,GOOGL,181.58981323242188,0.004611498085183463,0.01604094837254626,0.013162793781463997,0.010964960025660477,0.013013894375629229
2024-07-02,GOOGL,183.82261657714844,0.012295862333801422,0.011642216754690396,0.013439937438895454,0.01101105277497501,0.012944495746830945
2024-07-03,GOOGL,184.39816284179688,0.003130987227607518,0.011591032627499137,0.012145103809252756,0.010998720748665388,0.02077373073581633
2024-07-05,GOOGL,189.14161682128903,0.025723976347648225,0.01576630176842797,0.013659159769445985,0.011828257266090306,0.01503949596330038
2024-07-08,GOOGL,187.5835876464844,-0.008237368385598298,0.012551991520364337,0.013928177176725749,0.011827386158931814,0.016074254227199176
2024-07-09,GOOGL,187.53399658203125,-0.00026436782170202733,0.013013894375629229,0.013821919498714787,0.0113179086954813,0.016743754224977668
2024-07-10,GOOGL,189.71713256835935,0.011641281186972163,0.012944495746830945,0.01190577944700875,0.011388700066864129,0.014086542818511984
2024-07-11,GOOGL,184.1500701904297,-0.0293440149688311,0.02077373073581633,0.01590342892424053,0.012783883358923399,0.010990567893618077
2024-07-12,GOOGL,183.6539001464844,-0.002694378793514418,0.01503949596330038,0.015722765029956065,0.012782155619056127,0.011380523273080258
2024-07-15,GOOGL,185.10272216796875,0.007888871515000506,0.016074254227199176,0.014593457665533632,0.012035161019512857,0.01702677998575638
2024-07-16,GOOGL,182.51271057128903,-0.01399229339441832,0.016743754224977668,0.015451453772854928,0.012419668122485818,0.016373000568436543
2024-07-17,GOOGL,179.63490295410156,-0.015767710688091574,0.014086542818511984,0.015641515114941804,0.012841702723361078,0.02724507213796384
2024-07-18,GOOGL,176.3303680419922,-0.01839583988281901,0.010990567893618077,0.01629527610995378,0.01334173007564542,0.028849343242971316
2024-07-19,GOOGL,176.3006134033203,-0.00016874369969432923,0.011380523273080258,0.012632062055922882,0.01324645449439089,0.028706922418210264
2024-07-22,GOOGL,180.2799072265625,0.022571071911921425,0.01702677998575638,0.015670290137338682,0.013793272486908351,0.026588556574060906
2024-07-23,GOOGL,180.39898681640625,0.0006605261322556455,0.016373000568436543,0.015696529391301405,0.013542279391206318,0.027144777810047326
2024-07-24,GOOGL,171.30908203125,-0.05038778180282755,0.02724507213796384,0.020465700723405457,0.01650825899182104,0.017750018274841056
2024-07-25,GOOGL,166.0000457763672,-0.030990979532038776,0.028849343242971316,0.020644840600868394,0.017319649105263926,0.007759484416244575
2024-07-26,GOOGL,165.72218322753906,-0.0016738703144845157,0.028706922418210264,0.020688144409730463,0.01724885165694029,0.015001300230783469
2024-07-29,GOOGL,168.23280334472656,0.015149571821295504,0.026588556574060906,0.021498279441456387,0.017345489016092785,0.02178884803018521
2024-07-30,GOOGL,168.9869842529297,0.004482959881835447,0.027144777810047326,0.021841317726941555,0.017269420197875966,0.020222914227170083
2024-07-31,GOOGL,170.22743225097656,0.0073404943199071315,0.017750018274841056,0.022084836552999514,0.017326441813934442,0.01939064130040958
2024-08-01,GOOGL,169.45338439941406,-0.004547139326059213,0.007759484416244575,0.021589993738038306,0.017212533319008558,0.02482574336167269
2024-08-02,GOOGL,165.384765625,-0.024010253845529794,0.015001300230783469,0.022449094377564007,0.01766164961136422,0.02476831493990368
2024-08-05,GOOGL,158.03146362304688,-0.04446178566789094,0.02178884803018521,0.02292615523970782,0.018859205992762768,0.01152071862297319
2024-08-06,GOOGL,157.0788116455078,-0.00602824245057576,0.020222914227170083,0.022583396159808585,0.018860993053845025,0.01037877227161037
2024-08-07,GOOGL,157.7238311767578,0.004106343334871143,0.01939064130040958,0.01898474942032576,0.01801896976429358,0.01731320946775193
2024-08-08,GOOGL,160.79017639160156,0.019441229597113807,0.02482574336167269,0.01891579378937459,0.018542063872245152,0.014744816668241793
2024-08-09,GOOGL,162.41766357421875,0.010121807309007913,0.02476831493990368,0.01937136534897291,0.018586330309597467,0.014776435128191448
2024-08-12,GOOGL,161.04820251464844,-0.00843172490869204,0.01152071862297319,0.018488501045668827,0.01842981544649508,0.017136688429622706
2024-08-13,GOOGL,162.90390014648438,0.011522622437634134,0.01037877227161037,0.01898319182046881,0.018579544900068762,0.016802678560588293
2024-08-14,GOOGL,159.14291381835938,-0.023087147236764083,0.01731320946775193,0.01948542103369014,0.018668769648091294,0.011178431136729556
2024-08-15,GOOGL,160.06578063964844,0.005798981551527804,0.014744816668241793,0.019873645999709765,0.01871328503754607,0.014139681544173189
2024-08-16,GOOGL,161.7130889892578,0.010291446073148691,0.014776435128191448,0.019275572084807263,0.018053292484040705,0.014247384111113275
2024-08-19,GOOGL,165.39471435546875,0.022766403073628094,0.017136688429622706,0.013792532229225015,0.0187388607607562,0.009458616712738902
2024-08-20,GOOGL,165.90078735351562,0.003059789425671866,0.016802678560588293,0.013301407858150595,0.01877160553075869,0.00981560537951944
2024-08-21,GOOGL,164.5809783935547,-0.007955411068354845,0.011178431136729556,0.013977469810721737,0.018551656703074584,0.010305735876597343
2024-08-22,GOOGL,162.54664611816406,-0.012360676763787493,0.014139681544173189,0.01377949527364684,0.01802074509374653,0.00935711023758976
2024-08-23,GOOGL,164.3527374267578,0.011111218543880641,0.014247384111113275,0.013854242534416292,0.018230074721647047,0.008920612261630448
2024-08-26,GOOGL,164.88858032226562,0.0032603223037073192,0.009458616712738902,0.013431271958071226,0.01814949658795915,0.016793133295322324
2024-08-27,GOOGL,163.419921875,-0.00890697490629866,0.00981560537951944,0.01345009460533281,0.018073506698379198,0.016934469037514305
2024-08-28,GOOGL,161.60394287109375,-0.011112347766848774,0.010305735876597343,0.01152170268117237,0.017984455265504958,0.018185495011091225
2024-08-29,GOOGL,160.5421142578125,-0.00657056130201128,0.00935711023758976,0.011683111599954228,0.017771902654384896,0.023496277911091937
2024-08-30,GOOGL,162.1298828125,0.00989004388055914,0.008920612261630448,0.011645821972336271,0.01792077885110534,0.019683634025926017
2024-09-03,GOOGL,156.1559295654297,-0.036846712915835966,0.016793133295322324,0.013914663631537006,0.01831833807507069,0.0177213912112525
2024-09-04,GOOGL,155.25286865234375,-0.005783071546492602,0.016934469037514305,0.013577022727167315,0.018292139155203568,0.021777172120257014
2024-09-05,GOOGL,156.03683471679688,0.005049607593458738,0.018185495011091225,0.014040003163795316,0.01621280114683806,0.02541699723732837
2024-09-06,GOOGL,149.7652130126953,-0.040193212810836654,0.023496277911091937,0.01785242468106335,0.016836121015496162,0.015267823440584728
2024-09-09,GOOGL,147.7679443359375,-0.013335998638004831,0.019683634025926017,0.01657089806833742,0.016931980596134887,0.010071613247368683
2024-09-10,GOOGL,147.71826171875,-0.00033622053423543186,0.0177213912112525,0.01627656417439983,0.016570505871817406,0.007918883316289392
2024-09-11,GOOGL,150.2024383544922,0.0168169907148783,0.021777172120257014,0.018493330834122232,0.01694198078184017,0.008995862927851879
2024-09-12,GOOGL,153.71005249023438,0.02335257785538669,0.02541699723732837,0.020947646742256132,0.017545846694386687,0.0065661695505360804
2024-09-13,GOOGL,156.4625244140625,0.01790690900976033,0.015267823440584728,0.02211479303544679,0.017962402262755684,0.004622330196645534
2024-09-16,GOOGL,157.05868530273438,0.003810247156016633,0.010071613247368683,0.02182260715122873,0.017526312187046145,0.009540955290995454
2024-09-17,GOOGL,158.3107452392578,0.00797192421488857,0.007918883316289392,0.018427014365050644,0.015611323543863256,0.00939058685776056
2024-09-18,GOOGL,158.79762268066406,0.0030754541687643133,0.008995862927851879,0.018248668434946536,0.015574969365249172,0.010180486457441415
2024-09-19,GOOGL,161.11285400390625,0.014579760604464642,0.0065661695505360804,0.01864624901301971,0.0157751258567718,0.008380052427977198
2024-09-20,GOOGL,162.55368041992188,0.00894296376861825,0.004622330196645534,0.010653732906536723,0.015461361069661185,0.008045146091183276
2024-09-23,GOOGL,160.82472229003906,-0.010636228754811516,0.009540955290995454,0.010062968260115653,0.01547947724418542,0.006336016982493238
2024-09-24,GOOGL,161.26190185546875,0.002718360456057667,0.00939058685776056,0.00980640138622623,0.015409002169644652,0.006248475715427028
2024-09-25,GOOGL,160.4669952392578,-0.004929289603215592,0.010180486457441415,0.010245675656869293,0.015282911065891663,0.007037334014160528
2024-09-26,GOOGL,161.69911193847656,0.007678318506442183,0.008380052427977198,0.008453765914503385,0.014729444772390852,0.007243588654841821
2024-09-27,GOOGL,162.91140747070312,0.007497230613658701,0.008045146091183276,0.007259749160596822,0.014753210999567464,0.0072113668201932634
2024-09-30,GOOGL,164.79937744140625,0.011588936588388554,0.006336016982493238,0.007635721292541254,0.014784186545680525,0.013071836451300943
2024-10-01,GOOGL,165.93214416503906,0.006873610454235957,0.006248475715427028,0.007593589072621606,0.014242405576664589,0.01342735257660094
2024-10-02,GOOGL,164.8092803955078,-0.006767005725029529,0.007037334014160528,0.008425457440949422,0.014287469574978985,0.01451818999193895
2024-10-03,GOOGL,164.8092803955078,0.0,0.007243588654841821,0.007561252765375459,0.014210653885475185,0.01464240286487749
2024-10-04,GOOGL,166.00169372558594,0.007235110348255747,0.0072113668201932634,0.007412274005345261,0.014065635198749777,0.01462673729929366
2024-10-07,GOOGL,161.94752502441406,-0.024422453832752655,0.013071836451300943,0.010632306806767864,0.01465116932325805,0.010518877058127915
2024-10-08,GOOGL,163.33868408203125,0.00859018411925394,0.01342735257660094,0.01091172492186875,0.014729023161271544,0.009989758142413882
2024-10-09,GOOGL,160.83462524414062,-0.015330470255491058,0.01451818999193895,0.01201507681869862,0.01490546276266619,0.004857643033180616
2024-10-10,GOOGL,161.05325317382812,0.0013593337215518364,0.01464240286487749,0.011746757621978214,0.014770354406951415,0.009369859305792871
2024-10-11,GOOGL,162.2058868408203,0.007156848087682688,0.01462673729929366,0.011721999542360875,0.0147726448633774,0.008867589769954769
2024-10-14,GOOGL,163.91502380371094,0.01053683683236395,0.010518877058127915,0.011606877014987258,0.014787361055821598,0.007314952624889608
2024-10-15,GOOGL,164.41183471679688,0.003030905292005892,0.009989758142413882,0.011398221917082169,0.013001549122833871,0.00794258154188113
2024-10-16,GOOGL,164.1137237548828,-0.0018131964917705856,0.004857643033180616,0.011219267269708648,0.012941759318943329,0.010162601310142957
2024-10-17,GOOGL,161.8978271484375,-0.013502201740025921,0.009369859305792871,0.011958497132793691,0.013227801295452347,0.008238554980424848
2024-10-18,GOOGL,162.38475036621094,0.0030075957556057187,0.008867589769954769,0.011678348594952665,0.01065440168286679,0.010974956141013407
2024-10-21,GOOGL,163.03065490722656,0.003977618215743606,0.007314952624889608,0.008740960541476817,0.01021247779350285,0.011360808276861981
2024-10-22,GOOGL,164.09384155273438,0.006521390999213228,0.00794258154188113,0.008556028962332526,0.01020427618437635,0.013138189543203348
2024-10-23,GOOGL,161.74879455566406,-0.014290889742603063,0.010162601310142957,0.008346128500571546,0.010389647894900595,0.01062384894332686
2024-10-24,GOOGL,161.68919372558594,-0.0003684777388409666,0.008238554980424848,0.008346510454992696,0.009624286465828236,0.017863827261722243
2024-10-25,GOOGL,164.22303771972656,0.01567107817014035,0.010974956141013407,0.009468327859448627,0.009502611725135827,0.01794753868273969
2024-10-28,GOOGL,165.66387939453125,0.008773687874801928,0.011360808276861981,0.00929150272602319,0.009584220398708909,0.01982353073753353
2024-10-29,GOOGL,168.60508728027344,0.017754068638810905,0.013138189543203348,0.010692253391611617,0.009959637600206843,0.018132692713268173
2024-10-30,GOOGL,173.35482788085938,0.02817080241885228,0.01062384894332686,0.013228837404898327,0.011035764751307396,0.02280459849820375
2024-10-31,GOOGL,170.02603149414062,-0.019202213329798434,0.017863827261722243,0.01422712838865135,0.011524742229525547,0.02058463284360097
2024-11-01,GOOGL,170.20486450195312,0.0010517978114348292,0.01794753868273969,0.014270959190166492,0.011447318258918895,0.023182444652800786
2024-11-04,GOOGL,168.1678924560547,-0.011967766325944651,0.01982353073753353,0.015232225898688726,0.011498853846880246,0.020241492716164326
2024-11-05,GOOGL,168.6647186279297,0.0029543461871286425,0.018132692713268173,0.015187800791684473,0.011499758993588042,0.019814450335894632
2024-11-06,GOOGL,175.39183044433594,0.039884522804357836,0.02280459849820375,0.017825601956097763,0.013383852935155352,0.01671492361105284
2024-11-07,GOOGL,179.60496520996094,0.024021271429527147,0.02058463284360097,0.018177077956234706,0.013901134843026422,0.013752063888117205
2024-11-08,GOOGL,177.22018432617188,-0.013277922918229046,0.023182444652800786,0.019552568137172942,0.014214227376348938,0.014463739429922443
2024-11-11,GOOGL,179.20751953125,0.011213932615149913,0.020241492716164326,0.019581051841835978,0.014206492129246037,0.016109359609765582
2024-11-12,GOOGL,180.46945190429688,0.007041737848655583,0.019814450335894632,0.019282550811562264,0.014208148921098151,0.018244587919774832
2024-11-13,GOOGL,177.74679565429688,-0.015086521409971465,0.01671492361105284,0.018849979596681173,0.01448189832385325,0.0178140520414854
2024-11-14,GOOGL,174.46771240234375,-0.01844805831735319,0.013752063888117205,0.018754043863619656,0.014980219343230454,0.026600085431513532
2024-11-15,GOOGL,171.39730834960938,-0.01759869497029709,0.014463739429922443,0.019836578517246274,0.015362683756757551,0.026562039493451876
2024-11-18,GOOGL,174.1894989013672,0.016290749129282744,0.016109359609765582,0.019816764135873244,0.014811367688081018,0.02686190370129538
2024-11-19,GOOGL,176.9916229248047,0.01608664150887873,0.018244587919774832,0.02019344398022316,0.01497928931653675,0.02533716091139546
2024-11-20,GOOGL,174.8651885986328,-0.012014321870336797,0.0178140520414854,0.01658148192425958,0.014852681226490009,0.025722443819942178
2024-11-21,GOOGL,166.56808471679688,-0.04744857423212023,0.026600085431513532,0.020035369905530648,0.01746962727442796,0.012917613017738722
2024-11-22,GOOGL,163.71624755859375,-0.017121149967305516,0.026562039493451876,0.02019846402713105,0.017747679953430663,0.00848966827770599
2024-11-25,GOOGL,166.58795166015625,0.01754073981285642,0.02686190370129538,0.020942416847758417,0.017929916406608803,0.007257850099503027
2024-11-26,GOOGL,168.0486297607422,0.008768209741637056,0.02533716091139546,0.021078406330842212,0.017986198827657236,0.009387048917229133
2024-11-27,GOOGL,168.15794372558594,0.000650490069448173,0.025722443819942178,0.02098681025953472,0.0179790710725569,0.01181664794870244
2024-11-29,GOOGL,167.8797149658203,-0.0016545680424093767,0.012917613017738722,0.02048636078070668,0.017779263567001647,0.011744211664400275
2024-12-02,GOOGL,170.4036407470703,0.015034131918581384,0.00848966827770599,0.020616235464336035,0.01795235921368578,0.010800794464128441
2024-12-03,GOOGL,170.2545623779297,-0.0008748543662978614,0.007257850099503027,0.01977061634294077,0.01795358960303308,0.02451482880793727
2024-12-04,GOOGL,173.26536560058594,0.01768412652562512,0.009387048917229133,0.019939655066109133,0.01817337882638691,0.03021058229645488
2024-12-05,GOOGL,171.54635620117188,-0.009921252256361202,0.01181664794870244,0.019832896084205708,0.018055649449331104,0.032455619833557055
2024-12-06,GOOGL,173.60324096679688,0.011990256226794394,0.011744211664400275,0.011950646032465987,0.018137710227318568,0.03573894450169327
2024-12-09,GOOGL,174.45877075195312,0.004928074962148088,0.010800794464128441,0.009322966705056883,0.017974678510589308,0.0357193299637987
2024-12-10,GOOGL,184.2078399658203,0.055881794717724365,0.02451482880793727,0.018130615726999682,0.020457331750248484,0.032374501478333526
2024-12-11,GOOGL,194.3846893310547,0.05524655935992029,0.03021058229645488,0.02300982960516675,0.022396055788473285,0.026545322348446716
2024-12-12,GOOGL,190.96255493164065,-0.01760495855507338,0.032455619833557055,0.024911263216676097,0.02232180828543002,0.02596687225692353
2024-12-13,GOOGL,188.8336639404297,-0.01114821171078828,0.03573894450169327,0.025703119008689296,0.022086943320318835,0.02667653909883899
2024-12-16,GOOGL,195.6381378173828,0.036034220461345745,0.0357193299637987,0.026801916481221134,0.022850552039873965,0.021403168736546
2024-12-17,GOOGL,194.40457153320312,-0.006305346687214719,0.032374501478333526,0.027193928773167182,0.022729459500215213,0.021588545453570824
2024-12-18,GOOGL,187.42105102539065,-0.035922614641907935,0.026545322348446716,0.03129154649646706,0.02393197057987798,0.008644552784913606
2024-12-19,GOOGL,187.53048706054688,0.0005839047137847775,0.02596687225692353,0.030783403031101525,0.02294360671932309,0.013153820825846919
2024-12-20,GOOGL,190.4154052734375,0.01538372911045216,0.02667653909883899,0.030834179854963107,0.02271711667206025,0.012455099580276359
2024-12-23,GOOGL,193.61871337890625,0.016822736064179278,0.021403168736546,0.03085872844542527,0.02267472154746729,0.00849608114492567
2024-12-24,GOOGL,195.09100341796875,0.007604068911362338,0.021588545453570824,0.026508919575948815,0.022640285407292102,0.006033134915410605
2024-12-26,GOOGL,194.5836639404297,-0.002600527285474663,0.008644552784913606,0.020129173007482203,0.022650555221740747,0.010680360394885404
2024-12-27,GOOGL,191.75840759277344,-0.014519494033790936,0.013153820825846919,0.019846143543921006,0.022635381596552553,0.015239841389715722
2024-12-30,GOOGL,190.24630737304688,-0.007885444183170942,0.012455099580276359,0.01965758692026091,0.022374472471692223,0.015068549030471707
2024-12-31,GOOGL,188.31640625,-0.010144223820663156,0.00849608114492567,0.015470064922892051,0.022176845857024546,0.014542965472262978
2025-01-02,GOOGL,188.4457092285156,0.0006866262005018609,0.006033134915410605,0.015497127302209696,0.022046171206675163,0.01600448151516333
2025-01-03,GOOGL,190.79344177246097,0.01245840275990795,0.010680360394885404,0.010966389026741453,0.021980958278209804,0.015296319558356074
2025-01-06,GOOGL,195.8470458984375,0.026487305218821033,0.015239841389715722,0.013421464618824964,0.022212700964705612,0.0016297354304010082
2025-01-07,GOOGL,194.47422790527344,-0.007009643606654015,0.015068549030471707,0.013257810333654642,0.020108974684554047,0.01733524115798614
2025-01-08,GOOGL,192.9422149658203,-0.007877717042277466,0.014542965472262978,0.01250846637582133,0.019821247526893737,0.01815174110167933
2025-01-10,GOOGL,191.0421600341797,-0.009847792677083245,0.01600448151516333,0.012503691404455649,0.01988662011898156,0.0186587964327527
2025-01-13,GOOGL,190.0174865722656,-0.005363598599025243,0.015296319558356074,0.012548266170915133,0.01995575907093146,0.017953749064016086
2025-01-14,GOOGL,188.6745147705078,-0.00706762217511514,0.0016297354304010082,0.011949036326174455,0.02005385050158123,0.01657209470588025
2025-01-15,GOOGL,194.53390502929688,0.031055546987445837,0.01733524115798614,0.015480651558505367,0.020615162810218416,0.011432602440840033
2025-01-16,GOOGL,191.9076232910156,-0.013500380501207498,0.01815174110167933,0.015814112323201995,0.02079970914733092,0.007411253242961472
2025-01-17,GOOGL,194.9815673828125,0.01601783211673391,0.0186587964327527,0.016404540824703093,0.020886759155711393,0.021899353125177507
2025-01-21,GOOGL,197.0209197998047,0.01045920619249241,0.017953749064016086,0.01629553246728506,0.02077368828205586,0.023407917195847026
2025-01-22,GOOGL,197.33924865722656,0.0016157109496053312,0.01657209470588025,0.014122409702754026,0.020603655463696625,0.023365565852195302
2025-01-23,GOOGL,196.9512634277344,-0.0019660824297861312,0.011432602440840033,0.013898894013449178,0.020595180827680828,0.02714790384688253
2025-01-24,GOOGL,199.16970825195312,0.011263927865244217,0.007411253242961472,0.013804235011369416,0.02063305617155609,0.0275449187671867
2025-01-27,GOOGL,190.81332397460935,-0.041956100406457475,0.021899353125177507,0.019678041722086606,0.019974125856267504,0.016359764195869084
2025-01-28,GOOGL,194.28521728515625,0.018195235208045002,0.023407917195847026,0.020355706883179836,0.017522796300598113,0.01760269546783094
2025-01-29,GOOGL,194.39463806152344,0.0005631966131864896,0.023365565852195302,0.02010231960878737,0.01719963964340249,0.04220797930575205
2025-01-30,GOOGL,199.8262481689453,0.027941151883535076,0.02714790384688253,0.019641213834166248,0.017740327790270183,0.03880108932114565
2025-01-31,GOOGL,202.9599151611328,0.015681958806222918,0.0275449187671867,0.01910025752685102,0.016757453274015954,0.037170777363410845
2025-02-03,GOOGL,200.18438720703125,-0.013675251844178393,0.016359764195869084,0.01963273759449885,0.016926893737051484,0.03882127532430429
2025-02-04,GOOGL,205.30763244628903,0.025592631427141743,0.01760269546783094,0.02083417566701191,0.015985084229182406,0.03274410730575835
2025-02-05,GOOGL,190.3358459472656,-0.07292367225042273,0.04220797930575205,0.03216462189968056,0.021183205805136832,0.01500674292997916
2025-02-06,GOOGL,190.60443115234375,0.0014111120464013194,0.03880108932114565,0.03219589533672729,0.021002431758153993,0.017739378168288803
2025-02-07,GOOGL,184.37696838378903,-0.0326721825453119,0.037170777363410845,0.03305134691279149,0.021591490470808078,0.009670582450255939
2025-02-10,GOOGL,185.50108337402344,0.006096829772656243,0.03882127532430429,0.03085434476909376,0.021571562750485437,0.00945617353882647
2025-02-11,GOOGL,184.35707092285156,-0.0061671470072507395,0.03274410730575835,0.029999293646690444,0.02158794765163398,0.010339977467242648
2025-02-12,GOOGL,182.6559600830078,-0.009227261158622047,0.01500674292997916,0.0299640036422135,0.02149991013472575,0.009374238305893113
2025-02-13,GOOGL,185.1728057861328,0.013779160022926229,0.017739378168288803,0.028490856938897347,0.02163768134023586,0.012523555821451643
2025-02-14,GOOGL,184.26751708984375,-0.0048888857758878634,0.009670582450255939,0.027375119407611982,0.021579526785851278,0.012686522694563038
2025-02-18,GOOGL,182.8151092529297,-0.007882061145947472,0.00945617353882647,0.027332742140794782,0.021620022225197037,0.0143802525541852
2025-02-19,GOOGL,184.3073272705078,0.008162443594930568,0.010339977467242648,0.025390502604100293,0.021543404871819122,0.010655521232219502
2025-02-20,GOOGL,183.60101318359375,-0.0038322626526801074,0.009374238305893113,0.012749590685153765,0.02091518371737307,0.009755749835538766
2025-02-21,GOOGL,178.72647094726562,-0.026549647803162046,0.012523555821451643,0.01449415092122461,0.021377833387160542,0.014563103546472434
2025-02-24,GOOGL,178.31861877441406,-0.002281990858376548,0.012686522694563038,0.011156064234324513,0.02135446383528569,0.014111337568465216
2025-02-25,GOOGL,174.5084991455078,-0.021366919815178242,0.0143802525541852,0.011944112019362223,0.02159522471141558,0.020843614640604243
2025-02-26,GOOGL,171.8324737548828,-0.01533464217346625,0.010655521232219502,0.01230263232170439,0.02171272596529856,0.021082176684672573
2025-02-27,GOOGL,167.62448120117188,-0.024488924949736757,0.009755749835538766,0.01350541811167501,0.022052389934824362,0.01648427367724946
2025-02-28,GOOGL,169.3952178955078,0.01056371170635173,0.014563103546472434,0.012943468864494784,0.021241310428299673,0.016341359064623084
2025-03-03,GOOGL,166.14219665527344,-0.01920373715768653,0.014111337568465216,0.01325199589414369,0.021351002585265892,0.026454721274098772
2025-03-04,GOOGL,170.03187561035156,0.02341174628350906,0.020843614640604243,0.017023919566087484,0.02163759301762924,0.02278648148970648
2025-03-05,GOOGL,172.12098693847656,0.012286586386381249,0.021082176684672573,0.017478416616305514,0.02168316490996528,0.02432838194370925
2025-03-06,GOOGL,171.45445251464844,-0.0038724761906365757,0.01648427367724946,0.017477693333902183,0.021655000990886186,0.025718313084016658
2025-03-07,GOOGL,172.9566192626953,0.008761316641330952,0.016341359064623084,0.016561096087349365,0.021785515089126368,0.027440622480993607
2025-03-10,GOOGL,165.19815063476562,-0.044857887839179655,0.026454721274098772,0.02114956582090086,0.022807491963970635,0.019156773458617455
2025-03-11,GOOGL,163.3755645751953,-0.011032726774283574,0.02278648148970648,0.02063812203429357,0.02180103684913087,0.021027759664463914
2025-03-12,GOOGL,166.43316650390625,0.018715172839103733,0.02432838194370925,0.021773601055383434,0.02182025048711815,0.021390547227912664
2025-03-13,GOOGL,162.1007537841797,-0.026030945698704122,0.025718313084016658,0.0219476835491689,0.02212827547305052,0.017784518345235666
2025-03-14,GOOGL,164.8197021484375,0.016773200005459676,0.027440622480993607,0.02245989154580735,0.021629457120810717,0.01598952568192237
2025-03-17,GOOGL,163.6245574951172,-0.007251224445509297,0.019156773458617455,0.02178024723874669,0.0212321902576429,0.018718433915074037
2025-03-18,GOOGL,160.0192108154297,-0.02203426389584029,0.021027759664463914,0.020766516895653203,0.021378070107016523,0.011953525892299153
2025-03-19,GOOGL,163.22618103027344,0.020041157549156807,0.021390547227912664,0.02164538448963149,0.02110662879338662,0.021941647176879166
2025-03-20,GOOGL,162.14059448242188,-0.006650811413949742,0.017784518345235666,0.021646009996175775,0.017099659765601287,0.023374027606518907
2025-03-21,GOOGL,163.32579040527344,0.007309680383465356,0.01598952568192237,0.021545445015796603,0.017211694160035665,0.030934441778894636
2025-03-24,GOOGL,167.00082397460938,0.022501244660851016,0.018718433915074037,0.018133480828570393,0.017099220652581477,0.026280769357941627
2025-03-25,GOOGL,169.86917114257812,0.01717564680043049,0.011953525892299153,0.018207134436535315,0.017422430909396977,0.02582674192831711
2025-03-26,GOOGL,164.3914337158203,-0.032246801405536485,0.021941647176879166,0.02062003848237051,0.01822911028021888,0.024764859392830768
2025-03-27,GOOGL,161.58287048339844,-0.01708460817536861,0.023374027606518907,0.01958337090167343,0.018367898215497513,0.02839949846798094
2025-03-28,GOOGL,153.7049102783203,-0.0487549217408384,0.030934441778894636,0.023801637099553734,0.019784497203771963,0.024402847941973442
2025-03-31,GOOGL,154.01365661621094,0.0020086953457216783,0.026280769357941627,0.023957403936407863,0.019837839556359337,0.025332512470721626
2025-04-01,GOOGL,156.43382263183594,0.015713970233534935,0.02582674192831711,0.024084159640293715,0.020215317685864733,0.020831766448687214
2025-04-02,GOOGL,156.40391540527344,-0.00019118133188422703,0.024764859392830768,0.02284488462112322,0.020085135948281423,0.05556702130166975
2025-04-03,GOOGL,150.10952758789062,-0.04024443890086005,0.02839949846798094,0.025580604993424422,0.02107182806844375,0.05496762609772645
2025-04-04,GOOGL,145.01026916503906,-0.033970251620876635,0.024402847941973442,0.02626796251381133,0.021357236422636077,0.05115297191405804
2025-04-07,GOOGL,146.15560913085938,0.00789833694134301,0.025332512470721626,0.024514550004408636,0.021510530662498823,0.0510085893825263
2025-04-08,GOOGL,144.11390686035156,-0.013969373345635971,0.020831766448687214,0.022120713396183687,0.021374799386470182,0.05154571798326425
2025-04-09,GOOGL,158.0671844482422,0.09682117355552333,0.05556702130166975,0.0411291142051358,0.028372939718435013,0.026335580011587437
2025-04-10,GOOGL,152.20103454589844,-0.03711175044219617,0.05496762609772645,0.042350997610056076,0.028802204803114188,0.021181842484407843
2025-04-11,GOOGL,156.50350952148438,0.02826836879540706,0.05115297191405804,0.04050955970009909,0.029263529059997396,0.014101123689733938
2025-04-14,GOOGL,158.4257049560547,0.012282123515616306,0.0510085893825263,0.040625190253293676,0.029198224386702606,0.020004591476614975
2025-04-15,GOOGL,155.6768798828125,-0.01735087796519308,0.05154571798326425,0.040869971140078475,0.02896197615068526,0.024547169646311928
2025-04-16,GOOGL,152.70896911621094,-0.019064557105947233,0.026335580011587437,0.04132549888469482,0.028974286735088627,0.024398365510516024
2025-04-17,GOOGL,150.5477752685547,-0.014152370094330124,0.021181842484407843,0.0393962266401946,0.029038561045575638,0.021117067312243196
2025-04-21,GOOGL,147.07188415527344,-0.023088292783342568,0.014101123689733938,0.038463272029532834,0.029140813598331282,0.014673570578030462
2025-04-22,GOOGL,150.8564910888672,0.025733041738950524,0.020004591476614975,0.03917137344813951,0.028656229958345027,0.015935899642866378
2025-04-23,GOOGL,154.7207794189453,0.02561565831331536,0.024547169646311928,0.039172175410862806,0.02906405600676802,0.015582930236209427
2025-04-24,GOOGL,158.63485717773438,0.025297686409597953,0.024398365510516024,0.025120362441014454,0.02924551955836541,0.012717083576901449
2025-04-25,GOOGL,161.3040008544922,0.0168257073145488,0.021117067312243196,0.021666250873980743,0.029036329211331466,0.012744900969216067
2025-04-28,GOOGL,159.95947265625,-0.00833536794574019,0.014673570578030462,0.020556588509843852,0.028904809361368633,0.011340874944005493
2025-04-29,GOOGL,159.5113067626953,-0.0028017465056151547,0.015935899642866378,0.020300776512515207,0.028880911036248822,0.011923548381108972
2025-04-30,GOOGL,158.15679931640625,-0.008491607734768092,0.015582930236209427,0.01959853112657622,0.02863674428916098,0.036878345793971104
2025-05-01,GOOGL,160.6466827392578,0.015743132344695043,0.012717083576901449,0.01855340833566458,0.028543619563264646,0.03747681296711727
2025-05-02,GOOGL,163.36561584472656,0.016924925302577165,0.012744900969216067,0.01751916697364445,0.028682496221937717,0.03479042756763934
2025-05-05,GOOGL,163.54489135742188,0.0010973882831359916,0.011340874944005493,0.014017457802541057,0.028655110640793468,0.04172699076769438
2025-05-06,GOOGL,162.56886291503906,-0.0059679543291250026,0.011923548381108972,0.013838734592127382,0.028369122227053085,0.04214475138419851
2025-05-07,GOOGL,150.766845703125,-0.07259703365263726,0.036878345793971104,0.027616845767366092,0.031047131378433783,0.020180887104002437
2025-05-08,GOOGL,153.6551055908203,0.019157128838409143,0.03747681296711727,0.026998087722137153,0.03082394718382774,0.023334002869035423
2025-05-09,GOOGL,152.13131713867188,-0.009916939930432522,0.03479042756763934,0.02614415976604538,0.030728964211675872,0.01979822212188894
2025-05-12,GOOGL,157.81817626953125,0.03738125218278121,0.04172699076769438,0.029392241955071927,0.03018593403896641,0.01685938560525552
2025-05-13,GOOGL,158.88385009765625,0.0067525417750675665,0.04214475138419851,0.029480411917599772,0.030202102463875825,0.020475700206772182
2025-05-14,GOOGL,164.7001953125,0.03660752940760692,0.020180887104002437,0.03142135797282354,0.030777189093133827,0.01732465956159331
2025-05-15,GOOGL,163.2958984375,-0.008526382572500935,0.023334002869035423,0.031395287296882214,0.030836820965681598,0.01613472177789748
2025-05-16,GOOGL,165.51686096191406,0.013600846963490065,0.01979822212188894,0.031237983467370126,0.029850862222270177,0.018472105409409367
2025-05-19,GOOGL,165.86544799804688,0.0021060515170900906,0.01685938560525552,0.03123723882008612,0.028995877764122466,0.021191246501523243
2025-05-20,GOOGL,163.31582641601562,-0.015371625693021196,0.020475700206772182,0.03163803861539599,0.029223019099144463,0.01837831922042854
2025-05-21,GOOGL,167.8772735595703,0.027930221116080123,0.01732465956159331,0.0192152937408727,0.029329936067238275,0.015931618093095193
2025-05-22,GOOGL,170.1779022216797,0.01370422936546567,0.01613472177789748,0.019033723387599163,0.02381438404534259,0.01501063329841993
2025-05-23,GOOGL,167.7876434326172,-0.014045647277687423,0.018472105409409367,0.01956150330831505,0.02283554693715396,0.015461476337360872
2025-05-27,GOOGL,172.19969177246094,0.026295430638285433,0.021191246501523243,0.018097570349027838,0.0227645182781225,0.007779161364236762
2025-05-28,GOOGL,171.66188049316406,-0.0031231837511505045,0.01837831922042854,0.01849322974129526,0.02273202611378709,0.011661471621687545
2025-05-29,GOOGL,171.1638946533203,-0.0029009692682678834,0.015931618093095193,0.015690920143161546,0.0224386472139038,0.011958169999838118
2025-05-30,GOOGL,171.04440307617188,-0.000698112048633015,0.01501063329841993,0.015185507951971539,0.02205143778588864,0.02054930791540542
2025-06-02,GOOGL,168.34536743164062,-0.015779736699886526,0.015461476337360872,0.016097589137246127,0.022099644621843394,0.018222184818348676
2025-06-03,GOOGL,165.50689697265625,-0.01686099535906138,0.007779161364236762,0.017142533551208736,0.021864716737815728,0.011387349294890265
2025-06-04,GOOGL,167.36935424804688,0.011253049325783193,0.011661471621687545,0.016562284080673673,0.02152974824699658,0.015126711444353954
2025-06-05,GOOGL,167.52870178222656,0.000952071153620615,0.011958169999838118,0.013967736342755744,0.021131073374680887,0.01738472267398654
2025-06-06,GOOGL,172.9765167236328,0.032518696100731104,0.02054930791540542,0.01697930183142901,0.02143426011763332,0.012153819925937743
2025-06-09,GOOGL,175.58908081054688,0.015103576695836729,0.018222184818348676,0.016458274618398577,0.021398549219186182,0.011338581265176138
2025-06-10,GOOGL,178.0919647216797,0.01425421159208251,0.011387349294890265,0.015083898973409789,0.021381284160474558,0.008548045674218546
2025-06-11,GOOGL,176.8455047607422,-0.006998967993224525,0.015126711444353954,0.015320130354086496,0.021439692106031923,0.010088205413701694
2025-06-12,GOOGL,175.2001953125,-0.009303654342066259,0.01738472267398654,0.01572646688982817,0.02145608242942084,0.018501197551065243
2025-06-13,GOOGL,174.1731414794922,-0.0058621728770100745,0.012153819925937743,0.015924645043355015,0.021398451238396184,0.01837046248712692
2025-06-16,GOOGL,176.2671661376953,0.012022661131421808,0.011338581265176138,0.014882546078705655,0.021306357488231353,0.01761920795832083
2025-06-17,GOOGL,175.44949340820312,-0.004638826092282278,0.008548045674218546,0.01333591134168641,0.0213474866903272,0.02374580336779984
2025-06-18,GOOGL,172.82696533203125,-0.014947481609822955,0.010088205413701694,0.01467995520051667,0.02153344365110579,0.024908996402381638
2025-06-20,GOOGL,166.1659698486328,-0.03854141320251436,0.018501197551065243,0.019803249140529347,0.018069691767140697,0.014573246330927483
2025-06-23,GOOGL,164.7200927734375,-0.008701403040059397,0.01837046248712692,0.016073270344767698,0.01794763949372459,0.016225445565042497
2025-06-24,GOOGL,166.2956085205078,0.009564806093433464,0.01761920795832083,0.015393742767440004,0.01783588956094796,0.017663233435053667
2025-06-25,GOOGL,170.1944580078125,0.023445294328526378,0.02374580336779984,0.016893334823342782,0.017078314977121426,0.01660249005883958
2025-06-26,GOOGL,173.0463409423828,0.016756614568727013,0.024908996402381638,0.01811289670503456,0.017257700856282646,0.016102211578716233
2025-06-27,GOOGL,178.02215576171875,0.02875423306981495,0.014573246330927483,0.02028107272892025,0.016783284583571683,0.012887125885239414
2025-06-30,GOOGL,175.72869873046875,-0.012882986510509231,0.016225445565042497,0.02069256935638663,0.016902483976722983,0.013075356165194413
2025-07-01,GOOGL,175.3397979736328,-0.002213074811601712,0.017663233435053667,0.020343080756401632,0.01679338888682786,0.014692847653480624
2025-07-02,GOOGL,178.1318359375,0.015923583784937634,0.01660249005883958,0.020892127223084436,0.016983115834222937,0.012658033965254438
2025-07-03,GOOGL,179.01930236816406,0.004982076482810349,0.016102211578716233,0.020059946300958288,0.016646933534941934,0.01438695776773226
2025-07-07,GOOGL,176.28709411621094,-0.015262087472188712,0.012887125885239414,0.015428097092581774,0.016298361912085748,0.011301373092116849
2025-07-08,GOOGL,173.864013671875,-0.013745081320238994,0.013075356165194413,0.016033988198662124,0.016374953169868475,0.005031031504932634
2025-07-09,GOOGL,176.11756896972656,0.012961597114079071,0.014692847653480624,0.016164358159381366,0.016270190904172425,0.004517494776006191
2025-07-10,GOOGL,177.11471557617188,0.005661823589086179,0.012658033965254438,0.014948716747862084,0.015619671492888955,0.004812746754688986
2025-07-11,GOOGL,179.67742919921875,0.014469230378233222,0.01438695776773226,0.014749599114514523,0.015786688120689465,0.0025029616357867416
2025-07-14,GOOGL,181.04351806640625,0.007603007641392878,0.011301373092116849,0.012054111840183143,0.01579891396285619,0.01026914455783823
2025-07-15,GOOGL,181.48226928710935,0.00242345721840298,0.005031031504932634,0.010906781220103495,0.01579085623710549,0.00973494731198791
2025-07-16,GOOGL,182.4495086669922,0.005329663243039073,0.004517494776006191,0.010744259502876809,0.015433057835176147,0.012086303816715499
2025-07-17,GOOGL,183.0577850341797,0.0033339435750288082,0.004812746754688986,0.009900888230308755,0.014979648067720782,0.01182931751096685
2025-07-18,GOOGL,184.53355407714844,0.008061766084918043,0.0025029616357867416,0.010024269716207337,0.014933761320279725,0.01196516748686212
2025-07-21,GOOGL,189.55923461914065,0.02723450793068838,0.01026914455783823,0.010384115398659936,0.015545565418472494,0.006769646350554481
2025-07-22,GOOGL,190.79571533203125,0.00652292522374287,0.00973494731198791,0.007346535857093139,0.01461159328429333,0.009219689382734849
2025-07-23,GOOGL,189.68885803222656,-0.005801269163086209,0.012086303816715499,0.00861161734781382,0.014531327133697172,0.007297610162370554
2025-07-24,GOOGL,191.62335205078125,0.010198248007935451,0.01182931751096685,0.008624444185385492,0.014438501911650909,0.014823366189196276
2025-07-25,GOOGL,192.6304626464844,0.005255677791484725,0.01196516748686212,0.008336465650104246,0.014332135970577121,0.01560875662408029
2025-07-28,GOOGL,192.0321807861328,-0.003105852792606112,0.006769646350554481,0.008920098535849267,0.014193357779042166,0.022299762432236435
2025-07-29,GOOGL,195.19314575195312,0.016460600264393666,0.009219689382734849,0.009396082263680805,0.014288869241697193,0.020946159488375457
2025-07-30,GOOGL,195.970947265625,0.003984778823434176,0.007297610162370554,0.009437729867452328,0.014206513037839551,0.0211912160349259
2025-07-31,GOOGL,191.35411071777344,-0.023558780585949624,0.014823366189196276,0.013586155846107445,0.014985150235887848,0.016787762974505984
2025-08-01,GOOGL,188.5919952392578,-0.014434576127760557,0.01560875662408029,0.014748305562227566,0.014964238890220385,0.014546332672139945
2025-08-04,GOOGL,194.48516845703125,0.031248268041796035,0.022299762432236435,0.015536587018834863,0.013646620578065741,0.011206639985125774
2025-08-05,GOOGL,194.11622619628903,-0.0018970200332973919,0.020946159488375457,0.015533157471034115,0.013460317863885459,0.010401744515291437
2025-08-06,GOOGL,195.5321807861328,0.00729436491523372,0.0211912160349259,0.015368991617780032,0.013443488651537655,0.012586491282137725
2025-08-07,GOOGL,195.96096801757812,0.002192924099354787,0.016787762974505984,0.01516793356912058,0.013018486772188484,0.01244184140903311
2025-08-08,GOOGL,200.84703063964844,0.02493385632608236,0.014546332672139945,0.016778607531284892,0.01335879725203483,0.007094724864506321
2025-08-11,GOOGL,200.42822265625,-0.002085208738534128,0.011206639985125774,0.016731510185244134,0.012640204446739009,0.007075071047919047
2025-08-12,GOOGL,202.76156616210935,0.011641791135678536,0.010401744515291437,0.016412354520169443,0.01229661920483093,0.006534726347190127
2025-08-13,GOOGL,201.3855133056641,-0.006786556656132259,0.012586491282137725,0.016758320618377027,0.012415033682659083,0.007589217696150364
2025-08-14,GOOGL,202.3627014160156,0.004852325742360275,0.01244184140903311,0.013956915953182457,0.0122331631489645,0.00699999680726826
2025-08-15,GOOGL,203.31996154785156,0.004730417834599043,0.007094724864506321,0.01207440559382355,0.012232788526672318,0.017356281475619677
2025-08-18,GOOGL,202.9211273193359,-0.0019616088134158938,0.007075071047919047,0.00903602020926536,0.011729113133906816,0.01759444876571341
2025-08-19,GOOGL,200.9966278076172,-0.009483978022111761,0.006534726347190127,0.009891394722864726,0.011521159124160692,0.017018137250018463
2025-08-20,GOOGL,198.7530059814453,-0.01116248491650984,0.007589217696150364,0.010792460916886876,0.011778768136985161,0.014670193993844166
2025-08-21,GOOGL,199.18177795410156,0.002157310630543474,0.00699999680726826,0.010792281348635928,0.011780176000421165,0.015023541779887932
2025-08-22,GOOGL,205.50372314453125,0.03173957605643274,0.017356281475619677,0.012500736467855045,0.012696377394203847,0.010028357833607542
2025-08-25,GOOGL,207.8969268798828,0.011645549281208867,0.01759444876571341,0.0127100558903875,0.012751077634890046,0.01115504815035611
2025-08-26,GOOGL,206.55075073242188,-0.006475209459150477,0.017018137250018463,0.012749288004980831,0.012908366133251942,0.03982847652671747
2025-08-27,GOOGL,206.8897705078125,0.0016413388679947793,0.014670193993844166,0.012382677864452673,0.012916789750816747,0.039187690874089215
2025-08-28,GOOGL,211.0379638671875,0.02005025840182051,0.015023541779887932,0.013544990406676742,0.013231332618004937,0.03954948284788031
2025-08-29,GOOGL,212.30433654785156,0.006000686594289872,0.010028357833607542,0.013555551517132539,0.013219353581745332,0.040663247406452094
2025-09-02,GOOGL,210.7487945556641,-0.007326944034592886,0.01115504815035611,0.013936808831644434,0.012689255218395338,0.037725256237597905
2025-09-03,GOOGL,230.0038604736328,0.09136501092955474,0.03982847652671747,0.03019634162317826,0.020444244383120237,0.011053462601683337
2025-09-04,GOOGL,231.63919067382812,0.007110011966006802,0.039187690874089215,0.029037596042390756,0.020313060663678873,0.011111421335954212
2025-09-05,GOOGL,234.33151245117188,0.011622911345493314,0.03954948284788031,0.02869606658426781,0.020322762842754718,0.01097627053214672
2025-09-08,GOOGL,233.5829620361328,-0.0031944078165545564,0.040663247406452094,0.02879302737836469,0.020405040784987744,0.01957406264818452
2025-09-09,GOOGL,239.1620635986328,0.023884882329889168,0.037725256237597905,0.028977080940770516,0.020554995324772656,0.019937017469337848
2025-09-10,GOOGL,238.70294189453125,-0.0019197095776530837,0.011053462601683337,0.02864515870375485,0.02055385089283422,0.020687700774456686
2025-09-11,GOOGL,239.90060424804688,0.005017375755866471,0.011111421335954212,0.028490704983354022,0.020549618070020245,0.02058676007536766
2025-09-12,GOOGL,240.32977294921875,0.001788943810779875,0.01097627053214672,0.028733825309184727,0.019757296882525307,0.020112895449523976
2025-09-15,GOOGL,251.11865234375,0.04489198014101614,0.01957406264818452,0.03020986483363416,0.02041258742058998,0.009091503570917992
2025-09-16,GOOGL,250.6695251464844,-0.0017885059236889544,0.019937017469337848,0.029755064461285216,0.02010348898281411,0.009236772471194192
2025-09-17,GOOGL,249.0427093505859,-0.006489882625132948,0.020687700774456686,0.015649423719013907,0.020204071890911498,0.01230180310188255
2025-09-18,GOOGL,251.5378265380859,0.010018832488637663,0.02058676007536766,0.01565616786476382,0.020204451429861332,0.010358614638307099
2025-09-19,GOOGL,254.2225799560547,0.01067335857560292,0.020112895449523976,0.015637204003020995,0.020170720580453428,0.007703689191709733
2025-09-22,GOOGL,252.036865234375,-0.00859764196420909,0.009091503570917992,0.01616258423034591,0.020180812661782645,0.007834941169431167
2025-09-23,GOOGL,251.16856384277344,-0.003445136451741382,0.009236772471194192,0.015424563724076103,0.02020526137814134,0.007789697087360393
2025-09-24,GOOGL,246.65736389160156,-0.017960846222761395,0.01230180310188255,0.016981430260735824,0.02072431937743719,0.006980934222431781
2025-09-25,GOOGL,245.3100128173828,-0.005462440094879395,0.010358614638307099,0.01719332045494167,0.02069587935151629,0.006922403590874784
2025-09-26,GOOGL,246.0585479736328,0.0030513844406638846,0.007703689191709733,0.01719327293930384,0.020704326088457545,0.006704419133926054
2025-09-29,GOOGL,243.57342529296875,-0.010099720985634497,0.007834941169431167,0.008935225455042427,0.020929712466600397,0.009684887822482665
2025-09-30,GOOGL,242.62527465820312,-0.003892668642423547,0.007789697087360393,0.008928035366144175,0.02095876496969881,0.014300720215985552
2025-10-01,GOOGL,244.4217529296875,0.007404332767949162,0.006980934222431781,0.009429745861699127,0.020749326436267805,0.014231821232198147
2025-10-02,GOOGL,245.210205078125,0.0032257855079875775,0.006922403590874784,0.008697497865999585,0.02048582831443621,0.015036232759189956
2025-10-03,GOOGL,244.87088012695312,-0.0013838125173614158,0.006704419133926054,0.007406748988048535,0.020526174264473264,0.016760413924824392
2025-10-06,GOOGL,249.9409637451172,0.020705130865440013,0.009684887822482665,0.010437325160173629,0.02016517432689253,0.02155210193689372
2025-10-07,GOOGL,245.28005981445312,-0.01864801935955218,0.014300720215985552,0.01187581052232967,0.020663151851518964,0.020357651887337774
2025-10-08,GOOGL,244.14230346679688,-0.004638601068985948,0.014231821232198147,0.01060364091204802,0.020628448762157133,0.022405446241129702
2025-10-09,GOOGL,241.0583343505859,-0.0126318506560269,0.015036232759189956,0.011168189516590434,0.02089029224356819,0.02034513481373798
2025-10-10,GOOGL,236.10804748535156,-0.020535638722346983,0.016760413924824392,0.012470234755447257,0.02121452227553835,0.012966295273214289
2025-10-13,GOOGL,243.67320251464844,0.032041072338994336,0.02155210193689372,0.016626287467817802,0.0218249283013462,0.008183675845494755
2025-10-14,GOOGL,244.97067260742188,0.005324631840448069,0.020357651887337774,0.01663186382415932,0.021703894584113172,0.017424223943774894
2025-10-15,GOOGL,250.5397796630859,0.022733770521946584,0.022405446241129702,0.017934343927884386,0.014847851012567673,0.014202700605698379
2025-10-16,GOOGL,250.9689483642578,0.001712976285638268,0.02034513481373798,0.017935039594190003,0.014828520089843948,0.014377985258694348
2025-10-17,GOOGL,252.80535888671875,0.007317281816854759,0.012966295273214289,0.017938473767331032,0.014760664837114218,0.018521463152940325
2025-10-20,GOOGL,256.0489807128906,0.012830510557433783,0.008183675845494755,0.017251055732180588,0.014832152405621324,0.02317687910844797
2025-10-21,GOOGL,249.9709014892578,-0.023737955162759228,0.017424223943774894,0.018004648708276713,0.015085059594693695,0.01755503310471285
2025-10-22,GOOGL,251.19851684570312,0.004911033040772006,0.014202700605698379,0.017863665813837207,0.015081910141465857,0.017621116673763884
2025-10-23,GOOGL,252.58578491210935,0.005522596565561422,0.014377985258694348,0.017000553620461264,0.015085895211831787,0.016380041653790436
2025-10-24,GOOGL,259.4124450683594,0.027027095600908213,0.018521463152940325,0.015726669033355234,0.015771757855655783,0.018699986905642424
2025-10-27,GOOGL,268.7441711425781,0.03597254584975551,0.02317687910844797,0.01638619375951333,0.015014248003559306,0.0150252106772825
2025-10-28,GOOGL,266.94769287109375,-0.006684715295764643,0.01755503310471285,0.017184419223495156,0.015087465353105664,0.020045217171258876
2025-10-29,GOOGL,274.0338134765625,0.026544977891569843,0.017621116673763884,0.017566765036182198,0.015626595096390587,0.019553234022302732
2025-10-30,GOOGL,280.93035888671875,0.025166768008160867,0.016380041653790436,0.01802446794072232,0.016088748168793496,0.016766598984369795
2025-10-31,GOOGL,280.6408996582031,-0.0010303593732721161,0.018699986905642424,0.018427825148627723,0.016058576262082375,0.019833022421263707
2025-11-03,GOOGL,283.16595458984375,0.008997458797758817,0.0150252106772825,0.01841734370365352,0.015925100421161572,0.02749826030218044
2025-11-04,GOOGL,276.9980163574219,-0.021782061481776416,0.020045217171258876,0.018022215147137404,0.01656038596017033,0.02337683031806075
2025-11-05,GOOGL,283.7547912597656,0.024392863859447944,0.019553234022302732,0.018404120847113153,0.01648171741769482,0.024066522242095885
2025-11-06,GOOGL,284.1939392089844,0.0015476318382823262,0.016766598984369795,0.01861123095589825,0.01638041285632611,0.027638847148426723
2025-11-07,GOOGL,278.2854919433594,-0.020790194478004564,0.019833022421263707,0.020384064583983445,0.017045353500230825,0.026247894707470885
2025-11-10,GOOGL,289.5334777832031,0.04041887258044019,0.02749826030218044,0.02111594997606307,0.018044870413930252,0.022627312754390564
2025-11-11,GOOGL,290.7411193847656,0.004170991247052891,0.02337683031806075,0.02056743455207639,0.017953262047284473,0.022266506410624356
2025-11-12,GOOGL,286.1501159667969,-0.015790691828124315,0.024066522242095885,0.020855820571133242,0.018393812628190783,0.025705347232569033
2025-11-13,GOOGL,278.0260314941406,-0.028390987874346796,0.027638847148426723,0.021821938233589862,0.019402576442761315,0.020974978504859777
2025-11-14,GOOGL,275.8702392578125,-0.007753922266712454,0.026247894707470885,0.02193224755829852,0.01950238873723949,0.021775767117062774
2025-11-17,GOOGL,284.4634094238281,0.031149319292774313,0.022627312754390564,0.024119687282350675,0.019897073084166026,0.0302258418474104
2025-11-18,GOOGL,283.724853515625,-0.002596312508870824,0.022266506410624356,0.022861388652818757,0.019463898603444975,0.027386806046692917
2025-11-19,GOOGL,292.23822021484375,0.030005713612078377,0.025705347232569033,0.023514487822973947,0.019892430531792005,0.03178294677437492
2025-11-20,GOOGL,288.884765625,-0.011475071903252143,0.020974978504859777,0.023972140145551574,0.019855751406409477,0.029299760680691917
2025-11-21,GOOGL,299.0748596191406,0.035273905746100676,0.021775767117062774,0.02462431523432489,0.01987496192981078,0.03190768835441187
2025-11-24,GOOGL,317.9578552246094,0.06313802380285471,0.0302258418474104,0.02870826430371607,0.02187670992765253,0.012419830889909347
2025-11-25,GOOGL,322.8083801269531,0.015255244752224506,0.027386806046692917,0.028681903407052945,0.021892151923010313,0.01137940172168839
2025-11-26,GOOGL,319.3252258300781,-0.010790160699995277,0.03178294677437492,0.028204843075138267,0.02204674692780283,0.010698963872847501
2025-11-28,GOOGL,319.5547790527344,0.000718869679210421,0.029299760680691917,0.024959337355774835,0.02205781258854725,0.012213551696777559
2025-12-01,GOOGL,314.2751159667969,-0.01652193436627103,0.03190768835441187,0.02595405039449429,0.022519678694695164,0.014557643312812297
2025-12-02,GOOGL,315.1932678222656,0.0029214907856902617,0.012419830889909347,0.025338780342500263,0.02251182052143769,0.01541075726097557
2025-12-03,GOOGL,319.00579833984375,0.01209585009197589,0.01137940172168839,0.02491139723998514,0.02175188399030556,0.015039038613198542
2025-12-04,GOOGL,316.999755859375,-0.006288420119347382,0.010698963872847501,0.024649201200706482,0.021909142338112773,0.01878608097925602
2025-12-05,GOOGL,320.642578125,0.011491561738744771,0.012213551696777559,0.023637388088886997,0.021912837997615706,0.01701340686387581
2025-12-08,GOOGL,313.31219482421875,-0.02286154054663181,0.014557643312812297,0.024075080638978286,0.02232495930012241,0.014629668550129163
2025-12-09,GOOGL,316.66778564453125,0.010710054941190927,0.01541075726097557,0.01327224653758342,0.021642922543776588,0.012326587393413569
2025-12-10,GOOGL,319.7937316894531,0.00987137368128388,0.015039038613198542,0.012665244284711203,0.021526792220258266,0.012555678578908474
2025-12-11,GOOGL,312.0238342285156,-0.02429659086777447,0.01878608097925602,0.014437436959129052,0.021873256494351682,0.018356601904911212
2025-12-12,GOOGL,308.887939453125,-0.01005017704222555,0.01701340686387581,0.014594981811561014,0.021673588546772274,0.020501833629302236
2025-12-15,GOOGL,307.8193054199219,-0.0034596172161823757,0.014629668550129163,0.013844685030127356,0.021695205533701446,0.020870993691528558
2025-12-16,GOOGL,306.1714782714844,-0.005353228726799886,0.012326587393413569,0.013765800794757577,0.021723677689389553,0.02122984286403017
2025-12-17,GOOGL,296.3342590332031,-0.0321297701987725,0.012555678578908474,0.015445204773138658,0.02220479271980335,0.007893183856124912
2025-12-18,GOOGL,302.0668029785156,0.019344857270350957,0.018356601904911212,0.01759721981064411,0.022051666524867904,0.008285852941892742
2025-12-19,GOOGL,306.7607116699219,0.015539306686872534,0.020501833629302236,0.01805106232027633,0.022182366689643927,0.007215391536308425
2025-12-22,GOOGL,309.3772888183594,0.00852970099786754,0.020870993691528558,0.017166250900961584,0.02174952051076016,0.0068548285268888514
2025-12-23,GOOGL,313.94134521484375,0.014752396382799793,0.02122984286403017,0.017519976895296663,0.020739218051830727,0.0014676626871740481
2025-12-24,GOOGL,313.68170166015625,-0.0008270447924271229,0.007893183856124912,0.017123162459375372,0.02074878692974391,0.0037583228559630207
2025-12-26,GOOGL,313.1024475097656,-0.001846630349570666,0.008285852941892742,0.015210033190769459,0.02047370953604677,0.0037485686800122417
2025-12-29,GOOGL,313.1523742675781,0.00015945821634288926,0.007215391536308425,0.01476299217274218,0.019599258175974566,0.0055190113860639324
2025-12-30,GOOGL,313.4420166015625,0.000924924598326271,0.0068548285268888514,0.014665070874950526,0.01948108199245019,0.01202679162186294
2025-12-31,GOOGL,312.5931091308594,-0.0027083397430479605,0.0014676626871740481,0.014542875117954665,0.018851308006383596,0.011302495741096503
2026-01-02,GOOGL,314.7403259277344,0.00686904712277614,0.0037583228559630207,0.008142275764651714,0.018828110532975232,0.011308116702204581
2026-01-05,GOOGL,316.1285400390625,0.004410664909989537,0.0037485686800122417,0.006675086118361175,0.01815991042070504,0.01108618933798533
2026-01-06,GOOGL,313.9313659667969,-0.006950255335991251,0.0055190113860639324,0.006353380448474128,0.018055925494200056,0.006179946645315798
2026-01-07,GOOGL,321.5614318847656,0.024304885542325128,0.01202679162186294,0.009326299260427794,0.01748027518834842,0.00506584371021705
2026-01-08,GOOGL,325.0169372558594,0.01074601935574182,0.011302495741096503,0.00888430881464114,0.013348892547729573,0.009054165288509013
2026-01-09,GOOGL,328.14288330078125,0.009617794295012638,0.011308116702204581,0.00893184249223714,0.013177235182147458,0.010030797351621564
2026-01-12,GOOGL,331.4285583496094,0.010012940142957172,0.01108618933798533,0.008773677781521681,0.013102653197425153,0.013393097227235624
2026-01-13,GOOGL,335.53326416015625,0.012384888710214925,0.006179946645315798,0.008761622291553497,0.013256281138579969,0.01607747990014918
2026-01-14,GOOGL,335.4034118652344,-0.0003870027469463633,0.00506584371021705,0.00887118759193926,0.01281076603875001,0.01680349586721992
2026-01-15,GOOGL,332.3473815917969,-0.0091115062200543,0.009054165288509013,0.009816845994570344,0.012976351832362407,0.01670262611647747
2026-01-16,GOOGL,329.5710144042969,-0.008353810925792238,0.010030797351621564,0.010828020712140606,0.012956665431546428,0.018220820254019235
2026-01-20,GOOGL,321.5814208984375,-0.02424240347805051,0.013393097227235624,0.014176776095934807,0.013705942402204402,0.010943782567474294
2026-01-21,GOOGL,327.953125,0.019813657405210794,0.01607747990014918,0.014851141585323236,0.014015344525792041,0.008608914761807609
2026-01-22,GOOGL,330.1103210449219,0.0065777572478440405,0.01680349586721992,0.01318629551770046,0.013311022447166055,0.008614007248569837
2026-01-23,GOOGL,327.5036926269531,-0.007896234233809474,0.01670262611647747,0.013240977601299433,0.013316392322438683,0.006288260148501736
2026-01-26,GOOGL,332.8267822265625,0.016253525439399175,0.018220820254019235,0.013880497312473077,0.013509148738352395,0.006524059061951395
2026-01-27,GOOGL,334.1150817871094,0.0038707809267282123,0.010943782567474294,0.013595159832399747,0.012608942667240027,0.01040671159082894
2026-01-28,GOOGL,335.5732116699219,0.004364154635023487,0.008608914761807609,0.013068090431356328,0.012392516205360755,0.014436957853620236
2026-01-29,GOOGL,337.8102722167969,0.006666385960138577,0.008614007248569837,0.013228911151172642,0.012352844287711265,0.013678808789554079
2026-01-30,GOOGL,337.56060791015625,-0.0007390666512366861,0.006288260148501736,0.012789989206071018,0.012271417463192586,0.016331836579674658
2026-02-02,GOOGL,343.24322509765625,0.01683436116163306,0.006524059061951395,0.013081929202134376,0.010524081464741038,0.011743316593106547
2026-02-03,GOOGL,339.26837158203125,-0.011580282508108053,0.01040671159082894,0.010357524028272865,0.010581291196673734,0.012070706609304992
2026-02-04,GOOGL,332.6070556640625,-0.01963435579599293,0.014436957853620236,0.01169120137772208,0.011182533335358817,0.012814878181168408
2026-02-05,GOOGL,330.8193664550781,-0.005374778371478595,0.013678808789554079,0.011722124874579642,0.01122324926599007,0.01267258599655063
2026-02-06,GOOGL,322.4402770996094,-0.025328291524331137,0.016331836579674658,0.014122858658051409,0.012044965571029197,0.01089397217317801
2026-02-09,GOOGL,323.8984069824219,0.004522170418437055,0.011743316593106547,0.012923675993146982,0.012057170218224127,0.006824199331656261
2026-02-10,GOOGL,318.16583251953125,-0.017698680633528863,0.012070706609304992,0.013503278157491626,0.012530602927201859,0.01021478563316473
2026-02-11,GOOGL,310.5557556152344,-0.023918586241750917,0.012814878181168408,0.01430917653069354,0.013307546942644261,0.006749477933988771
2026-02-12,GOOGL,308.5982971191406,-0.006303082331273746,0.01267258599655063,0.013430698350935955,0.013351991578593373,0.021236593722532632
2026-02-13,GOOGL,305.32257080078125,-0.010614855457529382,0.01089397217317801,0.013121669924479244,0.013475917793227092,0.021317602306241423
2026-02-17,GOOGL,301.6273498535156,-0.01210267861158787,0.006824199331656261,0.009161736225041904,0.013553584617252416,0.019836149331999474
2026-02-18,GOOGL,302.9356689453125,0.004337534684544453,0.01021478563316473,0.010658396730887155,0.01355252333793649,0.019815247088894955
2026-02-19,GOOGL,302.456298828125,-0.0015824155632001569,0.006749477933988771,0.01060189962410361,0.013511147563448315,0.0225433386060533
2026-02-20,GOOGL,314.5705261230469,0.04005281867780153,0.021236593722532632,0.01895958598519857,0.014780580060421985,0.012867265887282564
2026-02-23,GOOGL,311.0850524902344,-0.011080102372493461,0.021317602306241423,0.017747405160747534,0.01473857079505909,0.01407731407492218
2026-02-24,GOOGL,310.495849609375,-0.0018940250460213193,0.019836149331999474,0.017542412699812288,0.014592177521676308,0.014326752370758216
2026-02-25,GOOGL,312.49322509765625,0.006432857285513016,0.019815247088894955,0.017115504474964384,0.014507151758504169,0.013184800275884668
2026-02-26,GOOGL,306.9804382324219,-0.01764130042663037,0.0225433386060533,0.01630464274565922,0.01452641338309571,0.01168525821419887
2026-02-27,GOOGL,311.354736328125,0.01424943596044792,0.012867265887282564,0.016853549124344773,0.0148543719477049,0.005499318587212672
2026-03-02,GOOGL,306.12152099609375,-0.016807887343381123,0.01407731407492218,0.017432264075781547,0.015040105050717066,0.015321019418659024
2026-03-03,GOOGL,303.1853332519531,-0.009591575706884403,0.014326752370758216,0.017249336499070834,0.015058043228643245,0.014325796236406197
2026-03-04,GOOGL,302.7359619140625,-0.0014821671387289514,0.013184800275884668,0.01720913554564363,0.014496494248483002,0.014178619658783923
2026-03-05,GOOGL,300.4888610839844,-0.007422642542599611,0.01168525821419887,0.01736962767325329,0.01393093304277381,0.016445872714214552
2026-03-06,GOOGL,298.1319274902344,-0.007843663772585718,0.005499318587212672,0.00996414935829426,0.013844093556852512,0.015971890346608685
2026-03-09,GOOGL,306.1770935058594,0.026985254760708344,0.015321019418659024,0.013976991419113002,0.014871301639301998,0.010566267098996406
2026-03-10,GOOGL,306.8567199707031,0.0022197168869222406,0.014325796236406197,0.014024614399635224,0.014488703960193361,0.01338897181922708
2026-03-11,GOOGL,308.5157470703125,0.005406520345286214,0.014178619658783923,0.01396708008472544,0.01451505665759346,0.014383667280608239
2026-03-12,GOOGL,303.3687744140625,-0.016683014417014475,0.016445872714214552,0.013844436264148215,0.014676972978948388,0.01146066734362482
2026-03-13,GOOGL,302.09954833984375,-0.004183772956429577,0.015971890346608685,0.012758667668484523,0.014557284427855373,0.015265933920670651
2026-03-16,GOOGL,305.3775939941406,0.010850879030806393,0.010566267098996406,0.012411641459182759,0.01478821439088219,0.014186654202894698
2026-03-17,GOOGL,310.7344055175781,0.01754159974009184,0.01338897181922708,0.013072424951742333,0.01482182716232606,0.01659058132924272
2026-03-18,GOOGL,307.5063171386719,-0.010388577259506704,0.014383667280608239,0.013666717087802894,0.014800189744672948,0.017964763518603294
2026-03-19,GOOGL,306.9466552734375,-0.0018200011968599883,0.01146066734362482,0.013365051206514596,0.014470358169978681,0.01963187791428021
2026-03-20,GOOGL,300.8203125,-0.01995898201913937,0.015265933920670651,0.01484473108974525,0.01480878710802867,0.019799644318472913
2026-03-23,GOOGL,301.87969970703125,0.003521661147902977,0.014186654202894698,0.011828511254444734,0.014238487921025457,0.018141992304395983
2026-03-24,GOOGL,290.2666320800781,-0.03846919033715546,0.01659058132924272,0.016528779168251403,0.01564349760377339,0.03307294963454696
2026-03-25,GOOGL,290.7563171386719,0.0016870180877650576,0.017964763518603294,0.016298364941393112,0.01543705361853109,0.036848125371400635
2026-03-26,GOOGL,280.7523193359375,-0.03440681152238945,0.01963187791428021,0.018437801450453387,0.01603697764086595,0.030915750048289736
2026-03-27,GOOGL,274.1762390136719,-0.02342306677223538,0.019799644318472913,0.019040001488560537,0.016449291824882303,0.024418000908370145
2026-03-30,GOOGL,273.33673095703125,-0.003061928559749294,0.018141992304395983,0.017860580773609833,0.016399173541519176,0.02144294342578289
2026-03-31,GOOGL,287.3883361816406,0.05140767278298308,0.03307294963454696,0.025447400534456564,0.019129366250120582,0.017601051777146562
2026-04-01,GOOGL,297.2124938964844,0.03418426038221156,0.036848125371400635,0.02859275159985255,0.0201868500982383,0.01672488790947313
2026-04-02,GOOGL,295.59344482421875,-0.005447446206045203,0.030915750048289736,0.028598649052646658,0.020206715917376033,0.016292476486851337
2026-04-06,GOOGL,299.8109130859375,0.014267800370968198,0.024418000908370145,0.028443943688813086,0.018927148914373294,0.016304076130722857
2026-04-07,GOOGL,305.27764892578125,0.018233945467744705,0.02144294342578289,0.029019506817868558,0.01916685329058471,0.019186600179113566
2026-04-08,GOOGL,317.1305847167969,0.03882673963431005,0.017601051777146562,0.027442663774533655,0.020459451639354573,0.015036327039413943
2026-04-09,GOOGL,318.29986572265625,0.003687064768298942,0.01672488790947313,0.027388842858993654,0.020440007378696133,0.01629634431890172
2026-04-10,GOOGL,317.0506286621094,-0.003924717522926557,0.016292476486851337,0.023369730492706454,0.02016448991202696,0.014075596113154575
2026-04-13,GOOGL,321.1181945800781,0.012829389221314713,0.016304076130722857,0.019707096057655256,0.020134619848128976,0.018814065042515277
2026-04-14,GOOGL,332.7112731933594,0.03610221659486279,0.019186600179113566,0.019364432095180413,0.020806713093192337,0.014495519117143654
2026-04-15,GOOGL,336.91876220703125,0.012646066883422513,0.015036327039413943,0.015963560403511365,0.020739103957981384,0.016722557106418207
2026-04-16,GOOGL,335.81939697265625,-0.0032629979618038485,0.01629634431890172,0.015649666198317126,0.02075707608534992,0.016606451761952485
2026-04-17,GOOGL,341.4760437011719,0.01684431209009718,0.014075596113154575,0.01436014458239999,0.020782713881205582,0.01647551844682287
2026-04-20,GOOGL,337.2185974121094,-0.012467774438631563,0.018814065042515277,0.01672767017750916,0.020894106109943307,0.015414670720262943
2026-04-21,GOOGL,332.0916442871094,-0.015203648803314485,0.014495519117143654,0.018572546075925855,0.020735510070583198,0.010920047905281938
2026-04-22,GOOGL,339.1174621582031,0.02115626211004451,0.016722557106418207,0.016046825409164057,0.02100004484410203,0.0096537148716856
2026-04-23,GOOGL,338.6877136230469,-0.0012672556948888358,0.016606451761952485,0.016230436542213907,0.021015040156528254,0.04184576721363912
2026-04-24,GOOGL,344.19439697265625,0.016258881347370746,0.01647551844682287,0.016065547451527516,0.020792877717645653,0.043135309857406386
2026-04-27,GOOGL,350.130859375,0.017247411505119103,0.015414670720262943,0.016261555755987225,0.020854957936426402,0.04524116401800068
2026-04-28,GOOGL,349.5711975097656,-0.0015984362710370625,0.010920047905281938,0.013337205612095645,0.02086125545692621,0.04401815034921133
2026-04-29,GOOGL,349.7311096191406,0.00045745218860759884,0.0096537148716856,0.013119560164309933,0.020732096953691027,0.04236742144754491
2026-04-30,GOOGL,384.5702819824219,0.09961702406520634,0.04184576721363912,0.03269099993808817,0.026885985186698578,0.012322433337837274
2026-05-01,GOOGL,385.4597778320313,0.002312960442559797,0.043135309857406386,0.03287810630189727,0.026845433009207557,0.012068271939421036
2026-05-04,GOOGL,383.0212097167969,-0.006326388005902572,0.04524116401800068,0.032410804262375824,0.026469293254528313,0.02074247120098349
2026-05-05,GOOGL,388.1981201171875,0.013515988851422689,0.04401815034921133,0.030842313796193965,0.02646848561137642,0.0199541188845814
2026-05-06,GOOGL,397.8023986816406,0.024740662220501752,0.04236742144754491,0.030927832315404333,0.025058574814269163,0.025015890827910503
2026-05-07,GOOGL,397.7524108886719,-0.00012565985809642743,0.012322433337837274,0.030857006575156255,0.025083614899265562,0.025170051133077655
2026-05-08,GOOGL,400.5607299804687,0.007060470320022327,0.012068271939421036,0.031005380642071274,0.023605925940710502,0.025491991717735914
2026-05-11,GOOGL,388.4080200195313,-0.030339244592274328,0.02074247120098349,0.034224477335061385,0.023996130299493587,0.019987768457732015
2026-05-12,GOOGL,387.1187744140625,-0.0033193073752801894,0.0199541188845814,0.0342987263274195,0.024001726331331113,0.02360783824424891
2026-05-13,GOOGL,402.3796691894531,0.039421737678543955,0.025015890827910503,0.03519975046086443,0.02341462418087632,0.010619620230938995
2026-05-14,GOOGL,400.8305969238281,-0.0038497776707889786,0.025170051133077655,0.018870069895137363,0.02317458039583625,0.010668348625750642
2026-05-15,GOOGL,396.5431518554687,-0.010696401675080236,0.025491991717735914,0.019462137451983434,0.02331671401783229,0.010815966199758172
2026-05-18,GOOGL,396.70306396484375,0.0004032653410526166,0.019987768457732015,0.019218322762373768,0.0233684952543653,0.014760890980375361
2026-05-19,GOOGL,387.4285888671875,-0.023378884460741545,0.02360783824424891,0.020611472887615518,0.02406497727179835,0.010039797838942354
2026-05-20,GOOGL,388.6778564453125,0.00322451056536055,0.010619620230938995,0.0187827940873925,0.023372784067922012,0.010047580700779345
2026-05-21,GOOGL,387.4285888671875,-0.0032141465159613025,0.010668348625750642,0.018771016166015154,0.02344097637989822,0.015464815679038358
2026-05-22,GOOGL,382.7413940429687,-0.012098216184623367,0.010815966199758172,0.018667777992750018,0.023617110069349394,0.015256079376999137
2026-05-26,GOOGL,388.6478576660156,0.015431995898472994,0.014760890980375361,0.017146204386853662,0.023645710437943338,0.01755668444730495
2026-05-27,GOOGL,388.5978698730469,-0.00012861975688982508,0.010039797838942354,0.017103226937850928,0.023005793937138072,0.016300439594329766
2026-05-28,GOOGL,389.8971252441406,0.0033434443979794004,0.010047580700779345,0.010522651101789704,0.022967914780123402,0.028425707303257865
2026-05-29,GOOGL,380.1129455566406,-0.02509425962392897,0.015464815679038358,0.012626014131379431,0.023580530041943788,0.0270586117644097
2026-06-01,GOOGL,376.1453247070313,-0.010438005061361721,0.015256079376999137,0.012613821335365358,0.02361002480980346,0.02722322915030597
2026-06-02,GOOGL,361.6340026855469,-0.0385790306785998,0.01755668444730495,0.016204169022486496,0.024675757426056683,0.020550545815671836
2026-06-03,GOOGL,358.77569580078125,-0.007903866515702074,0.016300439594329766,0.015407644272718972,0.024529519128436365,0.0229207355756396
2026-06-04,GOOGL,371.96783447265625,0.03676987830078726,0.028425707303257865,0.02074152566481741,0.025090310289724502,0.010887652643794854
2026-06-05,GOOGL,368.30999755859375,-0.009833745219524848,0.0270586117644097,0.020812392972320935,0.025193577369233323,0.012183398296825012
2026-06-08,GOOGL,363.30999755859375,-0.013575520711203493,0.02722322915030597,0.020874684702426358,0.02524485996641707,0.017196052518576463
2026-06-09,GOOGL,364.260009765625,0.002614880442088685,0.020550545815671836,0.019848997856318364,0.02508297665228684,0.017467785606389393
2026-06-10,GOOGL,356.3800048828125,-0.021632912402002935,0.0229207355756396,0.020268658265218172,0.02543567184551142,0.01890314078781227
2026-06-11,GOOGL,357.7699890136719,0.003900286525099661,0.010887652643794854,0.02030533805372051,0.025441157684680086,0.01918154554131836
2026-06-12,GOOGL,359.67999267578125,0.005338635773713296,0.012183398296825012,0.01979565197140811,0.017398976565696375,0.03147312277560127
2026-06-15,GOOGL,369.3500061035156,0.02688504677670811,0.017196052518576463,0.02210962871764928,0.018174107486934998,0.025891045341058117
2026-06-16,GOOGL,373.25,0.010559073594251789,0.017467785606389393,0.018069682494172,0.018273081009052554,0.02352693314669163
2026-06-17,GOOGL,363.7900085449219,-0.0253449201743553,0.01890314078781227,0.020010084494065442,0.018604971381459463,0.0231236811336487
2026-06-18,GOOGL,368.0299987792969,0.011655048612615904,0.01918154554131836,0.016340596040368957,0.01810316864104253,0.01933459949096955
2026-06-22,GOOGL,349.67999267578125,-0.04986008250517615,0.03147312277560127,0.022501179023927235,0.020056577173411517,0.026261144743381648
2026-06-23,GOOGL,346.1300048828125,-0.01015210440209613,0.025891045341058117,0.02238102061112164,0.01997264266278608,0.025377700245321152
2026-06-24,GOOGL,345.2900085449219,-0.0024268232341632112,0.02352693314669163,0.0222567835238817,0.019376532504340342,0.024876758779889797
2026-06-25,GOOGL,343.7099914550781,-0.0045759131476235115,0.0231236811336487,0.021490027972360486,0.01937696642492467,0.024744023048562127
2026-06-26,GOOGL,337.3900146484375,-0.018387527170465212,0.01933459949096955,0.021802017954430916,0.017738293800850652,0.019233664469558386
2026-06-29,GOOGL,353.6499938964844,0.04819342168436691,0.026261144743381648,0.027630559479232444,0.020287344810182874,0.008553307156924456
2026-06-30,GOOGL,357.3699951171875,0.010518878226792872,0.025377700245321152,0.02622137725541594,0.02041403782929525,0.01247180231922628
2026-07-01,GOOGL,361.2099914550781,0.010745155973800768,0.024876758779889797,0.02623211843060786,0.020564788698344834,0.012277660854423363
2026-07-02,GOOGL,359.9100036621094,-0.0035989807140492935,0.024744023048562127,0.025045077210755454,0.020199909336878277,0.012344831884035635
2026-07-06,GOOGL,366.4599914550781,0.018198960090917593,0.019233664469558386,0.02548792226500931,0.02052242940187329,0.006370544669849992
2026-07-07,GOOGL,367.0299987792969,0.0015554421697043797,0.008553307156924456,0.018596817290608417,0.020529220114120773,0.013871495606571508
2026-07-08,GOOGL,361.9200134277344,-0.013922527773091553,0.01247180231922628,0.01897273444372894,0.020564070080886794,0.01959893244959334
2026-07-09,GOOGL,358.8900146484375,-0.008372012231652626,0.012277660854423363,0.019308607791247673,0.020339924417306338,0.029757098443090328
2026-07-10,GOOGL,357.17999267578125,-0.004764752160439367,0.012344831884035635,0.01931805558800446,0.02033927828716108,0.031067107758054647
2026-07-13,GOOGL,352.510009765625,-0.013074592658932294,0.006370544669849992,0.018696483949012466,0.020394477098132767,0.03189065139868703
2026-07-14,GOOGL,359.510009765625,0.01985759214228877,0.013871495606571508,0.012450746311471009,0.020378197946366076,0.03018552953635897
2026-07-15,GOOGL,370.9200134277344,0.03173765222711844,0.01959893244959334,0.015542223870613374,0.021190023375182103,0.021265856248960584
2026-07-16,GOOGL,354.4599914550781,-0.044376203431425565,0.029757098443090328,0.021465506069847037,0.021574563685077645,0.03133105307105574
2026-07-17,GOOGL,346.7699890136719,-0.021694980045105727,0.031067107758054647,0.02238856066094945,0.0218837449576151,0.033674265803344976
2026-07-20,GOOGL,351.989990234375,0.01505320929169951,0.03189065139868703,0.02206985608593629,0.02093316380661019,0.035187028896392886
2023-09-12,MSFT,324.78753662109375,-0.018257725014625636,0.013296568057722884,0.011057573160258282,0.01108297997217982,0.014606721099149554
2023-09-13,MSFT,328.9872131347656,0.012930534703895713,0.014625005629212675,0.010872071084651248,0.011340906523030972,0.014625978041303557
2023-09-14,MSFT,331.5716857910156,0.007855845312721321,0.013366238797197685,0.010995488724784033,0.010263380550029972,0.011896871952405305
2023-09-15,MSFT,323.2701110839844,-0.02503704345932478,0.017910012299089163,0.014102159667135154,0.011316881096222817,0.009193324701142523
2023-09-18,MSFT,322.1344909667969,-0.0035129140562347727,0.016325057652775896,0.014146893384598881,0.011325769643113742,0.01008855992462348
2023-09-19,MSFT,321.7331237792969,-0.0012459615432529603,0.014606721099149554,0.01317503059623003,0.011254123948475832,0.010277874707083653
2023-09-20,MSFT,314.01898193359375,-0.023976834449271345,0.014625978041303557,0.014993709888634818,0.011878286656045395,0.007880909698426324
2023-09-21,MSFT,312.80511474609375,-0.0038655853860347644,0.011896871952405305,0.014878998171407885,0.011705731842531372,0.008632061376339954
2023-09-22,MSFT,310.3381652832031,-0.007886538124202591,0.009193324701142523,0.013763899512399801,0.011780931659457433,0.009301528063849923
2023-09-25,MSFT,310.8570251464844,0.001671917673444323,0.01008855992462348,0.012831217094325945,0.011741064875853375,0.012998738136964824
2023-09-26,MSFT,305.5706481933594,-0.01700581465268125,0.010277874707083653,0.012705257777965199,0.011980777496372209,0.016605444440340962
2023-09-27,MSFT,306.2070007324219,0.0020825054462032533,0.007880909698426324,0.01129330621145489,0.011946169720437438,0.01828046424628257
2023-09-28,MSFT,307.03912353515625,0.002717517237502687,0.008632061376339954,0.010635353826441003,0.01195910525230187,0.018318794830289933
2023-09-29,MSFT,309.10467529296875,0.0067273243032690555,0.009301528063849923,0.00953761110285204,0.011867664164182463,0.020668902923286016
2023-10-02,MSFT,315.02734375,0.01916072104512101,0.012998738136964824,0.01212408283271528,0.01237086031012595,0.01964700124408561
2023-10-03,MSFT,306.7943420410156,-0.026134244764219328,0.016605444440340962,0.014278279789390051,0.01289507550146043,0.011862204165995675
2023-10-04,MSFT,312.2471618652344,0.017773534505045596,0.01828046424628257,0.014102316271144253,0.013329023368309168,0.011129686039531258
2023-10-05,MSFT,312.638671875,0.0012538464959197526,0.018318794830289933,0.0140584445567896,0.013055540986648718,0.012118464069082758
2023-10-06,MSFT,320.3724670410156,0.024737167413210415,0.020668902923286016,0.01570457893789312,0.013243913832741656,0.00937696553631491
2023-10-09,MSFT,322.8785400390625,0.007822373193280718,0.01964700124408561,0.01575415885481852,0.013211669837817852,0.011181557560172771
2023-10-10,MSFT,321.4786682128906,-0.004335598847797439,0.011862204165995675,0.014329915628320816,0.01324123127549072,0.010884807921984761
2023-10-11,MSFT,325.4238586425781,0.01227201310624726,0.011129686039531258,0.014446942855722924,0.013164560264417424,0.009674977548962465
2023-10-12,MSFT,324.1903076171875,-0.003790597992833322,0.012118464069082758,0.014764331145942522,0.013186870172346295,0.009780059728875927
2023-10-13,MSFT,320.8326110839844,-0.01035717741804909,0.00937696553631491,0.015578787044214995,0.01331748568589629,0.010846542179791982
2023-10-16,MSFT,325.6392517089844,0.01498177073945195,0.011181557560172771,0.015172919419907373,0.013586505132455627,0.008576834762583457
2023-10-17,MSFT,325.0714111328125,-0.001743771898479074,0.010884807921984761,0.011380130714400472,0.013315761018262593,0.008947563751440086
2023-10-18,MSFT,323.16241455078125,-0.005872545282831099,0.009674977548962465,0.01108270477419598,0.013353858610505477,0.016006565507613417
2023-10-19,MSFT,324.3470153808594,0.0036656516251272198,0.009780059728875927,0.011054678984859205,0.013267573618460596,0.025535489008247172
2023-10-20,MSFT,319.79486083984375,-0.014034827900822,0.010846542179791982,0.00957095964884293,0.013280525801788326,0.02469165867514519
2023-10-23,MSFT,322.3890380859375,0.008112004174428922,0.008576834762583457,0.00959812940438823,0.013203810897548204,0.026381794222400858
2023-10-24,MSFT,323.5736083984375,0.003674350466544851,0.008947563751440086,0.009540390279932053,0.01280363269951831,0.026405650074071314
2023-10-25,MSFT,333.5002136230469,0.030678043471289884,0.016006565507613417,0.013125072105711802,0.013795440703402634,0.02480344390658305
2023-10-26,MSFT,320.9891662597656,-0.03751436086761373,0.025535489008247172,0.018258533247910786,0.015364171211001127,0.010112705878899914
2023-10-27,MSFT,322.8688049316406,0.005855769818579715,0.02469165867514519,0.018038145546554484,0.014716856978867657,0.009478997561023467
2023-10-30,MSFT,330.21087646484375,0.022740108121494185,0.026381794222400858,0.01886474046496725,0.015267100066079684,0.007992296549798763
2023-10-31,MSFT,330.9940490722656,0.0023717347405582956,0.026405650074071314,0.01882961242672437,0.015263535710244552,0.006372654864047618
2023-11-01,MSFT,338.78656005859375,0.02354275253035376,0.02480344390658305,0.01974414825488192,0.015039846815047515,0.0026720384943777283
2023-11-02,MSFT,340.9892272949219,0.0065016370069319596,0.010112705878899914,0.01974467048614245,0.015004195488765068,0.00804050847110271
2023-11-03,MSFT,345.37493896484375,0.012861730866731147,0.009478997561023467,0.01863521365976211,0.01496374718500938,0.011345220422629842
2023-11-06,MSFT,349.0263671875,0.010572360095379985,0.007992296549798763,0.018654813613027718,0.01501070949228442,0.013702663233532877
2023-11-07,MSFT,352.9422607421875,0.011219477732419714,0.006372654864047618,0.01860717232584122,0.014526941368178174,0.013573188577064136
2023-11-08,MSFT,355.5560302734375,0.007405657587599812,0.0026720384943777283,0.016960858565126174,0.01452362186329128,0.013677609029783605
2023-11-09,MSFT,353.09881591796875,-0.006910906147700735,0.00804050847110271,0.009034252055124056,0.01468348892817917,0.013161008379049535
2023-11-10,MSFT,361.889892578125,0.02489693044509833,0.011345220422629842,0.010097684490445392,0.01513460701475646,0.013704151089048431
2023-11-13,MSFT,358.9627685546875,-0.00808843817821081,0.013702663233532877,0.010960729533045346,0.015096681222556233,0.01508432904491662
2023-11-14,MSFT,362.4772644042969,0.009790697413439187,0.013573188577064136,0.01075368114209237,0.01396784302371991,0.016779883382697768
2023-11-15,MSFT,362.6243896484375,0.00040588819931208775,0.013677609029783605,0.009763323470855746,0.013807866065668199,0.01738666001157451
2023-11-16,MSFT,369.00048828125,0.01758320403929292,0.013161008379049535,0.01032988630656177,0.013972286170903061,0.015810546068835588
2023-11-17,MSFT,362.8009338378906,-0.016800938319176728,0.013704151089048431,0.012746498703980445,0.014071816112999059,0.012423124060990581
2023-11-20,MSFT,370.2462463378906,0.02052175671445977,0.01508432904491662,0.013589565566487638,0.0143708186494154,0.009828686137159696
2023-11-21,MSFT,365.9596557617187,-0.011577674638353908,0.016779883382697768,0.014498864637602275,0.014586579435730915,0.009281456927972
2023-11-22,MSFT,370.6484680175781,0.01281237475781305,0.01738666001157451,0.014750101029375247,0.014596924273448266,0.007537133658284574
2023-11-24,MSFT,370.2365112304687,-0.001111448778711499,0.015810546068835588,0.014371078660642099,0.01455289788601765,0.009367957623555056
2023-11-27,MSFT,371.39398193359375,0.0031263008050670393,0.012423124060990581,0.012526204774932211,0.014282672321183937,0.01040274896974223
2023-11-28,MSFT,375.406005859375,0.010802608876141262,0.009828686137159696,0.012142693486812737,0.014201998668560162,0.009784913710766886
2023-11-29,MSFT,371.6294250488281,-0.010059990388010864,0.009281456927972,0.0127966856630736,0.014414699390853731,0.009776049264457378
2023-11-30,MSFT,371.6882629394531,0.0001583240902338634,0.007537133658284574,0.012801576511829936,0.01430565217776301,0.01084211118901097
2023-12-01,MSFT,367.3721618652344,-0.011612153260060931,0.009367957623555056,0.012310745737970563,0.014615032967049123,0.011194714853213937
2023-12-04,MSFT,362.1044616699219,-0.014338865984202975,0.01040274896974223,0.011965494644177095,0.014628259105718588,0.009351502451075128
2023-12-05,MSFT,365.4200744628906,0.00915650908491461,0.009784913710766886,0.010194950442747592,0.014638997370459435,0.009174613414687666
2023-12-06,MSFT,361.7709655761719,-0.009986065741140138,0.009776049264457378,0.010027094590436008,0.014869409210692608,0.007010937162461487
2023-12-07,MSFT,363.8799743652344,0.005829679520310771,0.01084211118901097,0.009155453318030709,0.013988481900125868,0.013051529062411327
2023-12-08,MSFT,367.0974731445313,0.008842197993746748,0.011194714853213937,0.009760154678927078,0.011737443775837813,0.014091456274879614
2023-12-11,MSFT,364.2232971191406,-0.007829462842036672,0.009351502451075128,0.009883553836683968,0.01194899137760799,0.013898933651285366
2023-12-12,MSFT,367.2445983886719,0.008295189498938038,0.009174613414687666,0.009551613970054698,0.011452445415917686,0.013308184407759193
2023-12-13,MSFT,367.23480224609375,-2.667470841266617e-05,0.007010937162461487,0.00914733329922004,0.011469765341762478,0.013611486807577549
2023-12-14,MSFT,358.9556579589844,-0.022544552521907457,0.013051529062411327,0.011340610670660731,0.011779489277907694,0.00754393887640578
2023-12-15,MSFT,363.6642150878906,0.013117378217908593,0.014091456274879614,0.012031319364014973,0.011927732455700652,0.005650115934214493
2023-12-18,MSFT,365.5475769042969,0.005178848339397524,0.013898933651285366,0.011170003939078257,0.011772774699011519,0.005400384626360785
2023-12-19,MSFT,366.14593505859375,0.001636881741534646,0.013308184407759193,0.010807369349662447,0.011659886345786621,0.005508691128787166
2023-12-20,MSFT,363.5562438964844,-0.007072838762213651,0.013611486807577549,0.010536621364811661,0.011621136890154272,0.0035840586453440527
2023-12-21,MSFT,366.4206237792969,0.007878780603828961,0.00754393887640578,0.010669945837632271,0.011630372082159678,0.0019942774251787954
2023-12-22,MSFT,367.4407653808594,0.002784072553123851,0.005650115934214493,0.010325717662086868,0.011535295588223889,0.0068321181260237165
2023-12-26,MSFT,367.5192260742187,0.00021353290312786655,0.005400384626360785,0.00994194118787375,0.010647065855703321,0.006769582951748116
2023-12-27,MSFT,366.9405212402344,-0.0015746246534255048,0.005508691128787166,0.00961585848772391,0.010530191941740989,0.007104284273185441
2023-12-28,MSFT,368.12744140625,0.0032346391235393845,0.0035840586453440527,0.009671539435856701,0.010404160526262318,0.006408471734266723
2023-12-29,MSFT,368.8730163574219,0.002025317505056856,0.0019942774251787954,0.005408943779899307,0.01040749049976916,0.012199363544335692
2024-01-02,MSFT,363.801513671875,-0.013748641024565522,0.0068321181260237165,0.006284329754755977,0.010217083018288166,0.009762625865982234
2024-01-03,MSFT,363.53668212890625,-0.0007279561327158124,0.006769582951748116,0.00602137322417217,0.009738826716277208,0.011703027836603305
2024-01-04,MSFT,360.9273681640625,-0.00717758095156551,0.007104284273185441,0.0063065070597786285,0.00902407233206052,0.009132065569474485
2024-01-05,MSFT,360.7409362792969,-0.0005165357387940661,0.006408471734266723,0.005985778795073834,0.008791933108941307,0.007468077500483675
2024-01-08,MSFT,367.5486755371094,0.018871546234890735,0.012199363544335692,0.008307765413241516,0.009168433817640233,0.006371671971665745
2024-01-09,MSFT,368.6277160644531,0.0029357758554480196,0.009762625865982234,0.00831286451595149,0.009184917776163374,0.007660631763873261
2024-01-10,MSFT,375.4746398925781,0.018574088517337106,0.011703027836603305,0.010111549862936596,0.009785649252114411,0.005281371913358455
2024-01-11,MSFT,377.29925537109375,0.004859490587800108,0.009132065569474485,0.010049931306091284,0.00962688583738656,0.005948728306344835
2024-01-12,MSFT,381.0660400390625,0.009983546520026643,0.007468077500483675,0.010303311794556019,0.009584806749688597,0.00784046730480791
2024-01-16,MSFT,382.8317565917969,0.004633623485717608,0.006371671971665745,0.010294620791280514,0.00960797519690458,0.007887495458463374
2024-01-17,MSFT,382.0470275878906,-0.0020498012257196274,0.007660631763873261,0.008609578346113504,0.009328670512764937,0.007152894586201276
2024-01-18,MSFT,386.3631286621094,0.011297303113360302,0.005281371913358455,0.008569880333691292,0.009010860438826696,0.00666616527255162
2024-01-19,MSFT,391.0716857910156,0.012186869759572838,0.005948728306344835,0.007323097002593938,0.009107958044880847,0.0061914200869977514
2024-01-22,MSFT,388.9528503417969,-0.005418023155864704,0.00784046730480791,0.00808647618422773,0.008931886360338056,0.006064586614641771
2024-01-23,MSFT,391.29730224609375,0.006027599237893977,0.007887495458463374,0.00704844566415938,0.00893453656878851,0.007395272587479293
2024-01-24,MSFT,394.8875427246094,0.009175224203967769,0.007152894586201276,0.006993195808326538,0.008942938762010301,0.015402286530249883
2024-01-25,MSFT,397.1535034179687,0.005738243039334234,0.00666616527255162,0.005670836359014863,0.00874477888966742,0.017225523359220323
2024-01-26,MSFT,396.2314147949219,-0.0023217436459987972,0.0061914200869977514,0.006210184828622457,0.0087348380453301,0.019054630657483217
2024-01-29,MSFT,401.91107177734375,0.014334191511194305,0.006064586614641771,0.006734210082691324,0.008977621275967603,0.01925387953070837
2024-01-30,MSFT,400.8026123046875,-0.002757971975627327,0.007395272587479293,0.007211577887513594,0.007662916170620554,0.0192549016357003
2024-01-31,MSFT,390.00244140625,-0.026946358548749383,0.015402286530249883,0.012284071872590946,0.009286168956885254,0.014770119110806456
2024-02-01,MSFT,396.0842590332031,0.01559430655106575,0.017225523359220323,0.012708152671761851,0.009584510343325768,0.014459252265795313
2024-02-02,MSFT,403.3825073242187,0.018425999328601783,0.019054630657483217,0.013369199860165475,0.010000086399714577,0.01384340965270152
2024-02-05,MSFT,397.9186401367187,-0.013545126742713243,0.01925387953070837,0.014173143930998356,0.010296608356119685,0.013530420109045618
2024-02-06,MSFT,397.76171875,-0.00039435545584087794,0.0192549016357003,0.014134563037129379,0.010274037035942573,0.018081539697050456
2024-02-07,MSFT,406.1585388183594,0.02111017645123603,0.014770119110806456,0.015289730282732561,0.010804744952445247,0.015343628410533694
2024-02-08,MSFT,406.2173156738281,0.0001447140706181127,0.014459252265795313,0.015277635891934975,0.010805452396574248,0.015465197318983003
2024-02-09,MSFT,412.53466796875,0.01555165683777604,0.01384340965270152,0.015707938489626927,0.010984542260776354,0.01139276440045707
2024-02-12,MSFT,407.3454895019531,-0.012578769421603964,0.013530420109045618,0.016070849940634454,0.011392875377368794,0.011129843913717472
2024-02-13,MSFT,398.5758666992187,-0.02152870972858134,0.018081539697050456,0.01763809457606598,0.012271650888466134,0.006723744156618681
2024-02-14,MSFT,402.4282531738281,0.00966537815375701,0.015343628410533694,0.015142659049857659,0.01193209511367449,0.012741578041571435
2024-02-15,MSFT,399.54876708984375,-0.007155278142811139,0.015465197318983003,0.014785825193136412,0.012066425591341332,0.012209523821275894
2024-02-16,MSFT,397.0918884277344,-0.0061491333836525275,0.01139276440045707,0.013552945009818055,0.012037280727479867,0.01232401907141189
2024-02-20,MSFT,395.8438415527344,-0.003142967437440136,0.011129843913717472,0.012908583863866157,0.012075173170581863,0.012095758941509143
2024-02-21,MSFT,395.2443237304687,-0.0015145311340806211,0.006723744156618681,0.012912928816038276,0.011729812922460527,0.011962464266669547
2024-02-22,MSFT,404.551025390625,0.02354670542088,0.012741578041571435,0.013381726225695908,0.01234426285705093,0.008108125738699111
2024-02-23,MSFT,403.2635498046875,-0.0031824800955437826,0.012209523821275894,0.013410328430677042,0.012044015589591252,0.007842877530765966
2024-02-26,MSFT,400.5118713378906,-0.0068235238918310515,0.01232401907141189,0.01222083440829563,0.012151917400903657,0.006482828376473172
2024-02-27,MSFT,400.4529113769531,-0.0001472115189508072,0.012095758941509143,0.011748494899621676,0.01206468774831532,0.01644701747303999
2024-02-28,MSFT,400.6888122558594,0.000589085188805516,0.011962464266669547,0.009445004607632684,0.012053667307257555,0.016384615250477907
2024-02-29,MSFT,406.5066833496094,0.014519674410162997,0.008108125738699111,0.010068640268163318,0.012258955845893668,0.01720966382451108
2024-03-01,MSFT,408.3345947265625,0.004496633024311247,0.007842877530765966,0.009679759132727363,0.012146206448546167,0.01688398177436194
2024-03-04,MSFT,407.7646179199219,-0.0013958572553038895,0.006482828376473172,0.00933368847856928,0.0120024794988367,0.01680612319084741
2024-03-05,MSFT,395.7062072753906,-0.029571988629232493,0.01644701747303999,0.013829370500205846,0.013227642386777556,0.014898786027680142
2024-03-06,MSFT,395.1558837890625,-0.0013907375628937624,0.016384615250477907,0.013827868084267118,0.013193111017164277,0.01478120319572826
2024-03-07,MSFT,402.0843200683594,0.01753342557590587,0.01720966382451108,0.012784614034606808,0.013469910090802084,0.01630063035219003
2024-03-08,MSFT,399.2146606445313,-0.0071369592908775425,0.01688398177436194,0.012935789946213786,0.013508579207850663,0.02010068407155347
2024-03-11,MSFT,397.5439453125,-0.004185004952808935,0.01680612319084741,0.012828751128585864,0.013525136377003089,0.019558241917924386
2024-03-12,MSFT,408.1184387207031,0.026599558446024796,0.014898786027680142,0.015466627445763678,0.014138630642024134,0.016410973523222034
2024-03-13,MSFT,407.9414978027344,-0.0004335528640249109,0.01478120319572826,0.015480409945085436,0.014125913921866436,0.01645767812001657
2024-03-14,MSFT,417.886962890625,0.02437963566212109,0.01630063035219003,0.016643565276842638,0.013767549838511273,0.013092920384204027
2024-03-15,MSFT,409.2387390136719,-0.020695127259130697,0.02010068407155347,0.01820642267778249,0.014156668587541839,0.005200711703980467
2024-03-18,MSFT,410.1232299804687,0.0021613080152884656,0.019558241917924386,0.018202830114187288,0.013780113889056554,0.010334842879110193
2024-03-19,MSFT,414.1427001953125,0.009800640200349653,0.016410973523222034,0.014875197178790064,0.013609314183362082,0.00968598549350429
2024-03-20,MSFT,417.8968505859375,0.009064871574108402,0.01645767812001657,0.014769463679240424,0.013675189584261775,0.008335122724784892
2024-03-21,MSFT,421.96539306640625,0.00973575769897339,0.013092920384204027,0.014273320147178527,0.013271277614240852,0.005466513954384538
2024-03-22,MSFT,421.3462829589844,-0.001467205883692979,0.005200711703980467,0.013847010105350322,0.013279621984537398,0.008132889781633868
2024-03-25,MSFT,415.5676879882813,-0.013714598192540839,0.010334842879110193,0.014876912722699673,0.013271909534454347,0.006066812466463685
2024-03-26,MSFT,414.3785400390625,-0.0028615024305074233,0.00968598549350429,0.012795180733437205,0.013062950145932327,0.006024451053679096
2024-03-27,MSFT,414.162353515625,-0.0005217126432685015,0.008335122724784892,0.012796765542391257,0.012377973215177763,0.006515480883754325
2024-03-28,MSFT,413.464599609375,-0.0016847352259979909,0.005466513954384538,0.00998411318886219,0.012288290622876522,0.011048925082454948
2024-04-01,MSFT,417.2481994628906,0.009150964452797616,0.008132889781633868,0.007632503457710948,0.012276890114111217,0.010443287492461211
2024-04-02,MSFT,414.1721496582031,-0.007372230266414981,0.006066812466463685,0.008181135259029118,0.01230522999826925,0.009627691806617109
2024-04-03,MSFT,413.19927978515625,-0.002348950487978785,0.006024451053679096,0.00761357127679423,0.012295798641379856,0.010403864096174454
2024-04-04,MSFT,410.673583984375,-0.006112536793613232,0.006515480883754325,0.007053166124179958,0.012363198749060183,0.010140882551586286
2024-04-05,MSFT,418.1817932128906,0.01828266906205811,0.011048925082454948,0.008877476063108597,0.012071226900333064,0.009710421260023824
2024-04-08,MSFT,417.2678527832031,-0.00218550985365884,0.010443287492461211,0.008885792359852967,0.012060182552370614,0.01262065084177945
2024-04-09,MSFT,418.9287109375,0.003980316583745536,0.009627691806617109,0.007747481057263637,0.011973049453735231,0.01233163495804668
2024-04-10,MSFT,415.9607849121094,-0.007084561043211535,0.010403864096174454,0.008079215038755375,0.012073906868978908,0.012318084770283705
2024-04-11,MSFT,420.5502624511719,0.011033438019961928,0.010140882551586286,0.008731119658017792,0.012201480705973135,0.009119644432759089
2024-04-12,MSFT,414.624267578125,-0.01409105023144508,0.009710421260023824,0.010029254508568071,0.012281647008683519,0.009035009510260587
2024-04-15,MSFT,406.5066833496094,-0.019578169594200334,0.01262065084177945,0.011259516269936527,0.012802674913657918,0.009745988782471092
2024-04-16,MSFT,407.4304504394531,0.0022724524040587113,0.01233163495804668,0.011213312252016517,0.012807095284842803,0.013977731984969337
2024-04-17,MSFT,404.73773193359375,-0.006609026161287224,0.012318084770283705,0.011325993499830852,0.011605353484540644,0.014128126826715498
2024-04-18,MSFT,397.29827880859375,-0.018380923096689705,0.009119644432759089,0.01243046360015207,0.012119975005073785,0.016105241670498167
2024-04-19,MSFT,392.2370910644531,-0.012739012510494585,0.009035009510260587,0.010119646600227857,0.0118894828401079,0.017108346182148834
2024-04-22,MSFT,394.04534912109375,0.004610114896919537,0.009745988782471092,0.010644080251975397,0.011865569723017711,0.018133616484667783
2024-04-23,MSFT,400.5413513183594,0.016485417761571863,0.013977731984969337,0.012478782464313509,0.012230717018449955,0.020481806919464406
2024-04-24,MSFT,402.0056457519531,0.003655788419283379,0.014128126826715498,0.012683358014063492,0.011205302282919534,0.022591853628876796
2024-04-25,MSFT,392.1584777832031,-0.024495098695270445,0.016105241670498167,0.013178021989682553,0.012035073438870407,0.020769321590638486
2024-04-26,MSFT,399.31292724609375,0.018243770996188458,0.017108346182148834,0.015048227755861331,0.011629912136013488,0.021704835327349632
2024-04-29,MSFT,395.3131408691406,-0.01001667139738771,0.018133616484667783,0.014204046566760836,0.011175060707311698,0.021828626709308897
2024-04-30,MSFT,382.6159057617187,-0.03211943594767841,0.020481806919464406,0.016794432302504953,0.012504431687627075,0.012536399254085555
2024-05-01,MSFT,388.1291809082031,0.01440942486567165,0.022591853628876796,0.018000651669969184,0.012684420116585986,0.012609105869068512
2024-05-02,MSFT,390.9791259765625,0.007342774541431396,0.020769321590638486,0.01755521816027956,0.012636040285121533,0.012710127868119536
2024-05-03,MSFT,399.64703369140625,0.022169745490104198,0.021704835327349632,0.018508610138112808,0.013228985938820704,0.009643969928325523
2024-05-06,MSFT,406.4083862304687,0.01691831033151958,0.021828626709308897,0.01909918074594664,0.013660173865440202,0.006537985303528469
2024-05-07,MSFT,402.2808532714844,-0.010156121524135253,0.012536399254085555,0.018906436286102658,0.013562065298151297,0.0036561242632946445
2024-05-08,MSFT,403.4601440429687,0.0029315110622192275,0.012609105869068512,0.01889479281018538,0.013575783903491902,0.007178064481926007
2024-05-09,MSFT,405.20947265625,0.004335815170618096,0.012710127868119536,0.01672868201918029,0.013608150338265228,0.008853994170030619
2024-05-10,MSFT,407.5877075195313,0.005869149227167414,0.009643969928325523,0.015948638323711063,0.013657916753626483,0.0092346367921011
2024-05-13,MSFT,406.5852966308594,-0.0024593746822551,0.006537985303528469,0.015479232973860023,0.013542347656154599,0.009387608684030671
2024-05-14,MSFT,409.3763427734375,0.0068646017593501085,0.0036561242632946445,0.00938057258330066,0.013552584884489788,0.009467641956157255
2024-05-15,MSFT,416.5338439941406,0.017483915099276492,0.007178064481926007,0.009701745877783753,0.013927675273895969,0.007119503574254387
2024-05-16,MSFT,414.4761962890625,-0.004939929215228567,0.008853994170030619,0.0104225561846063,0.013910513111618988,0.008152273105137815
2024-05-17,MSFT,413.708251953125,-0.0018528068507025486,0.0092346367921011,0.00891593367069749,0.013497618778244921,0.007858385802544136
2024-05-20,MSFT,418.7589416503906,0.012208336849509838,0.009387608684030671,0.008226015025623128,0.013681752741332103,0.006740507496346134
2024-05-21,MSFT,422.4016418457031,0.008698799793876777,0.009467641956157255,0.00692638107087109,0.013753526166516586,0.005932314402154576
2024-05-22,MSFT,423.8587341308594,0.0034495421911464597,0.007119503574254387,0.006911828262910062,0.013691051115806837,0.015800595702264157
2024-05-23,MSFT,420.3931884765625,-0.008176180824498336,0.008152273105137815,0.008073414723144594,0.013641096866708495,0.016222540502143383
2024-05-24,MSFT,423.50433349609375,0.007400560010987656,0.007858385802544136,0.008133127785783772,0.013434097100290358,0.014689278733021801
2024-05-28,MSFT,423.6618347167969,0.0003718999033679449,0.006740507496346134,0.007935271318648778,0.012872920429654669,0.01568704565357903
2024-05-29,MSFT,422.5296630859375,-0.002672347466974867,0.005932314402154576,0.008143255344414931,0.01289378899714954,0.01958578696361215
2024-05-30,MSFT,408.2540283203125,-0.033786112580506567,0.015800595702264157,0.012899633574240978,0.014341648368476631,0.008771220295352393
2024-05-31,MSFT,408.7068481445313,0.0011091619256811125,0.016222540502143383,0.012884618162077558,0.013896624315853246,0.00912429302025741
2024-06-03,MSFT,407.1217651367187,-0.003878288350216419,0.014689278733021801,0.012909734724736981,0.013686278445067375,0.008062005828955011
2024-06-04,MSFT,409.6322937011719,0.006166529965820233,0.01568704565357903,0.012323537753840675,0.01370206806239776,0.008267893278072808
2024-06-05,MSFT,417.449462890625,0.019083381143664813,0.01958578696361215,0.013698422705379151,0.013808588415690458,0.008364571710706023
2024-06-06,MSFT,417.9515686035156,0.0012027940086778433,0.008771220295352393,0.01363390960982031,0.01380247276791897,0.008369399768363914
2024-06-07,MSFT,417.2919921875,-0.0015781168574613424,0.00912429302025741,0.013423152256518715,0.012926840291020649,0.007401869841854847
2024-06-10,MSFT,421.2496948242187,0.009484252539742943,0.008062005828955011,0.013577432634575882,0.01264677925333345,0.007669724392744549
2024-06-11,MSFT,425.9853210449219,0.011241850804614373,0.008267893278072808,0.014076463838525009,0.012553467841484605,0.009708284623560447
2024-06-12,MSFT,434.2356872558594,0.019367724199274683,0.008364571710706023,0.015182664064179483,0.011080362024447723,0.006678250035050327
2024-06-13,MSFT,434.7475891113281,0.0011788571747837207,0.008369399768363914,0.008256713155708122,0.010925801633971468,0.007320865685930186
2024-06-14,MSFT,435.7222595214844,0.0022419225191072645,0.007401869841854847,0.008184463720900351,0.01090918550251538,0.00826380404845581
2024-06-17,MSFT,441.4325256347656,0.013105288950700622,0.007669724392744549,0.007539577869769189,0.010497049181441944,0.006619001811652753
2024-06-18,MSFT,439.4339294433594,-0.004527523631232988,0.009708284623560447,0.008543642777458534,0.010270649326738499,0.005803792755929188
2024-06-20,MSFT,438.8038635253906,-0.0014338126297321896,0.006678250035050327,0.007769274081164073,0.010015658839681953,0.005427222783084304
2024-06-21,MSFT,442.8207092285156,0.00915408007316354,0.007320865685930186,0.007741084268247778,0.010079498471675762,0.007863120365400888
2024-06-24,MSFT,440.743408203125,-0.004691065666304839,0.00826380404845581,0.008124874617592849,0.010177360202295564,0.012536133945420117
2024-06-25,MSFT,443.9726257324219,0.007326751731721037,0.006619001811652753,0.008035836538936037,0.010195702616777732,0.012447099631590885
2024-06-26,MSFT,445.1638793945313,0.0026831691709465755,0.005803792755929188,0.007784083709346065,0.010145512327775726,0.012437839812047425
2024-06-27,MSFT,445.84326171875,0.0015261398232551127,0.005427222783084304,0.005765494011627813,0.010123568195619236,0.013202627493012153
2024-06-28,MSFT,440.0345153808594,-0.013028673609415065,0.007863120365400888,0.007621757977977394,0.010140404470757926,0.009776222020532938
2024-07-01,MSFT,449.6631774902344,0.021881606494075,0.012536133945420117,0.010052599694520133,0.010685979504816251,0.010784357455000828
2024-07-02,MSFT,452.1737365722656,0.005583199175978271,0.012447099631590885,0.009494989757395222,0.010661139553379419,0.012328793701719805
2024-07-03,MSFT,453.6406555175781,0.00324414893362146,0.012437839812047425,0.009173264503179668,0.01051950432527845,0.017511413650239564
2024-07-05,MSFT,460.3255920410156,0.014736193597574276,0.013202627493012153,0.009672467109881696,0.010694044241938226,0.014739505371576577
2024-07-08,MSFT,459.0260620117187,-0.002823067089394282,0.009776222020532938,0.009819554940792797,0.010744646743889369,0.015030364450106456
2024-07-09,MSFT,452.42974853515625,-0.014370237384024653,0.010784357455000828,0.011122952411289362,0.011017231828147704,0.014462267480902577
2024-07-10,MSFT,459.0359191894531,0.01460153908023476,0.012328793701719805,0.011684645621833701,0.011204312069392068,0.01005154150764403
2024-07-11,MSFT,447.6646423339844,-0.02477208510294293,0.017511413650239564,0.014707287382198047,0.01227739660850024,0.0056682971878008895
2024-07-12,MSFT,446.5323791503906,-0.0025292665011256155,0.014739505371576577,0.014736568595284688,0.012275582024473502,0.00524577240479642
2024-07-15,MSFT,446.9360656738281,0.0009040475949484428,0.015030364450106456,0.013980643492249272,0.010265828978846767,0.010474963929981308
2024-07-16,MSFT,442.5647277832031,-0.009780678325958081,0.014462267480902577,0.012382514018022877,0.01052687511525879,0.010712933313442861
2024-07-17,MSFT,436.6575622558594,-0.013347574166004184,0.01005154150764403,0.012620596208355617,0.01086768309719534,0.018529038863010324
2024-07-18,MSFT,433.5563354492187,-0.007102194201376366,0.0056682971878008895,0.012436900453518432,0.010978311991680974,0.020213841652245657
2024-07-19,MSFT,430.3467712402344,-0.007402876965593941,0.00524577240479642,0.010454971672022832,0.010612008186541753,0.023521247020294064
2024-07-22,MSFT,436.0865783691406,0.013337632608150907,0.010474963929981308,0.012215185020527423,0.010845966373418576,0.021927207155890343
2024-07-23,MSFT,437.9670104980469,0.004312061462516503,0.010712933313442861,0.012058340200321531,0.010842128490127695,0.020962476372916317
2024-07-24,MSFT,422.2638244628906,-0.035854723435217006,0.018529038863010324,0.014164552890985692,0.0127137267490178,0.015479817149442956
2024-07-25,MSFT,411.92626953125,-0.02448127055352123,0.020213841652245657,0.014127050658537999,0.013299317943161066,0.011011816213629061
2024-07-26,MSFT,418.68994140625,0.016419617721143975,0.023521247020294064,0.016103882710193983,0.013153476323646026,0.009017239145319817
2024-07-29,MSFT,420.1274108886719,0.0034332553526217335,0.021927207155890343,0.016248800193089472,0.01317354798861736,0.011650913024188459
2024-07-30,MSFT,416.3763732910156,-0.008928333406577504,0.020962476372916317,0.016229260593371538,0.013234862381811027,0.01676024711939976
2024-07-31,MSFT,411.8770446777344,-0.010805917198708492,0.015479817149442956,0.016120270458522306,0.013048161455919591,0.017164951176911542
2024-08-01,MSFT,410.6562194824219,-0.002964052527539396,0.011011816213629061,0.016133592022932772,0.013041766635198631,0.01942111581740158
2024-08-02,MSFT,402.1695861816406,-0.020666028902417533,0.009017239145319817,0.016855299926269118,0.013469866323553166,0.018570950444851377
2024-08-05,MSFT,389.0360412597656,-0.03265673331136287,0.011650913024188459,0.017078209146272755,0.014324811973700986,0.006156029959195221
2024-08-06,MSFT,393.4269409179687,0.0112866140730421,0.01676024711939976,0.0179053510590786,0.014600567878387073,0.007972184729621249
2024-08-07,MSFT,392.2652587890625,-0.0029527264355503346,0.017164951176911542,0.01560872718122853,0.01445336158916703,0.005771874359723949
2024-08-08,MSFT,396.4593811035156,0.010692056511454773,0.01942111581740158,0.015248600389003483,0.014653962660497028,0.005871341587326446
2024-08-09,MSFT,399.7378234863281,0.008269302074999985,0.018570950444851377,0.014237153513076443,0.01478878194091224,0.009122731838899768
2024-08-12,MSFT,400.5155944824219,0.001945702784165837,0.006156029959195221,0.014152232188379105,0.014709466321820927,0.008768481228735643
2024-08-13,MSFT,407.6042175292969,0.017698744180074888,0.007972184729621249,0.015685538005606195,0.01448331206787977,0.006789354073933165
2024-08-14,MSFT,410.4101257324219,0.0068839037538255266,0.005771874359723949,0.015581160133725154,0.014512323727805797,0.0073933506339281954
2024-08-15,MSFT,415.2626953125,0.011823708227028273,0.005871341587326446,0.015990916647876604,0.014725088581530557,0.011514698455555318
2024-08-16,MSFT,412.7377624511719,-0.006080326718074236,0.009122731838899768,0.014352869113546033,0.014354261194032178,0.011536090343934303
2024-08-19,MSFT,415.755859375,0.007312383790385901,0.008768481228735643,0.007197095187257644,0.01449011505986413,0.010866147181276625
2024-08-20,MSFT,418.9810485839844,0.007757411317865115,0.006789354073933165,0.007031153090349576,0.01446467331199167,0.009364895991014121
2024-08-21,MSFT,418.3301086425781,-0.0015536262167613613,0.0073933506339281954,0.006837046084838876,0.014104006754125611,0.009176223759851786
2024-08-22,MSFT,409.8577575683594,-0.02025278816700604,0.011514698455555318,0.010653820203179376,0.013885817292332129,0.006414729799914463
2024-08-23,MSFT,411.0807800292969,0.002984016865249961,0.011536090343934303,0.010514528230117712,0.013926533258440718,0.008013610452005146
2024-08-26,MSFT,407.8259582519531,-0.007917718208844016,0.010866147181276625,0.011057590489024492,0.013941833077721469,0.01136635253351902
2024-08-27,MSFT,408.1712036132813,0.0008465507267070294,0.009364895991014121,0.009559068700514194,0.013897310819462872,0.011275732673822036
2024-08-28,MSFT,404.9755554199219,-0.007829185805050431,0.009176223759851786,0.009544921427211096,0.013786209837509425,0.010852068639599716
2024-08-29,MSFT,407.4610290527344,0.006137342364368914,0.006414729799914463,0.008818550097874432,0.013842779593014705,0.01176740725321532
2024-08-30,MSFT,411.4259643554687,0.009730833184101062,0.008013610452005146,0.009377429003893566,0.01396397189250242,0.011857409707168205
2024-09-03,MSFT,403.8314208984375,-0.018459076759845816,0.01136635253351902,0.010529966457666445,0.014013223844569952,0.013964620856467035
2024-09-04,MSFT,403.298828125,-0.0013188492669852225,0.011275732673822036,0.009884943929635508,0.013956955296079326,0.015989631849608776
2024-09-05,MSFT,402.7958984375,-0.0012470397938872946,0.010852068639599716,0.009893030799066465,0.012468709546020026,0.015324245228308697
2024-09-06,MSFT,396.1974792480469,-0.016381545132533093,0.01176740725321532,0.009228151393259445,0.012033959646528553,0.006524495773613725
2024-09-09,MSFT,400.1623840332031,0.010007395283486709,0.011857409707168205,0.009998515370454425,0.011763641830606466,0.00852932384690618
2024-09-10,MSFT,408.5262451171875,0.020901167670198673,0.013964620856467035,0.012216530705046058,0.012426790487379222,0.00709109016334769
2024-09-11,MSFT,417.24517822265625,0.021342406295017158,0.015989631849608776,0.013929102630824891,0.012966144165287982,0.00823633005968311
2024-09-12,MSFT,421.15087890625,0.009360685005949998,0.015324245228308697,0.013598543653075976,0.012901093956638437,0.010448951498692845
2024-09-13,MSFT,424.6917419433594,0.008407587908412228,0.006524495773613725,0.013656880285970244,0.01295293108342081,0.01173928293136199
2024-09-16,MSFT,425.4314880371094,0.0017418424252022557,0.00852932384690618,0.013532727344721359,0.012276835155381102,0.012078319100955776
2024-09-17,MSFT,429.1892700195313,0.00883287224403606,0.00709109016334769,0.011172828147639983,0.01044414261687767,0.011987080830704657
2024-09-18,MSFT,424.9087219238281,-0.00997356736226973,0.00823633005968311,0.012112609235186525,0.010605842130274318,0.01179701096857185
2024-09-19,MSFT,432.6807861328125,0.018291138326827827,0.010448951498692845,0.012508671000339543,0.010925079669175813,0.006536610708444394
2024-09-20,MSFT,429.3076171875,-0.0077959758173248295,0.01173928293136199,0.010897045629190822,0.011016638230944531,0.0065085378768390875
2024-09-23,MSFT,427.57171630859375,-0.004043489585110471,0.012078319100955776,0.01151384962407025,0.011031942946140953,0.0075239977818906045
2024-09-24,MSFT,423.2911987304687,-0.010011227157587843,0.011987080830704657,0.011428778179378667,0.011259028463917072,0.011817145064527941
2024-09-25,MSFT,426.19085693359375,0.006850268117602365,0.01179701096857185,0.009722614766375549,0.01090290887676873,0.010199290434016978
2024-09-26,MSFT,425.40185546875,-0.0018512866993922739,0.006536610708444394,0.009443208676163788,0.010872006072760317,0.010256027943894965
2024-09-27,MSFT,422.1569213867187,-0.0076279264895441345,0.0065085378768390875,0.009415471891911763,0.010799684148748274,0.010546239526401182
2024-09-30,MSFT,424.40570068359375,0.005326880084041141,0.0075239977818906045,0.009579622811440865,0.0107569054341387,0.00919838281609291
2024-10-01,MSFT,414.9273376464844,-0.022333260420023815,0.011817145064527941,0.011240125475811668,0.011492222221087357,0.010491072311338799
2024-10-02,MSFT,411.4161071777344,-0.008462277970562537,0.010199290434016978,0.011150480377223628,0.011496090633357015,0.010630526319300705
2024-10-03,MSFT,410.8341979980469,-0.0014144054390075045,0.010256027943894965,0.008318911312106667,0.011495696802939012,0.010780517288866346
2024-10-04,MSFT,410.3608093261719,-0.0011522620905994874,0.010546239526401182,0.008348139921743125,0.010878557641153261,0.010783735177102583
2024-10-07,MSFT,403.9300842285156,-0.015670904607620217,0.00919838281609291,0.009061134836969265,0.011235226136550218,0.006265132440374085
2024-10-08,MSFT,409.02923583984375,0.012623847072612104,0.010491072311338799,0.010551043494445272,0.011393892729392622,0.004697011198891959
2024-10-09,MSFT,411.7415771484375,0.006631167337035393,0.010630526319300705,0.010527661131902124,0.011454680132787122,0.005008330350811284
2024-10-10,MSFT,410.1437683105469,-0.0038806108650878413,0.010780517288866346,0.01051419006636297,0.01137985319723291,0.004701688145265121
2024-10-11,MSFT,410.61724853515625,0.0011544250118920019,0.010783735177102583,0.010506772622066052,0.011330773032117311,0.004898626996723331
2024-10-14,MSFT,413.398681640625,0.006773785357023554,0.006265132440374085,0.010638996541820883,0.011258710074314473,0.003746322523148589
2024-10-15,MSFT,413.0040588378906,-0.0009545816671893137,0.004697011198891959,0.008063242700708082,0.010696810324578707,0.010024869674101216
2024-10-16,MSFT,410.4199523925781,-0.006256854842016879,0.005008330350811284,0.007846543191840064,0.010768359187271136,0.010170182358345362
2024-10-17,MSFT,411.0117492675781,0.0014419300805188495,0.004701688145265121,0.007850004101958163,0.010763303697412734,0.010256259402392661
2024-10-18,MSFT,412.43206787109375,0.0034556642384229175,0.004898626996723331,0.007905268408798002,0.010274088125594945,0.01041606654589656
2024-10-21,MSFT,413.0434875488281,0.001482473661396977,0.003746322523148589,0.005491328301404385,0.010144617212022576,0.011053992200703477
2024-10-22,MSFT,421.6539306640625,0.020846335494435042,0.010024869674101216,0.0074750364151741095,0.01014093209662274,0.008069636327662506
2024-10-23,MSFT,418.7837829589844,-0.006806879994117332,0.010170182358345362,0.007955999955315724,0.009484870608209765,0.006490814180565472
2024-10-24,MSFT,418.9120178222656,0.00030620780579226903,0.010256259402392661,0.007735300102013941,0.009324917006563647,0.029770042957158984
2024-10-25,MSFT,422.2851257324219,0.008052067657766226,0.01041606654589656,0.007942002339726518,0.009313904772721506,0.030035235215755043
2024-10-28,MSFT,420.7465515136719,-0.0036434487624480427,0.011053992200703477,0.008050275878886027,0.009328120839837155,0.030001334623187693
2024-10-29,MSFT,426.03314208984375,0.012564786466229938,0.008069636327662506,0.00865053937466027,0.009478163555982296,0.02917419720291915
2024-10-30,MSFT,426.6051940917969,0.0013427406120261054,0.006490814180565472,0.008045537711524319,0.009299387413115433,0.032183405458815796
2024-10-31,MSFT,400.7837829589844,-0.06052765294567941,0.029770042957158984,0.021969556085112637,0.013967148375591647,0.00936133101988294
2024-11-01,MSFT,404.7487182617187,0.009892953436042795,0.030035235215755043,0.022249234815458672,0.014106479033581105,0.011746932164658174
2024-11-04,MSFT,402.8648376464844,-0.004654444919121814,0.030001334623187693,0.022237895415196017,0.01411017595152396,0.013319745655383311
2024-11-05,MSFT,405.8237609863281,0.007344704881988795,0.02917419720291915,0.021057488326607424,0.014121237204512336,0.013708644687735042
2024-11-06,MSFT,414.4243469238281,0.021192908755753637,0.032183405458815796,0.022404086836292705,0.014640117335314257,0.010704663908994307
2024-11-07,MSFT,419.6024475097656,0.012494682381412492,0.00936133101988294,0.022799785207376976,0.014838451968277561,0.009284732905843803
2024-11-08,MSFT,416.75201416015625,-0.0067931761755107845,0.011746932164658174,0.02272980770434342,0.014825107763626645,0.01593788496938445
2024-11-11,MSFT,412.2840881347656,-0.010720826471335543,0.013319745655383311,0.02292786430711479,0.014903611695413125,0.015497056718205436
2024-11-12,MSFT,417.2353210449219,0.012009274800190317,0.013708644687735042,0.02288987151354602,0.014510780427522206,0.014283770871703575
2024-11-13,MSFT,419.3755798339844,0.00512962033919484,0.010704663908994307,0.02297956084796019,0.014440134424310325,0.013659111628423766
2024-11-14,MSFT,421.04241943359375,0.003974574772019901,0.009284732905843803,0.009873913086966318,0.014445900426572686,0.012847080016950358
2024-11-15,MSFT,409.3153076171875,-0.027852566095791786,0.01593788496938445,0.014100219803102998,0.01537096832089522,0.006455401942334689
2024-11-18,MSFT,410.0649108886719,0.0018313589976592937,0.015497056718205436,0.01394872151186401,0.01508388949855962,0.0065909454806255645
2024-11-19,MSFT,412.0671081542969,0.004882634949881393,0.014283770871703575,0.013862638998064537,0.014936870615013474,0.011293707466176257
2024-11-20,MSFT,409.7986145019531,-0.005505155853144039,0.013659111628423766,0.012136584728432482,0.014925430346465509,0.012981446826776124
2024-11-21,MSFT,408.0295715332031,-0.004316859321010669,0.012847080016950358,0.01117762973127096,0.014929505687710641,0.012316461027812904
2024-11-22,MSFT,412.1111145019531,0.01000305677211899,0.006455401942334689,0.011747670998665931,0.015041356086625204,0.013512519089256618
2024-11-25,MSFT,413.8801879882813,0.0042927099611622666,0.0065909454806255645,0.011327174010141097,0.015010942516902612,0.013783391118166224
2024-11-26,MSFT,422.9723205566406,0.02196803044028961,0.011293707466176257,0.012799033105874356,0.015527286717683036,0.011869509970453218
2024-11-27,MSFT,418.0309143066406,-0.01168257592718358,0.012981446826776124,0.013352843397281676,0.01564484883923555,0.007884970700728241
2024-11-29,MSFT,418.4953918457031,0.0011111081098700293,0.012316461027812904,0.013282929754079069,0.015644448867141045,0.007630971551542227
2024-12-02,MSFT,425.92724609375,0.017758509156504454,0.013512519089256618,0.010368469181711084,0.015945653029503227,0.006058476512383918
2024-12-03,MSFT,426.1446838378906,0.0005105044256614732,0.013783391118166224,0.01040798865610794,0.015946045134067024,0.008133713519017679
2024-12-04,MSFT,432.2918090820313,0.01442497226242323,0.011869509970453218,0.01093210351420235,0.015714187927940562,0.007706046060443497
2024-12-05,MSFT,437.4307861328125,0.011887750225232807,0.007884970700728241,0.010474432732700652,0.01576644893802244,0.006836523461879368
2024-12-06,MSFT,438.36968994140625,0.0021464054162585455,0.007630971551542227,0.009910478716301836,0.01576491822649438,0.007797533459039274
2024-12-09,MSFT,440.7909240722656,0.005523269939541331,0.006058476512383918,0.009872984839935874,0.015736170778508453,0.008494359033093384
2024-12-10,MSFT,438.1325073242187,-0.006031015165845588,0.008133713519017679,0.010671095493320893,0.015769360535307735,0.007065230765225106
2024-12-11,MSFT,443.72613525390625,0.012766977652147293,0.007706046060443497,0.009444653202188976,0.01577430679933246,0.01899552451621424
2024-12-12,MSFT,444.2894287109375,0.0012694619772823934,0.006836523461879368,0.0076430779259024795,0.0157743344839948,0.018843252053900104
2024-12-13,MSFT,442.0262451171875,-0.005093939777762402,0.007797533459039274,0.008318462512772365,0.010687006721071693,0.018954325619331965
2024-12-16,MSFT,446.2956237792969,0.00965865422985801,0.008494359033093384,0.007329528160059101,0.010682126279392992,0.01733282689084595
2024-12-17,MSFT,449.1319580078125,0.006355281292021564,0.007065230765225106,0.007189468350277282,0.010587498248635047,0.017964988413791107
2024-12-18,MSFT,432.26214599609375,-0.037560925494028896,0.01899552451621424,0.014711213119490087,0.012960610444169594,0.005153006406638167
2024-12-19,MSFT,431.90631103515625,-0.0008231925099930759,0.018843252053900104,0.014115885662012813,0.012461058330075402,0.009510071250858653
2024-12-20,MSFT,431.48138427734375,-0.0009838401221645698,0.018954325619331965,0.014068580385974994,0.012291082728632519,0.010411321896825396
2024-12-23,MSFT,430.1471557617187,-0.0030922041233821806,0.01733282689084595,0.013853398498444799,0.01222853098055753,0.010363742197559016
2024-12-24,MSFT,434.1793518066406,0.009373992111563645,0.017964988413791107,0.014249863872063605,0.012106869458609393,0.005686776569479741
2024-12-26,MSFT,432.9736633300781,-0.0027769364700223065,0.005153006406638167,0.013428031769037462,0.011977105261159561,0.010999225981672207
2024-12-27,MSFT,425.4825134277344,-0.017301629491105697,0.009510071250858653,0.014134770133109932,0.012422014475776889,0.01140630384521577
2024-12-30,MSFT,419.849365234375,-0.013239435266042099,0.010411321896825396,0.014422221226977542,0.012654126931383037,0.011293583199887002
2024-12-31,MSFT,416.5583801269531,-0.007838490134633669,0.010363742197559016,0.013470974805213854,0.011621422797120674,0.010846755229416385
2025-01-02,MSFT,413.672607421875,-0.006927654904454572,0.005686776569479741,0.012661467681423979,0.011700494032839662,0.01232991848467662
2025-01-03,MSFT,418.3867492675781,0.011395827911069523,0.010999225981672207,0.008925290576328737,0.011846844587260983,0.0106612922793979
2025-01-06,MSFT,422.833984375,0.010629483642125681,0.01140630384521577,0.009943873073290258,0.011927231223984737,0.007614755178842963
2025-01-07,MSFT,417.4181823730469,-0.01280834133982478,0.011293583199887002,0.01048772755020352,0.012159051050068856,0.01473695056632449
2025-01-08,MSFT,419.58251953125,0.005185057215042033,0.010846755229416385,0.010823571004098882,0.012065176467497982,0.0148084398924206
2025-01-10,MSFT,414.0382995605469,-0.013213658130698636,0.01232991848467662,0.01043627939960727,0.012304890581213774,0.013186773491660303
2025-01-13,MSFT,412.2989501953125,-0.0042009383360923636,0.0106612922793979,0.010416979425655953,0.011608033818493945,0.012737794799647359
2025-01-14,MSFT,410.7967529296875,-0.003643466142500218,0.007614755178842963,0.009450966732018676,0.011439377242957745,0.0190386963372643
2025-01-15,MSFT,421.3119812011719,0.025597155275675076,0.01473695056632449,0.012482068822066456,0.012393380322360543,0.018584651110081275
2025-01-16,MSFT,419.6022644042969,-0.004058077797836512,0.0148084398924206,0.012259502751139946,0.0119662342312512,0.018942641249543663
2025-01-17,MSFT,424.0001220703125,0.010481015092373758,0.013186773491660303,0.012276957741004834,0.01213055908790677,0.023256176137990497
2025-01-21,MSFT,423.476318359375,-0.0012353857550320146,0.012737794799647359,0.011908426131440185,0.01181700829698975,0.02576614978321236
2025-01-22,MSFT,440.9688720703125,0.04130704115570594,0.0190386963372643,0.01731199802406346,0.013923573662362502,0.019013591588934415
2025-01-23,MSFT,441.4728698730469,0.0011429328341661105,0.018584651110081275,0.016309541450101515,0.013920344109249316,0.03267808123058882
2025-01-24,MSFT,438.8538818359375,-0.005932387278662188,0.018942641249543663,0.016724904824828104,0.013930051411813558,0.03317355030205438
2025-01-27,MSFT,429.46527099609375,-0.021393477939779526,0.023256176137990497,0.017856044914109484,0.014430746966653826,0.032839828673053156
2025-01-28,MSFT,441.95709228515625,0.029086918390605065,0.02576614978321236,0.019246128976194002,0.015235819840881763,0.026473886361954302
2025-01-29,MSFT,437.1441650390625,-0.010890032833749341,0.019013591588934415,0.01982478755752616,0.015361516035930736,0.027703421842364604
2025-01-30,MSFT,410.1247253417969,-0.06180899085053826,0.03267808123058882,0.02800595140190829,0.01901187739522682,0.006195934853887909
2025-01-31,MSFT,410.19390869140625,0.000168688560660879,0.03317355030205438,0.028008869305126527,0.018884266159022604,0.009155158746130715
2025-02-03,MSFT,406.1024475097656,-0.009974456214362437,0.032839828673053156,0.027749342513472434,0.018851554205637982,0.008690993267518207
2025-02-04,MSFT,407.5354309082031,0.003528625368363514,0.026473886361954302,0.027841920811355534,0.017726421048124434,0.008581470615271323
2025-02-05,MSFT,408.4446411132813,0.002230996708806332,0.027703421842364604,0.02321605799789936,0.017741037560297993,0.008715005845540105
2025-02-06,MSFT,410.9449462890625,0.006121527678674354,0.006195934853887909,0.02347121492974335,0.01779835262118962,0.00819430726954016
2025-02-07,MSFT,404.9461669921875,-0.014597525413186152,0.009155158746130715,0.023591728003699224,0.0179577644291751,0.005286670093878039
2025-02-10,MSFT,407.38720703125,0.006028060611596331,0.008690993267518207,0.023423101414765862,0.017895915564510083,0.004429118920303289
2025-02-11,MSFT,406.6163330078125,-0.0018922391526603466,0.008581470615271323,0.02024540152992616,0.0178952596810011,0.007518458014878747
2025-02-12,MSFT,404.2444763183594,-0.005833156459574718,0.008715005845540105,0.02023135619360797,0.0176768400618046,0.006303349076357548
2025-02-13,MSFT,405.7268676757813,0.003667066451773726,0.00819430726954016,0.00702189797073345,0.01756052773607856,0.012041001616581382
2025-02-14,MSFT,403.64166259765625,-0.005139430597905004,0.005286670093878039,0.007119054605072332,0.01753111622156141,0.012723141098159332
2025-02-18,MSFT,404.83746337890625,0.002962530610825409,0.004429118920303289,0.0065804102407714445,0.017506819433074645,0.013597428586508743
2025-02-19,MSFT,409.90728759765625,0.012523110327872233,0.007518458014878747,0.007683043122586844,0.01753457506720679,0.01125744037173712
2025-02-20,MSFT,412.0759887695313,0.005290711430345985,0.006303349076357548,0.007814696915650723,0.017444249173078834,0.009652352346049014
2025-02-21,MSFT,404.2331237792969,-0.019032569729804938,0.012041001616581382,0.00975848814688126,0.017629137641675386,0.012827670299431732
2025-02-24,MSFT,400.0641174316406,-0.010313371424585327,0.012723141098159332,0.009202805617802906,0.01767117609983307,0.014694611636630828
2025-02-25,MSFT,394.0235595703125,-0.015098974384675445,0.013597428586508743,0.009773136444785729,0.01771780307332357,0.014370284551376719
2025-02-26,MSFT,395.8357849121094,0.004599281687047263,0.01125744037173712,0.010086608760040555,0.017744320720639375,0.021956674956122975
2025-02-27,MSFT,388.7058715820313,-0.018012301064849856,0.009652352346049014,0.011190257170243743,0.0180044669775407,0.020525578951584692
2025-02-28,MSFT,393.1224365234375,0.011362228523666973,0.012827670299431732,0.012000295284427078,0.01743944536870163,0.020318453568615627
2025-03-03,MSFT,384.7052001953125,-0.021411233616077663,0.014694611636630828,0.013338283206271137,0.017788959352741374,0.0236697909896581
2025-03-04,MSFT,384.8240661621094,0.00030897936065477083,0.014370284551376719,0.01319423380482277,0.01762454096369408,0.023691802976358433
2025-03-05,MSFT,397.1131591796875,0.03193431517976131,0.021956674956122975,0.016948801928416777,0.018748492750175476,0.015518953241711772
2025-03-06,MSFT,393.0234375,-0.010298630466277103,0.020525578951584692,0.016814099819354954,0.016919157467172288,0.015564429422883731
2025-03-07,MSFT,389.478271484375,-0.009020240721967165,0.020318453568615627,0.016143677191208978,0.016920818071885474,0.022104311106757788
2025-03-10,MSFT,376.4563903808594,-0.03343416579797065,0.0236697909896581,0.01867067591580353,0.017752124807169742,0.01377536880306339
2025-03-11,MSFT,376.7436218261719,0.0007629873011902877,0.023691802976358433,0.018475767188191966,0.0175033465714026,0.01599962795693946
2025-03-12,MSFT,379.53607177734375,0.007412069612847461,0.015518953241711772,0.018647273830436687,0.016500309701930636,0.016422815753158765
2025-03-13,MSFT,375.0799255371094,-0.011741034835942021,0.015564429422883731,0.018225837053829654,0.016511639509969145,0.01487335682232873
2025-03-14,MSFT,384.7745971679687,0.025846948798917246,0.022104311106757788,0.020017968207508074,0.01360399515432739,0.010370174376912818
2025-03-17,MSFT,384.9131774902344,0.00036015974881320467,0.01377536880306339,0.018815711370206895,0.013605109563560808,0.010436972557180298
2025-03-18,MSFT,379.7836608886719,-0.01332642502657011,0.01599962795693946,0.019295932581516097,0.013686137575519494,0.005736643492221605
2025-03-19,MSFT,384.0417785644531,0.01121195594833524,0.016422815753158765,0.016214824867657514,0.013866581150666682,0.009388305415605157
2025-03-20,MSFT,383.0712890625,-0.002527041473406433,0.01487335682232873,0.01602310598239305,0.013845082695320823,0.00916423508555155
2025-03-21,MSFT,387.4482727050781,0.011426028960014323,0.010370174376912818,0.016391208891645567,0.013986100445126215,0.01526550755299901
2025-03-24,MSFT,389.25048828125,0.004651499834001704,0.010436972557180298,0.011582171076613903,0.013822466522112008,0.013970127575099241
2025-03-25,MSFT,391.3102722167969,0.0052916669280029804,0.005736643492221605,0.011555777674713295,0.013809791211816377,0.017895312182097185
2025-03-26,MSFT,386.17083740234375,-0.013133912343619047,0.009388305415605157,0.012630694756073157,0.013979325976264586,0.017637477461748787
2025-03-27,MSFT,386.77484130859375,0.001564084720412806,0.00916423508555155,0.011712501431612968,0.013967750463021407,0.019207049708839945
2025-03-28,MSFT,375.109619140625,-0.030160240331302934,0.01526550755299901,0.012969501561994168,0.014881977769138528,0.020785836985321514
2025-03-31,MSFT,371.73291015625,-0.00900192586932591,0.013970127575099241,0.013080397998207401,0.014922211455575212,0.020888317559219365
2025-04-01,MSFT,378.4666137695313,0.01811435960956742,0.017895312182097185,0.014163253947218993,0.015367905946704355,0.014508162655696641
2025-04-02,MSFT,378.4171142578125,-0.00013078963881596462,0.017637477461748787,0.013585154246907644,0.015123617124091646,0.05490321335423889
2025-04-03,MSFT,369.47503662109375,-0.023630214648871828,0.019207049708839945,0.015310784775622685,0.015523061069608289,0.054873640579798794
2025-04-04,MSFT,356.3343200683594,-0.035565911767431624,0.020785836985321514,0.017302230218244775,0.01636372932181045,0.04984955277260333
2025-04-07,MSFT,354.3736267089844,-0.005502398306733047,0.020888317559219365,0.01675346586794176,0.01632391211302092,0.0494550463756929
2025-04-08,MSFT,351.1058044433594,-0.009221403680552576,0.014508162655696641,0.015967278939222385,0.01621986883957167,0.04896871808266062
2025-04-09,MSFT,386.6857604980469,0.10133684947503419,0.05490321335423889,0.0387627675832254,0.025108806667470614,0.02119767715314756
2025-04-10,MSFT,377.6347961425781,-0.023406510609056852,0.054873640579798794,0.03950386877470526,0.0252575275867088,0.01984343503657054
2025-04-11,MSFT,384.6656188964844,0.01861804798107558,0.04984955277260333,0.03860274493589333,0.02541093603961879,0.014420748905995805
2025-04-14,MSFT,384.0318908691406,-0.001647477695463806,0.0494550463756929,0.03841487414428221,0.025102345050955436,0.02178131120865614
2025-04-15,MSFT,381.97216796875,-0.005363416292665346,0.04896871808266062,0.03816600990963722,0.025123134059264158,0.026101662013400924
2025-04-16,MSFT,367.9896545410156,-0.036606105366499664,0.02119767715314756,0.04004125759824371,0.02523959845075138,0.024344114309377343
2025-04-17,MSFT,364.1969909667969,-0.010306440758366509,0.01984343503657054,0.03946268770314563,0.025239684508944288,0.021956197067568763
2025-04-21,MSFT,355.6213684082031,-0.023546659558688066,0.014420748905995805,0.038455202356552795,0.025512164437119785,0.013394678978572954
2025-04-22,MSFT,363.246337890625,0.021441257921457346,0.02178131120865614,0.0389338659170099,0.025199533079198658,0.01378312531967377
2025-04-23,MSFT,370.74261474609375,0.020636895884483586,0.026101662013400924,0.03902621164943991,0.02550395011704353,0.014058237347439462
2025-04-24,MSFT,383.5268249511719,0.03448271036722739,0.024344114309377343,0.023565680472204226,0.02625159920687512,0.03220773517089182
2025-04-25,MSFT,388.0325012207031,0.011748008161110768,0.021956197067568763,0.022372350420588875,0.026218868949486464,0.031939262991288755
2025-04-28,MSFT,387.3492431640625,-0.001760826875303434,0.013394678978572954,0.021704318282584043,0.025814603108211813,0.03128091261446544
2025-04-29,MSFT,390.2012023925781,0.007362759264015528,0.01378312531967377,0.021773367025621628,0.02584461086031149,0.03349450217176288
2025-04-30,MSFT,391.4093017578125,0.0030960933944506053,0.014058237347439462,0.0216275940070966,0.02570934447921608,0.033889398369841756
2025-05-01,MSFT,421.2556457519531,0.07625353781859867,0.03220773517089182,0.027510418142727436,0.029092522878227212,0.011523603961533476
2025-05-02,MSFT,431.0393981933594,0.023225213810350143,0.031939262991288755,0.02624086482874533,0.029288317970241076,0.006320474635704544
2025-05-05,MSFT,431.9207458496094,0.002044703245095647,0.03128091261446544,0.022843286989723686,0.029260144111695495,0.011886608600735607
2025-05-06,MSFT,429.0885925292969,-0.006557113423069083,0.03349450217176288,0.024296603487115372,0.029323419819779536,0.010476247195794371
2025-05-07,MSFT,429.1282348632813,9.23872940801207e-05,0.033889398369841756,0.024822800902509937,0.029328782265077347,0.009686493055546362
2025-05-08,MSFT,433.9012756347656,0.011122644430527906,0.011523603961533476,0.02386623158511256,0.029188920701491154,0.009989096068994915
2025-05-09,MSFT,434.4557495117187,0.001277880264679787,0.006320474635704544,0.02413892440901269,0.029189889483321522,0.00982122173883638
2025-05-12,MSFT,444.88323974609375,0.024001271121614653,0.011886608600735607,0.023926484482873284,0.02865628057661449,0.004443142704692602
2025-05-13,MSFT,444.764404296875,-0.00026711603989970634,0.010476247195794371,0.024287388119365542,0.028541831039724047,0.00480958225131501
2025-05-14,MSFT,448.52734375,0.008460522957258299,0.009686493055546362,0.024092263913004997,0.02845924921192314,0.008145725543543635
2025-05-15,MSFT,449.5392761230469,0.002256121922437071,0.009989096068994915,0.01018532132407036,0.028444688350178784,0.008412240459979969
2025-05-16,MSFT,450.6702575683594,0.0025158679238583836,0.00982122173883638,0.0083642026027762,0.027896488041594048,0.009618395750698812
2025-05-19,MSFT,455.2337951660156,0.010126112209577265,0.004443142704692602,0.00849063598347621,0.026714232685862177,0.01435623395848614
2025-05-20,MSFT,454.5393371582031,-0.001525497481045357,0.00480958225131501,0.007833360968059163,0.02665199137975371,0.01481374747792373
2025-05-21,MSFT,448.9837036132813,-0.012222558293097041,0.008145725543543635,0.009600185943230125,0.02672696247656241,0.013220550815053338
2025-05-22,MSFT,451.2555847167969,0.005060052481264288,0.008412240459979969,0.009328299218878674,0.020181836526458642,0.013174331536462556
2025-05-23,MSFT,446.6126708984375,-0.010288878355429576,0.009618395750698812,0.010359126353852176,0.019672922795318102,0.01111702921803443
2025-05-27,MSFT,457.0393371582031,0.023346104889479857,0.01435623395848614,0.010211237168289438,0.01979776741642558,0.004635300774977797
2025-05-28,MSFT,453.7357482910156,-0.007228237481107569,0.01481374747792373,0.010666594394848308,0.019897571115942318,0.0007696813914849475
2025-05-29,MSFT,455.0452880859375,0.0028861287651551493,0.013220550815053338,0.010437552978349354,0.019795248897953224,0.002532886796323081
2025-05-30,MSFT,456.71197509765625,0.0036626838148996477,0.013174331536462556,0.010458443087710927,0.018096303402840568,0.002657018669653227
2025-06-02,MSFT,458.3092346191406,0.0034973016005170887,0.01111702921803443,0.010472242574007902,0.017804229880115593,0.0026271658149238882
2025-06-03,MSFT,459.3013000488281,0.002164620205638901,0.004635300774977797,0.010057542650169954,0.016833648975898285,0.004649497347644608
2025-06-04,MSFT,460.1941528320313,0.0019439369823430752,0.0007696813914849475,0.010023009596165708,0.016700503272803674,0.004576426313176028
2025-06-05,MSFT,463.9739379882813,0.00821345758738845,0.002532886796323081,0.008994138265476313,0.01653072138791413,0.006094322415795784
2025-06-06,MSFT,466.6525573730469,0.005773210875549717,0.002657018669653227,0.009012227221308119,0.015734603738758512,0.008300589001066807
2025-06-09,MSFT,469.0038146972656,0.005038560888757981,0.0026271658149238882,0.007622186647606835,0.01570768585146679,0.008803855989347145
2025-06-10,MSFT,467.1883239746094,-0.0038709508659926506,0.004649497347644608,0.004559415399547781,0.01575039830669316,0.008533072945353007
2025-06-11,MSFT,468.8748168945313,0.0036098781441584737,0.004576426313176028,0.003131720940007519,0.015757242301686663,0.008561281460005468
2025-06-12,MSFT,475.0753173828125,0.013224213083885772,0.006094322415795784,0.004423021016496063,0.015795637424895686,0.007137535331480524
2025-06-13,MSFT,471.1962890625,-0.008165080732213226,0.008300589001066807,0.00594098979981164,0.009027701093781298,0.00942961171053665
2025-06-16,MSFT,475.3431701660156,0.008800750769422105,0.008803855989347145,0.006206905643456118,0.008312132989898887,0.009392857809882397
2025-06-17,MSFT,474.25189208984375,-0.002295768919517105,0.008533072945353007,0.006481554180632933,0.00837228994469439,0.008613480307569931
2025-06-18,MSFT,476.4344482421875,0.004602103204535579,0.008561281460005468,0.0064775835769768555,0.008171392670687318,0.008793233499606107
2025-06-20,MSFT,473.616943359375,-0.005913730405531559,0.007137535331480524,0.006862773741272371,0.008330474083051724,0.007762276891099379
2025-06-23,MSFT,482.1488037109375,0.018014263364494187,0.00942961171053665,0.00849279286941514,0.008642057665249272,0.005266518324308069
2025-06-24,MSFT,486.2261962890625,0.008456709934241635,0.009392857809882397,0.008637889549460985,0.008676108081280186,0.008076753313588486
2025-06-25,MSFT,488.369140625,0.004407299220594574,0.008613480307569931,0.008224194344584131,0.007795420373510798,0.007867908068670767
2025-06-26,MSFT,493.508056640625,0.01052260593093246,0.008793233499606107,0.00843139515632129,0.00788110697960691,0.009813185714216483
2025-06-27,MSFT,492.0100402832031,-0.0030354445834563926,0.007762276891099379,0.00827086917267141,0.007911141435730148,0.0097461988399545
2025-06-30,MSFT,493.4684143066406,0.0029641143554672844,0.005266518324308069,0.007200434618842178,0.007909533864643955,0.009727630681630245
2025-07-01,MSFT,488.1508483886719,-0.010775899254748311,0.008076753313588486,0.008492553037492632,0.008308095367834138,0.009316157097647465
2025-07-02,MSFT,487.1984558105469,-0.001951021044557688,0.007867908068670767,0.00847071572631892,0.008228054549896044,0.009722342275245079
2025-07-03,MSFT,494.8870544433594,0.01578124589910912,0.009813185714216483,0.009428858014153628,0.008551162796989102,0.007343803235575404
2025-07-07,MSFT,493.77593994140625,-0.0022451880524595458,0.0097461988399545,0.009071489175501218,0.008127284417689238,0.007150564011679918
2025-07-08,MSFT,492.68463134765625,-0.00221012914051566,0.009727630681630245,0.007821206840051772,0.008178344260548647,0.006804923932021498
2025-07-09,MSFT,499.52008056640625,0.013873883583607638,0.009316157097647465,0.008464520116706818,0.008016331025487513,0.0037968671610421776
2025-07-10,MSFT,497.5061340332031,-0.00403176290914975,0.009722342275245079,0.008696566024106539,0.007230750283518885,0.005181454815453734
2025-07-11,MSFT,499.33154296875,0.0036691184503567786,0.007343803235575404,0.008196261227593328,0.006975857681765356,0.00613823319073051
2025-07-14,MSFT,499.033935546875,-0.0005960116601197996,0.007150564011679918,0.008091702743024235,0.007010494593768733,0.006061918054658306
2025-07-15,MSFT,501.8117370605469,0.005566357948438405,0.006804923932021498,0.00818716366865662,0.007024325076125537,0.0077967262425124246
2025-07-16,MSFT,501.6133117675781,-0.0003954177997730346,0.0037968671610421776,0.007000530090428133,0.007053919501481966,0.007818571414121595
2025-07-17,MSFT,507.6451416015625,0.012024859971776936,0.005181454815453734,0.007345191163116673,0.007239107698573931,0.007029050955343544
2025-07-18,MSFT,506.0082092285156,-0.0032245603058123073,0.00613823319073051,0.006397074429343585,0.007335002180012942,0.007208195806716862
2025-07-21,MSFT,506.01812744140625,1.960089324581915e-05,0.006061918054658306,0.006259120235014391,0.007294106513044973,0.007401833576940504
2025-07-22,MSFT,501.26611328125,-0.009390995900055987,0.0077967262425124246,0.007197272423330999,0.00760831811544842,0.004853030342325041
2025-07-23,MSFT,501.861328125,0.0011874228637833717,0.007818571414121595,0.005806874538043198,0.007595016947195142,0.004842865139046188
2025-07-24,MSFT,506.8316345214844,0.00990374455639742,0.007029050955343544,0.006257701955613174,0.007626185471042128,0.017372438056594382
2025-07-25,MSFT,509.6392517089844,0.005539546066714474,0.007208195806716862,0.006344590075906292,0.00764183974546054,0.02113897676461443
2025-07-28,MSFT,508.4388122558594,-0.002355468989289067,0.007401833576940504,0.0064500556861924255,0.007436389893956518,0.022039768913989215
2025-07-29,MSFT,508.50823974609375,0.0001365503351844488,0.004853030342325041,0.006333443946659843,0.007184039417181419,0.024419483248332582
2025-07-30,MSFT,509.17291259765625,0.0013071034048424135,0.004842865139046188,0.006304290785930435,0.007089519916135722,0.024919200859608966
2025-07-31,MSFT,529.2723388671875,0.03947465737521205,0.017372438056594382,0.013386718527862216,0.009753349070344707,0.015731740401650814
2025-08-01,MSFT,519.956787109375,-0.017600677522182195,0.02113897676461443,0.01495933191081165,0.010497391411116387,0.01408075497548468
2025-08-04,MSFT,531.3955078125,0.02199936799886193,0.022039768913989215,0.01607494588828438,0.010911626185157099,0.006631138589913316
2025-08-05,MSFT,523.5679931640625,-0.014730110686595022,0.024419483248332582,0.016683910271121143,0.011087506327872962,0.00863320617861009
2025-08-06,MSFT,520.7802124023438,-0.005324582094622388,0.024919200859608966,0.016951908537645256,0.011130880599133433,0.011470197896174466
2025-08-07,MSFT,516.7127685546875,-0.0078102887759372575,0.015731740401650814,0.01717138990767363,0.011275591947225537,0.011060149079629494
2025-08-08,MSFT,517.9031982421875,0.002303851888215913,0.01408075497548468,0.017129047107591108,0.011159193911657582,0.01122074911038069
2025-08-11,MSFT,517.6353759765625,-0.0005171280396297773,0.006631138589913316,0.01709002943948154,0.0111320227186905,0.011458666197245582
2025-08-12,MSFT,525.046142578125,0.014316576774880296,0.00863320617861009,0.01750840809556806,0.01136512364516625,0.008053579537532085
2025-08-13,MSFT,516.454833984375,-0.01636295917072017,0.011470197896174466,0.01859455219292638,0.011626691131360114,0.006440922645025926
2025-08-14,MSFT,518.3397216796875,0.0036496660913614143,0.011060149079629494,0.013129205326275558,0.011606919662435865,0.004809930620887642
2025-08-15,MSFT,516.0480346679688,-0.004421206625439544,0.01122074911038069,0.012003224681935156,0.01137136842938861,0.007523070262079835
2025-08-18,MSFT,513.0023193359375,-0.005901999673326719,0.011458666197245582,0.009013713625095043,0.011431877220362418,0.007521198746387871
2025-08-19,MSFT,505.7304382324219,-0.014175142741905788,0.008053579537532085,0.008938141658274452,0.011763781814870597,0.005404393381766006
2025-08-20,MSFT,501.7125549316406,-0.007944713224745104,0.006440922645025926,0.009037882190559494,0.011609892806994197,0.0066205148259518
2025-08-21,MSFT,501.0666198730469,-0.0012874604237913534,0.004809930620887642,0.008942052321262602,0.011586101508466005,0.006820637724055727
2025-08-22,MSFT,504.037841796875,0.005929794175035807,0.007523070262079835,0.009250737319011706,0.011616069379861583,0.007200402672068872
2025-08-25,MSFT,501.0865173339844,-0.0058553628679332,0.007521198746387871,0.009266616988204524,0.011670824476684492,0.006749808761241923
2025-08-26,MSFT,498.8804626464844,-0.004402542497525697,0.005404393381766006,0.006929879868227757,0.011654730724295867,0.0062220691848096895
2025-08-27,MSFT,503.5509033203125,0.009361843214007903,0.0066205148259518,0.007048638971876213,0.01178252064759562,0.005042795729909281
2025-08-28,MSFT,506.4326477050781,0.005722846222226963,0.006820637724055727,0.007276570782102476,0.011619385384334996,0.011794799784348636
2025-08-29,MSFT,503.501220703125,-0.005788384724478179,0.007200402672068872,0.007333529228311648,0.011653184443795645,0.012997938698022082
2025-09-02,MSFT,501.9410705566406,-0.003098602510448023,0.006749808761241923,0.007239208513108651,0.01166597514867124,0.013106812968033663
2025-09-03,MSFT,502.1696166992187,0.000455324650610045,0.0062220691848096895,0.005892973669388898,0.011536398285743774,0.013398546960322574
2025-09-04,MSFT,504.7731628417969,0.005184595116867863,0.005042795729909281,0.00554982919200501,0.011572134296499018,0.012989439976987949
2025-09-05,MSFT,491.8847961425781,-0.02553298718707464,0.011794799784348636,0.009993709898243849,0.012336820068927515,0.00699674172730181
2025-09-08,MSFT,495.0646667480469,0.006464665365560673,0.012997938698022082,0.01004101044074574,0.012354677544744074,0.007321780882982472
2025-09-09,MSFT,495.2733154296875,0.0004214574290086759,0.013106812968033663,0.009951572110450764,0.012353748507796376,0.011240630877803973
2025-09-10,MSFT,497.2209777832031,0.003932500081951451,0.013398546960322574,0.009995160557542468,0.012383085832985967,0.011291878926801129
2025-09-11,MSFT,497.8569641113281,0.0012790818500065804,0.012989439976987949,0.009439500608596486,0.012382932276284049,0.011703311927903644
2025-09-12,MSFT,506.6910095214844,0.017744143492950837,0.00699674172730181,0.011034992506983463,0.010435832201519724,0.011990295147495823
2025-09-15,MSFT,512.1166381835938,0.010707963157335909,0.007321780882982472,0.011286070674232332,0.010197527714380575,0.011788799445130983
2025-09-16,MSFT,505.83642578125,-0.012263246171065223,0.011240630877803973,0.012069005956978102,0.00948998503580393,0.011278732379560489
2025-09-17,MSFT,506.8102416992187,0.0019251597321499059,0.011291878926801129,0.012072759095241924,0.00917727902608707,0.011274125809913191
2025-09-18,MSFT,505.2501220703125,-0.0030783111716042866,0.011703311927903644,0.01203620454984523,0.009150264714320372,0.011566351512871158
2025-09-19,MSFT,514.6704711914062,0.018644922009108944,0.011990295147495823,0.009370297016571159,0.009724861555110487,0.007651243335401442
2025-09-22,MSFT,511.21240234375,-0.006718996020213086,0.011788799445130983,0.009982760293068473,0.0097877177637194,0.008025223573174953
2025-09-23,MSFT,506.0252380371094,-0.010146788855002531,0.011278732379560489,0.01083925044390226,0.009948712696459371,0.005889581277408822
2025-09-24,MSFT,506.9394226074219,0.001806598765426548,0.011274125809913191,0.010822387550999525,0.009551493517469225,0.005823532709199919
2025-09-25,MSFT,503.8390808105469,-0.006115803306297463,0.011566351512871158,0.011124785340361681,0.009163102796514439,0.006471333410627701
2025-09-26,MSFT,508.2411804199219,0.008737114243486443,0.007651243335401442,0.009942865980922873,0.009294114133186019,0.005768996833092292
2025-09-29,MSFT,511.3614196777344,0.006139288546501698,0.008025223573174953,0.009509557587872,0.009344786918995611,0.010556141417327927
2025-09-30,MSFT,514.6903686523438,0.006509972881230119,0.005889581277408822,0.008658021566902038,0.0093612098813574,0.012218402757347585
2025-10-01,MSFT,516.4392700195312,0.00339796793121816,0.005823532709199919,0.008673461412329062,0.008975660572488987,0.012206804847058246
2025-10-02,MSFT,512.4942626953125,-0.007638860081398469,0.006471333410627701,0.009075897899597755,0.00896562654049804,0.01167945716818015
2025-10-03,MSFT,514.0940551757812,0.0031215812486466987,0.005768996833092292,0.00686971666101637,0.008967248335260858,0.015980774682244177
2025-10-06,MSFT,525.2435302734375,0.02168761724708901,0.010556141417327927,0.009276071621170954,0.009703616055379904,0.01077465903284873
2025-10-07,MSFT,520.682373046875,-0.008683890354990176,0.012218402757347585,0.009059081415598799,0.00979010175527478,0.010761112388422997
2025-10-08,MSFT,521.5469360351562,0.001660442206295798,0.012206804847058246,0.009061152263502384,0.00973016732501918,0.010541260338640107
2025-10-09,MSFT,519.1123657226562,-0.00466797932130103,0.01167945716818015,0.00891175098279371,0.009677680788175807,0.010544627200466285
2025-10-10,MSFT,507.7443237304687,-0.021899000568715188,0.015980774682244177,0.011592983346822494,0.010497990467384954,0.0038605133239530054
2025-10-13,MSFT,510.8149108886719,0.006047506618376719,0.01077465903284873,0.011587585078677892,0.01048992853128229,0.003926883412772231
2025-10-14,MSFT,510.337890625,-0.0009338416978509345,0.010761112388422997,0.01135639166767639,0.010471507273955911,0.0037640700618605163
2025-10-15,MSFT,510.1988220214844,-0.00027250299472236783,0.010541260338640107,0.011264910954893702,0.01047271212365326,0.003941468933790449
2025-10-16,MSFT,508.3902282714844,-0.003544880293596342,0.010544627200466285,0.01107601349508669,0.010461688113617666,0.0026087836768415354
2025-10-17,MSFT,510.3478698730469,0.0038506672486968707,0.0038605133239530054,0.011106676274332521,0.009267986835851921,0.0028262176097532486
2025-10-20,MSFT,513.5376586914062,0.006250224614737565,0.003926883412772231,0.008394753645635205,0.009263924438040121,0.0058459764061963414
2025-10-21,MSFT,514.4021606445312,0.0016834246495727179,0.0037640700618605163,0.00814411673074464,0.009262834918310826,0.008008814276579818
2025-10-22,MSFT,517.2639770507812,0.005563383331563365,0.003941468933790449,0.008385449010045409,0.009283547387226284,0.00920770876280303
2025-10-23,MSFT,517.283935546875,3.858474005391521e-05,0.0026087836768415354,0.00827510388743338,0.009286681275830808,0.01926565814156113
2025-10-24,MSFT,520.3147583007812,0.0058591085971035906,0.0028262176097532486,0.0035255289831788122,0.00880269533008508,0.020498331349717007
2025-10-27,MSFT,528.1749877929688,0.015106681805177047,0.0058459764061963414,0.00527921878221856,0.009005609161450307,0.01824321136121793
2025-10-28,MSFT,538.6585083007812,0.019848574336355673,0.008008814276579818,0.007157536440225622,0.009270807854427085,0.011928376944160955
2025-10-29,MSFT,538.1417846679688,-0.0009592786985627155,0.00920770876280303,0.007221430789691356,0.009288046214841313,0.010712468351472597
2025-10-30,MSFT,522.4512329101562,-0.029156910325210172,0.01926565814156113,0.012980149047362024,0.010869617897135113,0.007535561601623122
2025-10-31,MSFT,514.5512084960938,-0.015121075262963357,0.020498331349717007,0.014145070719578554,0.010745631665727605,0.008371680858561268
2025-11-03,MSFT,513.776123046875,-0.0015063329682659665,0.01824321136121793,0.01403199204885221,0.010674339647784425,0.014730079593637868
2025-11-04,MSFT,511.0931091308594,-0.005222145980829929,0.011928376944160955,0.014117020535780114,0.010546485436346707,0.015291038113419917
2025-11-05,MSFT,503.96826171875,-0.01394040984865863,0.010712468351472597,0.014519372141457466,0.010860544143096501,0.013902871668843015
2025-11-06,MSFT,493.9715576171875,-0.01983597948702054,0.007535561601623122,0.01546210409971357,0.01139657184277442,0.012215111090250426
2025-11-07,MSFT,493.6933288574219,-0.0005632485423001654,0.008371680858561268,0.015113808854667276,0.011259607211168317,0.012951429546152835
2025-11-10,MSFT,502.8155822753906,0.018477570760538464,0.014730079593637868,0.015643729924288686,0.011740876493590732,0.011185656916896573
2025-11-11,MSFT,505.4786682128906,0.005296347271993351,0.015291038113419917,0.013645529532922104,0.011717977303230525,0.01607685280925315
2025-11-12,MSFT,507.9231872558594,0.004836047882319727,0.013902871668843015,0.014013449486565042,0.011737547166391436,0.015100592489073883
2025-11-13,MSFT,500.12261962890625,-0.015357770274472049,0.012215111090250426,0.011975284449375383,0.011981783058258828,0.01516572622549459
2025-11-14,MSFT,506.96923828125,0.01368988000867466,0.012951429546152835,0.012533674192218975,0.01225169117101005,0.007826629026100783
2025-11-17,MSFT,504.2961730957031,-0.005272637832246407,0.011185656916896573,0.012593249817777851,0.011544636412210815,0.011107082088334946
2025-11-18,MSFT,490.6824035644531,-0.026995583662036693,0.01607685280925315,0.014920069862126505,0.012401299254836,0.010700959692188781
2025-11-19,MSFT,484.0543823242187,-0.013507762234974519,0.015100592489073883,0.014888528466214197,0.012559276178838114,0.014174972480070118
2025-11-20,MSFT,476.3088684082031,-0.016001330013427406,0.01516572622549459,0.014476838245510092,0.012797817583964624,0.01190529824667851
2025-11-21,MSFT,470.0268249511719,-0.013189012159327329,0.007826629026100783,0.01473663171025786,0.012443119303143558,0.010936160085770653
2025-11-24,MSFT,471.8985290527344,0.0039821218751865395,0.011107082088334946,0.012774597554406882,0.012399866793573336,0.010867821998826705
2025-11-25,MSFT,474.8752136230469,0.0063078911822160855,0.010700959692188781,0.01287977416517371,0.0125027425482096,0.017914883731060413
2025-11-26,MSFT,483.3475036621094,0.017841087081432283,0.014174972480070118,0.014647655715143086,0.013031324416218189,0.01574896235722002
2025-11-28,MSFT,489.82867431640625,0.013408925473271216,0.01190529824667851,0.015170238165525282,0.013313922605009474,0.014048974529092347
2025-12-01,MSFT,484.5820007324219,-0.010711242234453744,0.010936160085770653,0.014308829411259976,0.013390438603300027,0.01569281812220884
2025-12-02,MSFT,487.82757568359375,0.006697679538790746,0.010867821998826705,0.014723680179227755,0.013399774380170457,0.015469854529465638
2025-12-03,MSFT,475.6119689941406,-0.025040828559835693,0.017914883731060413,0.014381917978405238,0.014045120414985927,0.016445321193201093
2025-12-04,MSFT,478.7081604003906,0.006509910616417036,0.01574896235722002,0.014151408740003977,0.014064940856769754,0.016870431716678097
2025-12-05,MSFT,481.0178833007813,0.004824908141233264,0.014048974529092347,0.013202226813976918,0.014121559638146985,0.017396925625092954
2025-12-08,MSFT,488.8430480957031,0.016267929045017837,0.01569281812220884,0.012952818331532142,0.014453495678141373,0.014178356409811717
2025-12-09,MSFT,489.8385925292969,0.0020365318428314794,0.015469854529465638,0.012967867430161406,0.014113805249907244,0.014381811591620145
2025-12-10,MSFT,476.4382629394531,-0.0273566227614912,0.016445321193201093,0.016212366166668202,0.014177715570860071,0.008307976194061114
2025-12-11,MSFT,481.3265075683594,0.010259974920459936,0.016870431716678097,0.015468867613872558,0.01440641383342023,0.010582628297602564
2025-12-12,MSFT,476.4084167480469,-0.010217785106327315,0.017396925625092954,0.014935760740495565,0.01364312762892317,0.00883014366232058
2025-12-15,MSFT,472.7148742675781,-0.007752890903315213,0.014178356409811717,0.014787415970322244,0.013482401781032058,0.007317948062246905
2025-12-16,MSFT,474.2779235839844,0.0033065371992535564,0.014381811591620145,0.014593800175877324,0.013526083507374796,0.007302658817859311
2025-12-17,MSFT,474.0090942382813,-0.0005668181720784871,0.008307976194061114,0.012306934622175223,0.01352135910247786,0.006910523254920709
2025-12-18,MSFT,481.8342590332031,0.01650846975308906,0.010582628297602564,0.013286062675177016,0.013767255271508358,0.0027598970539565648
2025-12-19,MSFT,483.7656555175781,0.004008424988813264,0.00883014366232058,0.013260593069935836,0.013348360584770206,0.0025801352112698964
2025-12-22,MSFT,482.7701110839844,-0.0020579063896725147,0.007317948062246905,0.012075671031185498,0.01335097261110327,0.002157657346255035
2025-12-23,MSFT,484.6915588378906,0.003980047044735091,0.007302658817859311,0.012148668113314881,0.012888800372364981,0.00394598887171345
2025-12-24,MSFT,485.8563232421875,0.002403104372375564,0.006910523254920709,0.007859837598863847,0.01284972754406489,0.009479188241713751
2025-12-26,MSFT,485.5477294921875,-0.000635154335217325,0.0027598970539565648,0.007322409603191343,0.012799264763843788,0.009546578262466066
2025-12-29,MSFT,484.9404296875,-0.0012507520225100155,0.0025801352112698964,0.006285626925903821,0.012525802228381136,0.012584322816250697
2025-12-30,MSFT,485.3187561035156,0.0007801502882722744,0.002157657346255035,0.005355995746654177,0.012223589649146107,0.014042736516741374
2025-12-31,MSFT,481.4758605957031,-0.007918291760792395,0.00394598887171345,0.00629624788189431,0.012262116782155557,0.014465834631507522
2026-01-02,MSFT,470.84320068359375,-0.022083474546271464,0.009479188241713751,0.009794997787636059,0.0119380213208524,0.009262537477220919
2026-01-05,MSFT,470.7536010742187,-0.00019029606723630632,0.009546578262466066,0.007761548847177473,0.011714141071674932,0.009765626395857487
2026-01-06,MSFT,476.3885192871094,0.011969994918854088,0.012584322816250697,0.00881674887909582,0.011579964604178272,0.009855655700637697
2026-01-07,MSFT,481.3265075683594,0.010365464492384069,0.014042736516741374,0.009572332396446155,0.011447688704946389,0.00995615679102625
2026-01-08,MSFT,475.9902648925781,-0.011086533967845869,0.014465834631507522,0.010007021057883671,0.011634842836544956,0.010099076895177115
2026-01-09,MSFT,477.1550903320313,0.0024471623168933476,0.009262537477220919,0.010009069332815994,0.011587969620144028,0.011509659592674647
2026-01-12,MSFT,475.06439208984375,-0.004381590565727289,0.009765626395857487,0.010032368748122859,0.011124033209228406,0.011365661397245593
2026-01-13,MSFT,468.5832824707031,-0.013642591882396693,0.009855655700637697,0.010656908840337086,0.011052538236388625,0.012841535159982417
2026-01-14,MSFT,457.3433532714844,-0.023987046955567637,0.00995615679102625,0.012330750427604032,0.011685142392634705,0.015265902319187074
2026-01-15,MSFT,454.6354064941406,-0.005921036695894166,0.010099076895177115,0.012309697375320984,0.011593224099676395,0.022064094516266026
2026-01-16,MSFT,457.8211975097656,0.00700735351914572,0.011509659592674647,0.011398526291662464,0.010878150856533316,0.02215948768741199
2026-01-20,MSFT,452.5048522949219,-0.011612274057560046,0.011365661397245593,0.011683150419923632,0.010937543685700612,0.02103700950341986
2026-01-21,MSFT,442.1409912109375,-0.022903314807395048,0.012841535159982417,0.011629592412079785,0.011513384936387963,0.011758574494772078
2026-01-22,MSFT,449.1398620605469,0.01582950006612327,0.015265902319187074,0.012640002887425774,0.011488676325631386,0.053402546280925535
2026-01-23,MSFT,463.8841857910156,0.03282791169509047,0.022064094516266026,0.017636059063374582,0.01318215351206934,0.04878019292203982
2026-01-26,MSFT,468.1949768066406,0.009292817361890027,0.02215948768741199,0.017976144186082822,0.012400277189340746,0.04693311708158018
2026-01-27,MSFT,478.4493408203125,0.021901909507044515,0.02103700950341986,0.019412567577394745,0.012920127880686551,0.040719003980105514
2026-01-28,MSFT,479.4946594238281,0.0021848051911272925,0.011758574494772078,0.018730241882315892,0.01278356080626677,0.041768443753888294
2026-01-29,MSFT,431.57806396484375,-0.0999314476548332,0.053402546280925535,0.03706678353868811,0.022311543596352526,0.021559106962261237
2026-01-30,MSFT,428.3822937011719,-0.007404848694840482,0.04878019292203982,0.03707326072802814,0.022296509240128305,0.02748838700397331
2026-02-02,MSFT,421.4929809570313,-0.016082160363393494,0.04693311708158018,0.036941695737846475,0.022414502534004288,0.033796345360742
2026-02-03,MSFT,409.3868713378906,-0.028721972051949374,0.040719003980105514,0.03754007821451377,0.022532496461149583,0.03091461260010894
2026-02-04,MSFT,412.3536987304687,0.007247001797791919,0.041768443753888294,0.03753695540501676,0.022585634106339285,0.032203912277004254
2026-02-05,MSFT,391.9246520996094,-0.04954253276678522,0.021559106962261237,0.03892433569923724,0.023988830576816216,0.020835365073879415
2026-02-06,MSFT,399.3615417480469,0.018975304586217767,0.02748838700397331,0.03733314919857604,0.024370825615224603,0.019168831241287404
2026-02-09,MSFT,411.7662963867187,0.031061465218646056,0.033796345360742,0.039431416990520336,0.025262417704900827,0.008552589634896824
2026-02-10,MSFT,411.437744140625,-0.0007979095156082083,0.03091461260010894,0.03788393146809633,0.02526142545459316,0.010654345017312815
2026-02-11,MSFT,402.5771789550781,-0.021535615805142183,0.032203912277004254,0.03747741770869282,0.025423430702737133,0.0067433027820109
2026-02-12,MSFT,400.0584106445313,-0.006256609768801269,0.020835365073879415,0.023428607791387408,0.025392481077522393,0.006440190384525737
2026-02-13,MSFT,399.5407409667969,-0.001293985238056683,0.019168831241287404,0.023505305921974813,0.02540488994363104,0.01494126601904323
2026-02-17,MSFT,395.1004943847656,-0.011113376251159934,0.008552589634896824,0.02333672851102065,0.025241980428981743,0.01710068890954812
2026-02-18,MSFT,397.8283386230469,0.006904178245914272,0.010654345017312815,0.02220817908524521,0.025326626259023582,0.022710203924526676
2026-02-19,MSFT,397.5988464355469,-0.0005768623429248665,0.0067433027820109,0.021957753367863275,0.025134931707906948,0.02269568050664753
2026-02-20,MSFT,396.37152099609375,-0.0030868435621884682,0.006440190384525737,0.014892476639560106,0.02495796693632273,0.02523449040687748
2026-02-23,MSFT,383.6390686035156,-0.03212252071132937,0.01494126601904323,0.01677386121509659,0.025393440135192968,0.01925496735627738
2026-02-24,MSFT,388.1593017578125,0.01178251519260276,0.01710068890954812,0.012993300273804137,0.025567787415468994,0.019368323643817034
2026-02-25,MSFT,399.7342224121094,0.0298200264733548,0.022710203924526676,0.01722416395180869,0.026415354347084197,0.014918507247755316
2026-02-26,MSFT,400.851806640625,0.0027958182358562844,0.02269568050664753,0.01594643655528085,0.02640875662434303,0.015742771875170574
2026-02-27,MSFT,391.8912048339844,-0.022353901512221608,0.02523449040687748,0.01736249232234082,0.02636958495210493,0.008350401679363075
2026-03-02,MSFT,397.6886291503906,0.014793453501622311,0.01925496735627738,0.01815463501436415,0.026608997281196773,0.007859738099614825
2026-03-03,MSFT,403.0570068359375,0.013498946894749508,0.019368323643817034,0.018196451081883756,0.026728539735478774,0.00846563314389121
2026-03-04,MSFT,404.32427978515625,0.0031441531290252733,0.014918507247755316,0.01812590489923794,0.026717127854845542,0.008452143035781623
2026-03-05,MSFT,409.79241943359375,0.013524143668401711,0.015742771875170574,0.018468347864870834,0.02662727556475333,0.004030968498897682
2026-03-06,MSFT,408.0761413574219,-0.004188164531066962,0.008350401679363075,0.01851309794062768,0.02641048254753256,0.006478253084674408
2026-03-09,MSFT,408.5251770019531,0.0011003722075924038,0.007859738099614825,0.013902996314625138,0.025554236614323187,0.010039846011285904
2026-03-10,MSFT,404.8830871582031,-0.008915215141642507,0.00846563314389121,0.014537470439695614,0.025446105436759726,0.009798662176586538
2026-03-11,MSFT,404.0049743652344,-0.0021688058128880305,0.008452143035781623,0.01150696764559228,0.024959539544657326,0.01205116649039409
2026-03-12,MSFT,400.9914855957031,-0.007459038776109095,0.004030968498897682,0.011794684495473093,0.024921775059952193,0.012044627411752233
2026-03-13,MSFT,394.6951293945313,-0.015701969810700822,0.006478253084674408,0.01050482948531972,0.017600911898576863,0.012607110346406629
2026-03-16,MSFT,399.0856323242187,0.011123782896491408,0.010039846011285904,0.010012808307386736,0.01775894922223808,0.009923966357169873
2026-03-17,MSFT,398.5467834472656,-0.0013502086602689145,0.009798662176586538,0.008892030923036648,0.017564605059791627,0.011657718312845433
2026-03-18,MSFT,390.9432678222656,-0.019078100591435554,0.01205116649039409,0.010370444103515399,0.017136292249608005,0.01178167868045948
2026-03-19,MSFT,388.1792297363281,-0.007070176962847952,0.012044627411752233,0.008538790858328765,0.017086685127079553,0.011632396244398782
2026-03-20,MSFT,381.0447082519531,-0.018379451907360234,0.012607110346406629,0.009450967179245592,0.014895248279739884,0.012873121509300037
2026-03-23,MSFT,382.1722717285156,0.002959136952026542,0.009923966357169873,0.009639783199910401,0.01444097956936757,0.013921402846036155
2026-03-24,MSFT,371.9344177246094,-0.026788584000617788,0.011657718312845433,0.011578037613226235,0.013810389841399182,0.02147801267606835
2026-03-25,MSFT,370.2381286621094,-0.004560720873527657,0.01178167868045948,0.011459300794064861,0.013804033189837106,0.021410828835073618
2026-03-26,MSFT,365.1790771484375,-0.01366431796733969,0.011632396244398782,0.011556413387494543,0.013519678597066183,0.02051092502201052
2026-03-27,MSFT,355.9989318847656,-0.02513874928256188,0.012873121509300037,0.012489352556375063,0.01409623283137244,0.013624831699934815
2026-03-30,MSFT,358.1842041015625,0.00613842352061944,0.013921402846036155,0.011612554443664921,0.014206415030194142,0.014435826760928312
2026-03-31,MSFT,369.3699951171875,0.031229157756083703,0.02147801267606835,0.017568022568915518,0.015474593326054928,0.005849804464754228
2026-04-01,MSFT,368.57171630859375,-0.0021611901863888283,0.021410828835073618,0.017131398375916717,0.015380395178470861,0.006096598150547699
2026-04-02,MSFT,372.6528625488281,0.011072868751592857,0.02051092502201052,0.017917966814972833,0.01557459752895685,0.004227063960753451
2026-04-06,MSFT,372.0741271972656,-0.0015530146410365209,0.013624831699934815,0.017185297959699298,0.015573560638078,0.017399874831833174
2026-04-07,MSFT,371.48541259765625,-0.0015822508381434508,0.014435826760928312,0.01709219619460335,0.01449683289407895,0.01806473240461554
2026-04-08,MSFT,373.52099609375,0.005479578543501118,0.005849804464754228,0.014951271957719631,0.014350561551578584,0.0232883748947864
2026-04-09,MSFT,372.26373291015625,-0.003365977272341003,0.006096598150547699,0.014910827037294802,0.013103317772812808,0.019621150042087903
2026-04-10,MSFT,370.0684814453125,-0.005897032858082851,0.004227063960753451,0.01427116896716419,0.013083134453705805,0.015287490171398875
2026-04-13,MSFT,383.539306640625,0.03640089840318694,0.017399874831833174,0.014803569990519403,0.014356273207603493,0.02130978228392489
2026-04-14,MSFT,392.2604064941406,0.022738477393367207,0.01806473240461554,0.015536996080182134,0.014719084981642577,0.021084208777435793
2026-04-15,MSFT,410.3312683105469,0.046068533854630056,0.0232883748947864,0.018328773924093943,0.01682636019969405,0.013609195317908263
2026-04-16,MSFT,419.3517456054687,0.02198340217176664,0.019621150042087903,0.018031251613067453,0.017265315927824952,0.024260121205904712
2026-04-17,MSFT,421.8762817382813,0.006020092104702224,0.015287490171398875,0.018165737659205494,0.017136886844907728,0.026386369313342442
2026-04-20,MSFT,417.1664733886719,-0.011163956243767315,0.02130978228392489,0.01922293084693813,0.01725814889533026,0.02552846383324261
2026-04-21,MSFT,423.2433166503906,0.014566950244961241,0.021084208777435793,0.018656065523333886,0.017438346496508952,0.025142980282786588
2026-04-22,MSFT,431.984375,0.020652560845584977,0.013609195317908263,0.01856768757299645,0.017673542086319348,0.02341243295657995
2026-04-23,MSFT,414.8514709472656,-0.039660934617680055,0.024260121205904712,0.02496023089225214,0.019256023418574672,0.02327287037727845
2026-04-24,MSFT,423.7023010253906,0.021334937195510273,0.026386369313342442,0.024369729592958904,0.019532280640051098,0.02200342372745613
2026-04-27,MSFT,423.9018859863281,0.0004710499812119462,0.02552846383324261,0.0233082725010922,0.019247342428637904,0.02188800200265409
2026-04-28,MSFT,428.3222961425781,0.010427908679775388,0.025142980282786588,0.02289991046737657,0.019237083586796096,0.020149530837056673
2026-04-29,MSFT,423.5426330566406,-0.011159034047451222,0.02341243295657995,0.019529129757781347,0.019388205306626417,0.021020993080607436
2026-04-30,MSFT,406.8987121582031,-0.03929691983619443,0.02327287037727845,0.022430582511676,0.02047472347118123,0.01011771529248912
2026-05-01,MSFT,413.5443115234375,0.01633231850252348,0.02200342372745613,0.023106995892468927,0.02058103395479702,0.011432286545569001
2026-05-04,MSFT,412.72607421875,-0.0019785964451384253,0.02188800200265409,0.022872552612436266,0.02022710621099043,0.011767281569418338
2026-05-05,MSFT,410.4909362792969,-0.005415548178495877,0.020149530837056673,0.022242040059757866,0.020283452233325974,0.01276147951587379
2026-05-06,MSFT,413.0653381347656,0.0062715193636264654,0.021020993080607436,0.020984446455680397,0.019516154751339863,0.012014885039894788
2026-05-07,MSFT,419.8606262207031,0.016450879458010714,0.01011771529248912,0.01771630234238525,0.019586881142504665,0.009449703996273488
2026-05-08,MSFT,414.2228393554687,-0.013427757958591968,0.011432286545569001,0.016741560916157194,0.019579409711490355,0.017299742660679924
2026-05-11,MSFT,411.7681579589844,-0.0059259923965172545,0.011767281569418338,0.016753240822877775,0.01888187971620501,0.016521143406913557
2026-05-12,MSFT,406.8887023925781,-0.01185000702966521,0.01276147951587379,0.016277374630371256,0.019129628117194392,0.0172228360515419
2026-05-13,MSFT,404.3342590332031,-0.006277990380058274,0.012014885039894788,0.01614480509178347,0.018534514117937637,0.016077688294180166
2026-05-14,MSFT,408.5451354980469,0.010414344989990054,0.009449703996273488,0.011113344250003513,0.01855162746322099,0.016585975214751896
2026-05-15,MSFT,421.0081481933594,0.030505840389261074,0.017299742660679924,0.013913663559399115,0.019150984415111934,0.008675957372843355
2026-05-18,MSFT,422.6246643066406,0.00383963141857957,0.016521143406913557,0.013856066753693145,0.019119900156615917,0.008383483830557927
2026-05-19,MSFT,416.5178833007813,-0.014449655975185771,0.0172228360515419,0.014695572731684405,0.019401716024279505,0.006502169541109693
2026-05-20,MSFT,420.1499938964844,0.008720179231968883,0.016077688294180166,0.014802901249456333,0.0194192337161059,0.017732052567174864
2026-05-21,MSFT,419.0899963378906,-0.0025229027109182622,0.016585975214751896,0.013905113935357438,0.01940864745261553,0.028214994816461305
2026-05-22,MSFT,418.5700073242187,-0.001240757398687009,0.008675957372843355,0.013118803397287685,0.019344132521913377,0.02682304441679574
2026-05-26,MSFT,416.0299987792969,-0.0060683004048934786,0.008383483830557927,0.013127371798710194,0.018446659815871076,0.03782195672215716
2026-05-27,MSFT,412.6700134277344,-0.008076305462157207,0.006502169541109693,0.012762687414479258,0.018158352015074118,0.04223228506966685
2026-05-28,MSFT,426.989990234375,0.034700793226276616,0.017732052567174864,0.016128384324794437,0.017302251722153435,0.03944895054992839
2026-05-29,MSFT,450.239990234375,0.05445092515456418,0.028214994816461305,0.022390464298448657,0.01950467848189223,0.0266181471726518
2026-06-01,MSFT,460.5199890136719,0.022832265019252507,0.02682304441679574,0.021730852299517968,0.01984620720481135,0.01707439658422403
2026-06-02,MSFT,441.30999755859375,-0.04171369737114239,0.03782195672215716,0.027095968018684632,0.021332277142645757,0.01312839121812016
2026-06-03,MSFT,427.3399963378906,-0.03165575513355168,0.04223228506966685,0.02892881199141589,0.022057479135157983,0.010576065763311247
2026-06-04,MSFT,428.0499877929687,0.0016614205577816232,0.03944895054992839,0.028858206011312493,0.021730935837845754,0.005601768069380442
2026-06-05,MSFT,416.6700134277344,-0.026585620113925512,0.0266181471726518,0.03026794907068434,0.02102944610581286,0.00830325584796829
2026-06-08,MSFT,411.739990234375,-0.011831960627074034,0.01707439658422403,0.03049405522714078,0.020758753988904553,0.018128309619952595
2026-06-09,MSFT,403.4100036621094,-0.020231181740505533,0.01312839121812016,0.03106731520011901,0.021058809853575895,0.017187257700347344
2026-06-10,MSFT,397.3599853515625,-0.014997194555478321,0.010576065763311247,0.03127812804741627,0.021076463977070272,0.02276527366920364
2026-06-11,MSFT,390.3399963378906,-0.017666572560045224,0.005601768069380442,0.028458781939191536,0.021204054745149945,0.022592313997670657
2026-06-12,MSFT,390.739990234375,0.0010247320290952544,0.00830325584796829,0.018630044931476623,0.020037077465312008,0.0248856368458501
2026-06-15,MSFT,399.760009765625,0.023084454513702557,0.018128309619952595,0.018685406187320668,0.020276793510883292,0.023123495524879745
2026-06-16,MSFT,393.8299865722656,-0.014833957996038927,0.017187257700347344,0.015975125363061223,0.020434895535605967,0.023537209408672134
2026-06-17,MSFT,378.9100036621094,-0.03788432424867805,0.02276527366920364,0.01695267268196182,0.02148966961918284,0.02274927145991158
2026-06-18,MSFT,379.3999938964844,0.0012931572923366996,0.022592313997670657,0.016920487901591747,0.021439219087555736,0.03956341160950044
2026-06-22,MSFT,367.3399963378906,-0.03178702623248908,0.0248856368458501,0.01749359758085511,0.021766873205968228,0.036815891523236124
2026-06-23,MSFT,373.94000244140625,0.01796702283800511,0.023123495524879745,0.019961783367840772,0.02206145189707984,0.036234756626542235
2026-06-24,MSFT,365.4599914550781,-0.022677464114465473,0.023537209408672134,0.02012355769637975,0.022343794260001108,0.03566261878606107
2026-06-25,MSFT,352.8299865722656,-0.03455919985256439,0.02274927145991158,0.021598137831350186,0.023003366074022365,0.02532129638435525
2026-06-26,MSFT,372.9700012207031,0.05708135763656941,0.03956341160950044,0.0304055952401647,0.02559562359283998,0.017856591674212226
2026-06-29,MSFT,368.5700073242187,-0.011797179081651565,0.036815891523236124,0.030434444435051097,0.025534137420285458,0.014588457846483143
2026-06-30,MSFT,373.0199890136719,0.012073640288203569,0.036234756626542235,0.029472943582083112,0.024911444724875182,0.01828257694571921
2026-07-01,MSFT,384.2799987792969,0.030186076074363744,0.03566261878606107,0.031433773174005995,0.025641155352962346,0.012144511705981619
2026-07-02,MSFT,390.489990234375,0.01616006941502235,0.02532129638435525,0.029143106823044315,0.025772346615054783,0.008585653779331315
2026-07-06,MSFT,386.739990234375,-0.009603319147180267,0.017856591674212226,0.029432654791574437,0.02573079220031978,0.01059874076674165
2026-07-07,MSFT,388.8399963378906,0.0054300205733650575,0.014588457846483143,0.026885692150896142,0.025770851826162445,0.012902949231634587
2026-07-08,MSFT,383.3399963378906,-0.014144635458798516,0.01828257694571921,0.027216664035401572,0.025862237414255522,0.01620592984658854
2026-07-09,MSFT,384.3599853515625,0.0026607946559606965,0.012144511705981619,0.02571787043857243,0.025871038909418602,0.016324530882220082
2026-07-10,MSFT,385.1000061035156,0.0019253324491523838,0.008585653779331315,0.02170161807268688,0.025858670771718696,0.020366252662321258
2026-07-13,MSFT,390.989990234375,0.015294687191659273,0.01059874076674165,0.01410911015724971,0.02514220785560488,0.021343791601962616
2026-07-14,MSFT,384.9299926757813,-0.01549911176744212,0.012902949231634587,0.014632374271648537,0.022800737145893913,0.020347766420912097
2026-07-15,MSFT,395.6300048828125,0.027797294081065793,0.01620592984658854,0.016293359348089998,0.02302632763034674,0.018875634536226815
2026-07-16,MSFT,401.1000061035156,0.013826052506617614,0.016324530882220082,0.014296292449575441,0.022172514419875413,0.017957326584010076
2026-07-17,MSFT,393.8200073242187,-0.018150083940457806,0.020366252662321258,0.01524210384403092,0.02170153579152999,0.017707724492041627
2026-07-20,MSFT,402.2900085449219,0.021507290292974268,0.021343791601962616,0.016003846035084913,0.022130770814651656,0.016887467983306193
2023-09-12,NVDA,44.78644943237305,-0.006817476799303335,0.009402105246745214,0.019794024477567184,0.029462355781151733,0.019242717048897594
2023-09-13,NVDA,45.40030670166016,0.013706316912083683,0.012202007607339653,0.013646177945860323,0.02957249315433051,0.01785265308729634
2023-09-14,NVDA,45.49612808227539,0.002110588839077776,0.010988828312149876,0.012785436614094254,0.028161172451768794,0.01589191056531502
2023-09-15,NVDA,43.8182487487793,-0.0368796072154054,0.018753805449540667,0.01521986661666274,0.02899609317770942,0.019139621841086703
2023-09-18,NVDA,43.88412857055664,0.0015034791133494707,0.019118155799174256,0.01559358608187951,0.028989006371478835,0.021920530213985028
2023-09-19,NVDA,43.43896484375,-0.010144071246416808,0.019242717048897594,0.015154988884111788,0.02886975092090437,0.021883618534372217
2023-09-20,NVDA,42.16034698486328,-0.029434814192417114,0.01785265308729634,0.01499650567093762,0.02920208410774186,0.019271796463261916
2023-09-21,NVDA,40.94062423706055,-0.028930567109436978,0.01589191056531502,0.015983061310291494,0.02839215117478628,0.009692581718689159
2023-09-22,NVDA,41.53252410888672,0.014457519465234991,0.019139621841086703,0.017943721190651848,0.02852150326076877,0.00936344380030255
2023-09-25,NVDA,42.14337921142578,0.014707873302801655,0.021920530213985028,0.019438991023958536,0.027814854294904903,0.013188872954325599
2023-09-26,NVDA,41.83295822143555,-0.0073658305479706865,0.021883618534372217,0.019440533554434727,0.024554034480939516,0.021504291920447793
2023-09-27,NVDA,42.388912200927734,0.013289855729287536,0.019271796463261916,0.019392522039118336,0.024677505182360473,0.021430780981140835
2023-09-28,NVDA,43.008766174316406,0.014623021474353903,0.009692581718689159,0.02039943088591797,0.02476708201831794,0.02143646940942072
2023-09-29,NVDA,43.41800308227539,0.009515197583216617,0.00936344380030255,0.01752169211826802,0.024819057799226007,0.022722508503038634
2023-10-02,NVDA,44.698612213134766,0.0294948878333412,0.013188872954325599,0.01998879862337919,0.025377226037785167,0.02134563425556095
2023-10-03,NVDA,43.43596649169922,-0.028247984868409737,0.021504291920447793,0.021937859399895353,0.020507196950175756,0.012776808446199628
2023-10-04,NVDA,43.958988189697266,0.012041212392453593,0.021430780981140835,0.019494978277733253,0.020093403507670377,0.013842817036509174
2023-10-05,NVDA,44.604793548583984,0.014691087886278487,0.02143646940942072,0.015736728063049567,0.019364943837943776,0.014326798488587453
2023-10-06,NVDA,45.67678451538086,0.024033088856901808,0.022722508503038634,0.01640186574455775,0.01991933834463943,0.020824573988406543
2023-10-09,NVDA,45.18869400024414,-0.010685745949835068,0.02134563425556095,0.017467754326257724,0.01951769882162835,0.020916410495766383
2023-10-10,NVDA,45.71272277832031,0.011596457690796313,0.012776808446199628,0.01673196721028175,0.019352361113370624,0.02985388245894634
2023-10-11,NVDA,46.718841552734375,0.022009600681480723,0.013842817036509174,0.01719903010774577,0.01817420347317792,0.027011446781166515
2023-10-12,NVDA,46.85758972167969,0.0029698546525109837,0.014326798488587453,0.017238732702249748,0.01807311033880313,0.02597140496740472
2023-10-13,NVDA,45.376346588134766,-0.031611594671067555,0.020824573988406543,0.021430039500348847,0.018877451853161063,0.025331795909738615
2023-10-16,NVDA,46.0091667175293,0.013946035257937694,0.020916410495766383,0.01993751380885692,0.018902649091714657,0.03398942758881658
2023-10-17,NVDA,43.85618591308594,-0.046794605467677,0.02985388245894634,0.023685346938633233,0.020620152769032375,0.02995442508326688
2023-10-18,NVDA,42.1174201965332,-0.03964698891049523,0.027011446781166515,0.02653039854630182,0.021098932315896962,0.03110577858037287
2023-10-19,NVDA,42.02260971069336,-0.0022510990796071884,0.02597140496740472,0.025736863149577984,0.02093270058716226,0.03449385096021259
2023-10-20,NVDA,41.3099365234375,-0.016959279591683862,0.025331795909738615,0.023666161174412784,0.02098502397896627,0.034440122903966794
2023-10-23,NVDA,42.89497375488281,0.03836939402088002,0.03398942758881658,0.0281149067362331,0.022264677334443674,0.028599873503718096
2023-10-24,NVDA,43.58169937133789,0.01600946582644558,0.02995442508326688,0.028434335529304876,0.022463152168932892,0.0252799809789003
2023-10-25,NVDA,41.701202392578125,-0.04314877588267019,0.03110577858037287,0.029167283080513272,0.023579699852313417,0.027265360779058403
2023-10-26,NVDA,40.25090789794922,-0.03477824166736798,0.03449385096021259,0.029610417670127075,0.024279317621303968,0.018665635333974293
2023-10-27,NVDA,40.42457962036133,0.0043147280765052365,0.034440122903966794,0.029508029495920754,0.023495454380233635,0.019040150961326118
2023-10-30,NVDA,41.08435821533203,0.016321223403356733,0.028599873503718096,0.029740621114999085,0.023735180332852823,0.019023282337901334
2023-10-31,NVDA,40.704063415527344,-0.009256437640122739,0.0252799809789003,0.02693745040231639,0.02372512637372719,0.013729572560190717
2023-11-01,NVDA,42.24618911743164,0.03788628388673421,0.027265360779058403,0.027677423350322434,0.024208881460359544,0.011888276627341265
2023-11-02,NVDA,43.42498397827149,0.027902986883933112,0.018665635333974293,0.02893996872094585,0.024061557434482402,0.011636003372301132
2023-11-03,NVDA,44.92118835449219,0.03445492062747446,0.019040150961326118,0.029431456581618245,0.02468050355721161,0.00964946988441687
2023-11-06,NVDA,45.66580581665039,0.01657608557196011,0.019023282337901334,0.02775857951363632,0.02471362174593357,0.010217003110794619
2023-11-07,NVDA,45.86943054199219,0.004459019647202966,0.013729572560190717,0.027564480155218615,0.02463716008600925,0.009761214814905477
2023-11-08,NVDA,46.487274169921875,0.013469616270122886,0.011888276627341265,0.021647400004349546,0.02463967742631846,0.01715445611741057
2023-11-09,NVDA,46.86257553100586,0.008073206437361202,0.011636003372301132,0.014663681194121871,0.024565497169525396,0.01714419142043479
2023-11-10,NVDA,48.24500274658203,0.02949959962532378,0.00964946988441687,0.014707080588310089,0.025010743299262773,0.01420223249208821
2023-11-13,NVDA,48.52946090698242,0.005896116575939914,0.010217003110794619,0.015195840958574547,0.024542254369945886,0.016509922740067674
2023-11-14,NVDA,49.56352996826172,0.02130806817041142,0.009761214814905477,0.012112028668879045,0.024026185600876254,0.015688177598257597
2023-11-15,NVDA,48.79696273803711,-0.015466356627856892,0.01715445611741057,0.014789430026358253,0.024259713852000788,0.018412454279799272
2023-11-16,NVDA,49.38786315917969,0.012109368862049497,0.01714419142043479,0.014037182375757096,0.02422420106709432,0.018362777310282092
2023-11-17,NVDA,49.206207275390625,-0.0036781482771096607,0.01420223249208821,0.012687315296412637,0.02394838069071193,0.01986395853506252
2023-11-20,NVDA,50.31513595581055,0.022536357541511398,0.016509922740067674,0.013200661189171266,0.02407283436988334,0.013141281420845106
2023-11-21,NVDA,49.85099792480469,-0.00922462042860206,0.015688177598257597,0.014466701615029824,0.024142452985224504,0.01525436617982743
2023-11-22,NVDA,48.62528610229492,-0.024587508245243805,0.018412454279799272,0.01765468675126184,0.024386728727971138,0.016409642657418635
2023-11-24,NVDA,47.68703842163086,-0.019295468589947906,0.018362777310282092,0.019124645866786534,0.02468136248552073,0.015318386396015623
2023-11-27,NVDA,48.15217208862305,0.009753880349617328,0.01986395853506252,0.016842768281524305,0.023948099970591396,0.01573592055945273
2023-11-28,NVDA,47.73195266723633,-0.00872690479285776,0.013141281420845106,0.016902415802033326,0.023924338170583294,0.022292389007419172
2023-11-29,NVDA,48.05036163330078,0.0066707718471994415,0.01525436617982743,0.015259092446299442,0.022126189135183452,0.02230604300591844
2023-11-30,NVDA,46.68291091918945,-0.028458697658658827,0.016409642657418635,0.016903818415496468,0.021461900821617964,0.02428847579649408
2023-12-01,NVDA,46.677921295166016,-0.00010688330965635817,0.015318386396015623,0.016004460521326796,0.021445102651398696,0.025900275812152908
2023-12-04,NVDA,45.42524719238281,-0.026836544302432985,0.01573592055945273,0.017330255255387873,0.02184578503143112,0.023634208249904618
2023-12-05,NVDA,46.48337936401367,0.023293922147512136,0.022292389007419172,0.017478753768803135,0.021176835167982057,0.023407638520217065
2023-12-06,NVDA,45.4222526550293,-0.02282808873844211,0.02230604300591844,0.018123591754480403,0.0215318649364142,0.017601567736119025
2023-12-07,NVDA,46.51332092285156,0.02402056710195888,0.02428847579649408,0.01993934452447941,0.020166766365263596,0.016127130801468444
2023-12-08,NVDA,47.42171096801758,0.019529675093995058,0.025900275812152908,0.020457732015670145,0.018983085833408204,0.014962166565631756
2023-12-11,NVDA,46.54426574707031,-0.018503027474884637,0.023634208249904618,0.020851868420142174,0.01948896073579607,0.008306651065954913
2023-12-12,NVDA,47.57244110107422,0.02209026906968936,0.023407638520217065,0.022178436143594136,0.01963353864821383,0.012113526004052636
2023-12-13,NVDA,48.00267791748047,0.009043824669248135,0.017601567736119025,0.022271583976820847,0.01945606617438642,0.020848611261836323
2023-12-14,NVDA,48.26420593261719,0.0054481963607593276,0.016127130801468444,0.019890214711183688,0.018482378594327276,0.02237726695093993
2023-12-15,NVDA,48.80324935913086,0.011168596190440638,0.014962166565631756,0.019981456166568524,0.01800153928977775,0.0219605608367053
2023-12-18,NVDA,49.9881477355957,0.024279087807155486,0.008306651065954913,0.017405897615683546,0.01749782357314406,0.018554397575026804
2023-12-19,NVDA,49.5159797668457,-0.009445598409596134,0.012113526004052636,0.017653500446787374,0.017483366430598536,0.0183088523496615
2023-12-20,NVDA,48.025630950927734,-0.030098340433442394,0.020848611261836323,0.019086193559222517,0.018483500899289525,0.008242138929896956
2023-12-21,NVDA,48.903079986572266,0.01827043223109559,0.02237726695093993,0.018553898947877474,0.018609287891589676,0.00458281290734462
2023-12-22,NVDA,48.74336624145508,-0.0032659240514307797,0.0219605608367053,0.017986427101783026,0.018593843078527607,0.014225781845022023
2023-12-26,NVDA,49.19156265258789,0.009195023768211463,0.018554397575026804,0.016385944961718576,0.0178951693945682,0.012957806501132589
2023-12-27,NVDA,49.329322814941406,0.0028004835570367703,0.0183088523496615,0.015339985351522084,0.017873701194318668,0.014353261677048267
2023-12-28,NVDA,49.43412780761719,0.002124598244921394,0.008242138929896956,0.015229802344424562,0.01744911044674667,0.019335377535930887
2023-12-29,NVDA,49.43412780761719,0.0,0.00458281290734462,0.015231835223946237,0.017201264091277833,0.03536666396083201
2024-01-02,NVDA,48.08253479003906,-0.02734129391011242,0.014225781845022023,0.017497157727993262,0.017787149053372635,0.02806645726851029
2024-01-03,NVDA,47.48459243774414,-0.012435749381889738,0.012957806501132589,0.015226935722225369,0.0179084987632686,0.02149564456056978
2024-01-04,NVDA,47.912837982177734,0.009018621039973196,0.014353261677048267,0.01574140665691503,0.017459509821237795,0.021566653800369207
2024-01-05,NVDA,49.009883880615234,0.022896700438524764,0.019335377535930887,0.014544787597193267,0.01794642578431714,0.025341680984619638
2024-01-08,NVDA,52.16028594970703,0.0642809535473694,0.03536666396083201,0.02425519361465419,0.020908187005764495,0.012609671761063807
2024-01-09,NVDA,53.045711517333984,0.016975090368190893,0.02806645726851029,0.024173012722280066,0.020648385601034585,0.015651846873939168
2024-01-10,NVDA,54.253562927246094,0.02277001053171679,0.02149564456056978,0.02457846019077131,0.02091370920615203,0.014981390664295527
2024-01-11,NVDA,54.724727630615234,0.008684493293112716,0.021566653800369207,0.024454174119816256,0.02078395595649094,0.020512081257463465
2024-01-12,NVDA,54.61292266845703,-0.002043042825409236,0.025341680984619638,0.02465122993825417,0.0208174061282093,0.01950963381376998
2024-01-16,NVDA,56.28195571899414,0.03056113771221214,0.012609671761063807,0.025124933880866493,0.02038104512962713,0.018735515131921947
2024-01-17,NVDA,55.95355224609375,-0.005834969106973675,0.015651846873939168,0.021979694089481926,0.020471237253272455,0.01619592275540415
2024-01-18,NVDA,57.00567626953125,0.018803525088274542,0.014981390664295527,0.0196685662103463,0.01960431151496107,0.017378583279640054
2024-01-19,NVDA,59.38544845581055,0.04174623198972993,0.020512081257463465,0.02059603939517838,0.020381823054857102,0.012376904677666166
2024-01-22,NVDA,59.548152923583984,0.0027398036388410762,0.01950963381376998,0.02145438758660287,0.019548654794777832,0.014627919162533247
2024-01-23,NVDA,59.76676940917969,0.0036712555278792802,0.018735515131921947,0.015147887513023709,0.019370675342506062,0.0145151183569789
2024-01-24,NVDA,61.25312042236328,0.024869187809159143,0.01619592275540415,0.015532133025938663,0.01949894500244625,0.01640727819932194
2024-01-25,NVDA,61.50767135620117,0.004155721897638243,0.017378583279640054,0.015559165253925056,0.01883445916281148,0.019659662714930838
2024-01-26,NVDA,60.92271041870117,-0.009510373659122884,0.012376904677666166,0.01707547139208122,0.018989318047862302,0.025834790485905652
2024-01-29,NVDA,62.35416793823242,0.02349628750417243,0.014627919162533247,0.01683004715952914,0.0191871731653312,0.02953118867826214
2024-01-30,NVDA,62.66261291503906,0.004946661738990388,0.0145151183569789,0.01586111011974275,0.01919053208596209,0.03365008639113831
2024-01-31,NVDA,61.41783142089844,-0.019864819486993923,0.01640727819932194,0.017984988843365447,0.01988863408767671,0.026503050169063163
2024-02-01,NVDA,62.91516876220703,0.024379521495106138,0.019659662714930838,0.01838723644688818,0.019891497663960173,0.030487913034833603
2024-02-02,NVDA,66.04261779785156,0.049708982701214266,0.025834790485905652,0.020012360688974468,0.021014567748557766,0.027660340989661813
2024-02-05,NVDA,69.20897674560547,0.04794417685631047,0.02953118867826214,0.02287520862468673,0.020726447591242383,0.02224328099758303
2024-02-06,NVDA,68.1019515991211,-0.01599539826392049,0.03365008639113831,0.02476131919531373,0.021330456420622267,0.01898718649751776
2024-02-07,NVDA,69.97462463378906,0.027498081783197126,0.026503050169063163,0.024909972485436443,0.02134474732882839,0.018399703486033363
2024-02-08,NVDA,69.5174331665039,-0.006533675166931707,0.030487913034833603,0.02558412494501649,0.021616141915661073,0.021176290638821316
2024-02-09,NVDA,72.0050277709961,0.035783752235702515,0.027660340989661813,0.02524053157672404,0.021977503971186158,0.014846721748355517
2024-02-12,NVDA,72.11980438232422,0.0015940082919370102,0.02224328099758303,0.025575389251898895,0.021986699781249796,0.02497310235155606
2024-02-13,NVDA,72.00003051757812,-0.0016607624739405358,0.01898718649751776,0.02594510982570814,0.022022358567157035,0.026228885072171994
2024-02-14,NVDA,73.76889038085938,0.02456748768806971,0.018399703486033363,0.023094974278214383,0.02075918069348524,0.08482088643923359
2024-02-15,NVDA,72.5290756225586,-0.01680674267838078,0.021176290638821316,0.02552035963870534,0.02096955875531746,0.08339446426663953
2024-02-16,NVDA,72.4841537475586,-0.0006193636774549649,0.014846721748355517,0.022628150106363126,0.021128519767096277,0.08317301045861336
2024-02-20,NVDA,69.32877349853516,-0.04353200093930487,0.02497310235155606,0.023851540435204228,0.023521004814954644,0.07741826993169235
2024-02-21,NVDA,67.35227966308594,-0.02850899757358294,0.026228885072171994,0.02510437133317835,0.022471917734405936,0.07490896598876348
2024-02-22,NVDA,78.39866638183594,0.16400909923178508,0.08482088643923359,0.057903900071274036,0.03617351333096029,0.011830542420911668
2024-02-23,NVDA,78.67715454101562,0.0035522053120562447,0.08339446426663953,0.05761628084402845,0.03617752945281038,0.02105471906657394
2024-02-26,NVDA,78.95167541503906,0.003489206944823131,0.08317301045861336,0.05715272092760902,0.03621161526071504,0.023826607567214754
2024-02-27,NVDA,78.56135559082031,-0.004943781397505287,0.07741826993169235,0.057304487498350494,0.036256700064468704,0.021619578984916153
2024-02-28,NVDA,77.52519989013672,-0.013189127057332328,0.07490896598876348,0.05767886627481901,0.03639686204633969,0.013060084021248064
2024-02-29,NVDA,78.97164154052734,0.018657696496628517,0.011830542420911668,0.05752946466357428,0.036273001236844606,0.014062580266011631
2024-03-01,NVDA,82.13300323486328,0.040031606696608435,0.02105471906657394,0.057590873147128345,0.03661277113297995,0.0406129585540036
2024-03-04,NVDA,85.08576202392578,0.035950941433603,0.023826607567214754,0.057727773388680355,0.03647009404138663,0.04046446617686427
2024-03-05,NVDA,85.81549835205078,0.008576479904120804,0.021619578984916153,0.05382096930628801,0.03643088066935796,0.05138585687998263
2024-03-06,NVDA,88.54676055908203,0.03182714380829532,0.013060084021248064,0.05072762008980942,0.03654855650965911,0.05136290214867785
2024-03-07,NVDA,92.50891876220705,0.04474650657017887,0.014062580266011631,0.02030089738268836,0.03693436378369394,0.048281352984596744
2024-03-08,NVDA,87.37679290771484,-0.05547709262156941,0.0406129585540036,0.030582160789688364,0.03905193533811317,0.04089613231977185
2024-03-11,NVDA,85.62582397460938,-0.02003929046646058,0.04046446617686427,0.032089334840990594,0.03930279899616052,0.03910864730491005
2024-03-12,NVDA,91.75421905517578,0.07157180855139744,0.05138585687998263,0.0372109911877862,0.04073661486833603,0.017260662274823865
2024-03-13,NVDA,90.73099517822266,-0.01115179102922581,0.05136290214867785,0.03703697525335989,0.0409616081037241,0.01821751519902964
2024-03-14,NVDA,87.79208374023438,-0.032391482450020326,0.048281352984596744,0.04009382502162641,0.0413719272931668,0.005369938306344193
2024-03-15,NVDA,87.68526458740234,-0.0012167287559559092,0.04089613231977185,0.03892153593735952,0.04138813738863461,0.00961917921337759
2024-03-18,NVDA,88.30220031738281,0.007035797096392571,0.03910864730491005,0.03760329233707613,0.04077315757857276,0.009522062243356043
2024-03-19,NVDA,89.24357604980469,0.010660841168603996,0.017260662274823865,0.0376350977640556,0.04015577998108296,0.02057468209341244
2024-03-20,NVDA,90.21588134765624,0.010894961193721464,0.01821751519902964,0.036515264210525006,0.03987195469123434,0.024765767687065433
2024-03-21,NVDA,91.27703094482422,0.011762336977884535,0.005369938306344193,0.033648660467297614,0.03973909349436793,0.023945020947590684
2024-03-22,NVDA,94.12611389160156,0.0312135804296656,0.00961917921337759,0.028828859393736972,0.03980747375399538,0.015747038529073037
2024-03-25,NVDA,94.83788299560548,0.007561866463791533,0.009522062243356043,0.027135256634823936,0.03953115575828376,0.013026324294480314
2024-03-26,NVDA,92.40109252929688,-0.025694273104151066,0.02057468209341244,0.019088679254917203,0.04004046188695014,0.010582974552194004
2024-03-27,NVDA,90.09410095214844,-0.024967146101838367,0.024765767687065433,0.02050278723177715,0.04047872679598303,0.014503093287372601
2024-03-28,NVDA,90.19992065429688,0.0011745464023735774,0.023945020947590684,0.01718296860093038,0.04037879475498135,0.021120944555401536
2024-04-01,NVDA,90.20690155029295,7.739359353586828e-05,0.015747038529073037,0.01715384792337356,0.0401457105237391,0.02098503878502859
2024-04-02,NVDA,89.29747009277344,-0.010081617280829458,0.013026324294480314,0.017552689090399313,0.04025307939867718,0.021846397691919987
2024-04-03,NVDA,88.8103256225586,-0.005455299794145718,0.010582974552194004,0.017332136210076704,0.03916696926745569,0.025509021804897992
2024-04-04,NVDA,85.75658416748047,-0.03438498208030949,0.014503093287372601,0.01980574106391387,0.039375096039073125,0.02544386538804943
2024-04-05,NVDA,87.85597229003906,0.024480780606402686,0.021120944555401536,0.021341931327533935,0.0265659778292982,0.028769766181489097
2024-04-08,NVDA,86.98247528076172,-0.009942374849528313,0.02098503878502859,0.017504103597840583,0.026690271746275227,0.03083655598390857
2024-04-09,NVDA,85.20654296875,-0.020417127775214206,0.021846397691919987,0.01701883897465487,0.027050996256795388,0.02979116337632907
2024-04-10,NVDA,86.8886489868164,0.019741512323570465,0.025509021804897992,0.018517016823293708,0.027179445470445002,0.03381272340165305
2024-04-11,NVDA,90.45946502685548,0.041096461755100844,0.02544386538804943,0.02237265529602179,0.02781462641424716,0.023863626533191403
2024-04-12,NVDA,88.03366088867188,-0.026816476722070326,0.028769766181489097,0.023989405579536834,0.028309134218862997,0.04624628414806017
2024-04-15,NVDA,85.85243225097656,-0.024777211531095023,0.03083655598390857,0.024997056972079688,0.02793603792799307,0.05638078798895688
2024-04-16,NVDA,87.26398468017578,0.016441612569260133,0.02979116337632907,0.025753058150191376,0.027335511940727954,0.05972982003672449
2024-04-17,NVDA,83.88983154296875,-0.03866604475573021,0.03381272340165305,0.02826643971686667,0.028241770136251353,0.05913767320786488
2024-04-18,NVDA,84.52472686767578,0.007568203595471834,0.023863626533191403,0.026534292468960715,0.027628648207709345,0.0625955057954356
2024-04-19,NVDA,76.06836700439453,-0.10004598863146585,0.04624628414806017,0.039320082070539795,0.03167880014316211,0.036365510219353296
2024-04-22,NVDA,79.3806381225586,0.04354334460699949,0.05638078798895688,0.04330586070719789,0.03150488522358857,0.03721695619863698
2024-04-23,NVDA,82.2806167602539,0.03653256897756263,0.05972982003672449,0.04522754086386501,0.03211878842653406,0.03882942357652764
2024-04-24,NVDA,79.53936004638672,-0.03331594756824141,0.05913767320786488,0.0454351169171225,0.029574699322885166,0.04043614634648171
2024-04-25,NVDA,82.4892578125,0.03708727055878902,0.0625955057954356,0.04497059777487931,0.03048761589124526,0.039828347201792194
2024-04-26,NVDA,87.58345031738281,0.061755829061549194,0.036365510219353296,0.04940971495211455,0.03212837402157715,0.03173917277412622
2024-04-29,NVDA,87.60540771484375,0.0002507025857210188,0.03721695619863698,0.04860811546927614,0.032126900250730756,0.03522502701676611
2024-04-30,NVDA,86.25274658203125,-0.015440383968252536,0.03882942357652764,0.04868242598307873,0.032230584931596244,0.03555612966011225
2024-05-01,NVDA,82.89753723144531,-0.038899739237810205,0.04043614634648171,0.04870306229314486,0.032913787187832534,0.025127145762327583
2024-05-02,NVDA,85.66874694824219,0.03342933709912055,0.039828347201792194,0.049828867460915464,0.033468880432813444,0.027450752837466518
2024-05-03,NVDA,88.63561248779297,0.03463183068783815,0.03173917277412622,0.03504280253857029,0.03402941818745662,0.02339540026005682
2024-05-06,NVDA,91.9808349609375,0.03774129133033566,0.03522502701676611,0.03458029340921975,0.03425869903179868,0.013822861497446675
2024-05-07,NVDA,90.39756774902344,-0.01721301195609326,0.03555612966011225,0.035099686491835085,0.034363763117977675,0.012579324226353893
2024-05-08,NVDA,90.2558135986328,-0.0015681190757720342,0.025127145762327583,0.032049401030947174,0.03404722894496076,0.019353303168737193
2024-05-09,NVDA,88.59369659423828,-0.018415622641062668,0.027450752837466518,0.03225397166124318,0.03390369649625872,0.014398986363494513
2024-05-10,NVDA,89.72273254394531,0.012743976074031993,0.02339540026005682,0.02628672256239112,0.033983179985810984,0.02038339523863415
2024-05-13,NVDA,90.24284362792967,0.005796870751006322,0.013822861497446675,0.026287202019235074,0.03399740966327479,0.022078723985480383
2024-05-14,NVDA,91.19818878173828,0.010586381317365001,0.012579324226353893,0.0255044889847712,0.0339833166452808,0.022116403203838505
2024-05-15,NVDA,94.46653747558594,0.03583786846545478,0.019353303168737193,0.02157027864753113,0.03453337336974582,0.016454154143842003
2024-05-16,NVDA,94.19600677490234,-0.0028637728015966646,0.014398986363494513,0.02085930083311326,0.03384041806038512,0.044057857960445854
2024-05-17,NVDA,92.31924438476562,-0.019924012220831955,0.02038339523863415,0.02075619250612324,0.033871067161178464,0.038035846530046734
2024-05-20,NVDA,94.61627960205078,0.024881434337911568,0.022078723985480383,0.01875395730609099,0.03403634006177215,0.041893075171018666
2024-05-21,NVDA,95.2212142944336,0.006393558221979623,0.022116403203838505,0.017363029622943334,0.033740741780895915,0.04157363636107067
2024-05-22,NVDA,94.78596496582033,-0.004570928147034858,0.016454154143842003,0.017521152475096134,0.03364818252150215,0.05156895465401522
2024-05-23,NVDA,103.61970520019533,0.09319671153382703,0.044057857960445854,0.031157587840499424,0.03684987901078334,0.04001445735738771
2024-05-24,NVDA,106.28507232666016,0.025722589359960857,0.038035846530046734,0.03126738803934824,0.03652299649346808,0.0432764216034333
2024-05-28,NVDA,113.70423126220705,0.06980433632998428,0.041893075171018666,0.03493995633434566,0.0377515407931766,0.03155574327827653
2024-05-29,NVDA,114.62661743164062,0.008112153428191382,0.04157363636107067,0.03505333740150739,0.03773392384542829,0.03801263314003423
2024-05-30,NVDA,110.30911254882812,-0.03766581427204119,0.05156895465401522,0.03962428566994313,0.0376900186851627,0.030277278006576154
2024-05-31,NVDA,109.44361114501952,-0.007846146014686695,0.04001445735738771,0.03992234943606175,0.037827108009021,0.028885022388688463
2024-06-03,NVDA,114.80133819580078,0.04895422395814353,0.0432764216034333,0.03900326366143726,0.032355242207120306,0.024068734567689154
2024-06-04,NVDA,116.2358627319336,0.012495712669186254,0.03155574327827653,0.03912270597570729,0.031880983783461915,0.025480862481423804
2024-06-05,NVDA,122.22847747802734,0.05155564388861711,0.03801263314003423,0.03979125582892672,0.0323730974157054,0.01869689203607879
2024-06-06,NVDA,120.78897857666016,-0.011777115538610605,0.030277278006576154,0.04046546425619802,0.03152032120116584,0.020149237390774996
2024-06-07,NVDA,120.67916107177734,-0.000909168255058268,0.028885022388688463,0.033199771169764296,0.031344029824481305,0.0183392890075093
2024-06-10,NVDA,121.57959747314452,0.007461407531923481,0.024068734567689154,0.03309813847603374,0.029983260572021855,0.02122102723399129
2024-06-11,NVDA,120.71104431152344,-0.007143905553832153,0.025480862481423804,0.0270864238504416,0.030108353759229257,0.01851493863590419
2024-06-12,NVDA,124.99398040771484,0.03548089672009036,0.01869689203607879,0.028626149664791056,0.029991564827421477,0.03026714571955326
2024-06-13,NVDA,129.39671325683594,0.035223559044682995,0.020149237390774996,0.024369763651494403,0.028600765576526778,0.030746887576456997
2024-06-14,NVDA,131.66299438476562,0.01751420937123349,0.0183392890075093,0.022843867091191645,0.02840053376746618,0.038026914828077414
2024-06-17,NVDA,130.76446533203125,-0.006824461625933864,0.02122102723399129,0.021453653761187307,0.028411267013310617,0.05557436475486829
2024-06-18,NVDA,135.3568878173828,0.035119804709105695,0.01851493863590419,0.022524697494737123,0.02833783965518761,0.051231137531390566
2024-06-20,NVDA,130.56480407714844,-0.03540332389068834,0.03026714571955326,0.02383601403495179,0.02919571746508127,0.04994044907744646
2024-06-21,NVDA,126.36174011230467,-0.032191401002373055,0.030746887576456997,0.026352261115088222,0.030229971960194925,0.048319711864599824
2024-06-24,NVDA,117.91564178466795,-0.0668406300841552,0.038026914828077414,0.03483195301554191,0.03305497753911843,0.03321713150056439
2024-06-25,NVDA,125.88251495361328,0.0675641759512624,0.05557436475486829,0.04120275545203383,0.03468159125937955,0.010542770140260867
2024-06-26,NVDA,126.19200897216795,0.002458594179411744,0.051231137531390566,0.04101919988065632,0.03470727627331557,0.02562365542676267
2024-06-27,NVDA,123.78597259521484,-0.019066471772263838,0.04994044907744646,0.04016447671819317,0.03516268010627476,0.025630683923468865
2024-06-28,NVDA,123.33672332763672,-0.003629242135917865,0.048319711864599824,0.038182571092753304,0.0349321347696308,0.026097056365782086
2024-07-01,NVDA,124.09546661376952,0.006151803499086395,0.03321713150056439,0.037632011673655145,0.03486072558999591,0.02713289200739666
2024-07-02,NVDA,122.4681396484375,-0.013113508573176613,0.010542770140260867,0.03771341148312247,0.034682135894008904,0.023774273066696373
2024-07-03,NVDA,128.06890869140625,0.04573245791963987,0.02562365542676267,0.03911895027987914,0.03519501535898788,0.03588825431142674
2024-07-05,NVDA,125.6229476928711,-0.019098788484478435,0.025630683923468865,0.03802782501205403,0.035608685242973434,0.03474119657543691
2024-07-08,NVDA,127.98902893066406,0.01883478521438353,0.026097056365782086,0.03711848807942508,0.03553743450610304,0.034202561197410455
2024-07-09,NVDA,131.163818359375,0.024805168499487884,0.02713289200739666,0.028596118188339945,0.03208639475884128,0.03185860453305983
2024-07-10,NVDA,134.68798828125,0.026868460875537625,0.023774273066696373,0.02173458689923614,0.03210842241697194,0.03399816862784073
2024-07-11,NVDA,127.19036865234376,-0.05566657966002142,0.03588825431142674,0.029475965824673264,0.03200866809642905,0.03580530951543635
2024-07-12,NVDA,129.02734375,0.014442721702280226,0.03474119657543691,0.028815631192802695,0.03205591806808723,0.03352227979366232
2024-07-15,NVDA,128.2286376953125,-0.006190207683691051,0.034202561197410455,0.02890746375648868,0.03113172800064428,0.04484297976206591
2024-07-16,NVDA,126.1520767211914,-0.01619420600143362,0.03185860453305983,0.029601759789770307,0.03129202021527694,0.04456450371594419
2024-07-17,NVDA,117.79584503173828,-0.06623935100110345,0.03399816862784073,0.03657078192117419,0.03277303108540803,0.045180833935901006
2024-07-18,NVDA,120.8907470703125,0.026273439761312023,0.03580530951543635,0.03410846403543851,0.0330296903285221,0.04155295974748642
2024-07-19,NVDA,117.7359390258789,-0.026096356593765524,0.03352227979366232,0.03449450901854179,0.03202673818592301,0.04183408934515645
2024-07-22,NVDA,123.33672332763672,0.04757072774972082,0.04484297976206591,0.03782195984889579,0.033135745712577575,0.028465322556637227
2024-07-23,NVDA,122.3882827758789,-0.0076898471612411035,0.04456450371594419,0.0365376681243659,0.03317394297526971,0.03489471175221206
2024-07-24,NVDA,114.06199645996094,-0.06803172760553655,0.045180833935901006,0.03919546630717153,0.035452266856911455,0.07357718983010322
2024-07-25,NVDA,112.09524536132812,-0.017242825478012702,0.04155295974748642,0.03665194809747979,0.03555537764670012,0.0806260546139818
2024-07-26,NVDA,112.87394714355467,0.006946786901768087,0.04183408934515645,0.0361252990066371,0.03489790572009242,0.08061956370182718
2024-07-29,NVDA,111.40636444091795,-0.013001961389462413,0.028465322556637227,0.0360532843928704,0.03418952106458403,0.08448957786329883
2024-07-30,NVDA,103.55931091308594,-0.07043631274758577,0.03489471175221206,0.040349670814830214,0.03596938449823095,0.08153876957347053
2024-07-31,NVDA,116.8274383544922,0.1281210479716477,0.07357718983010322,0.0579353333550551,0.04365318513189145,0.04373800770867388
2024-08-01,NVDA,109.03028869628906,-0.06674073974423766,0.0806260546139818,0.06076063606866355,0.04455087428800139,0.05464051046774743
2024-08-02,NVDA,107.09347534179688,-0.017763993635633746,0.08061956370182718,0.060551731247920335,0.04426816764366393,0.05429508312836457
2024-08-05,NVDA,100.28469848632812,-0.06357788682959464,0.08448957786329883,0.05944417248000834,0.045276499862141315,0.0446564465127608
2024-08-06,NVDA,104.07846069335938,0.03782992085824999,0.08153876957347053,0.0620856923724157,0.044508294187210445,0.04926635675199225
2024-08-07,NVDA,98.74724578857422,-0.05122303759364988,0.04373800770867388,0.06068376638885302,0.04326164635716059,0.028909503037371
2024-08-08,NVDA,104.79727172851562,0.06126779427240936,0.05464051046774743,0.0649600549300086,0.0450098641205133,0.025760630009210975
2024-08-09,NVDA,104.57763671875,-0.0020958084704209012,0.05429508312836457,0.0648403007481805,0.04493623210011858,0.020956106175484022
2024-08-12,NVDA,108.84060668945312,0.04076368623788951,0.0446564465127608,0.06638401738007237,0.04569517745635405,0.02116478370212635
2024-08-13,NVDA,115.94888305664062,0.06530904763760659,0.04926635675199225,0.06431478640966963,0.047357064016651275,0.026000938097721832
2024-08-14,NVDA,117.88570404052734,0.016704093500759187,0.028909503037371,0.050320233283654994,0.047411013204589,0.026313700828415176
2024-08-15,NVDA,122.65782928466795,0.04048094960267634,0.025760630009210975,0.045196894200086976,0.04724500116153282,0.03157640368145805
2024-08-16,NVDA,124.375,0.013999682901177035,0.020956106175484022,0.043910465341888354,0.04717895250486155,0.03724546909657231
2024-08-19,NVDA,129.78611755371094,0.043506472793655826,0.02116478370212635,0.03438672085490851,0.04771730590382463,0.03302844217733139
2024-08-20,NVDA,127.04061126708984,-0.02115408287396292,0.026000938097721832,0.03720043683043842,0.04768292237671425,0.032538724260728014
2024-08-21,NVDA,128.28854370117188,0.00982309846934215,0.026313700828415176,0.027929973125100527,0.04745302816053578,0.033600086200379006
2024-08-22,NVDA,123.53638458251952,-0.03704273960519633,0.03157640368145805,0.03154188629316769,0.04682468628695829,0.041404420313373665
2024-08-23,NVDA,129.1571044921875,0.04549849769897918,0.03724546909657231,0.03192387757667663,0.04749176282622078,0.03262677979918146
2024-08-26,NVDA,126.25189971923828,-0.022493573112928877,0.03302844217733139,0.03394922474488176,0.047671148941446626,0.04875183027855069
2024-08-27,NVDA,128.08888244628906,0.014550139294029707,0.032538724260728014,0.029119526874804624,0.047628799310692624,0.04331300060416986
2024-08-28,NVDA,125.40331268310548,-0.020966454792122224,0.033600086200379006,0.03061003316190263,0.046098050409025176,0.04789113543399455
2024-08-29,NVDA,117.39649963378906,-0.06384849712502938,0.041404420313373665,0.03521929795522058,0.047452614141735204,0.044863391854309105
2024-08-30,NVDA,119.17357635498048,0.015137391035805248,0.03262677979918146,0.035285008096977225,0.04726450159817657,0.05007759907288418
2024-09-03,NVDA,107.8222885131836,-0.09525003938780008,0.04875183027855069,0.04141013340686034,0.04959650089487321,0.029657999498151174
2024-09-04,NVDA,106.03524017333984,-0.01657401604516351,0.04331300060416986,0.04139146899071602,0.04965018888960383,0.04431811791614625
2024-09-05,NVDA,107.0335922241211,0.009415285419726471,0.04789113543399455,0.04136216775193734,0.04817516766857791,0.04394047005728268
2024-09-06,NVDA,102.66079711914062,-0.040854417889891304,0.044863391854309105,0.041582754600827075,0.04864027948792956,0.03136317853529571
2024-09-09,NVDA,106.29480743408205,0.035398228115490316,0.05007759907288418,0.03997299157388921,0.04909175764239764,0.03799345808459882
2024-09-10,NVDA,107.92211151123048,0.01530934686680352,0.029657999498151174,0.0413231867001135,0.049122024068890144,0.040293247405485864
2024-09-11,NVDA,116.7176284790039,0.08149874798231838,0.04431811791614625,0.050911703868985005,0.04942991928957852,0.0161154895337128
2024-09-12,NVDA,118.95413208007812,0.01916166075526915,0.04394047005728268,0.051362014543597824,0.0437621852392699,0.024544276698675052
2024-09-13,NVDA,118.9141845703125,-0.0003358228004953778,0.03136317853529571,0.04687857616059825,0.04182623745799656,0.025268149208653834
2024-09-16,NVDA,116.59780883789062,-0.01947938961858864,0.03799345808459882,0.04710210057105916,0.04185782239749945,0.023993506474755816
2024-09-17,NVDA,115.40966796875,-0.010190078878690834,0.040293247405485864,0.03411489807270392,0.039992548249878294,0.02889940360985436
2024-09-18,NVDA,113.19313049316406,-0.019205821441112936,0.0161154895337128,0.03432931644638769,0.03975623334614588,0.02422894922484506
2024-09-19,NVDA,117.68611907958984,0.039693120658917724,0.024544276698675052,0.03586007250332499,0.0388911832338762,0.021097092680722837
2024-09-20,NVDA,115.81903076171876,-0.01586498333425701,0.025268149208653834,0.032640986154934964,0.03768340363387355,0.022851799135585712
2024-09-23,NVDA,116.07862091064452,0.0022413427846743605,0.023993506474755816,0.031739234480260184,0.037667408817722396,0.02301585827667365
2024-09-24,NVDA,120.68143463134766,0.03965255345552654,0.02889940360985436,0.033154778333221724,0.037630718922546116,0.022849086076365672
2024-09-25,NVDA,123.31731414794922,0.02184163226641722,0.02422894922484506,0.02302242501470493,0.03599546976983331,0.021085118333044682
2024-09-26,NVDA,123.8464813232422,0.004291102015554049,0.021097092680722837,0.0225350915068087,0.035900021446438134,0.02810519819126377
2024-09-27,NVDA,121.21060180664062,-0.0212834429241624,0.022851799135585712,0.023940021459722016,0.035400971665345955,0.02656341623234137
2024-09-30,NVDA,121.25054168701172,0.00032950814347754154,0.02301585827667365,0.02273907418301868,0.0353052815668345,0.027209509679518445
2024-10-01,NVDA,116.81745910644533,-0.03656134248051168,0.022849086076365672,0.02589690384492803,0.034908372974953805,0.010822493064988017
2024-10-02,NVDA,118.66458892822266,0.015812104080214606,0.021085118333044682,0.025140472607644408,0.03489455554695495,0.016357227269650762
2024-10-03,NVDA,122.65834045410156,0.03365579876819558,0.02810519819126377,0.024272688282210606,0.03543253447069071,0.01514735243129672
2024-10-04,NVDA,124.72511291503906,0.016849832251814023,0.02656341623234137,0.023426067491703995,0.03489812294174784,0.017424191231272628
2024-10-07,NVDA,127.52074432373048,0.022414342575867385,0.027209509679518445,0.02377144704147677,0.034127159875890344,0.017626515130967482
2024-10-08,NVDA,132.6826629638672,0.04047905042831612,0.010822493064988017,0.023888307418482503,0.034619805918789194,0.027564961291894813
2024-10-09,NVDA,132.4430694580078,-0.0018057634698258607,0.016357227269650762,0.02373188966669727,0.034548035937296356,0.031246904624562845
2024-10-10,NVDA,134.5996856689453,0.016283345136615557,0.01514735243129672,0.023858974308681894,0.034374302715544834,0.03075053324589381
2024-10-11,NVDA,134.58970642089844,-7.414020320539727e-05,0.017424191231272628,0.02175560544399255,0.03199081307417127,0.03072307439028506
2024-10-14,NVDA,137.85459899902344,0.02425811501449293,0.017626515130967482,0.02179944751761156,0.03213284914576222,0.034155658156112156
2024-10-15,NVDA,131.3946990966797,-0.04686024223529539,0.027564961291894813,0.024485731634770844,0.027834866745729214,0.01777765513546563
2024-10-16,NVDA,135.50827026367188,0.03130697962149487,0.031246904624562845,0.02522573676351667,0.027810255900872858,0.024851499620355898
2024-10-17,NVDA,136.71636962890625,0.0089153183262074,0.03075053324589381,0.02423966550906916,0.02780988740758455,0.024796187056113167
2024-10-18,NVDA,137.7847137451172,0.007814310159864446,0.03072307439028506,0.024173009126608535,0.026200732422795876,0.02480238247185484
2024-10-21,NVDA,143.4857940673828,0.041376725815984505,0.034155658156112156,0.025912409523755668,0.026420929730395285,0.014540170150484633
2024-10-22,NVDA,143.36598205566406,-0.0008350095735782936,0.01777765513546563,0.02412943665844587,0.02648149883807858,0.015146539130348824
2024-10-23,NVDA,139.34226989746094,-0.028066017478545646,0.024851499620355898,0.026620179955434302,0.02366422968127975,0.009529389919975385
2024-10-24,NVDA,140.19094848632812,0.006090604017658929,0.024796187056113167,0.026351448904638145,0.02353722514997205,0.022124158034899647
2024-10-25,NVDA,141.31918334960938,0.00804784385484969,0.02480238247185484,0.026323629153318016,0.02351213320383111,0.025097842843067337
2024-10-28,NVDA,140.30079650878906,-0.007206288747798162,0.014540170150484633,0.02566539056480005,0.023156927303432166,0.025825296175682085
2024-10-29,NVDA,141.02963256835938,0.005194810562067387,0.015146539130348824,0.019073654858388817,0.022945175050227983,0.030101800992655383
2024-10-30,NVDA,139.12261962890625,-0.013522072664613694,0.009529389919975385,0.01803473147852456,0.022744263753371245,0.03420295986288991
2024-10-31,NVDA,132.55287170410156,-0.04722271577640458,0.022124158034899647,0.023746017716172227,0.023959082271013926,0.01308135261795039
2024-11-01,NVDA,135.1887664794922,0.01988561048511084,0.025097842843067337,0.0246374902859934,0.023812645367237324,0.019459934604006066
2024-11-04,NVDA,135.83773803710938,0.004800484348791212,0.025825296175682085,0.019780355045856516,0.023805361495702462,0.024475948247949606
2024-11-05,NVDA,139.69174194335938,0.028372114862492248,0.030101800992655383,0.022481979467643444,0.023332163675293914,0.02354162347080911
2024-11-06,NVDA,145.3828582763672,0.04074053522301546,0.03420295986288991,0.02420452183239291,0.0240426144060919,0.0190242264308899
2024-11-07,NVDA,148.6477508544922,0.022457204493246063,0.01308135261795039,0.024866939846398022,0.024231772605207133,0.015179317239046563
2024-11-08,NVDA,147.39964294433594,-0.008396413016554805,0.019459934604006066,0.025268323485526073,0.023835291883413937,0.02037800847463661
2024-11-11,NVDA,145.0333709716797,-0.016053444400471517,0.024475948247949606,0.025871812071634206,0.024174340137512882,0.02009732569836077
2024-11-12,NVDA,148.05862426757812,0.020859015243389623,0.02354162347080911,0.026445220172301182,0.022905937565561356,0.030864225432961828
2024-11-13,NVDA,146.0418243408203,-0.013621630869087076,0.0190242264308899,0.026453065849620816,0.023196535721733802,0.030380818438049663
2024-11-14,NVDA,146.53103637695312,0.0033498077577498453,0.015179317239046563,0.019146276753568444,0.022658543209406346,0.03045146539791499
2024-11-15,NVDA,141.7584686279297,-0.03257035415177123,0.02037800847463661,0.023006459389042527,0.02363270305610345,0.03034693556108833
2024-11-18,NVDA,139.93133544921875,-0.012889058384981333,0.02009732569836077,0.02369280110043027,0.023591253364902753,0.03575772091673564
2024-11-19,NVDA,146.78065490722656,0.048947717364517196,0.030864225432961828,0.026807964239982645,0.02409587243571258,0.022034329957795435
2024-11-20,NVDA,145.6623992919922,-0.007618549024332788,0.030380818438049663,0.023905581742084858,0.024164550506931247,0.021822643387418964
2024-11-21,NVDA,146.44119262695312,0.005346563963976703,0.03045146539791499,0.022738980837899186,0.02404661246862631,0.026275548896472288
2024-11-22,NVDA,141.72854614257812,-0.032181153402513485,0.03034693556108833,0.024725040685670652,0.02489211316647647,0.02393326759764107
2024-11-25,NVDA,135.80780029296875,-0.04177525283899508,0.03575772091673564,0.027357370689363444,0.025762561070155482,0.012163569197403657
2024-11-26,NVDA,136.70639038085938,0.00661663090008191,0.022034329957795435,0.026134666704566944,0.024225299256462142,0.017673676322836743
2024-11-27,NVDA,135.12884521484375,-0.011539659277233771,0.021822643387418964,0.026089970916797763,0.023670518171383836,0.014404383001901777
2024-11-29,NVDA,138.03433227539062,0.021501605049072836,0.026275548896472288,0.027515878834709847,0.023940733668111714,0.01932354637330499
2024-12-02,NVDA,138.41372680664062,0.002748551936289756,0.02393326759764107,0.0258903863881734,0.023905911332926005,0.024100875364239986
2024-12-03,NVDA,140.0411834716797,0.011757913774784523,0.012163569197403657,0.025920656214420086,0.022739611568145177,0.02574193152897955
2024-12-04,NVDA,144.91357421875,0.034792556205836656,0.017673676322836743,0.02321948446734443,0.023637330825299587,0.024361491573680474
2024-12-05,NVDA,144.8436737060547,-0.00048236000714330096,0.014404383001901777,0.023104042540911557,0.02301085978297227,0.024083742591058353
2024-12-06,NVDA,142.2275848388672,-0.018061464475808475,0.01932354637330499,0.02364543343718117,0.023267505111129703,0.02450333520082186
2024-12-09,NVDA,138.6029815673828,-0.025484530835496955,0.024100875364239986,0.022796113820680627,0.02370577071341399,0.02355389609397677
2024-12-10,NVDA,134.86856079101562,-0.02694329324042477,0.02574193152897955,0.020261743371381508,0.024171200500961575,0.02172109066255249
2024-12-11,NVDA,139.10223388671875,0.031391104575241746,0.024361491573680474,0.022608574746969534,0.024867112056152517,0.004485699282473795
2024-12-12,NVDA,137.1351776123047,-0.014141083284226585,0.024083742591058353,0.022795462642262346,0.02487883587149031,0.013888053430571997
2024-12-13,NVDA,134.04978942871094,-0.02249888203241668,0.02450333520082186,0.022796859680108195,0.023645732918942706,0.02055374840271137
2024-12-16,NVDA,131.8031463623047,-0.01675976572571225,0.02355389609397677,0.023112071111442454,0.023563827366426805,0.022938405234122574
2024-12-17,NVDA,130.19554138183594,-0.01219701520667582,0.02172109066255249,0.02245538966339046,0.023634292246607312,0.01965989108139743
2024-12-18,NVDA,128.7177734375,-0.01135037289796248,0.004485699282473795,0.01697724350395448,0.0230285827913842,0.016804704365085972
2024-12-19,NVDA,130.48507690429688,0.013730065550388026,0.013888053430571997,0.018539303730420724,0.021774872381767535,0.02392364344833193
2024-12-20,NVDA,134.49911499023438,0.030762430318997724,0.02055374840271137,0.02229641494386452,0.02216386228891375,0.020840369362833094
2024-12-23,NVDA,139.4617156982422,0.036896902320644465,0.022938405234122574,0.024640346695848345,0.02330344108111456,0.013309757972157624
2024-12-24,NVDA,140.01089477539062,0.003937848278998013,0.01965989108139743,0.022616645905378034,0.02316075325762352,0.02154750016832629
2024-12-26,NVDA,139.72132873535156,-0.002068167912958385,0.016804704365085972,0.020484902097914325,0.022792811291331642,0.03016702550846972
2024-12-27,NVDA,136.80567932128906,-0.020867604398359774,0.02392364344833193,0.021124326418038825,0.02296148591592151,0.027508992969929594
2024-12-30,NVDA,137.28494262695312,0.0035032412984734584,0.020840369362833094,0.01959805081457098,0.02296271762127014,0.04570563494039214
2024-12-31,NVDA,134.08973693847656,-0.023274261745943603,0.013309757972157624,0.020403289555168715,0.02259456794700497,0.04327970540439244
2025-01-02,NVDA,138.1037139892578,0.029935005783648938,0.02154750016832629,0.02148838790810257,0.02320179345604715,0.04441174969098859
2025-01-03,NVDA,144.2545623779297,0.044537892653272904,0.03016702550846972,0.02360336887887221,0.02289171641088884,0.03578516614967022
2025-01-06,NVDA,149.20713806152344,0.03433219443429869,0.027508992969929594,0.024674180924407686,0.02369799279152403,0.02367977589608131
2025-01-07,NVDA,139.93099975585938,-0.06216953442159834,0.04570563494039214,0.033489116043292196,0.026337038767767235,0.024597399823895194
2025-01-08,NVDA,139.90106201171875,-0.00021394647499739516,0.04327970540439244,0.03149404409227406,0.025677872855511805,0.025100386570545752
2025-01-10,NVDA,135.7073211669922,-0.02997647612121257,0.04441174969098859,0.032908703105526536,0.0251016414440402,0.027242119571843908
2025-01-13,NVDA,133.03131103515625,-0.01971898132557659,0.03578516614967022,0.03334590183747417,0.025331862515725848,0.024927971246798918
2025-01-14,NVDA,131.56350708007812,-0.011033522436610599,0.02367977589608131,0.03294864872944949,0.025324491012812547,0.024760467476453607
2025-01-15,NVDA,136.03683471679688,0.03400127995976865,0.024597399823895194,0.03500664568982932,0.025798714690896805,0.0253085050821497
2025-01-16,NVDA,133.3708038330078,-0.019597860309961135,0.025100386570545752,0.034757657859319106,0.02603326241207493,0.029567810943991236
2025-01-17,NVDA,137.504638671875,0.030995050791199574,0.027242119571843908,0.03486052987373131,0.026587047683241844,0.08472168809878856
2025-01-21,NVDA,140.61996459960938,0.022656151514774958,0.024927971246798918,0.03235937890763886,0.026123473205414055,0.09851315042750848
2025-01-22,NVDA,146.85067749023438,0.04430887824759355,0.024760467476453607,0.0337311971732546,0.027384244060990562,0.09329795699484081
2025-01-23,NVDA,147.00045776367188,0.0010199494888094573,0.0253085050821497,0.026061221549834132,0.027151148871741287,0.09390305118666506
2025-01-24,NVDA,142.40731811523438,-0.031245750648081327,0.029567810943991236,0.02851530602956113,0.027367788850341468,0.09396807783870081
2025-01-27,NVDA,118.24340057373048,-0.16968171201672888,0.08472168809878856,0.06133498649254802,0.04130159170936161,0.0544232757411469
2025-01-28,NVDA,128.79762268066406,0.08925844534006377,0.09851315042750848,0.06898210637192115,0.044234141886888366,0.026752371725580246
2025-01-29,NVDA,123.51551818847656,-0.041010885001222075,0.09329795699484081,0.07011197115392513,0.04476641604680953,0.03602854966761617
2025-01-30,NVDA,124.46411895751952,0.007680012867658181,0.09390305118666506,0.06901525166005106,0.0446394796096831,0.038304594922972786
2025-01-31,NVDA,119.89093780517578,-0.03674296809914024,0.09396807783870081,0.0695856899271051,0.04502319615168046,0.029764507601790346
2025-02-03,NVDA,116.48602294921876,-0.02840010194506981,0.0544232757411469,0.06838572481604063,0.045244893231647855,0.01633931328353011
2025-02-04,NVDA,118.47305297851562,0.01705809829358751,0.026752371725580246,0.06807254980748353,0.04535388966367388,0.02215458214656684
2025-02-05,NVDA,124.64382934570312,0.05208590655890788,0.03602854966761617,0.06886241166291532,0.04633427073628402,0.01962691524536207
2025-02-06,NVDA,128.48812866210938,0.030842275438633937,0.038304594922972786,0.07021748287259805,0.04633612677466166,0.019841608669024055
2025-02-07,NVDA,129.64634704589844,0.009014205404414222,0.029764507601790346,0.0700827346631872,0.04583852670857122,0.021049377045113955
2025-02-10,NVDA,133.3708038330078,0.028727818962695606,0.01633931328353011,0.04092637357187919,0.04615966618671993,0.0194799234346093
2025-02-11,NVDA,132.6019744873047,-0.005764600074434356,0.02215458214656684,0.031055990282764567,0.04616883278195926,0.01872582317555954
2025-02-12,NVDA,130.94442749023438,-0.012500168292961633,0.01962691524536207,0.027653375900639203,0.04606769701374191,0.014599721329957597
2025-02-13,NVDA,135.08822631835938,0.031645476692271135,0.019841608669024055,0.02881016022990429,0.04643454886330668,0.02443198924146908
2025-02-14,NVDA,138.64292907714844,0.02631393464602727,0.021049377045113955,0.024337531430180963,0.046439499214572987,0.021657232399547227
2025-02-18,NVDA,139.19210815429688,0.0039611041169134165,0.0194799234346093,0.019637625199166345,0.046146014481395055,0.020269216646586524
2025-02-19,NVDA,139.02236938476562,-0.00121945684839464,0.01872582317555954,0.020577441175860287,0.045419668513074475,0.03214789167337323
2025-02-20,NVDA,139.90106201171875,0.0063205125250109795,0.014599721329957597,0.01640246076672792,0.04497144636216214,0.04349469568641074
2025-02-21,NVDA,134.22950744628906,-0.04053975347917382,0.02443198924146908,0.021805355919274454,0.044124224211675736,0.05231118565246283
2025-02-24,NVDA,130.08572387695312,-0.030870884116102726,0.021657232399547227,0.024400709973067935,0.044473578395056036,0.06207639508250394
2025-02-25,NVDA,126.44115447998048,-0.028016674607737935,0.020269216646586524,0.023723259973839315,0.04443159582842734,0.06466828764047503
2025-02-26,NVDA,131.084228515625,0.03672122462611371,0.03214789167337323,0.027142435910399044,0.044820130063200875,0.06037512716561074
2025-02-27,NVDA,119.9708251953125,-0.08478062880758996,0.04349469568641074,0.038036739848003036,0.04742318687322054,0.05401939328083675
2025-02-28,NVDA,124.73370361328124,0.03970030555524451,0.05231118565246283,0.039042653084042984,0.04758320879174042,0.04937702736269474
2025-03-03,NVDA,113.88990020751952,-0.08693563240438495,0.06207639508250394,0.04429911715151094,0.0499826027844356,0.03842179779196319
2025-03-04,NVDA,115.81702423095705,0.016920938730529356,0.06466828764047503,0.045211555050499445,0.04970830408416821,0.03836857133228622
2025-03-05,NVDA,117.12507629394533,0.01129412598600199,0.06037512716561074,0.045873488949144135,0.049537655454452906,0.05153270670054553
2025-03-06,NVDA,110.40510559082033,-0.05737431228014822,0.05401939328083675,0.04683889988050728,0.049538372488353896,0.04148420522984698
2025-03-07,NVDA,112.52195739746094,0.019173495603419077,0.04937702736269474,0.04805813937826826,0.049765451322125176,0.0458905232871241
2025-03-10,NVDA,106.82046508789062,-0.0506700420206071,0.03842179779196319,0.049115992027083395,0.05020793347933874,0.03488420250745636
2025-03-11,NVDA,108.59779357910156,0.01663846426570581,0.03836857133228622,0.050162999333213436,0.04004735420144313,0.04354350947101907
2025-03-12,NVDA,115.57803344726562,0.06427607447733008,0.05153270670054553,0.05387405223640657,0.038305077155789145,0.033654684755169535
2025-03-13,NVDA,115.41825103759766,-0.0013824634742628517,0.04148420522984698,0.04726335389867736,0.037622057926823396,0.033588157096171634
2025-03-14,NVDA,121.49972534179688,0.05269075080871022,0.0458905232871241,0.04871849604769409,0.038879771842290786,0.02079293334999782
2025-03-17,NVDA,119.36272430419922,-0.0175885256660947,0.03488420250745636,0.039221918815027304,0.03841105218630997,0.02531606204747204
2025-03-18,NVDA,115.26846313476562,-0.034301003041780964,0.04354350947101907,0.040860302566888954,0.03857930181280802,0.01634972772183416
2025-03-19,NVDA,117.35553741455078,0.0181062037527564,0.033654684755169535,0.04112036564682027,0.038595396012385694,0.03265657656490183
2025-03-20,NVDA,118.3641128540039,0.008594187046243817,0.033588157096171634,0.0356504300941923,0.03738550837854145,0.03197926480916266
2025-03-21,NVDA,117.5352783203125,-0.0070024141076757696,0.02079293334999782,0.035663430099773075,0.03690829174440875,0.03188679675242565
2025-03-24,NVDA,121.24009704589844,0.031520908262874014,0.02531606204747204,0.03052520301710142,0.03737192707110014,0.020359452707127246
2025-03-25,NVDA,120.52110290527344,-0.005930332935586535,0.01634972772183416,0.031068530653777536,0.03693700871399488,0.026374002956130405
2025-03-26,NVDA,113.60079956054688,-0.057419847461616325,0.03265657656490183,0.03166576221376389,0.038264896290534395,0.015073729157673837
2025-03-27,NVDA,111.27406311035156,-0.02048169079087525,0.03197926480916266,0.03224392267821497,0.03835065197189835,0.03621647215811861
2025-03-28,NVDA,109.51652526855467,-0.015794676608994918,0.03188679675242565,0.025658954914922753,0.03777457331518783,0.04397620532530494
2025-03-31,NVDA,108.22832489013672,-0.011762611854777671,0.020359452707127246,0.02553409689893606,0.03727845937804083,0.052734873906511076
2025-04-01,NVDA,109.99585723876952,0.016331513496370187,0.026374002956130405,0.025074043676931397,0.03747792742991774,0.049224165653404664
2025-04-02,NVDA,110.26546478271484,0.0024510699831183924,0.015073729157673837,0.023978632782414615,0.03750385762387662,0.10879233662313366
2025-04-03,NVDA,101.65753936767578,-0.07806547074373227,0.03621647215811861,0.0323402009852505,0.03957729707564476,0.1051666177904839
2025-04-04,NVDA,94.17801666259766,-0.07357568117034718,0.04397620532530494,0.03710070464362447,0.04089913611572929,0.09275559751559125
2025-04-07,NVDA,97.50334930419922,0.03530901116249785,0.052734873906511076,0.037713909048225566,0.04156517066805113,0.09432954424094611
2025-04-08,NVDA,96.16522979736328,-0.013723831195389558,0.049224165653404664,0.037449934799483546,0.041417916943685795,0.09202662169475379
2025-04-09,NVDA,114.17000579833984,0.187227504566003,0.10879233662313366,0.07378567909471298,0.05419550750102835,0.04452299324433778
2025-04-10,NVDA,107.4194564819336,-0.059127169778110056,0.1051666177904839,0.0761153159983645,0.05305459099228868,0.039077554717046104
2025-04-11,NVDA,110.77476501464844,0.031235575403224525,0.09275559751559125,0.0765563024519053,0.05284526764073282,0.03290690730368335
2025-04-14,NVDA,110.55506896972656,-0.001983267984299708,0.09432954424094611,0.07640013081966048,0.0503919467773117,0.038143495350259266
2025-04-15,NVDA,112.04297637939452,0.013458518216612925,0.09202662169475379,0.07635653575196188,0.050356249535161796,0.04499476618043388
2025-04-16,NVDA,104.3437728881836,-0.06871652057100175,0.04452299324433778,0.0797895369717149,0.0518383251867478,0.038698423204006654
2025-04-17,NVDA,101.34796905517578,-0.028710901955003698,0.039077554717046104,0.07605542322083286,0.05105206862218889,0.03665068256247682
2025-04-21,NVDA,96.77438354492188,-0.04512754969726096,0.03290690730368335,0.07339415080633317,0.05149594655309217,0.02608157625563654
2025-04-22,NVDA,98.75159454345705,0.020431140205789733,0.038143495350259266,0.07285997922837985,0.05089635252391131,0.027768744853355846
2025-04-23,NVDA,102.5662612915039,0.03862891293738202,0.04499476618043388,0.07336428933295841,0.05132188846825766,0.026750095017504232
2025-04-24,NVDA,106.28104400634766,0.036218369160263775,0.038698423204006654,0.040899927285204446,0.05034366266973495,0.024558810074463172
2025-04-25,NVDA,110.85465240478516,0.04303315272443453,0.03665068256247682,0.03897117262965718,0.050999598141690014,0.019416198218724316
2025-04-28,NVDA,108.57784271240234,-0.020538693171568978,0.02608157625563654,0.038362618548736876,0.05012903689566934,0.014941841171406442
2025-04-29,NVDA,108.867431640625,0.0026671088777265872,0.027768744853355846,0.03838201025206847,0.050056230568191806,0.01566747271657629
2025-04-30,NVDA,108.76756286621094,-0.0009173429822770807,0.026750095017504232,0.038053708890712974,0.049680794843587214,0.017402702124090803
2025-05-01,NVDA,111.45380401611328,0.024697079525506593,0.024558810074463172,0.030692823594725492,0.04978170318090324,0.01700582536406443
2025-05-02,NVDA,114.33976745605467,0.02589380833985855,0.019416198218724316,0.02839761517656845,0.04999126339713406,0.01560458465569882
2025-05-05,NVDA,113.66072082519533,-0.005938849150802561,0.014941841171406442,0.021404599757502946,0.049986497654265785,0.02603527807384046
2025-05-06,NVDA,113.38111114501952,-0.002460037893001199,0.01566747271657629,0.022139110961032216,0.04963235981534811,0.028802873947938228
2025-05-07,NVDA,116.89617919921876,0.031002236780898418,0.017402702124090803,0.02131743150046647,0.049965076892762576,0.02949589916140834
2025-05-08,NVDA,117.20574951171876,0.002648250050777179,0.01700582536406443,0.01991598688217235,0.04876809212399,0.031069347119957732
2025-05-09,NVDA,116.48675537109376,-0.006134461352112375,0.01560458465569882,0.016660191187008944,0.048608654558632156,0.028413477970711996
2025-05-12,NVDA,122.82786560058594,0.05443631947075178,0.02603527807384046,0.020313857949456917,0.049376244509434224,0.02717503744863563
2025-05-13,NVDA,129.7481689453125,0.056341476837431514,0.028802873947938228,0.024132902420802516,0.05014042390025164,0.020033163859915874
2025-05-14,NVDA,135.1505889892578,0.041637736299942496,0.02949589916140834,0.02418683922349649,0.05051027724610202,0.009238028528954709
2025-05-15,NVDA,134.64132690429688,-0.003768108513396262,0.031069347119957732,0.02550122591982233,0.05054691100958104,0.010989554606033356
2025-05-16,NVDA,135.21051025390625,0.004227404487880282,0.028413477970711996,0.0258035896254294,0.04788544565558316,0.010684877409291143
2025-05-19,NVDA,135.38026428222656,0.0012554795333701296,0.02717503744863563,0.025179542518052524,0.045223859853655304,0.020429009173119787
2025-05-20,NVDA,134.1919403076172,-0.008777675098432969,0.020033163859915874,0.025818803643350954,0.0451938075021099,0.020094067408564387
2025-05-21,NVDA,131.6155548095703,-0.01919925661810129,0.009238028528954709,0.027669884016085007,0.04531066424967416,0.020525026235200368
2025-05-22,NVDA,132.64410400390625,0.00781479967032861,0.010989554606033356,0.027518150931496,0.030840428870610323,0.027500308135706232
2025-05-23,NVDA,131.10626220703125,-0.011593744090047986,0.010684877409291143,0.027985346689051997,0.028542459716952913,0.026443603281829008
2025-05-27,NVDA,135.31036376953125,0.0320663673247068,0.020429009173119787,0.024968905687752084,0.02856711837178215,0.025612387411849978
2025-05-28,NVDA,134.621337890625,-0.005092188504347228,0.020094067408564387,0.019188837780680208,0.028606765669171398,0.024648804977437867
2025-05-29,NVDA,138.99520874023438,0.032490175169429536,0.020525026235200368,0.017314129894190244,0.028964117812442538,0.022965349566803066
2025-05-30,NVDA,134.94090270996094,-0.02916867471202156,0.027500308135706232,0.020054313393767363,0.026131574747190116,0.015442151442936834
2025-06-02,NVDA,137.187744140625,0.01665055876714705,0.026443603281829008,0.02069224535622599,0.02517292376938379,0.014954985540898838
2025-06-03,NVDA,141.02235412597656,0.027951549239128015,0.025612387411849978,0.022296382759128996,0.023056452172313804,0.010181635977431226
2025-06-04,NVDA,141.7213897705078,0.004956913737993673,0.024648804977437867,0.021818214601692185,0.023054866804207225,0.011372513494408714
2025-06-05,NVDA,139.79408264160156,-0.013599267774802248,0.022965349566803066,0.021170738412557677,0.022975232173085242,0.008944001929678947
2025-06-06,NVDA,141.5216522216797,0.012357959274336361,0.015442151442936834,0.021256678391006815,0.0224661148018018,0.014621827527182307
2025-06-09,NVDA,142.43040466308594,0.006421296156031264,0.014954985540898838,0.020274529801384427,0.02157716697745392,0.016860126684812408
2025-06-10,NVDA,143.75852966308594,0.00932472952767105,0.010181635977431226,0.018539013231606144,0.020863043371990478,0.016658483603789413
2025-06-11,NVDA,142.6400146484375,-0.0077805123443444035,0.011372513494408714,0.01873983031831904,0.021069051553620623,0.016334761319262255
2025-06-12,NVDA,144.80712890625,0.015192891441814238,0.008944001929678947,0.016707031133452087,0.02100597021765255,0.015990328439816664
2025-06-13,NVDA,141.78114318847656,-0.02089666262033618,0.014621827527182307,0.014985721993226894,0.021533373373751497,0.011757707565119214
2025-06-16,NVDA,144.49754333496094,0.019159107377723306,0.016860126684812408,0.015220496323665764,0.021377907650535922,0.014178835791643684
2025-06-17,NVDA,143.92828369140625,-0.003939580081545602,0.016658483603789413,0.01314916824048984,0.02133586795758292,0.021192653961555886
2025-06-18,NVDA,145.28648376464844,0.009436644684475581,0.016334761319262255,0.013331611721362945,0.021242845977806235,0.02155640256434491
2025-06-20,NVDA,143.65866088867188,-0.011204227907487208,0.015990328439816664,0.013026931754231561,0.02109928076232882,0.016807619406279558
2025-06-23,NVDA,143.97824096679688,0.002224579264125559,0.011757707565119214,0.012588185576992995,0.02110250970490447,0.016982279492117076
2025-06-24,NVDA,147.7032470703125,0.02587200731515149,0.014178835791643684,0.01470704306952447,0.02121945783354754,0.026521945386118396
2025-06-25,NVDA,154.10475158691406,0.043340310003842974,0.021192653961555886,0.019344934486866073,0.020468434356287122,0.02121456969240423
2025-06-26,NVDA,154.8137969970703,0.00460106130962723,0.02155640256434491,0.018668218126759686,0.01830153779756388,0.02163177803443528
2025-06-27,NVDA,157.54017639160156,0.01761070038597934,0.016807619406279558,0.018781591988742873,0.017182691101677704,0.021027169893005102
2025-06-30,NVDA,157.7798614501953,0.0015214217990842105,0.016982279492117076,0.015998664887927054,0.017113809144659417,0.021541817170386997
2025-07-01,NVDA,153.09609985351562,-0.029685420899917325,0.026521945386118396,0.020111654537265183,0.01827720918470514,0.01209301246611907
2025-07-02,NVDA,157.04083251953125,0.025766382486490436,0.02121456969240423,0.02067016093331882,0.01867936023799113,0.009464600074374701
2025-07-03,NVDA,159.1280517578125,0.013290933350226908,0.02163177803443528,0.02071616130641961,0.018546952678431906,0.009158791033275611
2025-07-07,NVDA,158.02952575683594,-0.006903408851184123,0.021027169893005102,0.020282507316745236,0.01810459871989068,0.008507960183017896
2025-07-08,NVDA,159.78717041015625,0.01112225481221052,0.021541817170386997,0.020109446666605336,0.018124371628580827,0.017321549759068453
2025-07-09,NVDA,162.66334533691406,0.018000036669871378,0.01209301246611907,0.019595017524397892,0.0179163607692226,0.017478983300267727
2025-07-10,NVDA,163.88172912597656,0.007490217212359207,0.009464600074374701,0.015678382243508832,0.0172994266758204,0.017420054852079057
2025-07-11,NVDA,164.7006378173828,0.004996949298580855,0.009158791033275611,0.015674167057815665,0.017162815859321116,0.018485885011050827
2025-07-14,NVDA,163.85177612304688,-0.005153967255895786,0.008507960183017896,0.015504517075625435,0.01659300713376282,0.018646438869309688
2025-07-15,NVDA,170.4729461669922,0.04040951035509699,0.017321549759068453,0.019230551672826977,0.016422798583794047,0.013289634378621129
2025-07-16,NVDA,171.14205932617188,0.003925040155780657,0.017478983300267727,0.01420584957572175,0.016354555802205385,0.017920088116610722
2025-07-17,NVDA,172.7698974609375,0.009511619418247186,0.017420054852079057,0.01326471337586599,0.015900677524331306,0.01930670070967099
2025-07-18,NVDA,172.18067932128906,-0.00341042130780711,0.018485885011050827,0.013798672249082957,0.016009174537662804,0.019211827038997733
2025-07-21,NVDA,171.1520538330078,-0.005974105180302058,0.018646438869309688,0.013689858874537117,0.015735054821558143,0.01999917151674458
2025-07-22,NVDA,166.80784606933594,-0.025382153858991896,0.013289634378621129,0.01720713207468651,0.016758013924301002,0.013267433563332291
2025-07-23,NVDA,170.55284118652344,0.022450953030295873,0.017920088116610722,0.017648720410067063,0.017037349284069105,0.013032694594516983
2025-07-24,NVDA,173.5089111328125,0.017332282040708913,0.01930670070967099,0.018079239738362594,0.017150923829543016,0.014206101566239774
2025-07-25,NVDA,173.26922607421875,-0.0013813991283150306,0.019211827038997733,0.01822540871188968,0.017007275695668175,0.019128634321491134
2025-07-28,NVDA,176.514892578125,0.018731927056198527,0.01999917151674458,0.018278039867696265,0.017080732718106714,0.024212410482009658
2025-07-29,NVDA,175.2765350341797,-0.0070155980940657114,0.013267433563332291,0.014609894002071055,0.016483206574818617,0.024537603466733192
2025-07-30,NVDA,179.03155517578125,0.021423404683743374,0.013032694594516983,0.015752350754549446,0.016544807189959414,0.022623512129451816
2025-07-31,NVDA,177.63340759277344,-0.0078095036466339085,0.014206101566239774,0.016104144270008534,0.016650215371048282,0.022274144491031725
2025-08-01,NVDA,173.4889373779297,-0.023331592131278556,0.019128634321491134,0.018081737121838675,0.017547139559380875,0.016500855195661364
2025-08-04,NVDA,179.76058959960938,0.03615015641036212,0.024212410482009658,0.020976296984506086,0.01806117793859221,0.008544611022666787
2025-08-05,NVDA,178.02288818359375,-0.009666754097136132,0.024537603466733192,0.01892591910487486,0.018313248781140736,0.005320880761492428
2025-08-06,NVDA,179.1813507080078,0.006507379675917635,0.022623512129451816,0.01810422991662753,0.017972756913311273,0.008112425122611856
2025-08-07,NVDA,180.52957153320312,0.007524336767571027,0.022274144491031725,0.01762693731582471,0.016585143194773506,0.00761604749460784
2025-08-08,NVDA,182.45700073242188,0.01067652896336857,0.016500855195661364,0.017621724958461944,0.016611847837148187,0.006558342210087587
2025-08-11,NVDA,181.8178253173828,-0.0035031564284915273,0.008544611022666787,0.01713739226466402,0.016533587744803808,0.00813506255595132
2025-08-12,NVDA,182.9163818359375,0.00604207269907131,0.005320880761492428,0.01677501152258513,0.016522137204727706,0.016687403407775806
2025-08-13,NVDA,181.3484649658203,-0.008571768446215433,0.008112425122611856,0.016059561906587663,0.015402306107712259,0.01696009228626646
2025-08-14,NVDA,181.7778778076172,0.002367887932648305,0.00761604749460784,0.015730061982959447,0.014940572487701358,0.016442659642372827
2025-08-15,NVDA,180.20997619628903,-0.008625370866016668,0.006558342210087587,0.013598024829292333,0.015056309442950696,0.019810137599978878
2025-08-18,NVDA,181.76788330078125,0.008644954831997342,0.00813506255595132,0.007961030269001211,0.014925667175841654,0.020045250662353662
2025-08-19,NVDA,175.4063720703125,-0.034997993677144845,0.016687403407775806,0.013725012880182533,0.0165382565421285,0.008484059195884719
2025-08-20,NVDA,175.16668701171875,-0.0013664558234958157,0.01696009228626646,0.013444373907183917,0.016318987407667223,0.008380405035428978
2025-08-21,NVDA,174.7472381591797,-0.002394569764917698,0.016442659642372827,0.013007588992169071,0.01631663248963195,0.01009834426411028
2025-08-22,NVDA,177.75326538085938,0.017202144384917073,0.019810137599978878,0.01391183450592645,0.016537628158128502,0.018055252497964563
2025-08-25,NVDA,179.57083129882812,0.010225218164484184,0.020045250662353662,0.014470220793882061,0.016524864498411375,0.016988626909548027
2025-08-26,NVDA,181.5282287597656,0.010900419888796531,0.008484059195884719,0.014815857064503604,0.015044972799544403,0.013861315621889808
2025-08-27,NVDA,181.35845947265625,-0.0009352225175623952,0.008380405035428978,0.014557389469056044,0.01505199212519471,0.015578356886235581
2025-08-28,NVDA,179.93035888671875,-0.007874463590449854,0.01009834426411028,0.014739438834427378,0.015089220073234547,0.016888260773486524
2025-08-29,NVDA,173.94830322265625,-0.033246505487318556,0.018055252497964563,0.01788905508432947,0.016352028790159196,0.015673485969543887
2025-09-02,NVDA,170.55284118652344,-0.019519949164359285,0.016988626909548027,0.01800153577391181,0.01671901098914043,0.01612580981967537
2025-09-03,NVDA,170.39306640625,-0.0009368051517751885,0.013861315621889808,0.014903050372535394,0.016019418331004998,0.023465554943969444
2025-09-04,NVDA,171.4316864013672,0.0060954357886893185,0.015578356886235581,0.01516697301412438,0.015529155462582789,0.023806594040935835
2025-09-05,NVDA,166.79786682128906,-0.027030123061550726,0.016888260773486524,0.017106229447286028,0.015956490159049732,0.015472756939458392
2025-09-08,NVDA,168.08612060546875,0.007723442803737823,0.015673485969543887,0.01599592125770174,0.016039108078647526,0.016517994467578873
2025-09-09,NVDA,170.53285217285156,0.014556416428491259,0.01612580981967537,0.016517933512946052,0.015880319803410432,0.020203823321190802
2025-09-10,NVDA,177.09413146972656,0.03847516307429433,0.023465554943969444,0.021129977118596793,0.017388915154054753,0.012693499202119415
2025-09-11,NVDA,176.9443359375,-0.0008458526038293002,0.023806594040935835,0.021130622937126167,0.016933857298214616,0.023348204198965737
2025-09-12,NVDA,177.59349060058594,0.0036686942232229125,0.015472756939458392,0.02110513175652843,0.016886822019757875,0.02329534209520493
2025-09-15,NVDA,177.52359008789062,-0.0003935983940567267,0.016517994467578873,0.01785249405890836,0.016296865090571648,0.02951525892101471
2025-09-16,NVDA,174.65724182128906,-0.016146295065249894,0.020203823321190802,0.017423597925106313,0.015152521199325288,0.03223388213943508
2025-09-17,NVDA,170.0730743408203,-0.026246649910796838,0.012693499202119415,0.019673947849466137,0.015774838831470694,0.02875960108926102
2025-09-18,NVDA,176.01551818847656,0.03494053288969079,0.023348204198965737,0.022570599459649537,0.017067540266928926,0.024550038764552327
2025-09-19,NVDA,176.4449462890625,0.0024397172760990404,0.02329534209520493,0.020011657924701942,0.01701074164284552,0.024552744322311547
2025-09-22,NVDA,183.37611389160156,0.03928232430745848,0.02951525892101471,0.02265903123524197,0.018410124054596785,0.017980053039554602
2025-09-23,NVDA,178.2027130126953,-0.028211967028401452,0.03223388213943508,0.025362971496967847,0.019126345925581274,0.013967234091798356
2025-09-24,NVDA,176.74456787109375,-0.008182508094013552,0.02875960108926102,0.022599588241161185,0.019135076255502696,0.011026013987012324
2025-09-25,NVDA,177.4636688232422,0.004068588702951903,0.024550038764552327,0.022631826369254957,0.01910098082185235,0.010425870165551295
2025-09-26,NVDA,177.96302795410156,0.0028138668279011902,0.024552744322311547,0.022620231310343228,0.019103499788399193,0.013127505500818867
2025-09-29,NVDA,181.61837768554688,0.02053993896073769,0.017980053039554602,0.023486913177338573,0.019416891622652383,0.014580430840531698
2025-09-30,NVDA,186.3423309326172,0.026010326197546618,0.013967234091798356,0.02354555898454066,0.019922148221543097,0.007941059522068313
2025-10-01,NVDA,187.00149536132812,0.0035373842616002182,0.011026013987012324,0.02060918418819571,0.018726134961388762,0.013375268336076164
2025-10-02,NVDA,188.64939880371097,0.00881224740582276,0.010425870165551295,0.018616975240671633,0.018749517558740714,0.0151295576017144
2025-10-03,NVDA,187.38101196289065,-0.006723513824393734,0.013127505500818867,0.019091889392788462,0.018806206280234408,0.02844549398737544
2025-10-06,NVDA,185.30364990234375,-0.011086299720477033,0.014580430840531698,0.015743221680062074,0.018752733499115767,0.03142510227593265
2025-10-07,NVDA,184.8042907714844,-0.0026948154076971154,0.007941059522068313,0.012100449313366013,0.018695067624890066,0.03813981449767898
2025-10-08,NVDA,188.86911010742188,0.021995264931179204,0.013375268336076164,0.012559485600255287,0.01900230245129718,0.0353677864409653
2025-10-09,NVDA,192.32470703125,0.0182962524780399,0.0151295576017144,0.013022183696840084,0.019240349710378787,0.03406194956400139
2025-10-10,NVDA,182.92669677734375,-0.04886532988389891,0.02844549398737544,0.0223144241877482,0.02131905219778034,0.026988265443874965
2025-10-13,NVDA,188.0801239013672,0.028172088682583807,0.03142510227593265,0.02309842201503732,0.020884298703430504,0.022113623846599602
2025-10-14,NVDA,179.8006591796875,-0.04402094463751838,0.03813981449767898,0.02602837600570245,0.022224065348501305,0.007907882800733275
2025-10-15,NVDA,179.60093688964844,-0.0011107984306079066,0.0353677864409653,0.02593488010504531,0.022224881264684825,0.008355589092069616
2025-10-16,NVDA,181.5784149169922,0.01101039928627312,0.03406194956400139,0.02606192981094558,0.02227420610399758,0.008175109447006359
2025-10-17,NVDA,182.9866180419922,0.007755344299286593,0.026988265443874965,0.026264521639814027,0.021597425601490736,0.012826841458878805
2025-10-20,NVDA,182.4073486328125,-0.0031656380962610253,0.022113623846599602,0.026080685673659315,0.02161234766548023,0.016056158891868542
2025-10-21,NVDA,180.92922973632812,-0.008103395546085412,0.007907882800733275,0.026169611513771722,0.02158890127401101,0.02039092306860559
2025-10-22,NVDA,180.05035400390625,-0.004857566318624551,0.008355589092069616,0.02479799794699474,0.020500403130266676,0.01430503408545687
2025-10-23,NVDA,181.9279632568359,0.010428245272369407,0.008175109447006359,0.024110009193884716,0.0205732275139039,0.025696444634493807
2025-10-24,NVDA,186.0227203369141,0.02250757391428282,0.012826841458878805,0.019983567485360926,0.02093760918134177,0.027831131733409266
2025-10-27,NVDA,191.24607849121097,0.02807914078902085,0.016056158891868542,0.019969987143205685,0.021475049960656925,0.027346149051842267
2025-10-28,NVDA,200.77394104003903,0.04981991068259184,0.02039092306860559,0.017966456301930424,0.022813338738546615,0.028794835215552955
2025-10-29,NVDA,206.7762756347656,0.0298959843276152,0.01430503408545687,0.018271810564410733,0.02246969299211729,0.02285735449725087
2025-10-30,NVDA,202.63156127929688,-0.020044438573744494,0.025696444634493807,0.02128982097342784,0.022335543010087465,0.02544185331659122
2025-10-31,NVDA,202.23207092285156,-0.0019715110218919696,0.027831131733409266,0.021684821308385355,0.02236711329055427,0.025756566782466742
2025-11-03,NVDA,206.6164703369141,0.021680040134361755,0.027346149051842267,0.0213972484581089,0.021650759129879946,0.03973293374041605
2025-11-04,NVDA,198.43690490722656,-0.039588157789888334,0.028794835215552955,0.02651090782244334,0.022327306708287392,0.03789614892457792
2025-11-05,NVDA,194.9613494873047,-0.01751466251475131,0.02285735449725087,0.027559005487753356,0.022564244227962223,0.037325984607688725
2025-11-06,NVDA,187.8404235839844,-0.03652480823530602,0.02544185331659122,0.030952485751024023,0.023718006438537734,0.03715646267955557
2025-11-07,NVDA,187.91033935546875,0.0003722083359394279,0.025756566782466742,0.03023598538449341,0.023719907913428623,0.038085905156898345
2025-11-10,NVDA,198.7964630126953,0.05793254216114918,0.03973293374041605,0.034353952154914075,0.025628592387383894,0.022570192218401303
2025-11-11,NVDA,192.91395568847656,-0.029590603550341266,0.03789614892457792,0.03177078167029136,0.025940735581755855,0.022295075345363985
2025-11-12,NVDA,193.5531463623047,0.003313345950255231,0.037325984607688725,0.029707893568218242,0.025940155429513972,0.028636504864064796
2025-11-13,NVDA,186.62196350097656,-0.03581023089314139,0.03715646267955557,0.030918303452887135,0.026770876272054354,0.027615799358577345
2025-11-14,NVDA,189.92774963378903,0.01771381069407285,0.038085905156898345,0.03193836351066484,0.026930982740580825,0.024120065981057835
2025-11-17,NVDA,186.3623046875,-0.018772638296214117,0.022570192218401303,0.030604815837616317,0.027084098651234068,0.027498447978887623
2025-11-18,NVDA,181.1289825439453,-0.028081441428459142,0.022295075345363985,0.029560876646352385,0.02758083729311028,0.02703799411081023
2025-11-19,NVDA,186.28240966796875,0.028451698075282472,0.028636504864064796,0.031544542871836286,0.027785253035570584,0.023196494927689174
2025-11-20,NVDA,180.4098968505859,-0.031524784480993384,0.027615799358577345,0.03100854787721994,0.02813532281192205,0.020165085817998845
2025-11-21,NVDA,178.6521453857422,-0.00974309888497682,0.024120065981057835,0.031029565752574154,0.026748567239737776,0.021625925029132093
2025-11-24,NVDA,182.3174743652344,0.02051656850567407,0.027498447978887623,0.024141250083307596,0.026501538705831877,0.019536471369667876
2025-11-25,NVDA,177.59349060058594,-0.025910756942502222,0.02703799411081023,0.023807287784812274,0.025674015816182918,0.015373587472777239
2025-11-26,NVDA,180.03038024902344,0.013721728427074753,0.023196494927689174,0.02457137768875242,0.025796298911000368,0.01705061798943221
2025-11-28,NVDA,176.7745361328125,-0.018084970501686226,0.020165085817998845,0.022835678311784877,0.025930216404449098,0.01359984977553195
2025-12-01,NVDA,179.69082641601562,0.016497230579703537,0.021625925029132093,0.022703065235107768,0.026075711738453744,0.013739586619644889
2025-12-02,NVDA,181.22885131835935,0.008559284483354412,0.019536471369667876,0.02254463921924641,0.02611878094134307,0.014237155628721614
2025-12-03,NVDA,179.36123657226562,-0.010305283802814258,0.015373587472777239,0.0209533553542375,0.026145743507020605,0.01334673157045431
2025-12-04,NVDA,183.1566162109375,0.021160534523537944,0.01705061798943221,0.01992467493045204,0.02640793057916924,0.012056197287818291
2025-12-05,NVDA,182.1877899169922,-0.005289605770121497,0.01359984977553195,0.01705407999156109,0.02636838823955281,0.018211313441752423
2025-12-08,NVDA,185.323974609375,0.017214022376646154,0.013739586619644889,0.017276635867300764,0.026232586065404153,0.015014344474840631
2025-12-09,NVDA,184.7446746826172,-0.003125876875773148,0.014237155628721614,0.01632768366559177,0.025702556536931882,0.01702484965593565
2025-12-10,NVDA,183.55612182617188,-0.006433489130266867,0.01334673157045431,0.013643025830444655,0.023866021670248587,0.021647340698244026
2025-12-11,NVDA,180.70957946777344,-0.015507749510496383,0.012056197287818291,0.014299233951932458,0.023156124179974095,0.02608403749669171
2025-12-12,NVDA,174.80679321289062,-0.03266449001911087,0.018211313441752423,0.016906664401387782,0.023564487587861345,0.02838480198647037
2025-12-15,NVDA,176.0752410888672,0.0072562847968487,0.015014344474840631,0.0160768454659709,0.02366060155294264,0.028604352830680996
2025-12-16,NVDA,177.50350952148438,0.008111693749698334,0.01702484965593565,0.016045040008343812,0.023272648551642093,0.030153880483192987
2025-12-17,NVDA,170.7317657470703,-0.03814991485334229,0.021647340698244026,0.01966274801296537,0.023199856939316484,0.016118813646913487
2025-12-18,NVDA,173.9278564453125,0.018719953397407174,0.02608403749669171,0.019317623100802633,0.023453705312634195,0.016725552695458664
2025-12-19,NVDA,180.76951599121097,0.039336191946053534,0.02838480198647037,0.023860323320810797,0.02385996107648127,0.016344787954207185
2025-12-22,NVDA,183.4662322998047,0.014917981573424388,0.028604352830680996,0.02368103762760574,0.024036032817280704,0.016476045218662687
2025-12-23,NVDA,188.97950744628903,0.030050626087284815,0.030153880483192987,0.02556114925149262,0.022164119327632004,0.008119936895624789
2025-12-24,NVDA,188.38023376464844,-0.0031711040511147592,0.016118813646913487,0.025454153452148503,0.02152297779781945,0.010638960640180987
2025-12-26,NVDA,190.2978973388672,0.010179749413702144,0.016725552695458664,0.024675463651882404,0.021602038366802537,0.009124508562998174
2025-12-29,NVDA,187.99070739746097,-0.012124095818556335,0.016344787954207185,0.021841583644632002,0.020673796435063743,0.007651761695567194
2025-12-30,NVDA,187.31153869628903,-0.003612778049374543,0.016476045218662687,0.022124372285996848,0.020424884934530492,0.008826745923802786
2025-12-31,NVDA,186.27281188964844,-0.00554545018352981,0.008119936895624789,0.022428177479151594,0.020152432549444186,0.013668813723835861
2026-01-02,NVDA,188.6199493408203,0.012600536961681508,0.010638960640180987,0.016530774858419486,0.019544677564100034,0.011314519613185674
2026-01-05,NVDA,187.89083862304688,-0.0038655016095672234,0.009124508562998174,0.01676871517558535,0.018889689495870478,0.0115088747491791
2026-01-06,NVDA,187.0119171142578,-0.004677830570294028,0.007651761695567194,0.012930987919200707,0.01793394577496022,0.011993013487141168
2026-01-07,NVDA,188.8796234130859,0.009987097761727126,0.008826745923802786,0.012534088495906847,0.01787462177584002,0.011086190807256792
2026-01-08,NVDA,184.81459045410156,-0.02152181842344103,0.013668813723835861,0.010623339912747807,0.018021133830479596,0.012852310356628495
2026-01-09,NVDA,184.63479614257812,-0.0009728361331303725,0.011314519613185674,0.010623184392903728,0.017316988458042845,0.013151795031701738
2026-01-12,NVDA,184.71470642089844,0.00043280183361860125,0.0115088747491791,0.009801427731479542,0.017161308654301866,0.02427383102966082
2026-01-13,NVDA,185.58364868164065,0.004704239730442428,0.011993013487141168,0.009487081142783411,0.016787744278385888,0.029339044939309226
2026-01-14,NVDA,182.91688537597656,-0.014369602734984444,0.011086190807256792,0.010355213052431422,0.01679917927727893,0.028762255145567964
2026-01-15,NVDA,186.8221435546875,0.021349905289956617,0.012852310356628495,0.012661189068987883,0.017163107241434054,0.02786914591860848
2026-01-16,NVDA,186.0031280517578,-0.004383931622591319,0.013151795031701738,0.0119573588111646,0.017060495474658162,0.02798009485877078
2026-01-20,NVDA,177.8530731201172,-0.043816762744832816,0.02427383102966082,0.01803007407291998,0.01852124230033014,0.012929137798529864
2026-01-21,NVDA,183.09669494628903,0.02948288569987456,0.029339044939309226,0.021135422564317604,0.019302948015521848,0.009068074486224072
2026-01-22,NVDA,184.6148223876953,0.008291397296120495,0.028762255145567964,0.021035927188253575,0.01910178542051389,0.009220064156600063
2026-01-23,NVDA,187.44137573242188,0.015310543910665775,0.02786914591860848,0.02047058576216803,0.019291737408606312,0.010302187403375606
2026-01-26,NVDA,186.2428436279297,-0.006394170442939551,0.02798009485877078,0.020617638553545363,0.01929123994144983,0.01791056814429519
2026-01-27,NVDA,188.29034423828125,0.010993714284356582,0.012929137798529864,0.02085105848212714,0.019131228308977052,0.01997246193145697
2026-01-28,NVDA,191.2866973876953,0.015913472151403374,0.009068074486224072,0.021302028847448997,0.018167112292138552,0.01686372554729456
2026-01-29,NVDA,192.2754821777344,0.005169124688451543,0.009220064156600063,0.020383880448415544,0.018154907559486885,0.011514842736154338
2026-01-30,NVDA,190.8971710205078,-0.007168418675203347,0.010302187403375606,0.019860273045597805,0.018223615900945105,0.04754262166718958
2026-02-02,NVDA,185.38389587402344,-0.02888086354036168,0.01791056814429519,0.022159484034311068,0.017576175950945537,0.046928141365809924
2026-02-03,NVDA,180.12030029296875,-0.028392949431980563,0.01997246193145697,0.019105660781683714,0.01820716336233276,0.04402285029855884
2026-02-04,NVDA,173.97779846191406,-0.03410221846767858,0.01686372554729456,0.01931268621213901,0.01785414097853857,0.03702274395001484
2026-02-05,NVDA,171.6706085205078,-0.013261404396442744,0.011514842736154338,0.01887133069670714,0.017722027207296945,0.037699791876913205
2026-02-06,NVDA,185.1841278076172,0.07871772229137908,0.04754262166718958,0.03276715289673661,0.022378423745563907,0.019171261063347777
2026-02-09,NVDA,189.80848693847656,0.024971681890920472,0.046928141365809924,0.033655037000537215,0.022844890524705605,0.014842497596636313
2026-02-10,NVDA,188.3103179931641,-0.00789305562399889,0.04402285029855884,0.03364888322515624,0.022819121683890196,0.01748791363366926
2026-02-11,NVDA,189.8184814453125,0.008008926267137229,0.03702274395001484,0.03333817014260343,0.02274930862375557,0.016860889480940368
2026-02-12,NVDA,186.7122802734375,-0.016364060802846025,0.037699791876913205,0.03364091932148722,0.022948386970726677,0.015388600856575176
2026-02-13,NVDA,182.5873107910156,-0.02209265226893986,0.019171261063347777,0.03420055902901342,0.02328622564468078,0.006131130742493848
2026-02-17,NVDA,184.7446746826172,0.011815519283653098,0.014842497596636313,0.03331127572319839,0.02327154064993606,0.006047512741658543
2026-02-18,NVDA,187.75099182128903,0.016272821632539847,0.01748791363366926,0.03203008716829984,0.023458829011071776,0.005367503170266819
2026-02-19,NVDA,187.6710968017578,-0.00042553713701432017,0.016860889480940368,0.02914871297825417,0.023440944355516167,0.02901084722050248
2026-02-20,NVDA,189.5887756347656,0.010218296081220712,0.015388600856575176,0.02817750337742992,0.02344424974769619,0.03224902925746855
2026-02-23,NVDA,191.3166656494141,0.009113883503194309,0.006131130742493848,0.014850720321685435,0.023122033215191774,0.03685068980696293
2026-02-24,NVDA,192.61508178710935,0.006786738276500115,0.006047512741658543,0.012895294092627066,0.0231378740188143,0.0357643195165072
2026-02-25,NVDA,195.32176208496097,0.01405227603538961,0.005367503170266819,0.01297789925246302,0.023246183074114288,0.03626427710602842
2026-02-26,NVDA,184.66476440429688,-0.05456124072866242,0.02901084722050248,0.022373021011625607,0.02543435050435341,0.027713312662869152
2026-02-27,NVDA,176.97415161132812,-0.041646346652961186,0.03224902925746855,0.025342856396408438,0.026438832168372447,0.02371302295888968
2026-03-02,NVDA,182.25770568847656,0.029854947906472917,0.03685068980696293,0.026745800664942823,0.02672814899713783,0.022908990024920636
2026-03-03,NVDA,179.83065795898438,-0.013316571281988043,0.0357643195165072,0.0267084027179875,0.026822723194367043,0.021867041403858964
2026-03-04,NVDA,182.8170166015625,0.016606504566419655,0.03626427710602842,0.026734471061552006,0.025725669479932455,0.021035372903898127
2026-03-05,NVDA,183.1166534423828,0.00163899863585093,0.027713312662869152,0.026758787272968904,0.025167663263721222,0.02273537559151456
2026-03-06,NVDA,177.60337829589844,-0.03010799423668542,0.02371302295888968,0.02771350259108828,0.02571807837528921,0.018500407934596893
2026-03-09,NVDA,182.427490234375,0.027162275767295796,0.022908990024920636,0.029357519613432293,0.026065503064169514,0.015339252627572774
2026-03-10,NVDA,184.544921875,0.01160697676597211,0.021867041403858964,0.029599323635628016,0.026134078813443266,0.014262216234702753
2026-03-11,NVDA,185.8134307861328,0.006873713447352436,0.021035372903898127,0.02920070633777252,0.026085219908343605,0.013216177054057173
2026-03-12,NVDA,182.9268035888672,-0.015535083686109119,0.02273537559151456,0.023908178980805706,0.026050789488460038,0.012453019301093372
2026-03-13,NVDA,180.0401611328125,-0.015780314308353027,0.018500407934596893,0.020076536066011636,0.026155781918034093,0.01746570787915487
2026-03-16,NVDA,183.0067138671875,0.01647717218041489,0.015339252627572774,0.018380948143567378,0.026345909572738385,0.017660953408012468
2026-03-17,NVDA,181.71820068359375,-0.007040797336696936,0.014262216234702753,0.01795666208149254,0.02584804895948841,0.0178564855751162
2026-03-18,NVDA,180.1899871826172,-0.008409798772097021,0.013216177054057173,0.017300894844670723,0.025353064895715365,0.021545118814173297
2026-03-19,NVDA,178.3521270751953,-0.010199568445272478,0.012453019301093372,0.017480675567847135,0.024598304392856152,0.02819673269039702
2026-03-20,NVDA,172.4989471435547,-0.03281811115811839,0.01746570787915487,0.017970480294145053,0.025243209798913008,0.02611679964538368
2026-03-23,NVDA,175.43553161621094,0.0170237820072745,0.017660953408012468,0.016303003012120253,0.0207641571126458,0.022817310981598397
2026-03-24,NVDA,174.99603271484375,-0.00250518750288653,0.0178564855751162,0.01540936299862679,0.020149007806879168,0.03846838413986875
2026-03-25,NVDA,178.47198486328125,0.019863034004328428,0.021545118814173297,0.017004320271356652,0.020526830804013005,0.03724002259960568
2026-03-26,NVDA,171.04066467285156,-0.04163858095780393,0.02819673269039702,0.020611217144929497,0.02169511459580547,0.030255971887942393
2026-03-27,NVDA,167.32498168945312,-0.021723974181843797,0.02611679964538368,0.020990683573770565,0.021828615614302205,0.026174793939396125
2026-03-30,NVDA,164.97772216796875,-0.014028147487508913,0.022817310981598397,0.01933536927381341,0.021639502112119877,0.02288074328030833
2026-03-31,NVDA,174.1969757080078,0.05588180888236938,0.03846838413986875,0.028517111254650777,0.02405127588221725,0.008337415583231705
2026-04-01,NVDA,175.54541015625,0.007740860269023653,0.03724002259960568,0.028687355782372765,0.023881553399864416,0.008336106039944073
2026-04-02,NVDA,177.18348693847656,0.009331356375359201,0.030255971887942393,0.02875005555017479,0.023969462985237257,0.011151858539075134
2026-04-06,NVDA,177.43319702148438,0.0014093304479019242,0.026174793939396125,0.02638721374957301,0.023872999578618423,0.010641864186598548
2026-04-07,NVDA,177.89266967773438,0.00258955293576979,0.02288074328030833,0.025933981046356497,0.023798528244496228,0.013514400622631432
2026-04-08,NVDA,181.8680419921875,0.0223470271240227,0.008337415583231705,0.026667484569175975,0.024166666884689235,0.013840895151155086
2026-04-09,NVDA,183.69590759277344,0.010050504643715596,0.008336106039944073,0.02620266074233954,0.02408804628539816,0.016528344496669525
2026-04-10,NVDA,188.4104156494141,0.025664741901011867,0.011151858539075134,0.02165627797603949,0.022419725407847445,0.015592266190252809
2026-04-13,NVDA,189.0896148681641,0.003604892099032586,0.010641864186598548,0.018841485754051604,0.020930447194302503,0.015883305452000084
2026-04-14,NVDA,196.28123474121097,0.038032865411783634,0.013514400622631432,0.017877400091071388,0.021349136121271563,0.011103562469768695
2026-04-15,NVDA,198.63848876953125,0.012009574075831697,0.013840895151155086,0.011810639113152017,0.02119440026946131,0.011323757830550585
2026-04-16,NVDA,198.1190948486328,-0.002614769796708716,0.016528344496669525,0.012765485302547216,0.02107590131452336,0.0138171378945954
2026-04-17,NVDA,201.44520568847656,0.016788441530004805,0.015592266190252809,0.012794306191060685,0.021225682364031138,0.023119250529090626
2026-04-20,NVDA,201.82476806640625,0.00188419663120043,0.015883305452000084,0.012747350678496321,0.0202660195664404,0.027103237001848142
2026-04-21,NVDA,199.64732360839844,-0.010788787118989118,0.011103562469768695,0.01454128534236405,0.01998308297493206,0.028348447732459228
2026-04-22,NVDA,202.26426696777344,0.013107830909409257,0.011323757830550585,0.014075542055372477,0.02000671235925222,0.03169667210934211
2026-04-23,NVDA,199.4075927734375,-0.014123474389033275,0.0138171378945954,0.016138319312898865,0.02024158783535456,0.039373437681328456
2026-04-24,NVDA,208.0275421142578,0.043227788976992976,0.023119250529090626,0.018943166024615862,0.021248976442312408,0.03138635504573812
2026-04-27,NVDA,216.3578338623047,0.04004417714781017,0.027103237001848142,0.020950577041986964,0.021846578970564547,0.017909526997922257
2026-04-28,NVDA,212.92184448242188,-0.01588104908680843,0.028348447732459228,0.020946339233785503,0.022127498170714893,0.01821029722790989
2026-04-29,NVDA,209.00640869140625,-0.018389075111261644,0.03169667210934211,0.02250643330206673,0.022440430205464733,0.0373910825352804
2026-04-30,NVDA,199.33767700195312,-0.04626045560032954,0.039373437681328456,0.027821707438470143,0.024209797399035674,0.02761469653709601
2026-05-01,NVDA,198.2189788818359,-0.005612075634383262,0.03138635504573812,0.02730271440452094,0.024133642616190328,0.025809915190386452
2026-05-04,NVDA,198.2489318847656,0.0001511106711307164,0.017909526997922257,0.027285899186168867,0.023138462648320108,0.024121129351182807
2026-05-05,NVDA,196.271240234375,-0.009975799776516081,0.01821029722790989,0.02725618538475744,0.023175943512403423,0.01970874922777673
2026-05-06,NVDA,207.5880584716797,0.057659075388685865,0.0373910825352804,0.03293518516774138,0.02511502806325245,0.0063418808245887075
2026-05-07,NVDA,211.2537841796875,0.01765865404299216,0.02761469653709601,0.03262216250803229,0.025076300568874145,0.013764046973913499
2026-05-08,NVDA,214.9494781494141,0.017494095947569566,0.025809915190386452,0.030315616821425553,0.023480902885977917,0.03301626043775397
2026-05-11,NVDA,219.18453979492188,0.01970259096216065,0.024121129351182807,0.028214815506996158,0.022888766339761658,0.033801191619985786
2026-05-12,NVDA,220.52297973632812,0.006106452319395217,0.01970874922777673,0.027545220581514616,0.022472856805878082,0.034053564838156226
2026-05-13,NVDA,225.56710815429688,0.022873482047085725,0.0063418808245887075,0.026926698483969343,0.020900064229821973,0.03267243392315482
2026-05-14,NVDA,235.465576171875,0.04388258597883499,0.013764046973913499,0.02123902963470919,0.02185317487662547,0.02057475618236464
2026-05-15,NVDA,225.0577087402344,-0.044201227206322136,0.03301626043775397,0.028175595548897845,0.023995779489479625,0.01303490957268403
2026-05-18,NVDA,222.0612030029297,-0.013314388358780183,0.033801191619985786,0.02916930884189409,0.024289952719519975,0.013056086565214285
2026-05-19,NVDA,220.35317993164065,-0.0076916771060926425,0.034053564838156226,0.02898832677005291,0.024437943376022984,0.013168607997807415
2026-05-20,NVDA,223.20985412597656,0.012964070657941695,0.03267243392315482,0.024223125246703357,0.024300339785735005,0.01122982878785037
2026-05-21,NVDA,219.25445556640625,-0.017720537361840427,0.02057475618236464,0.02514823867410343,0.024710940500883963,0.01063638559620308
2026-05-22,NVDA,215.0793304443359,-0.01904237298751632,0.01303490957268403,0.025621110247034704,0.024844903899894653,0.031361454183604795
2026-05-26,NVDA,214.60987854003903,-0.0021826918622399605,0.013056086565214285,0.024703182335444898,0.0248763051717697,0.031831358661900365
2026-05-27,NVDA,212.35250854492188,-0.010518481304186644,0.013168607997807415,0.024668921265408223,0.024191168258330547,0.03713973728509771
2026-05-28,NVDA,214.0005798339844,0.007761016341909066,0.01122982878785037,0.023298926402777392,0.024148446581586488,0.037903883325750246
2026-05-29,NVDA,210.8942108154297,-0.014515703746992403,0.01063638559620308,0.01579318099528202,0.024336907640301084,0.04846234654474014
2026-06-01,NVDA,224.09881591796875,0.0626124588791841,0.031361454183604795,0.02446657882245273,0.026605400148239165,0.035148768203108485
2026-06-02,NVDA,222.56060791015625,-0.006863972045151545,0.031831358661900365,0.02416454738836572,0.02667607048898553,0.035439090630583855
2026-06-03,NVDA,214.5,-0.03621758578863232,0.03713973728509771,0.0267787310682144,0.027539248206642757,0.03562485180870917
2026-06-04,NVDA,218.66000366210935,0.01939395646671027,0.037903883325750246,0.02726074972241775,0.027644427386299172,0.036279017843253866
2026-06-05,NVDA,205.1000061035156,-0.062014073591381336,0.04846234654474014,0.033117083048319396,0.029951833084799127,0.02340092682566787
2026-06-08,NVDA,208.63999938964844,0.017259839984335112,0.035148768203108485,0.03353493682368993,0.029062503448290568,0.027692469013738345
2026-06-09,NVDA,208.19000244140625,-0.0021568105327770537,0.035439090630583855,0.03353496747832776,0.028087703515474603,0.0304231846368872
2026-06-10,NVDA,200.4199981689453,-0.03732169739825886,0.03562485180870917,0.03527096604305935,0.02874704377491384,0.024440421322307403
2026-06-11,NVDA,204.8699951171875,0.022203357892913722,0.036279017843253866,0.03614576677586315,0.028885315495934646,0.025942493514494926
2026-06-12,NVDA,205.19000244140625,0.0015620019126554308,0.02340092682566787,0.035971443043498086,0.027547954232676967,0.026881379093604486
2026-06-15,NVDA,212.4499969482422,0.03538181402824003,0.027692469013738345,0.03124381009197134,0.028200650053260338,0.02609548237693569
2026-06-16,NVDA,207.41000366210935,-0.023723197733726997,0.0304231846368872,0.03181260773477398,0.02860889674889413,0.02526216657783754
2026-06-17,NVDA,204.6499938964844,-0.013307023368657078,0.024440421322307403,0.03022505781062466,0.028663001218741782,0.02546066898806032
2026-06-18,NVDA,210.69000244140625,0.029513846689763312,0.025942493514494926,0.03125727561307136,0.027194294243959312,0.013957721260922805
2026-06-22,NVDA,208.6499938964844,-0.009682512322762848,0.026881379093604486,0.023824646682792033,0.02706950704101248,0.019630351091958452
2026-06-23,NVDA,200.0399932861328,-0.04126528091164572,0.02609548237693569,0.02667054582222659,0.027869632199013634,0.01880409112676316
2026-06-24,NVDA,199.0,-0.00519892681982459,0.02526216657783754,0.026666061671904898,0.027569642571173572,0.019600495248137506
2026-06-25,NVDA,195.7400054931641,-0.016381881943899,0.02546066898806032,0.024509710951067708,0.027623466949434346,0.01915175212530927
2026-06-26,NVDA,192.52999877929688,-0.016399339040476968,0.013957721260922805,0.023266865969643648,0.027253863562159142,0.017049132803395383
2026-06-29,NVDA,194.97000122070312,0.012673362368860186,0.019630351091958452,0.023921579747535945,0.025888787841980232,0.016446038737592237
2026-06-30,NVDA,200.08999633789065,0.026260425117358377,0.01880409112676316,0.022339103128155933,0.02549172379991707,0.020377826520568024
2026-07-01,NVDA,197.5800018310547,-0.012544327816355949,0.019600495248137506,0.021607544041944794,0.025481988154018573,0.019299335035916562
2026-07-02,NVDA,194.8300018310547,-0.013918412665829716,0.01915175212530927,0.021635660532931405,0.02554198922206889,0.020936878029327508
2026-07-06,NVDA,195.5500030517578,0.0036955356666652506,0.017049132803395383,0.01839821712361865,0.02538806832918267,0.03137979092545997
2026-07-07,NVDA,196.92999267578125,0.007056965494693257,0.016446038737592237,0.018909361803016993,0.025332271126007968,0.03445581043193369
2026-07-08,NVDA,204.1199951171875,0.03651044893523969,0.020377826520568024,0.01860342638999618,0.026156046864959072,0.032448553010088754
2026-07-09,NVDA,202.77999877929688,-0.006564748040099211,0.019299335035916562,0.018668482545074975,0.026172736064031962,0.03528487294187869
2026-07-10,NVDA,210.9600067138672,0.04033932332484791,0.020936878029327508,0.02092974729710015,0.02719921668147596,0.030365424991630727
2026-07-13,NVDA,203.52999877929688,-0.03521998340020871,0.03137979092545997,0.023964847481134508,0.027906646948941863,0.026139564820490093
2026-07-14,NVDA,211.8000030517578,0.040632851776453593,0.03445581043193369,0.026363111055759825,0.028807542526744237,0.018606682312872998
2026-07-15,NVDA,212.5,0.0033049902651376417,0.032448553010088754,0.025646556806286257,0.02632962808055575,0.022302346614441734
2026-07-16,NVDA,207.3999938964844,-0.024000028722426348,0.03528487294187869,0.02681260713615843,0.026635610145901503,0.020280118166324537
2026-07-17,NVDA,202.80999755859375,-0.022131130535045118,0.030365424991630727,0.02757758228887417,0.026131062531438386,0.017090830791982387
2026-07-20,NVDA,203.27999877929688,0.0023174460152899368,0.026139564820490093,0.02758472742035539,0.025843862048318293,0.02972910607095321
