Date,Ticker,Open,High,Low,Close,Volume
2023-07-31,AAPL,193.3493708168966,193.7734336784224,192.560428204252,193.73397827148438,38824100
2023-08-01,AAPL,193.52690392813534,194.0101198390568,192.58016971551623,192.90560913085938,35175100
2023-08-02,AAPL,192.3434921357412,192.48155598125388,189.19760772385698,189.91751098632812,50389300
2023-08-03,AAPL,188.92148694956984,189.71041463976601,188.0536484329567,188.52700805664062,61235200
2023-08-04,AAPL,182.95508679019278,184.789371855198,179.40485277798012,179.47389221191406,115956800
2023-08-07,AAPL,179.6119861039443,180.59816071157974,174.89807268327345,176.37733459472656,97576100
2023-08-08,AAPL,177.20574441802665,177.77772758258462,175.12491507972354,177.31422424316406,67823000
2023-08-09,AAPL,178.36941190145535,178.42857997538025,174.5627769846933,175.72647094726562,60378500
2023-08-10,AAPL,176.99863993985085,178.2510860859084,175.14464164213348,175.509521484375,54686900
2023-08-11,AAPL,175.10461152163393,176.38835756307438,174.34422750725284,175.5687255859375,52036700
2023-08-14,AAPL,175.74649049543365,177.44500246999712,175.09473274674426,177.21788024902344,43675600
2023-08-15,AAPL,176.64511288490613,177.2376075606865,174.83797474088598,175.23297119140625,43622600
2023-08-16,AAPL,174.91699954220002,176.30937200366554,174.29486573787133,174.36399841308594,46964900
2023-08-17,AAPL,174.92684921501044,175.2922216904398,171.3125728746346,171.82608032226562,66062900
2023-08-18,AAPL,170.14737119397137,172.91239237884375,169.8116226038202,172.3100128173828,61172200
2023-08-21,AAPL,172.88272795365145,173.92948217703207,171.56934282132403,173.64309692382812,46311900
2023-08-22,AAPL,174.8478727981476,175.46012191641384,174.04799506153495,175.0157470703125,42038900
2023-08-23,AAPL,176.28960964053493,179.28175219727777,176.1019810531239,178.85711669921875,52722800
2023-08-24,AAPL,178.4127876208845,178.8374232276998,173.8110039705464,174.1763916015625,54945800
2023-08-25,AAPL,175.16389608553052,176.91177162464882,173.62338845938785,176.37852478027344,51449600
2023-08-28,AAPL,177.83999456976295,178.33374768816518,176.31924159506977,177.93875122070312,43820700
2023-08-29,AAPL,177.45488030453177,182.58991008586239,177.2573820568172,181.8196563720703,53003900
2023-08-30,AAPL,182.62942352828824,185.50307057198083,182.43192527543482,185.30555725097656,60813900
2023-08-31,AAPL,185.4931879048022,186.75719481874472,185.13768501849643,185.52281188964844,60794500
2023-09-01,AAPL,187.12258052751662,187.54720101813678,185.92769123419916,187.09295654296875,45766500
2023-09-05,AAPL,185.92768366781115,187.6064413525269,185.26605625958229,187.32994079589844,45280000
2023-09-06,AAPL,186.04618648324464,186.4905763861184,179.20277485131902,180.62478637695312,81755800
2023-09-07,AAPL,172.99137409505227,175.98353252575788,171.37186410651492,175.34164428710938,112488800
2023-09-08,AAPL,176.12176201867752,177.98814840122637,175.56874581023814,175.95387268066406,65551300
2023-09-11,AAPL,177.82027676778657,178.0473990105972,175.12437356668377,177.119140625,58953100
2023-09-12,AAPL,177.24751388848827,177.87951732730735,172.6358612060169,174.0973663330078,90370200
2023-09-13,AAPL,174.30473020059844,175.08486860955094,171.8063404869434,172.03347778320312,84267900
2023-09-14,AAPL,171.82610607332606,173.89987544974738,171.41135521167203,173.54437255859375,60895800
2023-09-15,AAPL,174.27512191376346,174.29487626046748,171.64836639188815,172.823486328125,109259500
2023-09-18,AAPL,174.27511585610648,177.13889330258442,173.96899129951683,175.7465057373047,67257600
2023-09-19,AAPL,175.30212586469654,177.38576479928514,174.91699900323943,176.832763671875,51826900
2023-09-20,AAPL,177.0203732393163,177.45487842056565,173.20859833310675,173.2974853515625,58436200
2023-09-21,AAPL,172.36922214048295,174.0973581099587,171.6878404044714,171.7569580078125,63149100
2023-09-22,AAPL,172.48773574692532,174.8676297137013,171.87548661966315,172.60623168945312,56725400
2023-09-25,AAPL,172.02356483056997,174.7589610297227,171.97418651044094,173.8800811767578,46172700
2023-09-26,AAPL,172.63586851438868,173.01111068359924,169.51534481079926,169.8115997314453,64588900
2023-09-27,AAPL,170.46333088230946,170.87808171574733,166.93794126401278,168.30068969726562,66921800
2023-09-28,AAPL,167.2243249736919,169.8807195182162,165.5258128129139,168.55746459960938,56294400
2023-09-29,AAPL,169.870831028669,170.90771561508154,168.21181267677895,169.07095336914062,51861100
2023-10-02,AAPL,169.08084887750982,172.12237043121976,168.79446358018748,171.57923889160156,52164500
2023-10-03,AAPL,170.1078434596355,171.46073744550782,168.6858469308082,170.24609375,49594600
2023-10-04,AAPL,168.95244285882518,172.03347264460572,168.83394692911625,171.49034118652344,53020300
2023-10-05,AAPL,171.61871413723316,173.2579782200924,170.52258153582127,172.7247314453125,48527900
2023-10-06,AAPL,171.6286058875163,175.76625988669193,171.0163417068709,175.2725067138672,57266700
2023-10-09,AAPL,174.6009972191987,176.81301689163445,173.60362121945622,176.75376892089844,42390800
2023-10-10,AAPL,175.8748846750232,177.47464011941017,175.72674968355904,176.1612548828125,43698000
2023-10-11,AAPL,175.9736185461729,177.60301297187604,175.3811238107674,177.5536346435547,47551100
2023-10-12,AAPL,177.8202822818536,180.0619109305439,176.80313684087554,178.45228576660156,56743100
2023-10-13,AAPL,179.1533924067404,179.6570151987734,175.91437292525092,176.61550903320312,51427100
2023-10-16,AAPL,174.54174811745375,176.84263973108403,174.3047411678942,176.4871368408203,52517000
2023-10-17,AAPL,174.4430143362244,176.19090503163542,172.61613638208402,174.936767578125,57549400
2023-10-18,AAPL,173.38635072108465,175.36136323860268,172.92222157401596,173.64309692382812,54764400
2023-10-19,AAPL,173.84062376512662,175.6181383369893,173.0012523479638,173.26788330078125,59302900
2023-10-20,AAPL,173.11974130623128,173.2283676109075,170.48310107616433,170.72010803222656,64244000
2023-10-23,AAPL,168.77472302133776,171.8359838309846,167.80695589693704,170.83860778808594,55980100
2023-10-24,AAPL,170.88797493724758,171.50022404547477,169.30795876796012,171.27310180664062,43816600
2023-10-25,AAPL,169.7325797223047,170.8978298690587,168.51793618108192,168.9623260498047,57157000
2023-10-26,AAPL,168.2414494672427,169.2388405091802,163.600172706508,164.804931640625,70625300
2023-10-27,AAPL,164.82465548430088,166.8490461099926,164.74565318394508,166.1182861328125,58499100
2023-10-30,AAPL,166.90830774256386,169.0314401165317,166.7601727667049,168.1624298095703,51131000
2023-10-31,AAPL,167.23421730907862,168.76484019690602,165.80232095364974,168.636474609375,44846000
2023-11-01,AAPL,168.86359824995364,172.05323977559237,167.9945877763323,171.79649353027344,56934900
2023-11-02,AAPL,173.32711052996643,175.5588693503195,173.26786256268767,175.35150146484375,77334800
2023-11-03,AAPL,172.06308417750907,174.61085195895754,171.18420427007575,174.44296264648438,79829200
2023-11-06,AAPL,174.1763842242903,177.1882666996337,174.0085099439187,176.9907684326172,63841300
2023-11-07,AAPL,176.94139988237026,180.1606805785339,176.7340319643902,179.54843139648438,70530000
2023-11-08,AAPL,180.07176426042716,181.1580120556029,179.3212498937122,180.60501098632812,49340300
2023-11-09,AAPL,180.67414339377055,181.81963914926845,179.5385022077218,180.13101196289062,53763500
2023-11-10,AAPL,181.91089548671326,184.48180071812672,181.47581782404296,184.31369018554688,66133400
2023-11-13,AAPL,183.74015491726047,183.94779597294095,182.1481747757102,182.7315673828125,43627500
2023-11-14,AAPL,185.59917131943448,186.0045860299441,184.2148468055059,185.3420867919922,60108400
2023-11-15,AAPL,185.7474572062222,187.3789832148446,185.67823345303117,185.90565490722656,53790500
2023-11-16,AAPL,187.4482222334322,188.82266388785246,186.5385061665612,187.58665466308594,54412900
2023-11-17,AAPL,188.12057839811112,188.24912816814668,186.4593894684262,187.5668487548828,50922700
2023-11-20,AAPL,187.76465267924755,189.76204802312208,187.7547700360816,189.30718994140625,46505100
2023-11-21,AAPL,189.2676114417462,189.37638084971888,187.61630503925363,188.5062255859375,38134500
2023-11-22,AAPL,189.3467095850447,190.77057938008178,188.6940931656517,189.16871643066406,39617700
2023-11-24,AAPL,188.73367065803237,188.76333367409984,187.13180743837248,187.84375,24048300
2023-11-27,AAPL,187.79430602014355,188.53591159550703,186.78571821300812,187.66575622558594,40552600
2023-11-28,AAPL,187.65586514519703,188.94131776896225,187.28011350908017,188.2689208984375,38415400
2023-11-29,AAPL,188.76331653900834,189.93999969621768,186.85492560121705,187.2504425048828,43014200
2023-11-30,AAPL,187.71517468500207,188.18981305356235,186.08364867108205,187.82394409179688,48794400
2023-12-01,AAPL,188.1996843513192,189.4159130354433,187.11199034893104,189.09950256347656,45704800
2023-12-04,AAPL,187.85361573572166,187.9228394923183,185.35193435249073,187.3097686767578,43389500
2023-12-05,AAPL,188.08100360202954,192.2240926434581,188.05132550831155,191.25506591796875,66628400
2023-12-06,AAPL,192.27356863697858,192.58009647341478,189.95976327032974,190.16741943359375,41089700
2023-12-07,AAPL,191.4627450433353,192.81740609388598,191.42318430562543,192.0955810546875,47477700
2023-12-08,AAPL,192.0263919187675,193.79636559429088,191.50232520965804,193.51950073242188,53406400
2023-12-11,AAPL,190.94856782781682,191.32431940935732,189.2774811684409,191.0177764892578,60943700
2023-12-12,AAPL,190.9189094878757,192.54055280703432,189.57413099725628,192.53067016601562,52696900
2023-12-13,AAPL,192.90643617191267,195.78386938859322,192.66913204715806,195.74432373046875,70404200
2023-12-14,AAPL,195.80361960949875,197.38570218691584,193.96443748585023,195.89260864257812,66831600
2023-12-15,AAPL,195.3191123528845,196.1793699091571,194.79504567055722,195.35867309570312,128538400
2023-12-18,AAPL,193.8952224343076,194.4291868327445,192.21425301938103,193.6974639892578,55751900
2023-12-19,AAPL,193.96443406555753,194.74558515548247,193.69745188302565,194.73570251464844,40714100
2023-12-20,AAPL,194.69614571593394,195.46741418063525,192.64932250976562,192.64932250976562,52242800
2023-12-21,AAPL,193.90514216040955,194.87416921268178,191.3342368191114,192.5010223388672,46482500
2023-12-22,AAPL,192.9954077755279,193.2228443252002,190.81015202156473,191.43310546875,37149600
2023-12-26,AAPL,191.44299668429173,191.71986154255086,190.67172813799795,190.88926696777344,28919300
2023-12-27,AAPL,190.3355425015734,191.33423254727063,188.95120308408815,190.98814392089844,48087700
2023-12-28,AAPL,191.96704448132198,192.48122849088116,191.00790021395272,191.41331481933594,34049900
2023-12-29,AAPL,191.72972215657148,192.2241257878035,189.58401220758475,190.37506103515625,42672100
2024-01-02,AAPL,185.0552730997862,186.33084291740326,181.83176685644636,183.5621795654297,82488700
2024-01-03,AAPL,182.15809638511382,183.79952025374087,181.37693010719954,182.18775939941406,58414500
2024-01-04,AAPL,180.11123597031312,181.04071720671112,178.85546161628733,179.87393188476562,71983600
2024-01-05,AAPL,179.95306152436652,180.71443234786256,178.1534248404595,179.15211486816406,62379700
2024-01-08,AAPL,180.0519155054874,183.52263874374273,179.46852282651062,183.4830780029297,59144500
2024-01-09,AAPL,181.86143345023166,183.07766218215258,180.68475037086026,183.06777954101562,42841800
2024-01-10,AAPL,182.2866315170422,184.31367440860302,181.8614365329183,184.1060333251953,46792900
2024-01-11,AAPL,184.45212033242825,184.9564217479187,181.56480461990643,183.51275634765625,49128400
2024-01-12,AAPL,183.9774674403319,184.64986419021457,183.1172099941003,183.8390350341797,40477800
2024-01-16,AAPL,180.12114381484557,182.1976301200088,178.90489995610474,181.57469177246094,65603000
2024-01-17,AAPL,179.2411232206481,180.88253205239923,178.28197882705663,180.6353302001953,47317400
2024-01-18,AAPL,184.0071435872404,187.02300881659582,183.75005912545993,186.5187225341797,78005800
2024-01-19,AAPL,187.21087293560348,189.80154302609114,186.7065866846462,189.41590881347656,68903000
2024-01-22,AAPL,190.14766376550878,193.143748944668,190.1081030206995,191.71986389160156,60133900
2024-01-23,AAPL,192.83719415255706,193.55901922053994,191.660511110776,192.99539184570312,42355600
2024-01-24,AAPL,193.23271418014866,194.18197579456825,192.16480052192722,192.32301330566406,53631300
2024-01-25,AAPL,193.03498542605584,194.07323623297103,190.94860116972282,191.99673461914062,54822100
2024-01-26,AAPL,192.09561130867766,192.58011726192578,189.79168833424328,190.2663116455078,44594000
2024-01-29,AAPL,189.86087972294905,190.04875551955823,187.4580852833725,189.58401489257812,47145600
2024-01-30,AAPL,188.80286821503816,189.65324309628332,185.37170567810733,185.93531799316406,55859400
2024-01-31,AAPL,184.94649475418208,185.0058358609704,182.28661602120093,182.33604431152344,55467800
2024-02-01,AAPL,181.93065217781273,184.857513201702,181.7625567551165,184.76852416992188,64885400
2024-02-02,AAPL,177.84687547061628,185.2332669548565,177.24370243482153,183.76983642578125,102551700
2024-02-05,AAPL,186.04407104136263,187.13176501057416,183.75992879401906,185.57933044433594,69668800
2024-02-06,AAPL,184.7685664877541,187.19114179840088,184.67957743559268,187.18125915527344,43490800
2024-02-07,AAPL,188.50622203381667,188.91163664571195,186.49894443287428,187.2899932861328,53439000
2024-02-08,AAPL,187.27020463334281,187.41851968576853,185.25304448034683,186.21218872070312,40962000
2024-02-09,AAPL,186.77652244170517,188.10322646586073,186.13298359451971,186.97454833984375,45155200
2024-02-12,AAPL,186.54880424779185,186.796321504533,184.9349868995182,185.29141235351562,41781900
2024-02-13,AAPL,183.92510799252145,184.36074073565214,181.68754255866872,183.2023468017578,56529500
2024-02-14,AAPL,183.47962222785034,183.68752828939827,180.62821823999963,182.32122802734375,54630500
2024-02-15,AAPL,181.72716915991907,182.65783644316613,179.5490203671251,182.03408813476562,65434500
2024-02-16,AAPL,181.5984737728991,183.0142804515248,179.86585283584154,180.49949645996094,49752500
2024-02-20,AAPL,179.98463913307552,180.61828269677792,178.21242224791314,179.75692749023438,53665600
2024-02-21,AAPL,180.13315310757224,181.0737156195715,178.8658660184515,180.50938415527344,41371400
2024-02-22,AAPL,181.6578862880503,183.12319953047427,180.64802661628633,182.53904724121094,52292200
2024-02-23,AAPL,183.1726595934398,183.20236045475278,180.4202689919066,180.7073974609375,45119700
2024-02-26,AAPL,180.43019254491847,180.9450175834942,178.85597124394113,179.3609161376953,40867400
2024-02-27,AAPL,179.30152539649055,182.09351248592515,177.77681047698752,180.8163299560547,54318900
2024-02-28,AAPL,180.69750358801915,181.30144633523983,178.34114943443706,179.6183319091797,48953900
2024-02-29,AAPL,179.4698267249393,180.75691955299587,177.74710108364005,178.95498657226562,136682600
2024-03-01,AAPL,177.76691576574171,178.7371792855814,175.61846756104012,177.87582397460938,73563100
2024-03-04,AAPL,174.400628974546,175.14318064223312,172.06406578926712,173.36106872558594,81510100
2024-03-05,AAPL,169.06417026385637,170.3314573247722,167.9354922531265,168.43052673339844,95132400
2024-03-06,AAPL,169.36121186741923,169.53943215491887,167.00484265804033,167.4404754638672,68587700
2024-03-07,AAPL,167.47015957545335,169.0344703547855,166.81672553933012,167.3216552734375,71765100
2024-03-08,AAPL,167.32165453074688,171.97497562938204,167.26225281020422,169.0344696044922,76267000
2024-03-11,AAPL,171.22253935977105,172.64824117092596,170.34137853305091,171.034423828125,60139500
2024-03-12,AAPL,171.43043622416553,172.30170175265368,169.3116892312768,171.5096435546875,59825400
2024-03-13,AAPL,171.05422401757613,171.4700511814422,169.0641756745517,169.43051147460938,52488700
2024-03-14,AAPL,171.1928340614332,172.57892461566286,170.34137411890524,171.2819366455078,72913500
2024-03-15,AAPL,169.47013396047814,170.90573120117188,168.5988682774061,170.90573120117188,121752700
2024-03-18,AAPL,173.82644596151624,175.94519331439105,171.79680120539754,171.99481201171875,75604200
2024-03-19,AAPL,172.6086493883763,174.8561105550952,171.31166123855039,174.3313751220703,55215200
2024-03-20,AAPL,173.97492929704185,176.8956298828125,173.3511809805003,176.8956298828125,53423100
2024-03-21,AAPL,175.29172116809335,175.72735394947048,169.14338597139206,169.66812133789062,106181300
2024-03-22,AAPL,170.05425166968308,171.33144918231721,168.37113733503185,170.569091796875,71160100
2024-03-25,AAPL,168.87608692531137,170.2324767040703,167.76719930445816,169.15330505371094,54288300
2024-03-26,AAPL,168.31177163695932,169.71766815187948,167.89594436696248,168.024658203125,57388400
2024-03-27,AAPL,168.71767294274684,171.87599567632833,168.42064920188324,171.5888671875,60273300
2024-03-28,AAPL,170.0443614510728,170.51959037094832,168.81667037520143,169.77703857421875,65672700
2024-04-01,AAPL,169.48991432845702,169.54931605122675,167.79688969325008,168.3414306640625,46240500
2024-04-02,AAPL,167.40089107386055,167.65830361021796,166.55932626663449,167.16326904296875,49329500
2024-04-03,AAPL,167.11374996517486,168.98497988400436,166.90584392266877,167.9652099609375,47691700
2024-04-04,AAPL,168.59885072968464,170.21266810452119,167.14346313476562,167.14346313476562,53704400
2024-04-05,AAPL,167.90579979250484,168.69785802201392,167.27215623034843,167.89590454101562,42104800
2024-04-08,AAPL,167.3513719945941,167.51968192191484,166.5692240844266,166.77713012695312,37425500
2024-04-09,AAPL,167.02466284236104,168.3909631058002,166.6781477036779,167.9850311279297,42373800
2024-04-10,AAPL,167.1236748074244,167.41078821247058,165.45045553411236,166.11380004882812,49709300
2024-04-11,AAPL,166.6682511911636,173.71755440871303,166.4900459805643,173.3017120361328,91070300
2024-04-12,AAPL,172.52942533467058,176.5887144383463,172.47993396851362,174.79669189453125,101670900
2024-04-15,AAPL,173.6185038309996,174.8758957155582,170.78690583147454,170.9750213623047,73531800
2024-04-16,AAPL,170.04433444727835,172.03436750787574,166.59889888763496,167.6978759765625,73711200
2024-04-17,AAPL,167.9256158132339,168.95528100035153,166.33160400390625,166.33160400390625,50901200
2024-04-18,AAPL,166.36129252101995,166.96523521407434,164.8959946340493,165.38111877441406,43122900
2024-04-19,AAPL,164.559379327856,164.74747975255278,162.45052746983075,163.36138916015625,68149400
2024-04-22,AAPL,163.8762094876148,165.59891971474525,163.1336578084027,164.19302368164062,48116400
2024-04-23,AAPL,163.70792820716713,165.39104261951863,163.28219064755024,165.24252319335938,49537800
2024-04-24,AAPL,164.88609429896647,167.6186945681344,164.55938480415762,167.3414764404297,48251800
2024-04-25,AAPL,167.84640961058278,168.9156860278579,166.4801094484109,168.2028350830078,50558300
2024-04-26,AAPL,168.19292468782604,169.63841695172266,167.49986430971396,167.61868286132812,44838400
2024-04-29,AAPL,171.64826373021612,174.28185098854456,171.38095596804143,171.7769775390625,68169400
2024-04-30,AAPL,171.6086497890361,173.25216784182598,168.3117184327478,168.63844299316406,65934800
2024-05-01,AAPL,167.8959009696714,170.9948217396029,167.43056733625505,167.61868286132812,50383100
2024-05-02,AAPL,170.79680537480178,171.69777183075684,169.19289835753364,171.3116455078125,94214900
2024-05-03,AAPL,184.7963988764884,185.14292911827533,180.84603267784937,181.5588836669922,163224100
2024-05-06,AAPL,180.53910014061182,182.3707188474722,178.62825898838415,179.90545654296875,78569700
2024-05-07,AAPL,181.6281680754234,183.06376520709566,179.51933122687228,180.58859252929688,77305800
2024-05-08,AAPL,181.03414013837894,181.25195654794928,179.6480343404535,180.92523193359375,45057100
2024-05-09,AAPL,180.74702708520252,182.8261784061232,180.30149897565002,182.73707580566406,48983000
2024-05-10,AAPL,183.31206939842306,183.50044009541958,180.56586910059414,181.47796630859375,50759500
2024-05-13,AAPL,183.84743912898392,185.49318663872077,183.0344740478803,184.6802215576172,72044800
2024-05-14,AAPL,185.8996272619275,186.68285108112164,184.69010361608505,185.8203125,52393600
2024-05-15,AAPL,186.29621459797372,189.0126735344407,185.76084369802737,188.09066772460938,70400000
2024-05-16,AAPL,188.83425018022737,189.458844598736,188.0312088580003,188.20965576171875,52845200
2024-05-17,AAPL,187.8824709799172,189.1713095252472,187.55530322495105,188.2393798828125,41282900
2024-05-20,AAPL,187.70404687859929,190.2718004798306,187.3867877585141,189.39935302734375,44361300
2024-05-21,AAPL,189.44891605266244,191.07483113273048,189.2803778274553,190.69810485839844,42309400
2024-05-22,AAPL,190.61877317517173,191.16405275409193,188.63594934473116,189.26052856445312,34648500
2024-05-23,AAPL,189.3398657052663,189.35969818168277,185.02723244112752,185.27508544921875,51005900
2024-05-24,AAPL,187.19840810516956,188.94328765804346,186.42509288132968,188.3484344482422,36327000
2024-05-28,AAPL,189.86530324069457,191.3425125399711,187.4760118609873,188.35836791992188,52280100
2024-05-29,AAPL,187.98160889548626,190.5989356775744,187.88246165547932,188.65576171875,53068000
2024-05-30,AAPL,189.12173915319045,190.52954231443272,188.99286588586446,189.64718627929688,49889100
2024-05-31,AAPL,189.79589676882185,190.9161970579539,188.2790377703441,190.59893798828125,75158300
2024-06-03,AAPL,191.24336235629542,193.31542486412093,190.86663609575578,192.36366271972656,50080500
2024-06-04,AAPL,192.96842627855952,193.64259428823095,191.3722523931234,192.68092346191406,47471400
2024-06-05,AAPL,193.72190135445058,195.20901937445223,193.19645419760306,194.1878662109375,54156800
2024-06-06,AAPL,194.0094297097739,194.81247106318253,192.50247913295604,192.809814453125,41181800
2024-06-07,AAPL,192.9783133981505,195.2486550396786,192.4726987931798,195.19908142089844,53103900
2024-06-10,AAPL,195.20902308787942,195.6055969774052,190.4998159349584,191.46148681640625,97010200
2024-06-11,AAPL,191.98692512163242,205.38091074009856,191.96710777388114,205.37098693847656,172373300
2024-06-12,AAPL,205.58908283581826,218.30889945026047,205.1231180281253,211.24014282226562,198134300
2024-06-13,AAPL,212.8957913864929,214.88852380834695,209.782758705521,212.40008544921875,97862700
2024-06-14,AAPL,212.01342075889224,213.32207647635283,209.4853176281068,210.66510009765625,70122700
2024-06-17,AAPL,211.53757201804441,217.06965275202606,210.89316027395952,214.80923461914062,93728300
2024-06-18,AAPL,215.72132373307375,216.75240063817128,211.1707464886947,212.4496612548828,79943300
2024-06-20,AAPL,212.0927425591543,212.4000929584359,207.05638337080816,207.87924194335938,86172500
2024-06-21,AAPL,208.58317289420788,210.07029091430852,205.33134270047418,205.7080841064453,241805100
2024-06-24,AAPL,205.93610206103614,210.87332959032133,204.8158016590104,206.3524932861328,80727000
2024-06-25,AAPL,207.35382052419757,209.56468024841507,206.8184646829133,207.27452087402344,55549700
2024-06-26,AAPL,209.68362348048936,213.01476817493463,208.8310086144187,211.41859436035156,66213200
2024-06-27,AAPL,212.84625148948237,213.88723714823547,210.52635096614495,212.26132202148438,49772700
2024-06-28,AAPL,213.91695291908772,214.21437951883613,208.4939285392998,208.81117248535156,82542700
2024-07-01,AAPL,210.26855134899324,215.64200216221636,210.10001313722785,214.88853454589844,60402900
2024-07-02,AAPL,214.2936836981781,218.4873670751859,213.25271326862932,218.37831115722656,58046200
2024-07-03,AAPL,218.11060173486678,219.6472930908203,217.1489310533617,219.6472930908203,37369800
2024-07-05,AAPL,219.74645469045154,224.50523511983306,219.74645469045154,224.39617919921875,60412400
2024-07-08,AAPL,225.1397532025748,225.89323602358715,221.33273465594922,225.86349487304688,59085900
2024-07-09,AAPL,225.97252074204383,227.42989753320916,224.4259205051531,226.71607971191406,48076100
2024-07-10,AAPL,227.3307526887298,231.07828847688273,227.28117906796422,230.97914123535156,62627700
2024-07-11,AAPL,229.40281699319425,230.39422897123262,223.83108651749725,225.61563110351562,64710600
2024-07-12,AAPL,226.9540218514806,230.64207551688347,226.71607753741577,228.5601043701172,53046500
2024-07-15,AAPL,234.44908623752588,235.1926451763578,231.08820043911544,232.38694763183594,62631300
2024-07-16,AAPL,232.98182214446476,234.2409196318231,230.3347538954296,232.80337524414062,43234300
2024-07-17,AAPL,227.4794799069808,229.47222770464353,224.6936146131452,226.9143829345703,57345900
2024-07-18,AAPL,228.30231800055432,228.46094752609622,220.36111458394757,222.25469970703125,66034600
2024-07-19,AAPL,222.88922042587495,224.85221166233242,221.3624376981624,222.3835906982422,49151500
2024-07-22,AAPL,225.06041535891617,225.82380677595344,221.174082433242,222.03662109375,48201800
2024-07-23,AAPL,222.44310313331528,224.9910392063895,220.7676144514488,223.07760620117188,39960300
2024-07-24,AAPL,222.0762625279836,222.86939506256107,215.2652677100796,216.66314697265625,61777600
2024-07-25,AAPL,217.0497975364767,218.95332167523742,212.77681471652627,215.62217712402344,51391200
2024-07-26,AAPL,216.8217851678197,217.6050090608147,214.15488466672127,216.08815002441406,41601300
2024-07-29,AAPL,215.0967318967012,217.41663210574902,213.89711684474761,216.36573791503906,36311800
2024-07-30,AAPL,217.3075942808937,218.43780333279796,214.26395224147618,216.9209442138672,41643800
2024-07-31,AAPL,219.53825698895486,221.89782218872546,218.7352157578384,220.17276000976562,50036300
2024-08-01,AAPL,222.44310665442717,222.55216258005441,215.15623749650504,216.48472595214844,62501000
2024-08-02,AAPL,217.2679231335739,223.66254232334134,215.84030263063204,217.97183227539062,105568600
2024-08-05,AAPL,197.38019703112641,211.66644653820467,194.31673780556494,207.4727783203125,119548600
2024-08-06,AAPL,203.53685401433648,208.18657796978488,199.3431861620261,205.4502716064453,69660500
2024-08-07,AAPL,205.12314519344287,211.8052677945223,204.61753049861642,208.01808166503906,63516400
2024-08-08,AAPL,211.27982425167653,212.36045976406422,207.03658185433542,211.4781036376953,47161100
2024-08-09,AAPL,210.2784745623819,214.91827509282652,210.1495861717322,214.38291931152344,42201600
2024-08-12,AAPL,214.46232494953352,217.8767166928247,213.99582080224636,215.9114532470703,38028100
2024-08-13,AAPL,217.38044783379533,220.23902400333975,217.38044783379533,219.62364196777344,44155300
2024-08-14,AAPL,218.92885985517657,221.37054778476931,218.06532277692483,220.07029724121094,41960600
2024-08-15,AAPL,222.9288713384501,223.67329096872731,221.10255033510867,223.0479736328125,46414000
2024-08-16,AAPL,222.25393109506462,225.1422830006272,221.98593577772976,224.3680877685547,44340200
2024-08-19,AAPL,224.04051049270504,224.30850577318623,221.3804434072076,224.20924377441406,40687800
2024-08-20,AAPL,224.0901616619868,225.47973889834265,223.7725353535306,224.82464599609375,30299000
2024-08-21,AAPL,224.8346020684513,226.28373058529078,223.37553826276908,224.71548461914062,34765500
2024-08-22,AAPL,226.09512887719345,226.64103964823346,222.23407290784718,222.85939025878906,43695300
2024-08-23,AAPL,223.98097823318813,226.52192810531062,222.66087229355688,225.15219116210938,38677300
2024-08-26,AAPL,225.0727813784282,225.58891654674125,222.22414052811973,225.48965454101562,30602200
2024-08-27,AAPL,224.31844891527626,227.14724957253156,223.21670725505913,226.33334350585938,35934600
2024-08-28,AAPL,226.22414704916858,228.14971479709,224.0008084384826,224.80479431152344,38052200
2024-08-29,AAPL,228.3879521456165,231.18696212304621,227.1770283167567,228.0802459716797,51906300
2024-08-30,AAPL,228.4772755570311,228.68570457235603,225.78743262658827,227.29612731933594,52990800
2024-09-03,AAPL,226.84949624301046,227.29614502733148,219.52440165721936,221.1125030517578,50190600
2024-09-04,AAPL,220.01072730838987,220.1298295937355,215.86182100754215,219.20675659179688,43840200
2024-09-05,AAPL,219.9809527371486,223.80229748015876,219.87177059333374,220.72537231445312,36615400
2024-09-06,AAPL,222.28368749781316,223.56409767944487,218.13479623481732,219.17698669433594,48423000
2024-09-09,AAPL,219.17700018247805,219.6236489368284,215.09757995493325,219.26632690429688,67180000
2024-09-10,AAPL,217.29112653781655,219.83207646515766,215.1174187834135,218.47227478027344,51591000
2024-09-11,AAPL,219.81222755985956,221.43008920211523,216.26878297144034,221.0032958984375,44587100
2024-09-12,AAPL,220.84450772306226,221.88669831664953,218.18445530425632,221.1125030517578,37455600
2024-09-13,AAPL,221.9164638014437,222.37303270856336,220.25889118684435,220.84449768066406,36766600
2024-09-16,AAPL,214.92882889414335,215.60377723416104,212.32832783334672,214.71047973632812,59357400
2024-09-17,AAPL,214.1446858286394,215.28612305537175,212.90398660599377,215.17694091796875,45519300
2024-09-18,AAPL,215.931307109631,221.05291740528648,215.92137182236397,219.04794311523438,59894900
2024-09-19,AAPL,223.31597824995185,228.11004268622213,222.95865620671253,227.16709899902344,66781300
2024-09-20,AAPL,228.2589097535001,231.3556905514529,225.92638886705737,226.5020751953125,318679900
2024-09-23,AAPL,225.64847983003366,227.74278104335218,224.12986496132828,224.7849578857422,54146000
2024-09-24,AAPL,226.94872814757065,227.64353192764617,224.05045616714196,225.67825317382812,43556100
2024-09-25,AAPL,223.2564112941643,225.59885242729763,222.3531936181764,224.68569946289062,42308700
2024-09-26,AAPL,225.608784129346,226.79985253593196,223.73284722402752,225.8271484375,36636700
2024-09-27,AAPL,226.7601514881057,227.81226214161182,225.6087788258606,226.09512329101562,34026000
2024-09-30,AAPL,228.32838978012126,231.26637268066406,227.94129216556473,231.26637268066406,54541900
2024-10-01,AAPL,227.81225543239978,227.9412778656533,222.07526286618742,224.52688598632812,63285000
2024-10-02,AAPL,224.2092739820147,225.67825786117984,221.36063294746157,225.0926513671875,32880600
2024-10-03,AAPL,223.46483520314058,225.12240767637772,221.65838486968212,223.9908905029297,34044200
2024-10-04,AAPL,226.20427877531475,226.3035407723517,222.46234078203926,225.1124725341797,37245100
2024-10-07,AAPL,222.8296017820206,224.01074997862722,219.68319006872073,220.04051208496094,39505400
2024-10-08,AAPL,222.6311156567822,224.29860847272343,221.58892507419034,224.09017944335938,31855700
2024-10-09,AAPL,223.55416342639623,228.0405364361267,223.15714569962594,227.83209228515625,33591100
2024-10-10,AAPL,226.0851959438118,227.7923994519787,225.47973405841245,227.3358154296875,28183500
2024-10-11,AAPL,227.5939128444124,227.70309500312143,225.64848941975737,225.85693359375,31759200
2024-10-14,AAPL,226.99837948655343,230.00583388937218,226.89913261283547,229.57904052734375,39882100
2024-10-15,AAPL,231.87182665313995,235.7229623804217,230.6410474142004,232.11004638671875,64751400
2024-10-16,AAPL,229.87676649695567,230.39288648800354,228.1298522341637,230.055419921875,34082200
2024-10-17,AAPL,231.6931893602362,232.11007773662004,228.80485231991835,230.42271423339844,32993800
2024-10-18,AAPL,234.42267769537074,234.42267769537074,232.2688255608399,233.25146484375,46431500
2024-10-21,AAPL,232.70554934615632,235.08770100400858,232.70554934615632,234.72044372558594,36254500
2024-10-22,AAPL,232.14974382855843,234.4624093106695,230.86934872103873,234.10508728027344,38846600
2024-10-23,AAPL,232.33833466706656,233.39044533687328,226.0653512199268,229.04302978515625,52287000
2024-10-24,AAPL,228.26882480795348,229.10258628095696,226.71051430099084,228.8544464111328,31109500
2024-10-25,AAPL,228.03064447383113,231.48474758840828,227.86191116183892,229.68821716308594,38802300
2024-10-28,AAPL,231.58396917060392,232.983466430484,230.8196941830456,231.66336059570312,36087100
2024-10-29,AAPL,231.36561495313973,232.5864588417728,230.59141979007921,231.93136596679688,35417200
2024-10-30,AAPL,230.8792736886572,231.73287549326048,227.8420439394486,228.38795471191406,47070900
2024-10-31,AAPL,227.63359787833264,228.11995749798112,223.69313535160188,224.2291259765625,64370100
2024-11-01,AAPL,219.32588166379162,223.67329727363756,218.63109301833273,221.25144958496094,65276700
2024-11-04,AAPL,219.34573920720757,221.13233427123137,218.07526420177624,220.35813903808594,44944500
2024-11-05,AAPL,220.14969745378525,222.28369429475046,219.49460455688452,221.78741455078125,28111300
2024-11-06,AAPL,220.95365355112233,224.38791581537038,219.54422098922427,221.06283569335938,54561100
2024-11-07,AAPL,222.95864433437472,226.18446269494834,222.89909318788202,225.7874298095703,42137700
2024-11-08,AAPL,225.72780810336752,227.20835428792034,224.9726384261151,225.51914978027344,38328800
2024-11-11,AAPL,223.57158868270503,224.26714170400084,220.0938084143074,222.8064727783203,42005600
2024-11-12,AAPL,223.12444853772337,224.15783943194586,221.9420008205612,222.8064727783203,40398300
2024-11-13,AAPL,222.58787261698694,225.2111120360391,221.34580821096,223.69082641601562,48566200
2024-11-14,AAPL,223.5914969737112,227.41704670245966,223.57161969551154,226.77117919921875,44923900
2024-11-15,AAPL,224.96268496170848,225.4793879673537,222.84621765747355,223.5715789794922,47923700
2024-11-18,AAPL,223.82001439888424,228.28151537171908,223.74052045447314,226.5724334716797,44633700
2024-11-19,AAPL,225.53901477922054,228.6988344551977,225.22105418122663,226.8307647705078,36211800
2024-11-20,AAPL,226.61216873586113,228.4702922716314,224.45594670445817,227.54620361328125,35169600
2024-11-21,AAPL,227.42697481306035,228.6988476019872,224.27710117470866,227.0692596435547,42108300
2024-11-22,AAPL,226.6121530455377,229.25526960886552,226.6121530455377,228.41065979003906,38168300
2024-11-25,AAPL,229.99057974831032,231.7692092379923,228.28149797848934,231.39161682128906,90152800
2024-11-26,AAPL,231.84870566104107,234.07449047305911,231.84870566104107,233.56771850585938,45986200
2024-11-27,AAPL,232.9814664022851,234.1937224347506,232.32565277909848,233.43853759765625,33498400
2024-11-29,AAPL,233.31931239062584,236.3002669685808,232.48464874765904,235.8233184814453,28481400
2024-12-02,AAPL,235.76370602927642,239.26134854667043,235.65440375298792,238.0689697265625,48137100
2024-12-03,AAPL,238.2875760799829,241.21884512379424,237.38334952948236,241.1095428466797,38861000
2024-12-04,AAPL,241.32814402991647,242.56027739454964,239.7184333911867,241.46725463867188,44383900
2024-12-05,AAPL,242.4410361127995,242.98753231090083,240.59284370740727,241.49705505371094,40033900
2024-12-06,AAPL,241.36788746709487,243.0769692456264,240.5431549096241,241.29832458496094,36870600
2024-12-09,AAPL,240.29473874492055,245.67039687977774,240.21524480725012,245.18350219726562,44649200
2024-12-10,AAPL,245.32260336553807,246.63423054379348,243.78244060146582,246.197021484375,36914800
2024-12-11,AAPL,246.3858398593606,249.20780656351602,244.69662013013263,244.9251708984375,45205800
2024-12-12,AAPL,245.32260415969785,247.1608653940442,244.1202792424049,246.3858184814453,32777500
2024-12-13,AAPL,246.24673423955153,247.7073880681415,244.676762972136,246.5547637939453,33155300
2024-12-16,AAPL,246.41563368868003,249.78411156803347,246.07778066556844,249.44625854492188,51694800
2024-12-17,AAPL,248.49234928857376,252.2185421189052,248.19425082976375,251.87075805664062,51356400
2024-12-18,AAPL,250.55917390522964,252.6657103008961,246.1672359539693,246.4752655029297,56774100
2024-12-19,AAPL,245.92873792847348,250.400169527173,245.5213371883983,248.20419311523438,60882300
2024-12-20,AAPL,246.46531011815415,253.38113119374523,244.13023820234332,252.87437438964844,147495300
2024-12-23,AAPL,253.15258832932108,254.02699130961165,251.84096111600803,253.6494140625,40858800
2024-12-24,AAPL,253.86804957710976,256.5707679464462,253.6693071300515,256.56085205078125,23234700
2024-12-26,AAPL,256.55086249805703,258.44874034869076,255.99442012888886,257.3755798339844,27237100
2024-12-27,AAPL,256.19314630806485,257.05764856283577,251.45343969164696,253.96737670898438,42355300
2024-12-30,AAPL,250.6287005424076,251.8906421270002,249.15810064436016,250.59889221191406,35557500
2024-12-31,AAPL,250.83738041728796,251.6720440162376,247.84647977817443,248.8302001953125,39480700
2025-01-02,AAPL,247.34967754084445,247.51861164989126,240.2848294479123,242.30194091796875,55740700
2025-01-03,AAPL,241.81503295898438,242.62981931594805,240.3543640210219,241.81503295898438,40244100
2025-01-06,AAPL,242.75898865424097,245.75982034447205,241.65603491404494,243.44461059570312,45045600
2025-01-07,AAPL,241.4374181829594,243.99110961427562,239.81777667580207,240.6723175048828,40856000
2025-01-08,AAPL,240.38417847646193,242.1628232218062,238.52605495049286,241.1592254638672,37628900
2025-01-10,AAPL,238.48630187104285,238.63535869995312,231.5208099984783,235.34637451171875,61710900
2025-01-13,AAPL,232.04742383507855,233.180185891021,228.26161420500546,232.91189575195312,49630700
2025-01-14,AAPL,233.25971079858908,234.62100862534365,230.99418638589506,231.79904174804688,39435300
2025-01-15,AAPL,233.1503884256181,237.4429702030776,232.94171493841435,236.35987854003906,39832000
2025-01-16,AAPL,235.84318609247865,236.49898454969573,226.58234697208553,226.81088256835938,71759100
2025-01-17,AAPL,230.6463874145182,230.8153063545454,227.02949646555186,228.5199737548828,68488300
2025-01-21,AAPL,222.57792910461188,222.99526090225285,217.98726416864307,221.2265625,98070400
2025-01-22,AAPL,218.39465138442915,222.6971640978084,218.39465138442915,222.4090118408203,64126500
2025-01-23,AAPL,223.3132271476291,225.5886822440662,220.88871524000126,222.24008178710938,60234800
2025-01-24,AAPL,223.35297985225768,224.19758968028435,220.00437919561992,221.3656768798828,54697900
2025-01-27,AAPL,222.5978054024586,230.67618150163648,222.5580508531902,228.40072631835938,94863400
2025-01-28,AAPL,229.38447454034346,238.66517670855166,229.34471998625472,236.74742126464844,75707600
2025-01-29,AAPL,232.6336544175663,238.33721875252743,232.524352160143,237.84039306640625,45486100
2025-01-30,AAPL,237.1548105184623,239.26134692510684,235.7040877651042,236.0816650390625,55658300
2025-01-31,AAPL,245.62073349000855,245.62073349000855,231.9580244316672,234.50177001953125,100959800
2025-02-03,AAPL,228.52991033796462,230.35822543026035,224.2671369795404,226.56246948242188,73063300
2025-02-04,AAPL,225.80731341689966,231.64998934854387,225.21111642561868,231.32208251953125,45067300
2025-02-05,AAPL,227.07916670947125,231.19288314320298,226.82082278842498,230.99415588378906,39620300
2025-02-06,AAPL,229.82163993606684,232.31571480889477,228.9670990724139,231.73939514160156,29925300
2025-02-07,AAPL,231.12335539671392,232.5144614947352,225.81724462416,226.18490600585938,39707200
2025-02-10,AAPL,228.36338248973718,229.378010419489,226.00582893863492,226.45346069335938,33115600
2025-02-11,AAPL,227.000572314181,233.99362125199642,226.93094812871882,231.3973388671875,53718400
2025-02-12,AAPL,229.98480349517558,235.71453849328682,229.4675323792709,235.625,45243300
2025-02-13,AAPL,235.66480095549997,241.06625350434595,234.33184765944378,240.26051330566406,53614100
2025-02-14,AAPL,239.9819785190441,244.25938055012708,239.7233505557091,243.3143768310547,40896200
2025-02-18,AAPL,242.86674847770814,243.8913336127375,240.56889220053384,243.18507385253906,48822500
2025-02-19,AAPL,243.37407429304395,244.716969605811,241.88195827091008,243.5829620361328,32204200
2025-02-20,AAPL,243.65261174603793,245.48293716802547,243.006019001845,244.53793334960938,32316900
2025-02-21,AAPL,244.6572756706751,247.38287960480025,243.93111682470231,244.25938415527344,53197400
2025-02-24,AAPL,243.64264638435856,247.55199828948733,243.1353323966777,245.80125427246094,51326400
2025-02-25,AAPL,246.69652285022872,248.68601093773057,243.62276739789988,245.74156188964844,48013300
2025-02-26,AAPL,243.04579925662603,243.6923767743236,237.87313357927937,239.09666442871094,44433600
2025-02-27,AAPL,238.15166004001364,241.1856322165831,235.81400561415145,236.05274963378906,41153600
2025-02-28,AAPL,235.70458076540925,240.8175641664438,228.9900589647863,240.56887817382812,56833400
2025-03-03,AAPL,240.51913191748446,242.7473638198223,234.8689935924468,236.77890014648438,47184000
2025-03-04,AAPL,236.46059966619734,238.80819608105105,233.44651142335266,234.68994140625,53798100
2025-03-05,AAPL,234.18262069274581,235.30668622205877,228.02515316620742,234.50094604492188,47227600
2025-03-06,AAPL,233.20778757123546,236.60981025581015,231.93451645578955,234.09310913085938,45170400
2025-03-07,AAPL,233.87426828677374,240.10136041796665,233.5261018066448,237.81346130371094,46273600
2025-03-10,AAPL,234.3019970725287,234.91874867921032,223.04150278970278,226.28436279296875,72071200
2025-03-11,AAPL,222.63365113389432,224.65298022983382,216.30707871737093,219.67926025390625,76137400
2025-03-12,AAPL,218.98294858814833,220.58448707211764,213.7804415985268,215.8395538330078,62547500
2025-03-13,AAPL,214.81496040955514,215.70028194858565,207.3245394208188,208.57791137695312,61368300
2025-03-14,AAPL,210.13965751241793,212.82546311709572,208.47843695256688,212.36788940429688,60107600
2025-03-17,AAPL,212.18885305172668,214.08881784956162,208.86641153353526,212.87522888183594,48073400
2025-03-18,AAPL,213.0343879953175,214.019174884069,210.3784232206469,211.57211303710938,42432400
2025-03-19,AAPL,213.0940452987452,217.61017604964766,212.62651443867486,214.1086883544922,54385400
2025-03-20,AAPL,212.86529372925065,216.34689805154306,211.1045924362575,212.97471618652344,48862900
2025-03-21,AAPL,210.44804823896536,217.68978368973626,210.16952111998106,217.12278747558594,94127800
2025-03-24,AAPL,219.8384246082871,220.3158974796034,217.4311459430569,219.56983947753906,44299500
2025-03-25,AAPL,219.60965673355645,222.92215637067883,218.9232808837126,222.57398986816406,34493600
2025-03-26,AAPL,222.3352199198642,223.83729303324841,219.31120492080973,220.36563110351562,34466100
2025-03-27,AAPL,220.22636977863218,223.80745418869535,219.40073045135125,222.67344665527344,37094800
2025-03-28,AAPL,220.504904155295,222.6336557419088,216.5358700680628,216.7547149658203,39818600
2025-03-31,AAPL,215.86937928840504,224.4341253115235,215.09348022110552,220.9624786376953,65299300
2025-04-01,AAPL,218.65469735360887,222.50435214869168,217.74947658321986,222.01693725585938,36412700
2025-04-02,AAPL,220.15677238154151,224.006427206847,219.85834611462542,222.7132568359375,35905900
2025-04-03,AAPL,204.45966369883956,206.39942653372108,200.19221885499383,202.1220245361328,103419000
2025-04-04,AAPL,192.87091122900438,198.82943318150367,186.3553350717911,187.38987731933594,125910900
2025-04-07,AAPL,176.26863687444822,193.12954493623218,173.70219548773406,180.50625610351562,160466300
2025-04-08,AAPL,185.71869040589692,189.33955773730443,168.32062862424334,171.5137481689453,120859500
2025-04-09,AAPL,171.04623198001363,199.55559936553783,170.98654976711688,197.8048553466797,184395900
2025-04-10,AAPL,188.0762635840202,193.7562435722064,182.0381599544528,189.41915893554688,121880000
2025-04-11,AAPL,185.12186726950821,198.49121408156802,185.0820690088969,197.1085205078125,87435900
2025-04-14,AAPL,210.32868138530173,211.8207974391945,200.10271391024364,201.45556640625,101352900
2025-04-15,AAPL,200.7990180691496,202.44033954558066,198.74984792281177,201.07754516601562,51343900
2025-04-16,AAPL,197.31741584829123,199.64511311117855,191.35889396287376,193.24891662597656,59732400
2025-04-17,AAPL,196.16351652823,197.78495412822454,193.39812938355274,195.94467163085938,52164700
2025-04-21,AAPL,192.25416731460396,192.78138039340035,188.81234657174457,192.14474487304688,46742500
2025-04-22,AAPL,195.0892017003565,200.53045296496776,194.93999616163734,198.690185546875,52976400
2025-04-23,AAPL,204.9172632087338,206.9067512010516,201.7340854567431,203.52462768554688,52929200
2025-04-24,AAPL,203.81310578126346,207.73239972806866,201.87335793866913,207.27481079101562,47311000
2025-04-25,AAPL,205.28531450927932,208.6475540878433,205.1162098506388,208.18002319335938,38222300
2025-04-28,AAPL,208.89624364686077,210.38835967290976,206.3696005213303,209.03550720214844,38743100
2025-04-29,AAPL,207.59312493762445,211.12446912484504,207.27479957627347,210.09988403320312,36827600
2025-04-30,AAPL,208.19992461631293,212.4574277707069,205.5837430092506,211.3831024169922,52286500
2025-05-01,AAPL,207.98107159612528,213.43226431553572,207.8020097882055,212.19879150390625,57365700
2025-05-02,AAPL,205.0067917796952,205.9020705063368,201.09745506032002,204.27069091796875,101010600
2025-05-05,AAPL,202.03251395918386,203.02725796650907,197.1682163705072,197.84463500976562,69018500
2025-05-06,AAPL,197.16823320230833,199.5953960373684,195.98448530396325,197.46664428710938,51216500
2025-05-07,AAPL,198.12317194216024,198.3917570874617,192.23428894820486,195.21852111816406,68536700
2025-05-08,AAPL,196.68078271707188,198.99853803284546,193.65675249053749,196.45199584960938,50478900
2025-05-09,AAPL,197.95405738682032,199.48595647897335,196.50172445806652,197.4865264892578,36453900
2025-05-12,AAPL,210.1363584051843,210.4351760021984,205.93303241640405,209.95706176757812,63775800
2025-05-13,AAPL,209.59847136477597,212.55673652410627,208.17412935394688,212.08859252929688,51909300
2025-05-14,AAPL,211.5905625216416,213.09460539099953,209.7478820292828,211.490966796875,49325800
2025-05-15,AAPL,210.11643191755599,212.11849916658366,208.71199985896817,210.6144561767578,45029500
2025-05-16,AAPL,211.52086084946143,211.73003772257164,208.94109887256835,210.42520141601562,54737900
2025-05-19,AAPL,207.0884445111699,208.65223273202483,203.45285841572866,207.9550018310547,46140500
2025-05-20,AAPL,206.84938410987283,207.64622592622177,204.2198167548668,206.04258728027344,42496600
2025-05-21,AAPL,204.3592586621154,206.22186440009241,199.91689108628387,201.2914276123047,59211800
2025-05-22,AAPL,199.91687517553498,201.94880716447733,198.91085659406792,200.56430053710938,46742400
2025-05-23,AAPL,192.9047141233614,196.9187884239126,192.69555244631704,194.49839782714844,78432900
2025-05-27,AAPL,197.51641281084125,199.94677348688452,196.64984031499387,199.4188690185547,56288500
2025-05-28,AAPL,199.79736291846774,201.9289060786693,199.11008702875665,199.62803649902344,45339700
2025-05-29,AAPL,202.775557811137,203.00464471322186,197.72558456215265,199.15989685058594,51396800
2025-05-30,AAPL,198.58218796001185,201.16196516975768,196.00242594876025,200.0563507080078,70819900
2025-06-02,AAPL,199.4885975362889,201.3312933884623,199.3292261245183,200.90298461914062,35423300
2025-06-03,AAPL,200.55435521702816,202.9647905668523,200.16589694161215,202.46676635742188,46381600
2025-06-04,AAPL,202.10819540070028,205.42503857555045,201.30139858491114,202.0185546875,43604000
2025-06-05,AAPL,202.69587362440456,203.9409342732031,199.35910500622674,199.83721923828125,55126100
2025-06-06,AAPL,202.19783403313102,204.8871617909174,201.2515910514923,203.11419677734375,46607700
2025-06-09,AAPL,203.58236159580053,205.18600036190864,199.2296343157191,200.6539764404297,72862600
2025-06-10,AAPL,199.80731310224203,203.54249456453348,199.77743286642308,201.86912536621094,54672600
2025-06-11,AAPL,202.69585666840098,203.69190510411792,197.62597377823997,197.9945068359375,60989900
2025-06-12,AAPL,198.29333609984755,198.890956077424,196.58013147350607,198.41285705566406,43904600
2025-06-13,AAPL,198.94075911963023,199.57822954037988,194.92668495173118,195.67372131347656,51447300
2025-06-16,AAPL,196.52037110088898,197.90487790098294,195.78328974313985,197.6359405517578,43020700
2025-06-17,AAPL,196.42074594971083,197.60604600468164,194.43861931524052,194.86691284179688,38856200
2025-06-18,AAPL,195.16572178414586,196.78928550519313,194.29916455806153,195.80319213867188,45394700
2025-06-20,AAPL,197.45664606001856,200.90296511361447,196.08209436431653,200.2057342529297,96813500
2025-06-23,AAPL,200.83327230185307,201.50062300089087,198.17382451965966,200.7037811279297,55814300
2025-06-24,AAPL,201.78945874554142,202.63610603642124,199.4089034764897,199.50851440429688,54064000
2025-06-25,AAPL,200.65396860223956,202.8651975026319,199.82724651799433,200.76353454589844,39525700
2025-06-26,AAPL,200.63402778217431,201.83925306874522,198.67182635942322,200.2057342529297,50799100
2025-06-27,AAPL,201.09222774816857,202.41697405518968,199.20969672208463,200.28543090820312,73188600
2025-06-30,AAPL,201.21175129212304,206.570497066428,198.47261792694385,204.35926818847656,91912800
2025-07-01,AAPL,205.85332972802502,209.35942450018746,205.3254252695324,206.99879455566406,78788900
2025-07-02,AAPL,208.08449026524102,212.49697770796604,207.31752868499885,211.6005401611328,67941800
2025-07-03,AAPL,211.31168447150716,213.80180573654258,210.97303162710094,212.70616149902344,34955800
2025-07-07,AAPL,211.8395692407974,215.37554414763466,207.97491173225177,209.120361328125,50229000
2025-07-08,AAPL,209.26980118177752,210.59453234535175,207.62631199643187,209.18014526367188,42848900
2025-07-09,AAPL,208.7020406311003,210.49493096772343,206.40117103180637,210.30567932128906,48749400
2025-07-10,AAPL,209.678147079363,212.6364120977978,209.2000480941239,211.57064819335938,44443600
2025-07-11,AAPL,209.73792710960444,211.29176024279,209.03072603053,210.32559204101562,39765800
2025-07-14,AAPL,209.10044482334126,210.07658325197187,206.71988962428105,207.79562377929688,38840100
2025-07-15,AAPL,208.39327261019983,211.05272033528996,208.09445501444372,208.28370666503906,42296300
2025-07-16,AAPL,209.46900551017632,211.5606982702429,207.81556132948495,209.32955932617188,47490500
2025-07-17,AAPL,209.7379236663323,210.96305897069354,208.761785269157,209.19009399414062,48068100
2025-07-18,AAPL,210.0367321724359,210.95309492429405,208.87135730762196,210.3455047607422,48974600
2025-07-21,AAPL,211.2618775331451,214.92732845073886,210.7937335563828,211.64036560058594,51377400
2025-07-22,AAPL,212.29777975345726,214.1006251327807,211.39137195770533,213.55279541015625,46404100
2025-07-23,AAPL,214.15043456376964,214.29983576430007,211.5706725113145,213.3037872314453,46989300
2025-07-24,AAPL,213.05474462863134,214.8376797586153,212.68621158769832,212.91529846191406,46022600
2025-07-25,AAPL,213.85160291428238,214.38947759784276,212.5567368669443,213.03485107421875,40268800
2025-07-28,AAPL,213.18426788884761,214.00103498726418,212.21809958876685,213.20419311523438,37858000
2025-07-29,AAPL,213.33365491441555,213.96117031669576,209.9869466315705,210.43516540527344,51411700
2025-07-30,AAPL,211.06265157316113,211.55072076453234,206.89917652304968,208.2239227294922,45512500
2025-07-31,AAPL,207.66614913739534,209.01080544085684,206.3414028602417,206.74978637695312,80698400
2025-08-01,AAPL,210.03674932642843,212.7360475386617,200.7037794341265,201.58030700683594,104434500
2025-08-04,AAPL,203.70186769022786,207.0585613783641,200.88304868853191,202.5464630126953,75109300
2025-08-05,AAPL,202.59624780213056,204.52858421879685,201.36115745633876,202.11814880371094,44155100
2025-08-06,AAPL,204.81746371165528,214.5289368613384,204.77761325937152,212.4073486328125,108483100
2025-08-07,AAPL,218.01508808955717,219.97730473834642,215.7241736307253,219.16053771972656,90224800
2025-08-08,AAPL,219.95738825778145,230.08719950298993,218.38362983130105,228.4437255859375,113854000
2025-08-11,AAPL,227.27701087414155,228.91238364576833,224.12592192869855,226.53909301757812,61806100
2025-08-12,AAPL,227.36674823663387,230.14888579943394,226.429412881848,229.0021209716797,55626200
2025-08-13,AAPL,230.4181341091737,234.33703985510917,229.77992501054072,232.6717529296875,69878500
2025-08-14,AAPL,233.39967872378062,234.4566858681212,230.1987431425788,232.123291015625,51916300
2025-08-15,AAPL,233.33985018068216,233.6190590405621,228.69299310222902,230.9366455078125,56038700
2025-08-18,AAPL,231.04634466466607,232.46233685580373,229.46083388892833,230.23863220214844,37476200
2025-08-19,AAPL,230.62753117126795,232.2130419457167,228.70298322789472,229.90956115722656,39402600
2025-08-20,AAPL,229.33119207499826,229.81981519856654,225.13307755654054,225.3723907470703,42263900
2025-08-21,AAPL,225.6316789169631,225.88097364743615,223.14869792378403,224.26553344726562,30621200
2025-08-22,AAPL,225.53195134940427,228.44371192910324,224.77410085849388,227.11746215820312,42477800
2025-08-25,AAPL,225.84106025439092,228.6531118971015,225.59176554347297,226.51914978027344,30983100
2025-08-26,AAPL,226.22996704217394,228.84258604761433,224.05612439304167,228.6630859375,54575100
2025-08-27,AAPL,227.96506627689797,230.24859923631865,227.6160475796746,229.8397674560547,31259500
2025-08-28,AAPL,230.16884905542523,232.75153884501827,228.69301327644948,231.9039306640625,38074700
2025-08-29,AAPL,231.85405874294378,232.7216147258446,230.71727541448905,231.485107421875,39418400
2025-09-02,AAPL,228.6032698757151,230.19876225122124,226.32970313085187,229.0719451904297,44075600
2025-09-03,AAPL,236.5408165177042,238.17618932549604,233.69885053091846,237.79725646972656,66427800
2025-09-04,AAPL,237.77729643117493,239.2232027368954,236.0721290991865,239.10354614257812,47549400
2025-09-05,AAPL,239.32291694518142,240.63920029193574,237.81718240373485,239.0137939453125,54870400
2025-09-08,AAPL,238.62490021245955,239.47249309970456,235.67324414176576,237.2089080810547,48999500
2025-09-09,AAPL,236.33139119913957,238.1063683630383,232.70166073618753,233.68887329101562,66313900
2025-09-10,AAPL,231.53496736029473,231.76431424305812,225.31256565050364,226.1501922607422,83440800
2025-09-11,AAPL,226.23995033725743,229.7998710451417,226.010588238333,229.3810577392578,50208600
2025-09-12,AAPL,228.5733443098202,233.84841389514688,228.3739115767776,233.40966796875,55824200
2025-09-15,AAPL,236.33138325533858,237.5180285002954,234.3669397384463,236.0322265625,42699500
2025-09-16,AAPL,236.51088466190768,240.53949594661788,235.65332541334,237.4781494140625,63421100
2025-09-17,AAPL,238.2958480596019,239.42266510979977,237.05934071942244,238.3157958984375,46508000
2025-09-18,AAPL,239.2930082114909,240.51953392817583,235.98236714862816,237.2089080810547,44249600
2025-09-19,AAPL,240.5494606794321,245.60516498271895,239.53234916144805,244.8074188232422,163741300
2025-09-22,AAPL,247.5995237986898,255.9160073848096,247.42002368458668,255.35755920410156,105517400
2025-09-23,AAPL,255.15814081026073,256.6140134777918,252.86462630601793,253.71221923828125,60275200
2025-09-24,AAPL,254.49999981420794,255.01853710208397,250.33178410429736,251.59820556640625,42303700
2025-09-25,AAPL,252.49566170312627,256.4444966190252,250.99989343760635,256.14532470703125,55202100
2025-09-26,AAPL,253.38315498635407,256.87328100426123,253.06405044687503,254.73931884765625,46076300
2025-09-29,AAPL,253.84185736381545,254.28061851263055,252.29622703166862,253.71221923828125,40127700
2025-09-30,AAPL,254.1410137555297,255.1980209495745,252.39595068950493,253.9116668701172,37704300
2025-10-01,AAPL,254.32049261064776,258.0599285933123,254.21080232618834,254.72933959960938,48713900
2025-10-02,AAPL,255.85613542550084,257.45162766856953,253.43299812845933,256.40460205078125,42630200
2025-10-03,AAPL,253.9515436206674,258.5086431914624,253.23357360959045,257.2920837402344,49155600
2025-10-06,AAPL,257.2621558739689,258.33912604890287,254.3304629034206,255.96583557128906,44664100
2025-10-07,AAPL,256.0855101139428,256.6738420114173,254.70939836699205,255.75645446777344,31955800
2025-10-08,AAPL,255.79633660873378,257.7906945345413,255.38748958216482,257.3320007324219,36496900
2025-10-09,AAPL,257.08267167133846,257.27213808351553,252.42584836214985,253.32330322265625,38322000
2025-10-10,AAPL,254.2207817432353,255.6567217403356,243.3116425485481,244.57806396484375,61999100
2025-10-13,AAPL,248.67648318296307,248.98560621270488,244.86725241658198,246.96133422851562,38142900
2025-10-14,AAPL,245.90431694508948,248.14796941642882,244.00966795095763,247.07101440429688,35478000
2025-10-15,AAPL,248.78616738422895,251.10959602979932,246.77186176083558,248.63658142089844,33893600
2025-10-16,AAPL,247.54966879270205,248.33743345063007,244.43847540742667,246.75192260742188,39777000
2025-10-17,AAPL,247.3203043073955,252.66518358811555,246.57242016484557,251.5782470703125,49147000
2025-10-20,AAPL,255.168106265739,263.63416054313814,254.90884523128253,261.50018310546875,90483000
2025-10-21,AAPL,261.1411827196178,264.5415659974475,261.0913055219307,262.0286560058594,46695900
2025-10-22,AAPL,261.9090191460537,262.1084670888602,254.70938662410154,257.72088623046875,45015300
2025-10-23,AAPL,259.2066564378435,259.8847307097371,257.2821086816683,258.84765625,32754900
2025-10-24,AAPL,260.4531761824355,263.3848847726989,258.4488367256365,262.0785827636719,38253700
2025-10-27,AAPL,264.13276036080543,268.36078929414754,263.90339825112477,268.0516662597656,44888200
2025-10-28,AAPL,268.23113785786586,269.12862319727753,267.39351124836816,268.2411193847656,41534800
2025-10-29,AAPL,268.5203194424725,270.6443152614699,266.35642794866993,268.93914794921875,51086700
2025-10-30,AAPL,271.2226702585742,273.36662916750566,267.72259312931254,270.63433837890625,69886500
2025-10-31,AAPL,276.2085891024436,276.53767519933945,268.40069127196034,269.6072692871094,86167100
2025-11-03,AAPL,269.65711516237894,270.08589475979994,265.49886601188945,268.29095458984375,50194600
2025-11-04,AAPL,267.5730004152706,270.72408938596277,266.86501191822913,269.2781982421875,49274800
2025-11-05,AAPL,267.8522167164328,270.9335263776032,266.17696342424256,269.3779296875,43683100
2025-11-06,AAPL,267.1342708755924,272.6287059365568,267.1342708755924,269.0089416503906,51204000
2025-11-07,AAPL,269.03885049148494,271.5218466038475,266.0173996929098,267.7126159667969,48227400
2025-11-10,AAPL,268.46122924118225,273.22240319845355,266.96401085683,268.93035888671875,41312400
2025-11-11,AAPL,269.3096487524697,275.3983427074405,269.2996575494418,274.73956298828125,46208300
2025-11-12,AAPL,274.49002155435767,275.2186787593472,271.19615348009904,272.9628601074219,48398000
2025-11-13,AAPL,273.6016697208788,276.1868935731559,271.5854266195937,272.44384765625,49602800
2025-11-14,AAPL,270.54732197227213,275.44821996704485,269.10002929321837,271.9048156738281,47431300
2025-11-17,AAPL,268.3214829895084,269.98836893107386,265.237217022597,266.9639892578125,45018300
2025-11-18,AAPL,269.48932037088264,270.2079864201871,264.8279974843966,266.9440612792969,45677300
2025-11-19,AAPL,265.0375710636542,271.7051756343288,265.00762791735707,268.06195068359375,40424500
2025-11-20,AAPL,270.327749378444,274.91922505965954,265.42688147061517,265.7562561035156,45823600
2025-11-21,AAPL,265.4568071090486,272.8230952896135,265.17732758833057,270.98651123046875,59030800
2025-11-24,AAPL,270.397615191446,276.4863089537433,270.397615191446,275.4083251953125,65585800
2025-11-25,AAPL,274.75953066216096,279.8600705608694,274.73957871594786,276.4563903808594,46914200
2025-11-26,AAPL,276.44637611579356,279.01161742605893,276.1170014953278,277.0352783203125,33431400
2025-11-28,AAPL,276.7458380127342,278.4826014787427,275.4781737009374,278.3328857421875,20135600
2025-12-01,AAPL,277.4944549964911,282.89442609469603,275.62792768573877,282.57501220703125,46587700
2025-12-02,AAPL,282.47518456741903,286.86701880065203,282.10587559562896,285.6592712402344,53669500
2025-12-03,AAPL,285.6692634925469,288.0847586222564,282.77461708045536,283.623046875,43538700
2025-12-04,AAPL,283.5731318378766,284.20196835267484,278.07334059490756,280.179443359375,43989100
2025-12-05,AAPL,280.01974631085085,280.6186397013617,277.53434330937836,278.26300048828125,47265800
2025-12-08,AAPL,277.6142094762677,279.15136205700173,275.6378704438954,277.3746643066406,38211800
2025-12-09,AAPL,277.64414811825674,279.5106752769474,276.40645748061854,276.66595458984375,32193300
2025-12-10,AAPL,277.23491184461454,279.2312028389952,275.92734368017386,278.26300048828125,33038300
2025-12-11,AAPL,278.5824273392719,279.07150890817053,273.3022288840155,277.514404296875,33248000
2025-12-12,AAPL,277.38464634485007,278.70220580092337,276.30666253778065,277.7639465332031,39532900
2025-12-15,AAPL,279.63046152672615,279.63046152672615,272.33402020742307,273.6016540527344,50409100
2025-12-16,AAPL,272.3140798989353,274.9891026980292,271.2859911871425,274.1007385253906,37648600
2025-12-17,AAPL,274.50001118897205,275.6478724530811,271.13626563598973,271.33587646484375,50138700
2025-12-18,AAPL,273.1025913325419,273.12257373871984,266.4549687260805,271.68524169921875,51630700
2025-12-19,AAPL,271.6453053723066,274.09077415448866,269.399477884542,273.1625061035156,144632000
2025-12-22,AAPL,272.3539780142796,273.37210596231955,270.00836035897595,270.4674987792969,36571800
2025-12-23,AAPL,270.3377490962612,271.99467443806464,269.06012395403746,271.85491943359375,29642000
2025-12-24,AAPL,271.8349404799371,274.9192064044749,271.69521595033444,273.3022155761719,17910600
2025-12-26,AAPL,273.65157518449314,274.859322715931,272.35396775197984,272.8929748535156,21521800
2025-12-29,AAPL,272.1843267483383,273.8512128461511,271.8449608988494,273.2523498535156,23715200
2025-12-30,AAPL,272.304089543875,273.5717234473003,271.77507361210075,272.5735778808594,22139600
2025-12-31,AAPL,272.553621806917,273.17246717497864,271.24605357156486,271.3558349609375,27293600
2026-01-02,AAPL,271.75509761912826,277.32473598417806,268.5011336129586,270.5074157714844,37838100
2026-01-05,AAPL,270.1381104139889,271.0064921177503,265.6464557026853,266.7643737792969,45647200
2026-01-06,AAPL,266.504853430471,267.0538212812338,261.6338984265986,261.8734436035156,52352100
2026-01-07,AAPL,262.71190159101934,263.1909919246956,259.32817380451803,259.8471984863281,48309800
2026-01-08,AAPL,256.5433578451618,258.80916773471864,255.22581364132833,258.55963134765625,50419300
2026-01-09,AAPL,258.5995368285105,259.7274461787287,255.74485516422806,258.8890075683594,39997000
2026-01-12,AAPL,258.6794199598783,260.8154357257053,256.32378048041085,259.76739501953125,45263800
2026-01-13,AAPL,258.24022168851656,261.3244878277737,257.9108470550362,260.5658874511719,45730800
2026-01-14,AAPL,259.0087756526009,261.33447181199796,256.23393227813756,259.4779052734375,40019400
2026-01-15,AAPL,260.1666175851947,260.5559089501236,256.5732877053955,257.73114013671875,39388600
2026-01-16,AAPL,257.4217372195352,258.41988279267105,254.45724364888233,255.05613708496094,72142800
2026-01-20,AAPL,252.26132447540706,254.31750190322293,242.9685916985444,246.2425079345703,80267500
2026-01-21,AAPL,248.23880604127606,251.09350304772093,244.72532928784554,247.1907501220703,54641700
2026-01-22,AAPL,248.737864640942,250.53452965267718,247.68980878155546,247.8894500732422,39708300
2026-01-23,AAPL,246.86136630134166,248.94748685874615,244.22624741136653,247.58001708984375,41689000
2026-01-26,AAPL,251.01363570547153,256.08421686766076,249.336758511775,254.9363555908203,55969200
2026-01-27,AAPL,258.68937090303496,261.46421404872183,257.73112933459527,257.791015625,49648300
2026-01-28,AAPL,257.17220993748055,258.3799575946877,254.03803333601454,255.96446228027344,41288000
2026-01-29,AAPL,257.52154586161765,259.16847988830324,253.93820707645818,257.801025390625,67253000
2026-01-30,AAPL,254.69678984095313,261.41430490835,251.7123292610244,258.9988098144531,92443400
2026-02-02,AAPL,259.5478036352127,269.98839826257677,258.7293169184304,269.5093078613281,73913400
2026-02-03,AAPL,268.70080609664296,271.3758289780004,267.11372779647115,268.98028564453125,64394700
2026-02-04,AAPL,271.7850411492978,278.432693698261,271.7850411492978,275.97723388671875,90545700
2026-02-05,AAPL,277.6142303156022,278.98168486317746,272.72332314901723,275.3983459472656,52977400
2026-02-06,AAPL,276.6060720438839,280.3890519626743,276.4164219647768,277.6042175292969,50453400
2026-02-09,AAPL,277.6541982366954,277.9439398399519,271.4499228389202,274.3672180175781,44623400
2026-02-10,AAPL,274.6369782150198,275.11651686144285,272.68876099546605,273.4280700683594,34376900
2026-02-11,AAPL,274.44714753122867,279.92208361183503,274.1973776592452,275.24639892578125,51931300
2026-02-12,AAPL,275.3363333447182,275.46621856633783,259.94051360693726,261.4891052246094,81077200
2026-02-13,AAPL,261.7688319830923,261.9886306947134,255.21485759663088,255.5445556640625,56290700
2026-02-17,AAPL,257.8124646511843,266.0449008431299,255.30478047881587,263.6371154785156,58469100
2026-02-18,AAPL,263.35737977838915,266.57441720150126,262.20844437502524,264.106689453125,34203300
2026-02-19,AAPL,262.35827847824623,264.2365527856389,259.81060750150084,260.3401184082031,30845300
2026-02-20,AAPL,258.73163460792017,264.5063132392292,257.9223826043077,264.3364562988281,42070500
2026-02-23,AAPL,263.24744081710827,269.1819753311392,263.13755670993424,265.9349670410156,37308200
2026-02-24,AAPL,267.61343657617186,274.6369951599546,267.46358073991865,271.8895263671875,47014600
2026-02-25,AAPL,271.5298429675081,274.6869380517792,270.8005039088116,273.97760009765625,33714300
2026-02-26,AAPL,274.6969199809464,275.8558253670768,270.55071567552415,272.6987609863281,32345100
2026-02-27,AAPL,272.5588900215503,272.5588900215503,262.6480379442022,263.93682861328125,72366500
2026-03-02,AAPL,262.16844722421786,266.2846497598317,259.960490133898,264.476318359375,41827900
2026-03-03,AAPL,263.23749216234586,265.31556422164516,259.8905695547566,263.5072326660156,38568900
2026-03-04,AAPL,264.4063951364299,265.9050144519466,261.179387723623,262.2783508300781,39803100
2026-03-05,AAPL,260.54995479568396,261.3192350446657,257.01320478174756,260.0504150390625,49658600
2026-03-06,AAPL,258.39192833924307,258.53178361058343,254.13584003818684,257.2229919433594,41120000
2026-03-09,AAPL,255.45463216869055,260.9095975388004,253.44647267699952,259.6407775878906,38218500
2026-03-10,AAPL,257.4128391437035,262.2384104290217,256.71350175461305,260.58990478515625,30590800
2026-03-11,AAPL,260.8496568052655,261.888707997661,259.3110658747261,260.5699157714844,26218900
2026-03-12,AAPL,258.4219063383753,258.71164792954545,253.94601921584928,255.52456665039062,40794000
2026-03-13,AAPL,255.24483747003174,256.0940459350445,249.29033192864068,249.8897705078125,36930000
2026-03-16,AAPL,251.87794235419486,253.6563027081548,249.6499992581203,252.58729553222656,32074200
2026-03-17,AAPL,252.72716690012706,254.89516767044782,251.94787083452104,253.99598693847656,32361600
2026-03-18,AAPL,252.3974721128864,254.70534343896443,248.7708084606242,249.70994567871094,35757900
2026-03-19,AAPL,249.17043241392184,251.5982036354298,247.0723745163624,248.73085021972656,34864100
2026-03-20,AAPL,247.7517334570195,248.97061168291066,245.77356028907465,247.76173400878906,88331100
2026-03-23,AAPL,253.73622734962268,254.3656523266213,250.0496214753341,251.25851440429688,40546100
2026-03-24,AAPL,250.1195650925759,254.5954370944537,249.32029842391177,251.4083709716797,45152300
2026-03-25,AAPL,253.86611511385965,254.76528059453105,251.3684162845015,252.38746643066406,28476700
2026-03-26,AAPL,251.88793104116345,256.76344411909713,250.53918279672283,252.6572265625,41796700
2026-03-27,AAPL,253.666280215245,255.2548282141602,247.8416601166152,248.57098388671875,47900000
2026-03-30,AAPL,249.83982057534305,250.63907198816298,245.28400520065438,246.40298461914062,39446200
2026-03-31,AAPL,247.6818040942864,255.24482803058763,246.87255213324852,253.55638122558594,49598100
2026-04-01,AAPL,253.8461228128272,255.94418062939917,253.096813183035,255.3946990966797,40059400
2026-04-02,AAPL,253.96601496217014,255.89424639361263,250.4192795609811,255.68443298339844,31289400
2026-04-06,AAPL,256.27389167390277,261.9186847371787,256.2239194053331,258.6217041015625,29329900
2026-04-07,AAPL,255.92421782448065,255.96418954301222,245.47383916108728,253.26666259765625,62148000
2026-04-08,AAPL,258.2121146377317,259.51090582044134,256.29386854025813,258.66168212890625,41032800
2026-04-09,AAPL,258.7615948993736,260.879638597066,255.8342992320816,260.2502136230469,28121600
2026-04-10,AAPL,259.7406946341393,261.94865175168746,258.78155637925676,260.240234375,31291500
2026-04-13,AAPL,259.49093671136296,259.9405042051452,256.4237552437805,258.96142578125,36234700
2026-04-14,AAPL,259.01136264890187,261.68888841493145,256.9532612999924,258.59173583984375,48370700
2026-04-15,AAPL,257.92237663273806,266.3146386359468,257.57269269729437,266.18475341796875,49913500
2026-04-16,AAPL,266.55439590858066,266.91408037974617,261.0294875448873,263.15753173828125,43323100
2026-04-17,AAPL,266.7142527536172,272.0493335842862,266.47448343207725,269.98126220703125,61436200
2026-04-20,AAPL,270.08114756253855,274.0275237795767,270.04120633500696,272.79864501953125,36590200
2026-04-21,AAPL,271.250098918132,272.5488901425708,265.1557075406741,265.9250183105469,50209800
2026-04-22,AAPL,267.5734973129919,273.48803128351057,266.62435952726383,272.9185791015625,43249200
2026-04-23,AAPL,274.79681820267325,275.5161566987003,271.39995382845746,273.1783142089844,33399600
2026-04-24,AAPL,272.50893317942314,272.80864483253174,269.4017800912603,270.81048583984375,38157100
2026-04-27,AAPL,265.84505761361925,268.1129570778125,264.8260075108844,267.3636474609375,41466800
2026-04-28,AAPL,272.0893199684016,272.97851539952296,268.4127145556596,270.4608154296875,40018900
2026-04-29,AAPL,267.3037117460274,270.7905199823619,266.7942019267937,269.92132568359375,30047900
2026-04-30,AAPL,270.25102650288807,275.7459641951834,267.893213328058,271.1002502441406,91848200
2026-05-01,AAPL,278.6032901046287,286.95561044034525,278.1137509144006,279.88214111328125,79915400
2026-05-04,AAPL,279.4025768563376,280.3716851917065,274.60697695873915,276.5751647949219,46668400
2026-05-05,AAPL,276.6750995896243,284.30808218316156,276.2455026895375,283.9184265136719,49311700
2026-05-06,AAPL,281.66051049385584,287.76487170009636,280.8112868075762,287.245361328125,58336100
2026-05-07,AAPL,289.00371711581823,291.8611003514943,285.5169394038565,287.1754150390625,45224300
2026-05-08,AAPL,289.7430674686918,294.4886952888782,289.7330669166447,293.0500183105469,52692800
2026-05-11,AAPL,291.9800109863281,293.8800048828125,290.2300109863281,292.67999267578125,42247300
2026-05-12,AAPL,292.55999755859375,295.2699890136719,292.55999755859375,294.79998779296875,45748100
2026-05-13,AAPL,293.5,300.9200134277344,293.5,298.8699951171875,52684300
2026-05-14,AAPL,299.82000732421875,300.45001220703125,295.3800048828125,298.2099914550781,35324900
2026-05-15,AAPL,297.8999938964844,303.20001220703125,296.5199890136719,300.2300109863281,54862800
2026-05-18,AAPL,300.239990234375,300.6600036621094,294.9100036621094,297.8399963378906,34483000
2026-05-19,AAPL,296.9700012207031,300.510009765625,296.3500061035156,298.9700012207031,42243600
2026-05-20,AAPL,298.17999267578125,302.79998779296875,298.0799865722656,302.25,38229800
2026-05-21,AAPL,301.05999755859375,305.5400085449219,300.3999938964844,304.989990234375,42965100
2026-05-22,AAPL,306.1199951171875,311.3999938964844,305.8399963378906,308.82000732421875,43670200
2026-05-26,AAPL,309.55999755859375,311.82000732421875,307.6700134277344,308.3299865722656,48000500
2026-05-27,AAPL,308.3299865722656,313.260009765625,308.29998779296875,310.8500061035156,50430900
2026-05-28,AAPL,310.67999267578125,312.79998779296875,309.57000732421875,312.510009765625,48220400
2026-05-29,AAPL,311.7799987792969,315.0,309.5299987792969,312.05999755859375,70026800
2026-06-01,AAPL,309.6300048828125,310.94000244140625,305.0199890136719,306.30999755859375,48849900
2026-06-02,AAPL,307.4599914550781,315.45001220703125,306.69000244140625,315.20001220703125,44534700
2026-06-03,AAPL,314.17999267578125,316.94000244140625,308.8500061035156,310.260009765625,50836700
2026-06-04,AAPL,313.2300109863281,313.5400085449219,309.6499938964844,311.2300109863281,44869100
2026-06-05,AAPL,312.8599853515625,315.1700134277344,307.1499938964844,307.3399963378906,65310500
2026-06-08,AAPL,308.739990234375,317.3999938964844,301.1700134277344,301.5400085449219,77949100
2026-06-09,AAPL,300.2799987792969,300.75,287.7799987792969,290.54998779296875,70108800
2026-06-10,AAPL,290.739990234375,294.75,287.3800048828125,291.5799865722656,52793300
2026-06-11,AAPL,293.7200012207031,297.0,289.5899963378906,295.6300048828125,42572500
2026-06-12,AAPL,296.0299987792969,297.1400146484375,289.6199951171875,291.1300048828125,38742100
2026-06-15,AAPL,294.1199951171875,297.7799987792969,291.70001220703125,296.4200134277344,45732600
2026-06-16,AAPL,295.25,300.4800109863281,293.9700012207031,299.239990234375,39874400
2026-06-17,AAPL,300.8500061035156,302.07000732421875,294.3599853515625,295.95001220703125,42745100
2026-06-18,AAPL,298.1099853515625,300.57000732421875,295.6199951171875,298.010009765625,85962200
2026-06-22,AAPL,297.30999755859375,302.4200134277344,296.760009765625,297.010009765625,44879900
2026-06-23,AAPL,297.5400085449219,301.6400146484375,294.17999267578125,294.29998779296875,52010900
2026-06-24,AAPL,295.3599853515625,299.70001220703125,292.94000244140625,293.0799865722656,53081900
2026-06-25,AAPL,287.3999938964844,288.79998779296875,273.75,275.1499938964844,107013700
2026-06-26,AAPL,275.0,285.95001220703125,274.2099914550781,283.7799987792969,261775500
2026-06-29,AAPL,286.7300109863281,288.3699951171875,279.8500061035156,281.739990234375,66427000
2026-06-30,AAPL,281.1700134277344,289.94000244140625,280.70001220703125,289.3599853515625,65100200
2026-07-01,AAPL,293.44000244140625,296.5899963378906,289.20001220703125,294.3800048828125,50164200
2026-07-02,AAPL,294.1199951171875,309.4200134277344,293.67999267578125,308.6300048828125,75352800
2026-07-06,AAPL,307.3599853515625,314.20001220703125,307.0,312.6600036621094,53590000
2026-07-07,AAPL,315.2900085449219,315.4800109863281,310.1499938964844,310.6600036621094,42490000
2026-07-08,AAPL,311.9100036621094,314.82000732421875,307.04998779296875,313.3900146484375,41323500
2026-07-09,AAPL,310.510009765625,316.5299987792969,308.1600036621094,316.2200012207031,48124500
2026-07-10,AAPL,314.7200012207031,316.9100036621094,312.1700134277344,315.32000732421875,34132300
2026-07-13,AAPL,317.0199890136719,323.45001220703125,315.7799987792969,317.30999755859375,43257800
2026-07-14,AAPL,313.760009765625,316.19000244140625,311.9100036621094,314.8599853515625,36336800
2026-07-15,AAPL,317.6199951171875,328.7300109863281,317.32000732421875,327.5,60957600
2026-07-16,AAPL,328.010009765625,334.67999267578125,326.7900085449219,333.260009765625,62970600
2026-07-17,AAPL,331.9800109863281,334.989990234375,329.0,333.739990234375,63407100
2026-07-20,AAPL,333.510009765625,333.7099914550781,323.67999267578125,326.5899963378906,53468000
2026-07-21,AAPL,323.1300048828125,329.6000061035156,322.2200012207031,327.739990234375,41338900
2026-07-22,AAPL,327.8699951171875,329.0,323.3399963378906,325.8900146484375,38755900
2026-07-23,AAPL,321.7300109863281,323.29998779296875,319.3500061035156,321.6600036621094,40840800
2026-07-24,AAPL,321.7900085449219,334.3699951171875,321.6199951171875,333.0199890136719,47489400
2026-07-27,AAPL,334.5400085449219,339.57000732421875,334.0199890136719,336.9100036621094,49556300
2023-07-31,AMZN,133.1999969482422,133.8699951171875,132.3800048828125,133.67999267578125,41901500
2023-08-01,AMZN,133.5500030517578,133.69000244140625,131.6199951171875,131.69000244140625,42098500
2023-08-02,AMZN,130.14999389648438,130.22999572753906,126.81999969482422,128.2100067138672,51027600
2023-08-03,AMZN,127.4800033569336,129.83999633789062,126.41000366210938,128.91000366210938,88585200
2023-08-04,AMZN,141.05999755859375,143.6300048828125,139.32000732421875,139.57000732421875,153128500
2023-08-07,AMZN,140.99000549316406,142.5399932861328,138.9499969482422,142.22000122070312,71213100
2023-08-08,AMZN,140.6199951171875,140.83999633789062,138.4199981689453,139.94000244140625,51710500
2023-08-09,AMZN,139.97000122070312,140.32000732421875,137.10000610351562,137.85000610351562,50017300
2023-08-10,AMZN,139.07000732421875,140.41000366210938,137.49000549316406,138.55999755859375,58928400
2023-08-11,AMZN,137.39999389648438,139.3300018310547,137.0,138.41000366210938,42905800
2023-08-14,AMZN,138.3000030517578,140.58999633789062,137.75,140.57000732421875,47148700
2023-08-15,AMZN,140.0500030517578,141.27999877929688,137.22999572753906,137.6699981689453,42781500
2023-08-16,AMZN,137.19000244140625,137.27000427246094,135.00999450683594,135.07000732421875,41675900
2023-08-17,AMZN,135.4600067138672,136.08999633789062,133.52999877929688,133.97999572753906,48354100
2023-08-18,AMZN,131.6199951171875,134.07000732421875,131.14999389648438,133.22000122070312,48497700
2023-08-21,AMZN,133.74000549316406,135.19000244140625,132.7100067138672,134.67999267578125,41442500
2023-08-22,AMZN,135.0800018310547,135.64999389648438,133.72999572753906,134.25,32905400
2023-08-23,AMZN,134.5,135.9499969482422,133.22000122070312,135.52000427246094,42801000
2023-08-24,AMZN,136.39999389648438,136.77999877929688,131.8300018310547,131.83999633789062,43646300
2023-08-25,AMZN,132.47000122070312,133.8699951171875,130.5800018310547,133.25999450683594,44147500
2023-08-28,AMZN,133.77999877929688,133.9499969482422,131.85000610351562,133.13999938964844,34108400
2023-08-29,AMZN,133.3800048828125,135.13999938964844,133.25,134.91000366210938,38646100
2023-08-30,AMZN,134.92999267578125,135.67999267578125,133.9199981689453,135.07000732421875,36137000
2023-08-31,AMZN,135.05999755859375,138.7899932861328,135.0,138.00999450683594,58781300
2023-09-01,AMZN,139.4600067138672,139.9600067138672,136.8800048828125,138.1199951171875,40991500
2023-09-05,AMZN,137.72999572753906,137.8000030517578,135.82000732421875,137.27000427246094,40636700
2023-09-06,AMZN,136.32000732421875,137.4499969482422,134.61000061035156,135.36000061035156,41785500
2023-09-07,AMZN,133.89999389648438,138.02999877929688,133.16000366210938,137.85000610351562,48498900
2023-09-08,AMZN,136.86000061035156,138.85000610351562,136.75,138.22999572753906,38348200
2023-09-11,AMZN,138.75,143.6199951171875,138.63999938964844,143.10000610351562,56764500
2023-09-12,AMZN,142.32000732421875,143.0,140.61000061035156,141.22999572753906,42668500
2023-09-13,AMZN,140.9499969482422,144.97999572753906,140.8699951171875,144.85000610351562,60465200
2023-09-14,AMZN,145.0800018310547,145.86000061035156,142.9499969482422,144.72000122070312,64033600
2023-09-15,AMZN,142.69000244140625,143.57000732421875,140.08999633789062,140.38999938964844,102909300
2023-09-18,AMZN,140.47999572753906,141.75,139.22000122070312,139.97999572753906,42823500
2023-09-19,AMZN,138.6999969482422,138.83999633789062,135.55999755859375,137.6300048828125,61482500
2023-09-20,AMZN,138.5500030517578,139.3699951171875,135.1999969482422,135.2899932861328,46263700
2023-09-21,AMZN,131.94000244140625,132.24000549316406,129.30999755859375,129.3300018310547,70343300
2023-09-22,AMZN,131.11000061035156,132.02999877929688,128.52000427246094,129.1199951171875,59904300
2023-09-25,AMZN,129.36000061035156,131.77999877929688,128.77000427246094,131.27000427246094,46017800
2023-09-26,AMZN,130.1199951171875,130.38999938964844,125.27999877929688,125.9800033569336,73048200
2023-09-27,AMZN,125.76000213623047,127.4800033569336,124.12999725341797,125.9800033569336,66553400
2023-09-28,AMZN,124.04000091552734,126.58000183105469,123.04000091552734,125.9800033569336,54555000
2023-09-29,AMZN,128.1999969482422,129.14999389648438,126.31999969482422,127.12000274658203,62411700
2023-10-02,AMZN,127.27999877929688,130.47000122070312,126.54000091552734,129.4600067138672,48029700
2023-10-03,AMZN,128.05999755859375,128.52000427246094,124.25,124.72000122070312,51565000
2023-10-04,AMZN,126.05999755859375,127.36000061035156,125.68000030517578,127.0,44203900
2023-10-05,AMZN,126.70999908447266,126.7300033569336,124.33000183105469,125.95999908447266,39660600
2023-10-06,AMZN,124.16000366210938,128.4499969482422,124.12999725341797,127.95999908447266,46836700
2023-10-09,AMZN,126.22000122070312,128.7899932861328,124.76000213623047,128.25999450683594,38773700
2023-10-10,AMZN,128.82000732421875,130.74000549316406,128.0500030517578,129.47999572753906,42178600
2023-10-11,AMZN,129.74000549316406,132.0500030517578,129.61000061035156,131.8300018310547,40741800
2023-10-12,AMZN,132.1699981689453,134.47999572753906,131.22999572753906,132.3300018310547,55528600
2023-10-13,AMZN,132.97999572753906,133.30999755859375,128.9499969482422,129.7899932861328,45786600
2023-10-16,AMZN,130.69000244140625,133.07000732421875,130.42999267578125,132.5500030517578,42832900
2023-10-17,AMZN,130.38999938964844,132.5800018310547,128.7100067138672,131.47000122070312,49344600
2023-10-18,AMZN,129.89999389648438,130.6699981689453,127.51000213623047,128.1300048828125,42699500
2023-10-19,AMZN,130.57000732421875,132.24000549316406,127.47000122070312,128.39999389648438,60961400
2023-10-20,AMZN,128.0500030517578,128.1699981689453,124.97000122070312,125.16999816894531,56406400
2023-10-23,AMZN,124.62999725341797,127.87999725341797,123.9800033569336,126.55999755859375,48260000
2023-10-24,AMZN,127.73999786376953,128.8000030517578,126.33999633789062,128.55999755859375,46477400
2023-10-25,AMZN,126.04000091552734,126.33999633789062,120.79000091552734,121.38999938964844,74577500
2023-10-26,AMZN,120.62999725341797,121.63999938964844,118.3499984741211,119.56999969482422,100419500
2023-10-27,AMZN,126.19999694824219,130.02000427246094,125.5199966430664,127.73999786376953,125309300
2023-10-30,AMZN,129.72000122070312,133.0,128.55999755859375,132.7100067138672,72485500
2023-10-31,AMZN,132.75,133.57000732421875,131.7100067138672,133.08999633789062,51589400
2023-11-01,AMZN,133.9600067138672,137.35000610351562,133.7100067138672,137.0,61529400
2023-11-02,AMZN,138.72999572753906,138.80999755859375,136.47000122070312,138.07000732421875,52236700
2023-11-03,AMZN,138.99000549316406,139.49000549316406,137.4499969482422,138.60000610351562,44059800
2023-11-06,AMZN,138.75999450683594,140.72999572753906,138.36000061035156,139.74000549316406,44970400
2023-11-07,AMZN,140.5500030517578,143.3699951171875,140.5,142.7100067138672,53553500
2023-11-08,AMZN,142.97000122070312,143.1199951171875,141.22000122070312,142.0800018310547,44521700
2023-11-09,AMZN,142.02000427246094,142.64999389648438,139.83999633789062,140.60000610351562,36235400
2023-11-10,AMZN,140.4600067138672,143.64999389648438,139.91000366210938,143.55999755859375,49287800
2023-11-13,AMZN,142.0800018310547,143.22999572753906,140.6699981689453,142.58999633789062,35680600
2023-11-14,AMZN,145.0,147.25999450683594,144.67999267578125,145.8000030517578,56674600
2023-11-15,AMZN,147.05999755859375,147.2899932861328,142.58999633789062,143.1999969482422,63875700
2023-11-16,AMZN,140.91000366210938,143.32000732421875,139.52000427246094,142.8300018310547,49653500
2023-11-17,AMZN,142.66000366210938,145.22999572753906,142.5399932861328,145.17999267578125,49636700
2023-11-20,AMZN,145.1300048828125,146.6300048828125,144.72999572753906,146.1300048828125,41951200
2023-11-21,AMZN,143.91000366210938,144.0500030517578,141.5,143.89999389648438,71226000
2023-11-22,AMZN,144.57000732421875,147.74000549316406,144.57000732421875,146.7100067138672,45669100
2023-11-24,AMZN,146.6999969482422,147.1999969482422,145.32000732421875,146.74000549316406,22378400
2023-11-27,AMZN,147.52999877929688,149.25999450683594,146.8800048828125,147.72999572753906,53762400
2023-11-28,AMZN,146.97999572753906,147.60000610351562,145.52999877929688,147.02999877929688,42711700
2023-11-29,AMZN,147.85000610351562,148.5399932861328,145.97000122070312,146.32000732421875,40610900
2023-11-30,AMZN,144.75999450683594,146.92999267578125,144.3300018310547,146.08999633789062,65814000
2023-12-01,AMZN,146.0,147.25,145.5500030517578,147.02999877929688,39951800
2023-12-04,AMZN,145.25,145.35000610351562,142.80999755859375,144.83999633789062,48294200
2023-12-05,AMZN,143.5500030517578,148.57000732421875,143.1300048828125,146.8800048828125,46822400
2023-12-06,AMZN,147.5800018310547,147.85000610351562,144.27999877929688,144.52000427246094,39679000
2023-12-07,AMZN,146.14999389648438,147.9199981689453,145.33999633789062,146.8800048828125,52352800
2023-12-08,AMZN,145.47999572753906,147.83999633789062,145.39999389648438,147.4199981689453,41906000
2023-12-11,AMZN,145.66000366210938,146.19000244140625,143.63999938964844,145.88999938964844,50907300
2023-12-12,AMZN,145.52000427246094,147.5,145.3000030517578,147.47999572753906,44944300
2023-12-13,AMZN,148.1199951171875,149.4600067138672,146.82000732421875,148.83999633789062,52766200
2023-12-14,AMZN,149.92999267578125,150.5399932861328,145.52000427246094,147.4199981689453,58400800
2023-12-15,AMZN,148.3800048828125,150.57000732421875,147.8800048828125,149.97000122070312,110089300
2023-12-18,AMZN,150.55999755859375,154.85000610351562,150.0500030517578,154.07000732421875,62512800
2023-12-19,AMZN,154.39999389648438,155.1199951171875,152.69000244140625,153.7899932861328,43171300
2023-12-20,AMZN,152.89999389648438,155.6300048828125,151.55999755859375,152.1199951171875,50322100
2023-12-21,AMZN,153.3000030517578,153.97000122070312,152.10000610351562,153.83999633789062,36305700
2023-12-22,AMZN,153.77000427246094,154.35000610351562,152.7100067138672,153.4199981689453,29514100
2023-12-26,AMZN,153.55999755859375,153.97999572753906,153.02999877929688,153.41000366210938,25067200
2023-12-27,AMZN,153.55999755859375,154.77999877929688,153.1199951171875,153.33999633789062,31434700
2023-12-28,AMZN,153.72000122070312,154.0800018310547,152.9499969482422,153.3800048828125,27057000
2023-12-29,AMZN,153.10000610351562,153.88999938964844,151.02999877929688,151.94000244140625,39823200
2024-01-02,AMZN,151.5399932861328,152.3800048828125,148.38999938964844,149.92999267578125,47339400
2024-01-03,AMZN,149.1999969482422,151.0500030517578,148.3300018310547,148.47000122070312,49425500
2024-01-04,AMZN,145.58999633789062,147.3800048828125,144.0500030517578,144.57000732421875,56039800
2024-01-05,AMZN,144.69000244140625,146.58999633789062,144.52999877929688,145.24000549316406,45153100
2024-01-08,AMZN,146.74000549316406,149.39999389648438,146.14999389648438,149.10000610351562,46757100
2024-01-09,AMZN,148.3300018310547,151.7100067138672,148.2100067138672,151.3699951171875,43812600
2024-01-10,AMZN,152.05999755859375,154.4199981689453,151.8800048828125,153.72999572753906,44421800
2024-01-11,AMZN,155.0399932861328,157.1699981689453,153.1199951171875,155.17999267578125,49072700
2024-01-12,AMZN,155.38999938964844,156.1999969482422,154.00999450683594,154.6199951171875,40484200
2024-01-16,AMZN,153.52999877929688,154.99000549316406,152.14999389648438,153.16000366210938,41384600
2024-01-17,AMZN,151.49000549316406,152.14999389648438,149.91000366210938,151.7100067138672,34953400
2024-01-18,AMZN,152.77000427246094,153.77999877929688,151.82000732421875,153.5,37850200
2024-01-19,AMZN,153.8300018310547,155.75999450683594,152.74000549316406,155.33999633789062,51651600
2024-01-22,AMZN,156.88999938964844,157.0500030517578,153.89999389648438,154.77999877929688,43687500
2024-01-23,AMZN,154.85000610351562,156.2100067138672,153.92999267578125,156.02000427246094,37986000
2024-01-24,AMZN,157.8000030517578,158.50999450683594,156.47999572753906,156.8699951171875,48547300
2024-01-25,AMZN,156.9499969482422,158.50999450683594,154.5500030517578,157.75,43638600
2024-01-26,AMZN,158.4199981689453,160.72000122070312,157.91000366210938,159.1199951171875,51047400
2024-01-29,AMZN,159.33999633789062,161.2899932861328,158.89999389648438,161.25999450683594,45270400
2024-01-30,AMZN,160.6999969482422,161.72999572753906,158.49000549316406,159.0,45207400
2024-01-31,AMZN,157.0,159.00999450683594,154.80999755859375,155.1999969482422,50284400
2024-02-01,AMZN,155.8699951171875,159.75999450683594,155.6199951171875,159.27999877929688,76542400
2024-02-02,AMZN,169.19000244140625,172.5,167.3300018310547,171.80999755859375,117218300
2024-02-05,AMZN,170.1999969482422,170.5500030517578,167.6999969482422,170.30999755859375,55081300
2024-02-06,AMZN,169.38999938964844,170.7100067138672,167.64999389648438,169.14999389648438,42505500
2024-02-07,AMZN,169.47999572753906,170.8800048828125,168.94000244140625,170.52999877929688,47174100
2024-02-08,AMZN,169.64999389648438,171.42999267578125,168.8800048828125,169.83999633789062,42316500
2024-02-09,AMZN,170.89999389648438,175.0,170.5800018310547,174.4499969482422,56986000
2024-02-12,AMZN,174.8000030517578,175.38999938964844,171.5399932861328,172.33999633789062,51050400
2024-02-13,AMZN,167.72999572753906,170.9499969482422,165.75,168.63999938964844,56345100
2024-02-14,AMZN,169.2100067138672,171.2100067138672,168.27999877929688,170.97999572753906,42815500
2024-02-15,AMZN,170.5800018310547,171.1699981689453,167.58999633789062,169.8000030517578,49855200
2024-02-16,AMZN,168.74000549316406,170.4199981689453,167.1699981689453,169.50999450683594,48107700
2024-02-20,AMZN,167.8300018310547,168.7100067138672,165.74000549316406,167.0800018310547,41980300
2024-02-21,AMZN,168.94000244140625,170.22999572753906,167.13999938964844,168.58999633789062,44420100
2024-02-22,AMZN,173.10000610351562,174.8000030517578,171.77000427246094,174.5800018310547,55392400
2024-02-23,AMZN,174.27999877929688,175.75,173.6999969482422,174.99000549316406,59715200
2024-02-26,AMZN,175.6999969482422,176.3699951171875,174.25999450683594,174.72999572753906,44368600
2024-02-27,AMZN,174.0800018310547,174.6199951171875,172.86000061035156,173.5399932861328,31141700
2024-02-28,AMZN,172.44000244140625,174.0500030517578,172.27000427246094,173.16000366210938,28180500
2024-02-29,AMZN,173.00999450683594,177.22000122070312,172.85000610351562,176.75999450683594,53805400
2024-03-01,AMZN,176.75,178.72999572753906,176.07000732421875,178.22000122070312,31981200
2024-03-04,AMZN,177.52999877929688,180.13999938964844,177.49000549316406,177.5800018310547,37381500
2024-03-05,AMZN,176.92999267578125,176.92999267578125,173.3000030517578,174.1199951171875,37228300
2024-03-06,AMZN,175.5399932861328,176.4600067138672,173.25999450683594,173.50999450683594,32090900
2024-03-07,AMZN,174.8300018310547,177.99000549316406,173.72000122070312,176.82000732421875,34063300
2024-03-08,AMZN,176.44000244140625,178.7899932861328,174.3300018310547,175.35000610351562,37893200
2024-03-11,AMZN,174.30999755859375,174.47000122070312,171.47000122070312,171.9600067138672,28484800
2024-03-12,AMZN,173.5,176.75999450683594,171.97999572753906,175.38999938964844,36610600
2024-03-13,AMZN,175.89999389648438,177.6199951171875,175.5500030517578,176.55999755859375,30772600
2024-03-14,AMZN,177.69000244140625,179.52999877929688,176.47000122070312,178.75,43705800
2024-03-15,AMZN,176.63999938964844,177.92999267578125,173.89999389648438,174.4199981689453,72147400
2024-03-18,AMZN,175.8000030517578,176.69000244140625,174.27999877929688,174.47999572753906,31250700
2024-03-19,AMZN,174.22000122070312,176.08999633789062,173.52000427246094,175.89999389648438,26880900
2024-03-20,AMZN,176.13999938964844,178.52999877929688,174.63999938964844,178.14999389648438,29947200
2024-03-21,AMZN,179.99000549316406,181.4199981689453,178.14999389648438,178.14999389648438,32824300
2024-03-22,AMZN,177.75,179.25999450683594,176.75,178.8699951171875,27995400
2024-03-25,AMZN,178.00999450683594,180.99000549316406,177.24000549316406,179.7100067138672,29815500
2024-03-26,AMZN,180.14999389648438,180.4499969482422,177.9499969482422,178.3000030517578,29659000
2024-03-27,AMZN,179.8800048828125,180.0,177.30999755859375,179.8300018310547,33272600
2024-03-28,AMZN,180.1699981689453,181.6999969482422,179.25999450683594,180.3800048828125,38051600
2024-04-01,AMZN,180.7899932861328,183.0,179.9499969482422,180.97000122070312,29174500
2024-04-02,AMZN,179.07000732421875,180.7899932861328,178.3800048828125,180.69000244140625,32611500
2024-04-03,AMZN,179.89999389648438,182.8699951171875,179.8000030517578,182.41000366210938,31046600
2024-04-04,AMZN,184.0,185.10000610351562,180.0,180.0,41624300
2024-04-05,AMZN,182.3800048828125,186.27000427246094,181.97000122070312,185.07000732421875,42374000
2024-04-08,AMZN,186.89999389648438,187.2899932861328,184.80999755859375,185.19000244140625,39221300
2024-04-09,AMZN,187.24000549316406,187.33999633789062,184.1999969482422,185.6699981689453,36520100
2024-04-10,AMZN,182.77000427246094,186.27000427246094,182.6699981689453,185.9499969482422,35879200
2024-04-11,AMZN,186.74000549316406,189.77000427246094,185.50999450683594,189.0500030517578,40020700
2024-04-12,AMZN,187.72000122070312,188.3800048828125,185.0800018310547,186.1300048828125,38608800
2024-04-15,AMZN,187.42999267578125,188.69000244140625,183.0,183.6199951171875,48052400
2024-04-16,AMZN,183.27000427246094,184.8300018310547,182.25999450683594,183.32000732421875,32891300
2024-04-17,AMZN,184.30999755859375,184.57000732421875,179.82000732421875,181.27999877929688,31359700
2024-04-18,AMZN,181.47000122070312,182.38999938964844,178.64999389648438,179.22000122070312,30723800
2024-04-19,AMZN,178.74000549316406,179.0,173.44000244140625,174.6300048828125,56000700
2024-04-22,AMZN,176.94000244140625,178.8699951171875,174.55999755859375,177.22999572753906,37924900
2024-04-23,AMZN,178.0800018310547,179.92999267578125,175.97999572753906,179.5399932861328,37046500
2024-04-24,AMZN,179.94000244140625,180.32000732421875,176.17999267578125,176.58999633789062,34185100
2024-04-25,AMZN,169.67999267578125,173.9199981689453,166.32000732421875,173.6699981689453,49249400
2024-04-26,AMZN,177.8000030517578,180.82000732421875,176.1300048828125,179.6199951171875,43919800
2024-04-29,AMZN,182.75,183.52999877929688,179.38999938964844,180.9600067138672,54063900
2024-04-30,AMZN,181.08999633789062,182.99000549316406,174.8000030517578,175.0,94639800
2024-05-01,AMZN,181.63999938964844,185.14999389648438,176.55999755859375,179.0,94645100
2024-05-02,AMZN,180.85000610351562,185.10000610351562,179.91000366210938,184.72000122070312,54303500
2024-05-03,AMZN,186.99000549316406,187.8699951171875,185.4199981689453,186.2100067138672,39172000
2024-05-06,AMZN,186.27999877929688,188.75,184.8000030517578,188.6999969482422,34725300
2024-05-07,AMZN,188.9199981689453,189.94000244140625,187.30999755859375,188.75999450683594,34048900
2024-05-08,AMZN,187.44000244140625,188.42999267578125,186.38999938964844,188.0,26136400
2024-05-09,AMZN,188.8800048828125,191.6999969482422,187.44000244140625,189.5,43368400
2024-05-10,AMZN,189.16000366210938,189.88999938964844,186.92999267578125,187.47999572753906,34141800
2024-05-13,AMZN,188.0,188.30999755859375,185.36000061035156,186.57000732421875,24898600
2024-05-14,AMZN,183.82000732421875,187.72000122070312,183.4499969482422,187.07000732421875,38698200
2024-05-15,AMZN,185.97000122070312,186.72000122070312,182.72999572753906,185.99000549316406,75459900
2024-05-16,AMZN,185.60000610351562,187.30999755859375,183.4600067138672,183.6300048828125,38834500
2024-05-17,AMZN,183.75999450683594,185.3000030517578,183.35000610351562,184.6999969482422,33175700
2024-05-20,AMZN,184.33999633789062,186.6699981689453,183.27999877929688,183.5399932861328,30511800
2024-05-21,AMZN,182.3000030517578,183.25999450683594,180.75,183.14999389648438,50839100
2024-05-22,AMZN,183.8800048828125,185.22000122070312,181.97000122070312,183.1300048828125,28148800
2024-05-23,AMZN,183.66000366210938,184.75999450683594,180.0800018310547,181.0500030517578,33670200
2024-05-24,AMZN,181.64999389648438,182.44000244140625,180.3000030517578,180.75,27471600
2024-05-28,AMZN,179.92999267578125,182.24000549316406,179.49000549316406,182.14999389648438,29927000
2024-05-29,AMZN,181.6999969482422,184.0800018310547,181.5500030517578,182.02000427246094,32009300
2024-05-30,AMZN,181.30999755859375,181.33999633789062,178.36000061035156,179.32000732421875,29184700
2024-05-31,AMZN,178.3000030517578,179.2100067138672,173.8699951171875,176.44000244140625,58903900
2024-06-03,AMZN,177.6999969482422,178.6999969482422,175.9199981689453,178.33999633789062,30786600
2024-06-04,AMZN,177.63999938964844,179.82000732421875,176.44000244140625,179.33999633789062,27198400
2024-06-05,AMZN,180.10000610351562,181.5,178.75,181.27999877929688,32116400
2024-06-06,AMZN,181.75,185.0,181.49000549316406,185.0,31371200
2024-06-07,AMZN,184.89999389648438,186.2899932861328,183.36000061035156,184.3000030517578,28021500
2024-06-10,AMZN,184.07000732421875,187.22999572753906,183.7899932861328,187.05999755859375,34445600
2024-06-11,AMZN,187.05999755859375,187.77000427246094,184.5399932861328,187.22999572753906,27265100
2024-06-12,AMZN,188.02000427246094,188.35000610351562,185.42999267578125,186.88999938964844,33984200
2024-06-13,AMZN,186.08999633789062,187.6699981689453,182.6699981689453,183.8300018310547,39721500
2024-06-14,AMZN,183.0800018310547,183.72000122070312,182.22999572753906,183.66000366210938,25456400
2024-06-17,AMZN,182.52000427246094,185.0,181.22000122070312,184.05999755859375,35601900
2024-06-18,AMZN,183.74000549316406,184.2899932861328,181.42999267578125,182.80999755859375,36659200
2024-06-20,AMZN,182.91000366210938,186.50999450683594,182.72000122070312,186.10000610351562,44726800
2024-06-21,AMZN,187.8000030517578,189.27999877929688,185.86000061035156,189.0800018310547,70792500
2024-06-24,AMZN,189.3300018310547,191.0,185.3300018310547,185.57000732421875,50610400
2024-06-25,AMZN,186.80999755859375,188.83999633789062,185.4199981689453,186.33999633789062,45366400
2024-06-26,AMZN,186.9199981689453,194.8000030517578,186.25999450683594,193.61000061035156,65103900
2024-06-27,AMZN,195.00999450683594,199.83999633789062,194.1999969482422,197.85000610351562,74397500
2024-06-28,AMZN,197.72999572753906,198.85000610351562,192.5,193.25,76930200
2024-07-01,AMZN,193.49000549316406,198.3000030517578,192.82000732421875,197.1999969482422,41192000
2024-07-02,AMZN,197.27999877929688,200.42999267578125,195.92999267578125,200.0,45600000
2024-07-03,AMZN,199.94000244140625,200.02999877929688,196.75999450683594,197.58999633789062,31597900
2024-07-05,AMZN,198.64999389648438,200.5500030517578,198.1699981689453,200.0,39858900
2024-07-08,AMZN,200.0399932861328,201.1999969482422,197.9600067138672,199.2899932861328,34767300
2024-07-09,AMZN,199.39999389648438,200.57000732421875,199.0500030517578,199.33999633789062,32700100
2024-07-10,AMZN,200.0,200.11000061035156,197.69000244140625,199.7899932861328,32883800
2024-07-11,AMZN,200.08999633789062,200.27000427246094,192.86000061035156,195.0500030517578,44565000
2024-07-12,AMZN,194.8000030517578,196.47000122070312,193.8300018310547,194.49000549316406,30598500
2024-07-15,AMZN,194.55999755859375,196.19000244140625,190.8300018310547,192.72000122070312,40683200
2024-07-16,AMZN,195.58999633789062,196.6199951171875,192.24000549316406,193.02000427246094,33994700
2024-07-17,AMZN,191.35000610351562,191.5800018310547,185.99000549316406,187.92999267578125,48076100
2024-07-18,AMZN,189.58999633789062,189.67999267578125,181.4499969482422,183.75,51043600
2024-07-19,AMZN,181.13999938964844,184.92999267578125,180.11000061035156,183.1300048828125,43081800
2024-07-22,AMZN,185.0,185.05999755859375,182.47999572753906,182.5500030517578,39931900
2024-07-23,AMZN,184.10000610351562,189.38999938964844,183.55999755859375,186.41000366210938,47537700
2024-07-24,AMZN,183.1999969482422,185.4499969482422,180.41000366210938,180.8300018310547,41532400
2024-07-25,AMZN,182.91000366210938,183.89999389648438,176.8000030517578,179.85000610351562,44464200
2024-07-26,AMZN,180.38999938964844,183.19000244140625,180.24000549316406,182.5,29506000
2024-07-29,AMZN,183.83999633789062,184.75,182.3800048828125,183.1999969482422,33270100
2024-07-30,AMZN,184.72000122070312,185.86000061035156,179.3800048828125,181.7100067138672,39508600
2024-07-31,AMZN,185.0500030517578,187.94000244140625,184.4600067138672,186.97999572753906,41667300
2024-08-01,AMZN,189.2899932861328,190.60000610351562,181.8699951171875,184.07000732421875,70435600
2024-08-02,AMZN,166.75,168.77000427246094,160.5500030517578,167.89999389648438,141448400
2024-08-05,AMZN,154.2100067138672,162.9600067138672,151.61000061035156,161.02000427246094,83149400
2024-08-06,AMZN,161.7100067138672,165.0800018310547,158.5399932861328,161.92999267578125,59950800
2024-08-07,AMZN,166.5500030517578,167.5800018310547,161.42999267578125,162.77000427246094,48408200
2024-08-08,AMZN,165.1699981689453,166.69000244140625,162.5500030517578,165.8000030517578,44616200
2024-08-09,AMZN,166.39999389648438,168.5500030517578,165.85000610351562,166.94000244140625,36401000
2024-08-12,AMZN,168.13999938964844,168.5500030517578,166.11000061035156,166.8000030517578,30072800
2024-08-13,AMZN,167.80999755859375,171.0399932861328,167.10000610351562,170.22999572753906,39237900
2024-08-14,AMZN,172.11000061035156,172.27999877929688,168.86000061035156,170.10000610351562,28843800
2024-08-15,AMZN,174.86000061035156,177.91000366210938,173.99000549316406,177.58999633789062,51698500
2024-08-16,AMZN,177.0399932861328,178.33999633789062,176.25999450683594,177.05999755859375,31489200
2024-08-19,AMZN,177.63999938964844,178.3000030517578,176.16000366210938,178.22000122070312,31129800
2024-08-20,AMZN,177.9199981689453,179.00999450683594,177.42999267578125,178.8800048828125,26255200
2024-08-21,AMZN,179.9199981689453,182.38999938964844,178.88999938964844,180.11000061035156,35599100
2024-08-22,AMZN,181.3800048828125,181.47000122070312,175.67999267578125,176.1300048828125,32047500
2024-08-23,AMZN,177.33999633789062,178.97000122070312,175.24000549316406,177.0399932861328,29150100
2024-08-26,AMZN,176.6999969482422,177.47000122070312,174.3000030517578,175.5,22366200
2024-08-27,AMZN,174.14999389648438,174.88999938964844,172.25,173.1199951171875,29842000
2024-08-28,AMZN,173.69000244140625,173.69000244140625,168.9199981689453,170.8000030517578,29045000
2024-08-29,AMZN,173.22000122070312,174.2899932861328,170.80999755859375,172.1199951171875,26407800
2024-08-30,AMZN,172.77999877929688,178.89999389648438,172.60000610351562,178.5,43429400
2024-09-03,AMZN,177.5500030517578,178.25999450683594,175.25999450683594,176.25,37817500
2024-09-04,AMZN,174.47999572753906,175.97999572753906,172.5399932861328,173.3300018310547,30309200
2024-09-05,AMZN,175.0,179.8800048828125,175.0,177.88999938964844,40170500
2024-09-06,AMZN,177.24000549316406,178.3800048828125,171.16000366210938,171.38999938964844,41466500
2024-09-09,AMZN,174.52999877929688,175.85000610351562,173.50999450683594,175.39999389648438,29037400
2024-09-10,AMZN,177.49000549316406,180.5,176.7899932861328,179.5500030517578,36233800
2024-09-11,AMZN,180.10000610351562,184.99000549316406,175.72999572753906,184.52000427246094,42564700
2024-09-12,AMZN,184.8000030517578,187.41000366210938,183.5399932861328,187.0,33544200
2024-09-13,AMZN,187.0,188.5,185.91000366210938,186.49000549316406,26495400
2024-09-16,AMZN,185.2899932861328,185.80999755859375,183.36000061035156,184.88999938964844,26065500
2024-09-17,AMZN,186.85000610351562,189.4499969482422,186.13999938964844,186.8800048828125,26091700
2024-09-18,AMZN,186.4499969482422,188.8000030517578,185.05999755859375,186.42999267578125,34448100
2024-09-19,AMZN,190.0399932861328,190.99000549316406,188.47000122070312,189.8699951171875,39543200
2024-09-20,AMZN,190.22999572753906,191.83999633789062,187.41000366210938,191.60000610351562,100378600
2024-09-23,AMZN,191.63999938964844,194.4499969482422,190.57000732421875,193.8800048828125,36993100
2024-09-24,AMZN,194.27000427246094,195.3699951171875,190.1300048828125,193.9600067138672,43478900
2024-09-25,AMZN,193.75,193.9499969482422,192.16000366210938,192.52999877929688,26391100
2024-09-26,AMZN,194.30999755859375,194.52999877929688,189.5399932861328,191.16000366210938,36334900
2024-09-27,AMZN,190.67999267578125,190.89999389648438,187.33999633789062,187.97000122070312,36002300
2024-09-30,AMZN,187.13999938964844,188.49000549316406,184.64999389648438,186.3300018310547,41583900
2024-10-01,AMZN,184.89999389648438,186.19000244140625,183.4499969482422,185.1300048828125,36044900
2024-10-02,AMZN,184.44000244140625,186.60000610351562,184.0399932861328,184.75999450683594,23704100
2024-10-03,AMZN,183.0500030517578,183.44000244140625,180.8800048828125,181.9600067138672,30204300
2024-10-04,AMZN,185.75,187.60000610351562,183.60000610351562,186.50999450683594,40890300
2024-10-07,AMZN,182.9499969482422,183.60000610351562,180.25,180.8000030517578,42364200
2024-10-08,AMZN,181.9199981689453,183.08999633789062,180.9199981689453,182.72000122070312,26372100
2024-10-09,AMZN,182.82000732421875,185.85000610351562,182.0500030517578,185.1699981689453,26343100
2024-10-10,AMZN,187.1300048828125,188.1300048828125,185.8300018310547,186.64999389648438,27785000
2024-10-11,AMZN,186.6300048828125,189.92999267578125,186.3000030517578,188.82000732421875,25751600
2024-10-14,AMZN,189.77999877929688,189.8300018310547,187.36000061035156,187.5399932861328,22614400
2024-10-15,AMZN,187.6300048828125,188.41000366210938,184.5800018310547,187.69000244140625,32178900
2024-10-16,AMZN,187.0500030517578,187.77999877929688,185.61000061035156,186.88999938964844,23456800
2024-10-17,AMZN,188.22000122070312,188.94000244140625,186.0,187.52999877929688,25039400
2024-10-18,AMZN,187.14999389648438,190.74000549316406,186.27999877929688,188.99000549316406,37417700
2024-10-21,AMZN,188.0500030517578,189.4600067138672,186.39999389648438,189.07000732421875,24639400
2024-10-22,AMZN,188.35000610351562,191.52000427246094,186.97999572753906,189.6999969482422,29650600
2024-10-23,AMZN,188.85000610351562,189.16000366210938,183.69000244140625,184.7100067138672,31937100
2024-10-24,AMZN,185.25,187.11000061035156,183.86000061035156,186.3800048828125,21647400
2024-10-25,AMZN,187.85000610351562,190.4499969482422,187.52999877929688,187.8300018310547,29362100
2024-10-28,AMZN,189.57000732421875,190.2100067138672,188.2100067138672,188.38999938964844,27930800
2024-10-29,AMZN,188.5800018310547,191.4600067138672,187.82000732421875,190.8300018310547,35690200
2024-10-30,AMZN,194.6999969482422,195.61000061035156,192.4199981689453,192.72999572753906,37707600
2024-10-31,AMZN,190.50999450683594,190.60000610351562,185.22999572753906,186.39999389648438,75146800
2024-11-01,AMZN,199.0,200.5,197.02000427246094,197.92999267578125,99687800
2024-11-04,AMZN,196.4499969482422,197.3300018310547,194.30999755859375,195.77999877929688,38492100
2024-11-05,AMZN,196.0399932861328,199.82000732421875,195.99000549316406,199.5,30564800
2024-11-06,AMZN,200.00999450683594,207.5500030517578,199.13999938964844,207.08999633789062,72292200
2024-11-07,AMZN,207.44000244140625,212.25,207.19000244140625,210.0500030517578,52878400
2024-11-08,AMZN,209.72000122070312,209.9600067138672,207.44000244140625,208.17999267578125,36075800
2024-11-11,AMZN,208.5,209.64999389648438,205.58999633789062,206.83999633789062,35456000
2024-11-12,AMZN,208.3699951171875,209.5399932861328,206.00999450683594,208.91000366210938,38942900
2024-11-13,AMZN,209.39999389648438,215.08999633789062,209.13999938964844,214.10000610351562,46212900
2024-11-14,AMZN,214.16000366210938,215.89999389648438,210.8800048828125,211.47999572753906,42620300
2024-11-15,AMZN,206.75999450683594,207.33999633789062,199.61000061035156,202.61000061035156,86591100
2024-11-18,AMZN,204.14999389648438,204.6699981689453,200.9499969482422,201.6999969482422,36409900
2024-11-19,AMZN,199.3300018310547,205.3000030517578,198.77999877929688,204.61000061035156,31197900
2024-11-20,AMZN,202.97999572753906,203.1300048828125,199.4499969482422,202.8800048828125,32769000
2024-11-21,AMZN,203.49000549316406,203.49000549316406,195.75,198.3800048828125,58800000
2024-11-22,AMZN,198.25,199.25999450683594,196.75,197.1199951171875,31530800
2024-11-25,AMZN,199.27999877929688,201.9499969482422,199.0,201.4499969482422,40685700
2024-11-26,AMZN,201.89999389648438,208.0,201.7899932861328,207.86000061035156,41673700
2024-11-27,AMZN,206.97999572753906,207.63999938964844,205.0500030517578,205.74000549316406,28061600
2024-11-29,AMZN,205.8300018310547,208.1999969482422,204.58999633789062,207.88999938964844,24892400
2024-12-02,AMZN,209.9600067138672,212.99000549316406,209.50999450683594,210.7100067138672,39523200
2024-12-03,AMZN,210.30999755859375,214.02000427246094,209.64999389648438,213.44000244140625,32214800
2024-12-04,AMZN,215.9600067138672,220.0,215.75,218.16000366210938,48745700
2024-12-05,AMZN,218.02999877929688,222.14999389648438,217.3000030517578,220.5500030517578,41140200
2024-12-06,AMZN,220.75,227.14999389648438,220.60000610351562,227.02999877929688,44178100
2024-12-09,AMZN,227.2100067138672,230.0800018310547,225.6699981689453,226.08999633789062,46819400
2024-12-10,AMZN,226.08999633789062,229.05999755859375,224.1999969482422,225.0399932861328,31199900
2024-12-11,AMZN,226.41000366210938,231.1999969482422,226.25999450683594,230.25999450683594,35385800
2024-12-12,AMZN,229.8300018310547,231.08999633789062,227.6300048828125,228.97000122070312,28204100
2024-12-13,AMZN,228.39999389648438,230.1999969482422,225.86000061035156,227.4600067138672,28768100
2024-12-16,AMZN,230.22999572753906,233.0,228.00999450683594,232.92999267578125,37552100
2024-12-17,AMZN,232.38999938964844,232.72999572753906,227.85000610351562,231.14999389648438,35948100
2024-12-18,AMZN,230.77000427246094,231.39999389648438,220.11000061035156,220.52000427246094,43281400
2024-12-19,AMZN,224.91000366210938,226.08999633789062,222.9199981689453,223.2899932861328,39918700
2024-12-20,AMZN,219.83999633789062,226.2100067138672,218.72999572753906,224.9199981689453,88279200
2024-12-23,AMZN,225.00999450683594,226.8800048828125,223.89999389648438,225.05999755859375,28070000
2024-12-24,AMZN,226.94000244140625,229.13999938964844,226.1300048828125,229.0500030517578,15007500
2024-12-26,AMZN,228.5,228.5,226.6699981689453,227.0500030517578,16146700
2024-12-27,AMZN,225.60000610351562,226.02999877929688,220.89999389648438,223.75,27367100
2024-12-30,AMZN,220.05999755859375,223.0,218.42999267578125,221.3000030517578,28321200
2024-12-31,AMZN,222.97000122070312,223.22999572753906,218.94000244140625,219.38999938964844,24819700
2025-01-02,AMZN,222.02999877929688,225.14999389648438,218.19000244140625,220.22000122070312,33956600
2025-01-03,AMZN,222.50999450683594,225.36000061035156,221.6199951171875,224.19000244140625,27515600
2025-01-06,AMZN,226.77999877929688,228.83999633789062,224.83999633789062,227.61000061035156,31849800
2025-01-07,AMZN,227.89999389648438,228.3800048828125,221.4600067138672,222.11000061035156,28084200
2025-01-08,AMZN,223.19000244140625,223.52000427246094,220.1999969482422,222.1300048828125,25033300
2025-01-10,AMZN,221.4600067138672,221.7100067138672,216.5,218.94000244140625,36811500
2025-01-13,AMZN,218.05999755859375,219.39999389648438,216.47000122070312,218.4600067138672,27262700
2025-01-14,AMZN,220.44000244140625,221.82000732421875,216.1999969482422,217.75999450683594,24711700
2025-01-15,AMZN,222.8300018310547,223.57000732421875,220.75,223.35000610351562,31291300
2025-01-16,AMZN,224.4199981689453,224.64999389648438,220.30999755859375,220.66000366210938,24757300
2025-01-17,AMZN,225.83999633789062,226.50999450683594,223.0800018310547,225.94000244140625,42370100
2025-01-21,AMZN,228.89999389648438,231.77999877929688,226.94000244140625,230.7100067138672,39951500
2025-01-22,AMZN,232.02000427246094,235.44000244140625,231.19000244140625,235.00999450683594,41448200
2025-01-23,AMZN,234.10000610351562,235.52000427246094,231.50999450683594,235.4199981689453,26404400
2025-01-24,AMZN,234.5,236.39999389648438,232.92999267578125,234.85000610351562,25890700
2025-01-27,AMZN,226.2100067138672,235.61000061035156,225.86000061035156,235.4199981689453,49428300
2025-01-28,AMZN,234.2899932861328,241.77000427246094,233.97999572753906,238.14999389648438,41587200
2025-01-29,AMZN,239.02000427246094,240.38999938964844,236.14999389648438,237.07000732421875,26091700
2025-01-30,AMZN,237.13999938964844,237.9499969482422,232.22000122070312,234.63999938964844,32020700
2025-01-31,AMZN,236.5,240.2899932861328,236.41000366210938,237.67999267578125,36110200
2025-02-03,AMZN,234.05999755859375,239.25,232.89999389648438,237.4199981689453,37285900
2025-02-04,AMZN,239.00999450683594,242.52000427246094,238.02999877929688,242.05999755859375,29713800
2025-02-05,AMZN,237.02000427246094,238.32000732421875,235.1999969482422,236.1699981689453,38727300
2025-02-06,AMZN,238.00999450683594,239.66000366210938,236.00999450683594,238.8300018310547,60897100
2025-02-07,AMZN,232.5,234.80999755859375,228.05999755859375,229.14999389648438,77539300
2025-02-10,AMZN,230.5500030517578,233.9199981689453,229.1999969482422,233.13999938964844,35419900
2025-02-11,AMZN,231.9199981689453,233.44000244140625,230.1300048828125,232.75999450683594,23713700
2025-02-12,AMZN,230.4600067138672,231.17999267578125,228.16000366210938,228.92999267578125,32285200
2025-02-13,AMZN,228.85000610351562,230.4199981689453,227.52000427246094,230.3699951171875,31346500
2025-02-14,AMZN,229.1999969482422,229.88999938964844,227.22999572753906,228.67999267578125,27031100
2025-02-18,AMZN,228.82000732421875,229.3000030517578,223.72000122070312,226.64999389648438,42975100
2025-02-19,AMZN,225.52000427246094,226.8300018310547,223.7100067138672,226.6300048828125,28566700
2025-02-20,AMZN,224.77999877929688,225.1300048828125,221.80999755859375,222.8800048828125,30001700
2025-02-21,AMZN,223.27999877929688,223.30999755859375,214.74000549316406,216.5800018310547,55323900
2025-02-24,AMZN,217.4499969482422,217.72000122070312,212.4199981689453,212.7100067138672,42387600
2025-02-25,AMZN,211.6300048828125,213.33999633789062,204.16000366210938,212.8000030517578,58958000
2025-02-26,AMZN,214.94000244140625,218.16000366210938,213.08999633789062,214.35000610351562,39120600
2025-02-27,AMZN,218.35000610351562,219.97000122070312,208.3699951171875,208.74000549316406,40548600
2025-02-28,AMZN,208.64999389648438,212.6199951171875,206.99000549316406,212.27999877929688,51771700
2025-03-03,AMZN,213.35000610351562,214.00999450683594,202.5500030517578,205.02000427246094,42948400
2025-03-04,AMZN,200.11000061035156,206.8000030517578,197.42999267578125,203.8000030517578,60853100
2025-03-05,AMZN,204.8000030517578,209.97999572753906,203.25999450683594,208.36000061035156,38610100
2025-03-06,AMZN,204.39999389648438,205.77000427246094,198.3000030517578,200.6999969482422,49863800
2025-03-07,AMZN,199.49000549316406,202.27000427246094,192.52999877929688,199.25,59802800
2025-03-10,AMZN,195.60000610351562,196.72999572753906,190.85000610351562,194.5399932861328,62350900
2025-03-11,AMZN,193.89999389648438,200.17999267578125,193.39999389648438,196.58999633789062,54002900
2025-03-12,AMZN,200.72000122070312,201.52000427246094,195.2899932861328,198.88999938964844,43679300
2025-03-13,AMZN,198.1699981689453,198.8800048828125,191.82000732421875,193.88999938964844,41270800
2025-03-14,AMZN,197.41000366210938,198.64999389648438,195.32000732421875,197.9499969482422,38096700
2025-03-17,AMZN,198.77000427246094,199.0,194.32000732421875,195.74000549316406,47341800
2025-03-18,AMZN,192.52000427246094,194.0,189.3800048828125,192.82000732421875,40414900
2025-03-19,AMZN,193.3800048828125,195.97000122070312,191.9600067138672,195.5399932861328,39442900
2025-03-20,AMZN,193.07000732421875,199.32000732421875,192.3000030517578,194.9499969482422,38921100
2025-03-21,AMZN,192.89999389648438,196.99000549316406,192.52000427246094,196.2100067138672,60056900
2025-03-24,AMZN,200.0,203.63999938964844,199.9499969482422,203.25999450683594,41625400
2025-03-25,AMZN,203.60000610351562,206.2100067138672,203.22000122070312,205.7100067138672,31171200
2025-03-26,AMZN,205.83999633789062,206.00999450683594,199.92999267578125,201.1300048828125,32855300
2025-03-27,AMZN,200.88999938964844,203.7899932861328,199.27999877929688,201.36000061035156,27317700
2025-03-28,AMZN,198.4199981689453,199.25999450683594,191.8800048828125,192.72000122070312,52548200
2025-03-31,AMZN,188.19000244140625,191.3300018310547,184.39999389648438,190.25999450683594,63547600
2025-04-01,AMZN,187.86000061035156,193.92999267578125,187.1999969482422,192.1699981689453,41267300
2025-04-02,AMZN,187.66000366210938,198.33999633789062,187.66000366210938,196.00999450683594,53679200
2025-04-03,AMZN,183.0,184.1300048828125,176.9199981689453,178.41000366210938,95553600
2025-04-04,AMZN,167.14999389648438,178.13999938964844,166.0,171.0,123159400
2025-04-07,AMZN,162.0,183.41000366210938,161.3800048828125,175.25999450683594,109327100
2025-04-08,AMZN,185.22999572753906,185.89999389648438,168.57000732421875,170.66000366210938,87710400
2025-04-09,AMZN,172.1199951171875,192.64999389648438,169.92999267578125,191.10000610351562,116804300
2025-04-10,AMZN,185.44000244140625,186.8699951171875,175.85000610351562,181.22000122070312,68302000
2025-04-11,AMZN,179.92999267578125,185.86000061035156,178.0,184.8699951171875,50594300
2025-04-14,AMZN,186.83999633789062,187.44000244140625,179.22999572753906,182.1199951171875,48002500
2025-04-15,AMZN,181.41000366210938,182.35000610351562,177.92999267578125,179.58999633789062,43642000
2025-04-16,AMZN,176.2899932861328,179.10000610351562,171.41000366210938,174.3300018310547,51875300
2025-04-17,AMZN,176.0,176.2100067138672,172.0,172.61000061035156,44726500
2025-04-21,AMZN,169.60000610351562,169.60000610351562,165.2899932861328,167.32000732421875,48126100
2025-04-22,AMZN,169.85000610351562,176.77999877929688,169.35000610351562,173.17999267578125,56607200
2025-04-23,AMZN,183.4499969482422,187.3800048828125,180.19000244140625,180.60000610351562,63470100
2025-04-24,AMZN,180.9199981689453,186.74000549316406,180.17999267578125,186.5399932861328,43763200
2025-04-25,AMZN,187.6199951171875,189.94000244140625,185.49000549316406,188.99000549316406,36414300
2025-04-28,AMZN,190.11000061035156,190.22000122070312,184.88999938964844,187.6999969482422,33224700
2025-04-29,AMZN,183.99000549316406,188.02000427246094,183.67999267578125,187.38999938964844,41667300
2025-04-30,AMZN,182.1699981689453,185.0500030517578,178.85000610351562,184.4199981689453,55176500
2025-05-01,AMZN,190.6300048828125,191.80999755859375,187.5,190.1999969482422,74266000
2025-05-02,AMZN,191.44000244140625,192.8800048828125,186.39999389648438,189.97999572753906,77903500
2025-05-05,AMZN,186.50999450683594,188.17999267578125,185.52999877929688,186.35000610351562,35217500
2025-05-06,AMZN,184.57000732421875,187.92999267578125,183.85000610351562,185.00999450683594,29314100
2025-05-07,AMZN,185.55999755859375,190.99000549316406,185.00999450683594,188.7100067138672,43948600
2025-05-08,AMZN,191.42999267578125,194.3300018310547,188.82000732421875,192.0800018310547,41043600
2025-05-09,AMZN,193.3800048828125,194.69000244140625,191.16000366210938,193.05999755859375,29663100
2025-05-12,AMZN,210.7100067138672,211.66000366210938,205.75,208.63999938964844,75205000
2025-05-13,AMZN,211.0800018310547,214.83999633789062,210.10000610351562,211.3699951171875,56193700
2025-05-14,AMZN,211.4499969482422,211.92999267578125,208.85000610351562,210.25,38492100
2025-05-15,AMZN,206.4499969482422,206.8800048828125,202.6699981689453,205.1699981689453,64347300
2025-05-16,AMZN,206.85000610351562,206.85000610351562,204.3699951171875,205.58999633789062,43318500
2025-05-19,AMZN,201.64999389648438,206.6199951171875,201.25999450683594,206.16000366210938,34314800
2025-05-20,AMZN,204.6300048828125,205.58999633789062,202.64999389648438,204.07000732421875,29470400
2025-05-21,AMZN,201.61000061035156,203.4600067138672,200.05999755859375,201.1199951171875,42460900
2025-05-22,AMZN,201.3800048828125,205.75999450683594,200.16000366210938,203.10000610351562,38938900
2025-05-23,AMZN,198.89999389648438,202.3699951171875,197.85000610351562,200.99000549316406,33393500
2025-05-27,AMZN,203.08999633789062,206.69000244140625,202.19000244140625,206.02000427246094,34892000
2025-05-28,AMZN,205.9199981689453,207.66000366210938,204.41000366210938,204.72000122070312,28549800
2025-05-29,AMZN,208.02999877929688,208.80999755859375,204.22999572753906,205.6999969482422,34650000
2025-05-30,AMZN,204.83999633789062,205.99000549316406,201.6999969482422,205.00999450683594,51679400
2025-06-02,AMZN,204.97999572753906,207.0,202.67999267578125,206.64999389648438,29113300
2025-06-03,AMZN,207.11000061035156,208.9499969482422,205.02999877929688,205.7100067138672,33139100
2025-06-04,AMZN,206.5500030517578,208.17999267578125,205.17999267578125,207.22999572753906,29915600
2025-06-05,AMZN,209.5500030517578,212.80999755859375,207.55999755859375,207.91000366210938,51864200
2025-06-06,AMZN,212.39999389648438,213.8699951171875,210.5,213.57000732421875,39832500
2025-06-09,AMZN,214.75,217.85000610351562,212.8800048828125,216.97999572753906,38102500
2025-06-10,AMZN,216.77999877929688,217.69000244140625,214.14999389648438,217.61000061035156,31303300
2025-06-11,AMZN,217.41000366210938,218.39999389648438,212.88999938964844,213.1999969482422,39326000
2025-06-12,AMZN,211.77999877929688,213.5800018310547,211.3300018310547,213.24000549316406,27640000
2025-06-13,AMZN,209.9600067138672,214.0500030517578,209.6199951171875,212.10000610351562,29337800
2025-06-16,AMZN,212.30999755859375,217.05999755859375,211.60000610351562,216.10000610351562,33284200
2025-06-17,AMZN,215.1999969482422,217.41000366210938,214.55999755859375,214.82000732421875,32086300
2025-06-18,AMZN,215.08999633789062,217.9600067138672,212.33999633789062,212.52000427246094,44360500
2025-06-20,AMZN,214.67999267578125,214.88999938964844,208.27000427246094,209.69000244140625,75350700
2025-06-23,AMZN,209.7899932861328,210.38999938964844,207.30999755859375,208.47000122070312,37311700
2025-06-24,AMZN,212.13999938964844,214.33999633789062,211.0500030517578,212.77000427246094,38378800
2025-06-25,AMZN,214.6199951171875,216.02999877929688,211.11000061035156,211.99000549316406,31755700
2025-06-26,AMZN,213.1199951171875,218.0399932861328,212.00999450683594,217.1199951171875,50480800
2025-06-27,AMZN,219.9199981689453,223.3000030517578,216.74000549316406,223.3000030517578,119217100
2025-06-30,AMZN,223.52000427246094,223.82000732421875,219.1199951171875,219.38999938964844,58887800
2025-07-01,AMZN,219.5,221.8800048828125,217.92999267578125,220.4600067138672,39256800
2025-07-02,AMZN,219.72999572753906,221.60000610351562,219.05999755859375,219.9199981689453,30894200
2025-07-03,AMZN,221.82000732421875,224.00999450683594,221.36000061035156,223.41000366210938,29632400
2025-07-07,AMZN,223.0,224.2899932861328,222.3699951171875,223.47000122070312,36604100
2025-07-08,AMZN,223.9199981689453,224.0,218.42999267578125,219.36000061035156,45692000
2025-07-09,AMZN,221.07000732421875,224.2899932861328,220.47000122070312,222.5399932861328,38155100
2025-07-10,AMZN,221.5500030517578,222.7899932861328,219.6999969482422,222.25999450683594,30370600
2025-07-11,AMZN,223.5800018310547,226.67999267578125,222.3699951171875,225.02000427246094,50518300
2025-07-14,AMZN,225.07000732421875,226.66000366210938,224.24000549316406,225.69000244140625,35702600
2025-07-15,AMZN,226.1999969482422,227.27000427246094,225.4600067138672,226.35000610351562,34907300
2025-07-16,AMZN,225.8800048828125,226.10000610351562,222.17999267578125,223.19000244140625,39535900
2025-07-17,AMZN,223.32000732421875,224.5,222.50999450683594,223.8800048828125,31855800
2025-07-18,AMZN,225.13999938964844,226.39999389648438,222.97999572753906,226.1300048828125,37833800
2025-07-21,AMZN,225.83999633789062,229.69000244140625,225.64999389648438,229.3000030517578,40297600
2025-07-22,AMZN,229.67999267578125,230.0,226.35000610351562,227.47000122070312,37483700
2025-07-23,AMZN,228.47000122070312,228.7899932861328,227.08999633789062,228.2899932861328,28294900
2025-07-24,AMZN,229.1699981689453,236.0,228.63999938964844,232.22999572753906,42902300
2025-07-25,AMZN,232.22000122070312,232.47999572753906,231.17999267578125,231.44000244140625,28712100
2025-07-28,AMZN,233.35000610351562,234.2899932861328,232.25,232.7899932861328,26300100
2025-07-29,AMZN,234.14999389648438,234.72000122070312,230.30999755859375,231.00999450683594,33716200
2025-07-30,AMZN,231.63999938964844,231.8000030517578,229.2899932861328,230.19000244140625,32993300
2025-07-31,AMZN,235.77000427246094,236.52999877929688,231.39999389648438,234.11000061035156,104357300
2025-08-01,AMZN,217.2100067138672,220.44000244140625,212.8000030517578,214.75,122258800
2025-08-04,AMZN,217.39999389648438,217.44000244140625,211.4199981689453,211.64999389648438,77890100
2025-08-05,AMZN,213.0500030517578,216.3000030517578,212.8699951171875,213.75,51505100
2025-08-06,AMZN,214.6999969482422,222.64999389648438,213.74000549316406,222.30999755859375,54823000
2025-08-07,AMZN,221.0,226.22000122070312,220.82000732421875,223.1300048828125,40603500
2025-08-08,AMZN,223.13999938964844,223.8000030517578,221.8800048828125,222.69000244140625,32970500
2025-08-11,AMZN,221.77999877929688,223.0500030517578,220.39999389648438,221.3000030517578,31646200
2025-08-12,AMZN,222.22999572753906,223.5,219.0500030517578,221.47000122070312,37185800
2025-08-13,AMZN,222.0,224.9199981689453,222.0,224.55999755859375,36508300
2025-08-14,AMZN,227.39999389648438,233.11000061035156,227.02000427246094,230.97999572753906,61545800
2025-08-15,AMZN,232.5800018310547,234.0800018310547,229.80999755859375,231.02999877929688,39649200
2025-08-18,AMZN,230.22999572753906,231.91000366210938,228.3300018310547,231.49000549316406,25248900
2025-08-19,AMZN,230.08999633789062,230.52999877929688,227.1199951171875,228.00999450683594,29891000
2025-08-20,AMZN,227.1199951171875,227.27000427246094,220.9199981689453,223.80999755859375,36604300
2025-08-21,AMZN,222.64999389648438,222.77999877929688,220.5,221.9499969482422,32140500
2025-08-22,AMZN,222.7899932861328,229.13999938964844,220.82000732421875,228.83999633789062,37315300
2025-08-25,AMZN,227.35000610351562,229.60000610351562,227.30999755859375,227.94000244140625,22633700
2025-08-26,AMZN,227.11000061035156,229.0,226.02000427246094,228.7100067138672,26105400
2025-08-27,AMZN,228.57000732421875,229.8699951171875,227.80999755859375,229.1199951171875,21254500
2025-08-28,AMZN,229.00999450683594,232.7100067138672,228.02000427246094,231.60000610351562,33679600
2025-08-29,AMZN,231.32000732421875,231.80999755859375,228.16000366210938,229.0,26199200
2025-09-02,AMZN,223.52000427246094,226.1699981689453,221.8300018310547,225.33999633789062,38843900
2025-09-03,AMZN,225.2100067138672,227.1699981689453,224.36000061035156,225.99000549316406,29223100
2025-09-04,AMZN,231.19000244140625,235.77000427246094,230.77999877929688,235.67999267578125,59391800
2025-09-05,AMZN,235.19000244140625,236.0,231.92999267578125,232.3300018310547,36721800
2025-09-08,AMZN,234.94000244140625,237.60000610351562,233.75,235.83999633789062,33947100
2025-09-09,AMZN,236.36000061035156,238.85000610351562,235.0800018310547,238.24000549316406,27033800
2025-09-10,AMZN,237.52000427246094,237.67999267578125,229.10000610351562,230.3300018310547,60907700
2025-09-11,AMZN,231.49000549316406,231.52999877929688,229.33999633789062,229.9499969482422,37485600
2025-09-12,AMZN,230.35000610351562,230.7899932861328,226.2899932861328,228.14999389648438,38496200
2025-09-15,AMZN,230.6300048828125,233.72999572753906,230.32000732421875,231.42999267578125,33243300
2025-09-16,AMZN,232.94000244140625,235.89999389648438,232.22999572753906,234.0500030517578,38203900
2025-09-17,AMZN,233.77000427246094,234.3000030517578,228.7100067138672,231.6199951171875,42815200
2025-09-18,AMZN,232.5,233.47999572753906,228.7899932861328,231.22999572753906,37931700
2025-09-19,AMZN,232.3699951171875,234.16000366210938,229.6999969482422,231.47999572753906,97943200
2025-09-22,AMZN,230.55999755859375,230.57000732421875,227.50999450683594,227.6300048828125,45914500
2025-09-23,AMZN,227.8300018310547,227.86000061035156,220.07000732421875,220.7100067138672,70956200
2025-09-24,AMZN,224.14999389648438,224.55999755859375,219.4499969482422,220.2100067138672,49509000
2025-09-25,AMZN,220.05999755859375,220.6699981689453,216.47000122070312,218.14999389648438,52226300
2025-09-26,AMZN,219.0800018310547,221.0500030517578,218.02000427246094,219.77999877929688,41650100
2025-09-29,AMZN,220.0800018310547,222.60000610351562,219.3000030517578,222.1699981689453,44259200
2025-09-30,AMZN,222.02999877929688,222.24000549316406,217.88999938964844,219.57000732421875,48396400
2025-10-01,AMZN,217.36000061035156,222.14999389648438,216.61000061035156,220.6300048828125,43933800
2025-10-02,AMZN,221.00999450683594,222.80999755859375,218.9499969482422,222.41000366210938,41258600
2025-10-03,AMZN,223.44000244140625,224.1999969482422,219.33999633789062,219.50999450683594,43639000
2025-10-06,AMZN,221.0,221.72999572753906,216.02999877929688,220.89999389648438,43690900
2025-10-07,AMZN,220.8800048828125,222.88999938964844,220.1699981689453,221.77999877929688,31194700
2025-10-08,AMZN,222.9199981689453,226.72999572753906,221.19000244140625,225.22000122070312,46686000
2025-10-09,AMZN,225.0,228.2100067138672,221.75,227.74000549316406,46412100
2025-10-10,AMZN,226.2100067138672,228.25,216.0,216.3699951171875,72367500
2025-10-13,AMZN,217.6999969482422,220.67999267578125,217.0399932861328,220.07000732421875,37809700
2025-10-14,AMZN,215.55999755859375,219.32000732421875,212.60000610351562,216.38999938964844,45665600
2025-10-15,AMZN,216.6199951171875,217.7100067138672,212.66000366210938,215.57000732421875,45909500
2025-10-16,AMZN,215.6699981689453,218.58999633789062,212.80999755859375,214.47000122070312,42414600
2025-10-17,AMZN,214.55999755859375,214.8000030517578,211.02999877929688,213.0399932861328,45986900
2025-10-20,AMZN,213.8800048828125,216.69000244140625,213.58999633789062,216.47999572753906,38882800
2025-10-21,AMZN,218.42999267578125,223.32000732421875,217.99000549316406,222.02999877929688,50494600
2025-10-22,AMZN,219.3000030517578,220.00999450683594,216.52000427246094,217.9499969482422,44308500
2025-10-23,AMZN,219.0,221.3000030517578,218.17999267578125,221.08999633789062,31540000
2025-10-24,AMZN,221.97000122070312,225.39999389648438,221.89999389648438,224.2100067138672,38685100
2025-10-27,AMZN,227.66000366210938,228.39999389648438,225.5399932861328,226.97000122070312,38267000
2025-10-28,AMZN,228.22000122070312,231.49000549316406,226.2100067138672,229.25,47100000
2025-10-29,AMZN,231.6699981689453,232.82000732421875,227.75999450683594,230.3000030517578,52036200
2025-10-30,AMZN,227.05999755859375,228.44000244140625,222.75,222.86000061035156,102252900
2025-10-31,AMZN,250.10000610351562,250.5,243.97999572753906,244.22000122070312,166340800
2025-11-03,AMZN,255.36000061035156,258.6000061035156,252.89999389648438,254.0,95997800
2025-11-04,AMZN,250.3800048828125,257.010009765625,248.66000366210938,249.32000732421875,51546300
2025-11-05,AMZN,249.02999877929688,251.0,246.16000366210938,250.1999969482422,40610700
2025-11-06,AMZN,249.16000366210938,250.3800048828125,242.1699981689453,243.0399932861328,46004200
2025-11-07,AMZN,242.89999389648438,244.89999389648438,238.49000549316406,244.41000366210938,46374300
2025-11-10,AMZN,248.33999633789062,251.75,245.58999633789062,248.39999389648438,36476500
2025-11-11,AMZN,248.41000366210938,249.75,247.22999572753906,249.10000610351562,23564100
2025-11-12,AMZN,250.24000549316406,250.3699951171875,243.75,244.1999969482422,31190100
2025-11-13,AMZN,243.0500030517578,243.75,236.5,237.5800018310547,41401700
2025-11-14,AMZN,235.05999755859375,238.72999572753906,232.88999938964844,234.69000244140625,38956700
2025-11-17,AMZN,233.25,234.60000610351562,229.19000244140625,232.8699951171875,59919000
2025-11-18,AMZN,228.10000610351562,230.1999969482422,222.4199981689453,222.5500030517578,60608400
2025-11-19,AMZN,223.74000549316406,223.74000549316406,218.52000427246094,222.69000244140625,58335600
2025-11-20,AMZN,227.0500030517578,227.41000366210938,216.74000549316406,217.13999938964844,50309000
2025-11-21,AMZN,216.35000610351562,222.2100067138672,215.17999267578125,220.69000244140625,68490500
2025-11-24,AMZN,222.55999755859375,227.3300018310547,222.27000427246094,226.27999877929688,54318400
2025-11-25,AMZN,226.3800048828125,230.52000427246094,223.8000030517578,229.6699981689453,39379300
2025-11-26,AMZN,230.74000549316406,231.75,228.77000427246094,229.16000366210938,38497900
2025-11-28,AMZN,231.24000549316406,233.2899932861328,230.22000122070312,233.22000122070312,20292300
2025-12-01,AMZN,233.22000122070312,235.8000030517578,232.25,233.8800048828125,42904000
2025-12-02,AMZN,235.00999450683594,238.97000122070312,233.5500030517578,234.4199981689453,45785400
2025-12-03,AMZN,233.35000610351562,233.3800048828125,230.61000061035156,232.3800048828125,35495100
2025-12-04,AMZN,232.77000427246094,233.5,226.8000030517578,229.11000061035156,45683200
2025-12-05,AMZN,230.32000732421875,231.24000549316406,228.5500030517578,229.52999877929688,33117400
2025-12-08,AMZN,229.58999633789062,230.8300018310547,226.27000427246094,226.88999938964844,35019200
2025-12-09,AMZN,226.83999633789062,228.57000732421875,225.11000061035156,227.9199981689453,25841700
2025-12-10,AMZN,228.80999755859375,232.4199981689453,228.4600067138672,231.77999877929688,38790700
2025-12-11,AMZN,230.7100067138672,232.11000061035156,228.69000244140625,230.27999877929688,28249600
2025-12-12,AMZN,229.8699951171875,230.0800018310547,225.1199951171875,226.19000244140625,35639100
2025-12-15,AMZN,227.92999267578125,227.92999267578125,221.5,222.5399932861328,47286100
2025-12-16,AMZN,223.0399932861328,223.66000366210938,221.1300048828125,222.55999755859375,39298900
2025-12-17,AMZN,224.66000366210938,225.19000244140625,220.99000549316406,221.27000427246094,44034400
2025-12-18,AMZN,225.7100067138672,229.22999572753906,224.41000366210938,226.75999450683594,50272400
2025-12-19,AMZN,226.75999450683594,229.1300048828125,225.5800018310547,227.35000610351562,85544400
2025-12-22,AMZN,228.61000061035156,229.47999572753906,226.7100067138672,228.42999267578125,32261300
2025-12-23,AMZN,229.05999755859375,232.4499969482422,228.72999572753906,232.13999938964844,29230200
2025-12-24,AMZN,232.1300048828125,232.9499969482422,231.3300018310547,232.3800048828125,11420500
2025-12-26,AMZN,232.0399932861328,232.99000549316406,231.17999267578125,232.52000427246094,15994700
2025-12-29,AMZN,231.94000244140625,232.60000610351562,230.77000427246094,232.07000732421875,19797900
2025-12-30,AMZN,231.2100067138672,232.77000427246094,230.1999969482422,232.52999877929688,21910500
2025-12-31,AMZN,232.91000366210938,232.99000549316406,230.1199951171875,230.82000732421875,24383700
2026-01-02,AMZN,231.33999633789062,235.4600067138672,224.6999969482422,226.5,51456200
2026-01-05,AMZN,228.83999633789062,234.0,227.17999267578125,233.05999755859375,49733300
2026-01-06,AMZN,232.10000610351562,243.17999267578125,232.07000732421875,240.92999267578125,53764700
2026-01-07,AMZN,239.61000061035156,245.2899932861328,239.52000427246094,241.55999755859375,42236500
2026-01-08,AMZN,243.05999755859375,246.41000366210938,241.8800048828125,246.2899932861328,39509800
2026-01-09,AMZN,244.57000732421875,247.86000061035156,242.24000549316406,247.3800048828125,34560000
2026-01-12,AMZN,246.72999572753906,248.94000244140625,245.9600067138672,246.47000122070312,35867800
2026-01-13,AMZN,246.52999877929688,247.66000366210938,240.25,242.60000610351562,38371800
2026-01-14,AMZN,241.14999389648438,241.27999877929688,236.22000122070312,236.64999389648438,41410600
2026-01-15,AMZN,239.30999755859375,240.64999389648438,236.6300048828125,238.17999267578125,43003600
2026-01-16,AMZN,239.08999633789062,239.57000732421875,236.41000366210938,239.1199951171875,45888300
2026-01-20,AMZN,233.75999450683594,235.08999633789062,229.33999633789062,231.0,47737900
2026-01-21,AMZN,231.08999633789062,232.3000030517578,226.8800048828125,231.30999755859375,47276100
2026-01-22,AMZN,234.0500030517578,235.72000122070312,230.89999389648438,234.33999633789062,31913300
2026-01-23,AMZN,234.9600067138672,240.4499969482422,234.57000732421875,239.16000366210938,33778500
2026-01-26,AMZN,239.97999572753906,240.9499969482422,237.5399932861328,238.4199981689453,32825500
2026-01-27,AMZN,239.69000244140625,244.8800048828125,238.0800018310547,244.67999267578125,38029200
2026-01-28,AMZN,246.3699951171875,247.77999877929688,241.52999877929688,243.00999450683594,40882700
2026-01-29,AMZN,242.82000732421875,243.0,236.74000549316406,241.72999572753906,47229600
2026-01-30,AMZN,239.88999938964844,243.32000732421875,237.63999938964844,239.3000030517578,46585000
2026-02-02,AMZN,238.30999755859375,245.6300048828125,238.1699981689453,242.9600067138672,37546100
2026-02-03,AMZN,244.97999572753906,246.35000610351562,235.4499969482422,238.6199951171875,53831300
2026-02-04,AMZN,238.86000061035156,238.86000061035156,231.82000732421875,232.99000549316406,51299900
2026-02-05,AMZN,224.91000366210938,226.30999755859375,220.3800048828125,222.69000244140625,103509200
2026-02-06,AMZN,202.6999969482422,211.44000244140625,200.30999755859375,210.32000732421875,179210900
2026-02-09,AMZN,208.97000122070312,212.80999755859375,203.35000610351562,208.72000122070312,91178400
2026-02-10,AMZN,208.8000030517578,212.64999389648438,206.41000366210938,206.9600067138672,67175000
2026-02-11,AMZN,208.05999755859375,208.57000732421875,202.49000549316406,204.0800018310547,65545500
2026-02-12,AMZN,203.9600067138672,203.9600067138672,197.55999755859375,199.60000610351562,83975400
2026-02-13,AMZN,198.8800048828125,201.16000366210938,197.27999877929688,198.7899932861328,66321600
2026-02-17,AMZN,198.1300048828125,201.74000549316406,196.0,201.14999389648438,69879200
2026-02-18,AMZN,202.07000732421875,206.86000061035156,201.50999450683594,204.7899932861328,51003300
2026-02-19,AMZN,203.8000030517578,205.63999938964844,202.80999755859375,204.86000061035156,35669600
2026-02-20,AMZN,204.75999450683594,211.1699981689453,203.75,210.11000061035156,65881600
2026-02-23,AMZN,208.10000610351562,208.42999267578125,203.11000061035156,205.27000427246094,53581500
2026-02-24,AMZN,205.47000122070312,210.36000061035156,203.25,208.55999755859375,41137200
2026-02-25,AMZN,210.4600067138672,211.58999633789062,208.92999267578125,210.63999938964844,41346400
2026-02-26,AMZN,210.72999572753906,211.0500030517578,205.35000610351562,207.9199981689453,47756800
2026-02-27,AMZN,206.8300018310547,210.3300018310547,205.1999969482422,210.0,57422800
2026-03-02,AMZN,204.5500030517578,209.72999572753906,203.4600067138672,208.38999938964844,46001000
2026-03-03,AMZN,203.10000610351562,209.17999267578125,202.47999572753906,208.72999572753906,43184900
2026-03-04,AMZN,210.47000122070312,217.5399932861328,210.14999389648438,216.82000732421875,54731100
2026-03-05,AMZN,215.97999572753906,220.47000122070312,215.58999633789062,218.94000244140625,60943400
2026-03-06,AMZN,214.99000549316406,217.32000732421875,212.52999877929688,213.2100067138672,51152700
2026-03-09,AMZN,210.4499969482422,213.82000732421875,207.11000061035156,213.49000549316406,54642900
2026-03-10,AMZN,214.19000244140625,215.64999389648438,212.42999267578125,214.3300018310547,35678800
2026-03-11,AMZN,215.7100067138672,217.0,211.35000610351562,212.64999389648438,34199300
2026-03-12,AMZN,210.38999938964844,211.7100067138672,208.14999389648438,209.52999877929688,44349500
2026-03-13,AMZN,209.61000061035156,210.55999755859375,206.22000122070312,207.6699981689453,35662100
2026-03-16,AMZN,208.35000610351562,212.72000122070312,207.4499969482422,211.74000549316406,42209300
2026-03-17,AMZN,212.82000732421875,215.6999969482422,212.42999267578125,215.1999969482422,44969900
2026-03-18,AMZN,213.92999267578125,215.13999938964844,208.8300018310547,209.8699951171875,37846600
2026-03-19,AMZN,207.05999755859375,209.1199951171875,206.0500030517578,208.75999450683594,36440600
2026-03-20,AMZN,207.39999389648438,207.5399932861328,204.32000732421875,205.3699951171875,63694600
2026-03-23,AMZN,209.7899932861328,212.8000030517578,209.50999450683594,210.13999938964844,44277400
2026-03-24,AMZN,207.9499969482422,209.35000610351562,206.63999938964844,207.24000549316406,35351400
2026-03-25,AMZN,211.55999755859375,213.07000732421875,209.89999389648438,211.7100067138672,36388800
2026-03-26,AMZN,210.61000061035156,212.88999938964844,207.1199951171875,207.5399932861328,46746000
2026-03-27,AMZN,206.4600067138672,206.60000610351562,199.13999938964844,199.33999633789062,56009800
2026-03-30,AMZN,201.47999572753906,203.8000030517578,199.97999572753906,200.9499969482422,46373800
2026-03-31,AMZN,204.85000610351562,210.27999877929688,204.13999938964844,208.27000427246094,58470100
2026-04-01,AMZN,210.44000244140625,213.5800018310547,208.19000244140625,210.57000732421875,45955400
2026-04-02,AMZN,206.5399932861328,212.2100067138672,204.89999389648438,209.77000427246094,31453000
2026-04-06,AMZN,209.8000030517578,212.9499969482422,209.58999633789062,212.7899932861328,25385500
2026-04-07,AMZN,211.24000549316406,213.97000122070312,209.0800018310547,213.77000427246094,28154600
2026-04-08,AMZN,223.7899932861328,226.10000610351562,219.6199951171875,221.25,51092700
2026-04-09,AMZN,225.22999572753906,233.8000030517578,223.27000427246094,233.64999389648438,65964200
2026-04-10,AMZN,235.3000030517578,240.42999267578125,235.2100067138672,238.3800048828125,56912800
2026-04-13,AMZN,237.4499969482422,240.0,235.75,239.88999938964844,42166200
2026-04-14,AMZN,241.77999877929688,252.17999267578125,241.77999877929688,249.02000427246094,72685000
2026-04-15,AMZN,249.25,250.44000244140625,247.1999969482422,248.5,43045200
2026-04-16,AMZN,248.50999450683594,250.0,244.1999969482422,249.6999969482422,41895700
2026-04-17,AMZN,254.99000549316406,256.17999267578125,250.11000061035156,250.55999755859375,52029300
2026-04-20,AMZN,249.19000244140625,250.17999267578125,245.3699951171875,248.27999877929688,39463100
2026-04-21,AMZN,255.08999633789062,255.08999633789062,249.10000610351562,249.91000366210938,42922400
2026-04-22,AMZN,252.44000244140625,255.94000244140625,250.3300018310547,255.36000061035156,36065100
2026-04-23,AMZN,255.38999938964844,258.7900085449219,253.07000732421875,255.0800018310547,39091400
2026-04-24,AMZN,259.9800109863281,264.5,257.69000244140625,263.989990234375,53777400
2026-04-27,AMZN,263.4599914550781,264.1499938964844,260.3399963378906,261.1199951171875,44906800
2026-04-28,AMZN,258.3900146484375,261.0299987792969,256.6300048828125,259.70001220703125,42204400
2026-04-29,AMZN,257.989990234375,265.9100036621094,257.70001220703125,263.0400085449219,72367900
2026-04-30,AMZN,273.1700134277344,273.8800048828125,256.1600036621094,265.05999755859375,100974900
2026-05-01,AMZN,265.5799865722656,273.32000732421875,262.739990234375,268.260009765625,50825200
2026-05-04,AMZN,268.79998779296875,276.1000061035156,268.79998779296875,272.04998779296875,49083700
2026-05-05,AMZN,276.0799865722656,278.55999755859375,272.3800048828125,273.54998779296875,41908500
2026-05-06,AMZN,272.8900146484375,277.79998779296875,272.2099914550781,274.989990234375,44552000
2026-05-07,AMZN,275.0199890136719,276.6300048828125,270.489990234375,271.1700134277344,35892900
2026-05-08,AMZN,271.6300048828125,274.0,269.95001220703125,272.67999267578125,34732700
2026-05-11,AMZN,269.8399963378906,273.6300048828125,268.4800109863281,268.989990234375,38176700
2026-05-12,AMZN,266.7099914550781,267.6499938964844,262.6300048828125,265.82000732421875,36776200
2026-05-13,AMZN,264.42999267578125,270.7200012207031,263.20001220703125,270.1300048828125,39670900
2026-05-14,AMZN,269.1499938964844,270.7799987792969,266.6300048828125,267.2200012207031,31338400
2026-05-15,AMZN,262.5,264.3599853515625,260.8900146484375,264.1400146484375,40770300
2026-05-18,AMZN,263.8699951171875,268.8500061035156,262.5299987792969,264.8599853515625,33690800
2026-05-19,AMZN,262.0400085449219,262.25,255.19000244140625,259.3399963378906,40340700
2026-05-20,AMZN,260.04998779296875,265.5799865722656,259.5299987792969,265.010009765625,34933200
2026-05-21,AMZN,263.5,269.489990234375,261.3699951171875,268.4599914550781,36591700
2026-05-22,AMZN,268.6600036621094,269.7900085449219,266.239990234375,266.32000732421875,27535500
2026-05-26,AMZN,267.94000244140625,269.29998779296875,262.07000732421875,265.2900085449219,38028100
2026-05-27,AMZN,266.1499938964844,272.4100036621094,265.70001220703125,271.8500061035156,40061900
2026-05-28,AMZN,272.2699890136719,274.5,267.44000244140625,274.0,40630400
2026-05-29,AMZN,271.2900085449219,274.75,269.6400146484375,270.6400146484375,54749600
2026-06-01,AMZN,266.2900085449219,266.6300048828125,260.70001220703125,261.260009765625,53604400
2026-06-02,AMZN,257.1600036621094,261.20001220703125,254.3699951171875,256.5199890136719,41811000
2026-06-03,AMZN,254.6999969482422,257.0899963378906,247.7100067138672,250.02000427246094,51394200
2026-06-04,AMZN,253.1199951171875,255.8300018310547,251.75,253.7899932861328,35609800
2026-06-05,AMZN,254.25999450683594,256.3800048828125,245.77999877929688,246.02999877929688,55607800
2026-06-08,AMZN,246.67999267578125,249.4199981689453,243.36000061035156,245.22000122070312,33899500
2026-06-09,AMZN,247.72999572753906,250.42999267578125,240.39999389648438,244.19000244140625,44425400
2026-06-10,AMZN,243.61000061035156,244.07000732421875,237.4499969482422,238.0,38590200
2026-06-11,AMZN,237.92999267578125,242.13999938964844,235.17999267578125,241.50999450683594,41335400
2026-06-12,AMZN,243.2100067138672,243.36000061035156,233.58999633789062,238.5500030517578,51186600
2026-06-15,AMZN,245.02000427246094,247.80999755859375,244.72999572753906,246.02000427246094,41711600
2026-06-16,AMZN,248.0,249.50999450683594,245.4499969482422,246.0,35187400
2026-06-17,AMZN,244.89999389648438,245.91000366210938,236.0,237.5,44780800
2026-06-18,AMZN,240.1199951171875,245.72999572753906,236.02000427246094,244.38999938964844,75624400
2026-06-22,AMZN,240.0800018310547,242.0,232.24000549316406,232.7899932861328,68388500
2026-06-23,AMZN,232.5500030517578,236.8699951171875,232.0,234.11000061035156,60492600
2026-06-24,AMZN,233.85000610351562,242.4199981689453,232.9499969482422,234.27000427246094,70282600
2026-06-25,AMZN,232.02000427246094,232.32000732421875,225.5500030517578,227.00999450683594,77674100
2026-06-26,AMZN,227.2100067138672,233.89999389648438,226.1300048828125,232.69000244140625,248372100
2026-06-29,AMZN,234.22000122070312,249.7100067138672,233.8000030517578,240.13999938964844,77619200
2026-06-30,AMZN,237.35000610351562,241.5399932861328,237.1699981689453,238.33999633789062,66228300
2026-07-01,AMZN,239.75,244.89999389648438,234.89999389648438,241.6999969482422,53829900
2026-07-02,AMZN,241.61000061035156,246.72000122070312,241.0800018310547,242.6699981689453,48246400
2026-07-06,AMZN,243.8000030517578,246.0399932861328,240.8800048828125,244.16000366210938,40044000
2026-07-07,AMZN,246.97999572753906,248.92999267578125,242.6999969482422,245.97999572753906,40579600
2026-07-08,AMZN,244.27000427246094,244.8000030517578,240.52000427246094,243.6199951171875,29653000
2026-07-09,AMZN,239.82000732421875,247.5,238.25,247.0399932861328,38091700
2026-07-10,AMZN,249.5500030517578,251.02999877929688,244.41000366210938,245.33999633789062,31654000
2026-07-13,AMZN,244.67999267578125,249.64999389648438,244.17999267578125,247.30999755859375,34636100
2026-07-14,AMZN,245.5500030517578,248.55999755859375,243.8000030517578,247.49000549316406,30108100
2026-07-15,AMZN,249.75,256.4800109863281,249.75,254.9600067138672,45240600
2026-07-16,AMZN,255.1199951171875,258.0799865722656,248.0,249.88999938964844,45343700
2026-07-17,AMZN,244.4600067138672,250.24000549316406,243.58999633789062,247.22999572753906,43572400
2026-07-20,AMZN,248.75999450683594,252.88999938964844,248.0,249.99000549316406,32406500
2026-07-21,AMZN,249.11000061035156,249.33999633789062,246.4199981689453,247.5500030517578,27732100
2026-07-22,AMZN,248.27000427246094,248.4499969482422,242.4499969482422,244.85000610351562,34112700
2026-07-23,AMZN,236.25999450683594,238.35000610351562,232.0500030517578,233.66000366210938,47465300
2026-07-24,AMZN,234.3800048828125,234.9499969482422,231.33999633789062,232.11000061035156,35017400
2026-07-27,AMZN,235.6699981689453,235.88999938964844,230.99000549316406,231.38999938964844,34934500
2023-07-31,GOOGL,131.56340397747383,132.35637563474472,130.62175675151056,131.55349731445312,28055500
2023-08-01,GOOGL,129.63054701957142,131.4642930466913,129.5314198898495,130.39378356933594,23166800
2023-08-02,GOOGL,128.31222025946755,128.9465944934301,126.4388326681817,127.25163269042969,26273300
2023-08-03,GOOGL,126.84522229017263,128.25273953384962,126.30005343266693,127.32099914550781,20089500
2023-08-04,GOOGL,128.1437081443391,130.35410359894246,126.78575443058828,126.98399353027344,26147200
2023-08-07,GOOGL,128.0247975185182,130.45326108561633,127.88602860396051,130.37396240234375,22746300
2023-08-08,GOOGL,129.47197383031187,130.35415100067675,128.40146415312537,130.2451171875,23535200
2023-08-09,GOOGL,130.50280718461022,130.87945697389134,127.86618303626592,128.5203857421875,24912900
2023-08-10,GOOGL,130.16580349118593,130.889383106786,128.31222909619765,128.5501251220703,20857800
2023-08-11,GOOGL,127.52915070175547,128.78797718787527,127.04345209609927,128.42123413085938,19591100
2023-08-14,GOOGL,128.2527687832776,130.2153619932151,127.82655538590826,130.17572021484375,24695600
2023-08-15,GOOGL,129.94774884721215,130.26492845526437,128.14373783533682,128.63934326171875,19770700
2023-08-16,GOOGL,127.5688247680664,129.13493962042415,126.7461255654186,127.5688247680664,25216100
2023-08-17,GOOGL,128.6591509873898,130.82990482519432,128.15362385412445,128.77809143066406,33446300
2023-08-18,GOOGL,127.38048074077112,128.1139820986366,125.26920468665479,126.33971405029297,30504800
2023-08-21,GOOGL,126.0621788706278,127.59855093945741,125.4476255056934,127.24171447753906,25248700
2023-08-22,GOOGL,127.38048298176062,129.1349301745341,127.19216565146276,127.94548034667969,22054900
2023-08-23,GOOGL,129.03580432978123,132.23742584663677,128.72853142638633,131.20655822753906,27819700
2023-08-24,GOOGL,132.77269070278274,133.07005698354735,128.43119745245764,128.63934326171875,28500700
2023-08-25,GOOGL,128.40144118659,129.61071958018746,126.13157509513833,128.73846435546875,26762900
2023-08-28,GOOGL,130.15587147682967,131.3750563736932,128.99615680059247,129.85850524902344,20543300
2023-08-29,GOOGL,131.0776996976363,135.36964355822954,131.0776996976363,133.38722229003906,43075600
2023-08-30,GOOGL,133.5953920373494,135.08220825541576,132.89164083061692,134.68572998046875,28315800
2023-08-31,GOOGL,134.8145624474285,136.78707719387538,134.59649488250773,134.97315979003906,30053800
2023-09-01,GOOGL,136.25184916877205,136.25184916877205,133.66478826288787,134.46766662597656,21543700
2023-09-05,GOOGL,134.24958930429057,135.22097162539615,133.39714743586188,134.57669067382812,19403100
2023-09-06,GOOGL,134.8244999600997,135.33001203337403,132.49514848342264,133.27821350097656,18684500
2023-09-07,GOOGL,132.4158467757284,134.38836170715467,131.78147247047056,134.0711669921875,18844300
2023-09-08,GOOGL,133.7242392505445,135.45885797662925,133.66476902845534,135.1813201904297,23558300
2023-09-11,GOOGL,135.33991830158746,136.27165888953823,134.59651018881954,135.71658325195312,20763400
2023-09-12,GOOGL,135.06236368343136,135.66700281159663,134.00177610596597,134.15045166015625,18405500
2023-09-13,GOOGL,133.90263613822427,135.69672490178635,132.97089575556973,135.50840759277344,20749500
2023-09-14,GOOGL,136.39062502190396,137.4809479301585,135.0425776014956,136.88623046875,24751000
2023-09-15,GOOGL,136.76725635034862,137.30251863025583,135.28044021121335,136.19235229492188,38919600
2023-09-18,GOOGL,135.40928098547076,137.93687104627568,135.40928098547076,136.99522399902344,21861300
2023-09-19,GOOGL,136.21216019438876,137.19346414304988,135.41918868155213,136.8267059326172,20353700
2023-09-20,GOOGL,136.86638038785247,136.86638038785247,132.44557384571905,132.5645294189453,29927500
2023-09-21,GOOGL,130.284744080372,131.06779392210422,128.9267901856762,129.2935333251953,31503900
2023-09-22,GOOGL,129.61070610554586,130.86954793351885,128.4609131845869,129.10519409179688,26397300
2023-09-25,GOOGL,128.6888930557924,130.0171118264149,127.82654454608127,129.9576416015625,20094600
2023-09-26,GOOGL,128.6293986834249,129.21420928425493,126.10180872897105,127.43994903564453,25718700
2023-09-27,GOOGL,127.43996798020761,129.7494756200031,127.43996798020761,129.39263916015625,22746500
2023-09-28,GOOGL,128.69880291155567,132.12839883500152,128.64923934805705,131.1470947265625,22513100
2023-09-29,GOOGL,132.10855151732764,132.87178793711044,129.21421829354512,129.70982360839844,30859800
2023-10-02,GOOGL,130.0567776325655,133.23855587746678,130.01712073016435,132.99075317382812,22288000
2023-10-03,GOOGL,132.76275951955418,133.0799390690274,130.68121106331455,131.26602172851562,22989400
2023-10-04,GOOGL,131.6228674142173,134.37844718411898,131.36515806688755,134.0513458251953,26752300
2023-10-05,GOOGL,133.88282775878906,134.2991344106199,132.27705624495698,133.88282775878906,19832600
2023-10-06,GOOGL,132.83212890565903,136.94566202758472,132.83212890565903,136.37075805664062,27597600
2023-10-09,GOOGL,135.73641188198502,137.71883351864395,134.41809967864563,137.20339965820312,19278100
2023-10-10,GOOGL,137.28269277954,138.4919711389079,136.12297798401696,136.8465576171875,27786600
2023-10-11,GOOGL,137.36201055117434,139.86977295862408,137.36201055117434,139.314697265625,25884300
2023-10-12,GOOGL,139.81025497227756,139.9787589554809,137.0447689914143,137.74853515625,24765500
2023-10-13,GOOGL,138.15492895530255,138.76947464598243,135.41917820391996,136.15267944335938,23420500
2023-10-16,GOOGL,136.95556193967968,138.40273601931523,136.77715129783755,137.8773956298828,28501900
2023-10-17,GOOGL,137.41154259753543,138.6703692822643,135.97427499935674,138.49195861816406,23515800
2023-10-18,GOOGL,138.22434622855528,139.4831882085486,136.172547689983,136.74745178222656,23375000
2023-10-19,GOOGL,137.28268416001447,138.4324922204464,136.17253299803895,136.53927612304688,26066000
2023-10-20,GOOGL,136.1229473743945,136.65819441940081,133.8927236249681,134.4081573486328,26335700
2023-10-23,GOOGL,133.85310324956066,136.45008589771163,132.77268707945487,135.30027770996094,26317900
2023-10-24,GOOGL,136.6185834917505,138.13513477372655,136.21218344241674,137.5899658203125,44814300
2023-10-25,GOOGL,127.03357185296261,127.18224741384032,123.97072673913938,124.5059814453125,84366200
2023-10-26,GOOGL,122.18654246977827,123.23723097831568,120.20412102421639,121.20524597167969,57061100
2023-10-27,GOOGL,121.79996533864069,122.22618623249376,119.15343464446192,121.09620666503906,44566500
2023-10-30,GOOGL,122.12707543139821,124.29782939084916,121.6711193945083,123.3660888671875,28940100
2023-10-31,GOOGL,123.96081560140948,124.26809608033074,121.61165093298484,122.98943328857422,26292300
2023-11-01,GOOGL,122.97951373794584,125.37824186558063,122.63259149838505,125.33859252929688,30082400
2023-11-02,GOOGL,127.29127202345639,127.84634757695119,125.81437024728645,126.36944580078125,27124600
2023-11-03,GOOGL,126.89478462654999,128.39150718035043,126.7361873014037,127.96529388427734,26393100
2023-11-06,GOOGL,127.91574427289191,129.19439942516289,127.53907936577991,129.10519409179688,19052700
2023-11-07,GOOGL,129.5611383567172,130.7505879983134,128.73843178073938,129.81884765625,29757300
2023-11-08,GOOGL,129.81886492088287,131.04797161797262,129.63053247035484,130.68121337890625,26425800
2023-11-09,GOOGL,130.80017480614322,131.38498550790692,128.92678712827234,129.0952911376953,23747800
2023-11-10,GOOGL,128.95651664701234,131.63278248151076,128.27257885187583,131.42462158203125,26913300
2023-11-13,GOOGL,130.62174322003068,131.42462145714984,130.09640276550397,130.92901611328125,18324800
2023-11-14,GOOGL,133.01055394719708,134.50727652084166,132.14820555787506,132.445556640625,32395200
2023-11-15,GOOGL,133.68457023081038,133.8431675584507,132.39600853658533,133.436767578125,23861500
2023-11-16,GOOGL,134.0017891113594,136.0139458049548,133.13944056401175,135.7264862060547,28013200
2023-11-17,GOOGL,134.80465005712884,134.86412027691202,132.47529895112487,134.12071228027344,37240600
2023-11-20,GOOGL,132.5149477380473,135.45884443455537,132.44555573609716,135.0524444580078,27815500
2023-11-21,GOOGL,135.09209741037324,135.97427431377318,134.76501119450535,135.76612854003906,22635300
2023-11-22,GOOGL,136.26172703194487,138.19458474282766,136.26172703194487,137.27276611328125,17813900
2023-11-24,GOOGL,136.81680506938213,136.9159321844401,134.7947419943983,135.48858642578125,12514300
2023-11-27,GOOGL,134.83439465228903,137.2033876965765,134.80465954030564,135.2110595703125,23436500
2023-11-28,GOOGL,134.88392865329166,136.04364314051242,134.22972608367826,135.99407958984375,18730000
2023-11-29,GOOGL,136.360853061755,137.07451079768657,133.65483716334538,133.80352783203125,23967200
2023-11-30,GOOGL,133.8630133792204,134.35861874891418,130.1261446568203,131.3651580810547,38988300
2023-12-01,GOOGL,130.70103454589844,130.94883720390865,129.52149147382195,130.70103454589844,31442300
2023-12-04,GOOGL,128.73845875055255,128.88713431514626,126.7758581121976,128.13381958007812,36669900
2023-12-05,GOOGL,127.81662097598935,130.97858563372688,127.1227764879299,129.8386993408203,27384800
2023-12-06,GOOGL,130.28472982782802,130.68120803665548,128.73844363885704,128.87721252441406,23576200
2023-12-07,GOOGL,133.8530984180632,137.34216463354636,133.5160903794074,135.7264862060547,56767100
2023-12-08,GOOGL,133.02046296777098,135.20112331976583,132.85195897633275,133.80352783203125,32260100
2023-12-11,GOOGL,131.21647898449544,132.16803279885028,130.20543982265264,132.11846923828125,31138000
2023-12-12,GOOGL,130.65148882726206,131.83103206038206,130.10631988027265,131.35525512695312,29032800
2023-12-13,GOOGL,132.20769395702044,132.32663440647838,130.41360492921032,131.40481567382812,30104800
2023-12-14,GOOGL,132.20769564183271,132.54470366937534,128.55012552763398,130.7803497314453,38722400
2023-12-15,GOOGL,130.46314245666346,132.33653000234125,130.0270073455555,131.43453979492188,50847100
2023-12-18,GOOGL,131.46427872099582,135.94454015229283,131.26602448315583,134.60641479492188,32258000
2023-12-19,GOOGL,135.63727655584978,136.26174417356714,134.883961824314,135.44894409179688,25476800
2023-12-20,GOOGL,137.74855205293554,140.45455302635412,136.85646847368653,137.12408447265625,49107200
2023-12-21,GOOGL,138.26400273042307,139.45345268951988,137.95671467148622,139.18582153320312,27488300
2023-12-22,GOOGL,139.53274123600997,140.74201955858857,139.4732710110759,140.2464141845703,26532200
2023-12-26,GOOGL,140.34553045409487,141.42594657240042,139.94905219268907,140.27615356445312,16780300
2023-12-27,GOOGL,140.34552403156647,140.83122273553664,138.6604688106895,139.13624572753906,19628600
2023-12-28,GOOGL,139.54263593061398,139.8994723742898,138.5216901576727,138.99746704101562,16045700
2023-12-29,GOOGL,138.40276427098348,139.12634389616656,137.56022906895078,138.4622344970703,18733000
2024-01-02,GOOGL,137.3322465738531,138.2243301608941,135.28043314911363,136.95558166503906,23711200
2024-01-03,GOOGL,136.04368487458785,138.40277146312937,135.87518085036012,137.69900512695312,24212100
2024-01-04,GOOGL,137.20337960162615,137.93688094484938,135.15158137245075,135.19122314453125,27137700
2024-01-05,GOOGL,135.54805692417742,135.9544569222083,133.9621138280285,134.53701782226562,22513900
2024-01-08,GOOGL,135.09211461031617,137.78820922289705,135.06237949599685,137.6197052001953,21404000
2024-01-09,GOOGL,137.28270282254584,140.24642871103555,136.93577297492843,139.71116638183594,24759600
2024-01-10,GOOGL,139.76070104634456,141.74312233778207,139.67149571815168,141.02944946289062,21320200
2024-01-11,GOOGL,142.22881788517725,143.94360802981913,139.40386155685738,140.83120727539062,24008700
2024-01-12,GOOGL,141.41605342795455,141.94139398064064,140.57353326075875,141.39622497558594,18785500
2024-01-16,GOOGL,140.75192640999762,143.08127772087843,140.20675747291105,141.2376251220703,22670500
2024-01-17,GOOGL,140.10765256153263,140.59333617350276,137.6791740029759,140.22659301757812,20968600
2024-01-18,GOOGL,140.80149369743117,142.9425126026269,140.74202347084398,142.2189178466797,25746400
2024-01-19,GOOGL,143.4678295070268,145.16279118468964,143.11099308151773,145.09341430664062,34271900
2024-01-22,GOOGL,145.80709257030463,147.0857476531187,144.55815747232313,144.70684814453125,32200400
2024-01-23,GOOGL,144.6077484744681,145.88640379995493,144.22117685283933,145.7476348876953,21636100
2024-01-24,GOOGL,147.2344537807019,148.53295270577948,146.7983337091306,147.39305114746094,25233500
2024-01-25,GOOGL,148.7510042615379,151.70480805664835,148.225648650222,150.53517150878906,29149100
2024-01-26,GOOGL,149.77197024370292,151.19930120832583,149.68274976961334,150.85238647460938,26115500
2024-01-29,GOOGL,150.7234988316385,152.42838247060587,150.0990312415879,152.16075134277344,27784300
2024-01-30,GOOGL,151.45698753735525,152.26977239045794,149.86113781545077,150.12876892089844,36331800
2024-01-31,GOOGL,142.35765687548871,142.73432173106326,138.6406172470756,138.8686065673828,71910000
2024-02-01,GOOGL,140.87086536289783,141.80260587734793,139.5525532652903,139.9193115234375,40466500
2024-02-02,GOOGL,138.03598318915266,141.36645142167342,135.30024736856095,141.12857055664062,62499600
2024-02-05,GOOGL,141.56473326856243,144.1914358303926,141.5250763668689,142.4171600341797,38505400
2024-02-06,GOOGL,143.37860403545926,144.08237020058561,141.93144506162201,142.8334503173828,29128200
2024-02-07,GOOGL,143.48767523899187,144.34011716332222,142.6649684297807,144.2608184814453,25208900
2024-02-08,GOOGL,144.5482800524002,145.04388547733828,143.82470036690026,144.62757873535156,22563800
2024-02-09,GOOGL,145.3907830102507,148.12653431225093,144.89517764390865,147.69039916992188,26829500
2024-02-12,GOOGL,147.11549911454978,148.02741119835667,146.07472479210762,146.2333221435547,21564100
2024-02-13,GOOGL,143.64626652168468,145.38088541203197,142.42708147937856,143.8643341064453,27837700
2024-02-14,GOOGL,144.79605648646725,145.23219160120888,142.82354180831294,144.65728759765625,22704200
2024-02-15,GOOGL,141.88191038487835,142.25857532101722,139.22547275543386,141.51516723632812,37590700
2024-02-16,GOOGL,141.7332189292563,141.9314580380152,138.90826247425002,139.28492736816406,31468900
2024-02-20,GOOGL,138.432479628036,140.83120752749184,138.26397563661223,139.879638671875,25144700
2024-02-21,GOOGL,140.20678108284588,141.43588806391705,139.44354444240048,141.297119140625,23223300
2024-02-22,GOOGL,143.6561760762736,143.7255680931289,141.54490732630646,142.8235626220703,27191900
2024-02-23,GOOGL,142.40725779738116,143.40837528845117,142.16936175385501,142.69471740722656,19493800
2024-02-26,GOOGL,140.89069563143732,141.18806188186093,136.18244456120365,136.36087036132812,53641800
2024-02-27,GOOGL,136.80689055869198,138.0260753556502,135.88505684049912,137.65933227539062,33099200
2024-02-28,GOOGL,136.68794956560583,136.796983347661,134.21984460085443,135.1813201904297,37328600
2024-02-29,GOOGL,136.07339035713764,137.63950492469195,135.2011201866837,137.24302673339844,42133000
2024-03-01,GOOGL,137.21330186571015,137.64943703156058,135.7165790235201,135.9346466064453,31151100
2024-03-04,GOOGL,134.4676732565006,134.4676732565006,130.75063241100696,132.177978515625,55999400
2024-03-05,GOOGL,130.72085654417694,132.06890354223196,129.52148508372335,131.50390625,40194800
2024-03-06,GOOGL,131.95000128916595,132.40596499645403,129.69996324629554,130.2451171875,35318600
2024-03-07,GOOGL,131.62286181229678,133.75397388585452,130.45324044956945,133.1988983154297,37738200
2024-03-08,GOOGL,133.03038365770627,136.87627056964266,132.82222277313073,134.21983337402344,39370400
2024-03-11,GOOGL,134.93353345070832,137.8774307891928,134.93353345070832,136.45999145507812,32437800
2024-03-12,GOOGL,135.82560336197784,138.15495459716567,135.82560336197784,137.28268432617188,27563400
2024-03-13,GOOGL,137.7782905156126,139.84991729704038,137.7683838532644,138.56134033203125,23347200
2024-03-14,GOOGL,139.94903860620198,142.32793819304158,139.22545904327845,141.84225463867188,42753400
2024-03-15,GOOGL,141.24752279739727,141.9215388042357,138.7992311922684,139.93911743164062,49475400
2024-03-18,GOOGL,147.3038223387608,150.81270155253688,145.87647651462308,146.38198852539062,69273700
2024-03-19,GOOGL,146.85775892016431,147.48221128274685,144.79603915836432,145.73768615722656,24070400
2024-03-20,GOOGL,146.69917689330697,147.5516186613226,145.45025691328723,147.43267822265625,21311500
2024-03-21,GOOGL,148.15627845947205,149.04836212342065,145.60885946127715,146.30271911621094,24755600
2024-03-22,GOOGL,147.8093327695821,150.24771771386577,147.67056387842288,149.44483947753906,29211800
2024-03-25,GOOGL,148.622129594887,149.0582647076252,146.52076782406607,148.75099182128906,19229300
2024-03-26,GOOGL,148.89967658168865,150.92173980939236,148.66178056238658,149.34571838378906,22149100
2024-03-27,GOOGL,149.85120290265056,150.3071664081134,147.59124407048597,149.54393005371094,22879200
2024-03-28,GOOGL,149.52414052577765,150.09902942352818,148.85010938322958,149.60342407226562,24485400
2024-04-01,GOOGL,149.3655526121771,154.3711700008442,149.28625393600836,154.1233673095703,31730800
2024-04-02,GOOGL,152.1508570629753,153.34030699227824,150.8127164395867,153.2015380859375,24586000
2024-04-03,GOOGL,152.2499745660593,153.71696221529052,151.38761094398126,153.55836486816406,24705000
2024-04-04,GOOGL,152.1508521323684,153.40969403638587,149.1276562800474,149.2069549560547,34724700
2024-04-05,GOOGL,148.71134571985755,152.07154951460475,148.28513236262637,151.15963745117188,23459200
2024-04-08,GOOGL,151.4371697426533,153.9052898339039,151.26866573838439,153.48898315429688,20702000
2024-04-09,GOOGL,154.71807515609422,157.16636680492698,153.825991572372,155.22360229492188,31079500
2024-04-10,GOOGL,154.83704643510924,155.23352470706243,153.32047998943062,154.7676544189453,22838600
2024-04-11,GOOGL,155.5308692093835,158.27651186403895,155.0848274346832,158.00889587402344,27166400
2024-04-12,GOOGL,156.57164779653132,158.81177851890706,155.758847768036,156.34365844726562,25353700
2024-04-15,GOOGL,157.46371316511042,157.8403780249784,153.23123975840457,153.49887084960938,27136500
2024-04-16,GOOGL,152.83479243864417,154.28195170620987,152.0814625667883,153.04293823242188,20779500
2024-04-17,GOOGL,154.25222171449875,155.69939615479163,153.22136912493693,154.10354614257812,21763100
2024-04-18,GOOGL,153.97463893383699,155.56058181969155,153.26096614766965,154.6387481689453,19883000
2024-04-19,GOOGL,154.82711196963538,154.98570931530094,150.96139619825826,152.73565673828125,32615600
2024-04-22,GOOGL,152.9537163543577,156.2544497066036,152.7059136863934,154.90640258789062,26446200
2024-04-23,GOOGL,155.58045659149803,157.57278489006907,154.90642537067149,156.8690185546875,21151600
2024-04-24,GOOGL,156.10579912051713,158.1675194626567,155.78860439495244,157.73138427734375,22779100
2024-04-25,GOOGL,149.99992338282905,155.11457444082362,149.5439597867095,154.62887573242188,57109700
2024-04-26,GOOGL,172.83741845240817,173.17444161155032,168.15890237210272,170.43869018554688,64665300
2024-04-29,GOOGL,167.57409377755957,168.0597925096593,163.75794130995203,164.68966674804688,45610000
2024-04-30,GOOGL,164.15440172797688,166.62252177219705,161.17086301864083,161.34927368164062,33562900
2024-05-01,GOOGL,162.85591967019158,165.65112595593658,161.6565480783854,162.41978454589844,33493200
2024-05-02,GOOGL,163.34160023066508,165.26455135719664,162.4495166743879,165.155517578125,24294500
2024-05-03,GOOGL,166.08726012108556,166.4837534702782,161.61690537224646,165.77008056640625,34662400
2024-05-06,GOOGL,165.98815382038057,166.6621698501134,164.5707146259979,166.62252807617188,21871300
2024-05-07,GOOGL,167.01901294123516,170.2503545716541,166.90997915272567,169.74484252929688,28039700
2024-05-08,GOOGL,167.51460097970468,168.65448718502228,167.25689165384944,167.89126586914062,19569100
2024-05-09,GOOGL,167.90118913341487,169.18976613945827,166.70181746537216,168.4661865234375,15346700
2024-05-10,GOOGL,166.55313303769844,168.35714377508077,164.72930897604326,167.1676788330078,29799900
2024-05-13,GOOGL,162.81625335334653,167.79213497268913,162.55854403329832,167.6533660888672,31327600
2024-05-14,GOOGL,168.2778370057792,169.74482453915033,167.31636146118933,168.8428192138672,25127100
2024-05-15,GOOGL,169.13027815806552,171.13251278258656,169.01132259521063,170.99374389648438,26948400
2024-05-16,GOOGL,171.7668862401435,173.5808035378088,171.17216892717605,172.64906311035156,27867900
2024-05-17,GOOGL,172.64909207464802,174.7207341676862,172.16340845627886,174.5125732421875,24479300
2024-05-20,GOOGL,174.64141067889267,177.1987360270171,174.53237690001112,175.364990234375,22554400
2024-05-21,GOOGL,175.34517242175946,176.584185836624,174.2647563539197,176.28683471679688,16989400
2024-05-22,GOOGL,175.08746704167487,175.5929790815051,173.67004292281268,174.8297576904297,17880000
2024-05-23,GOOGL,175.51367817186207,176.6832994864589,171.42987998310477,172.0246124267578,21024900
2024-05-24,GOOGL,173.44204354526818,174.22510846580246,172.12373150315187,173.45196533203125,16579400
2024-05-28,GOOGL,172.91669064448408,175.71191186906103,172.83739197945985,174.84954833984375,20572200
2024-05-29,GOOGL,173.88808788543193,175.2856986187846,173.1843367499764,174.3539581298828,23388700
2024-05-30,GOOGL,173.6600966913534,173.67992513855842,170.28006486489895,170.59725952148438,22931500
2024-05-31,GOOGL,170.34948191938355,171.53893180715215,167.95075369372532,170.98385620117188,37638900
2024-06-03,GOOGL,171.0234968625416,172.9960117081414,169.65563630662328,171.64796447753906,27459100
2024-06-04,GOOGL,171.75698494771635,172.3219822936052,170.37920271129525,172.2624969482422,26879600
2024-06-05,GOOGL,173.66014045517485,175.09739318392747,172.40129842220728,173.86830139160156,22068500
2024-06-06,GOOGL,174.35395954744376,175.59297294708358,174.2052839893571,175.17666625976562,23251000
2024-06-07,GOOGL,175.493867979147,176.30665293703487,172.76803839075907,172.9266357421875,19661400
2024-06-10,GOOGL,173.63119590631558,175.70520037025813,171.43809934111798,173.67088317871094,23726700
2024-06-11,GOOGL,174.87163664223397,175.48688780612986,172.44038608531787,175.26856994628906,21540600
2024-06-12,GOOGL,176.8860828234983,179.0295587655737,174.76245808700693,176.42959594726562,27864700
2024-06-13,GOOGL,174.76244518542256,175.38762940788288,173.5418611176958,173.81971740722656,20913300
2024-06-14,GOOGL,172.8869435437714,175.7052094322638,172.81747188595338,175.43727111816406,18063600
2024-06-17,GOOGL,174.1174408030097,176.99524483970762,173.47240531751984,175.88381958007812,19618500
2024-06-18,GOOGL,175.78459187073935,176.03267896636487,172.76785945042823,173.75027465820312,21869900
2024-06-20,GOOGL,174.02812743639052,175.93343447480135,173.65104535533175,174.95101928710938,20160100
2024-06-21,GOOGL,175.6456729700876,179.46622050110986,175.25865768617388,178.25555419921875,57759000
2024-06-24,GOOGL,178.7814884925371,179.50589857307529,177.3028839492694,177.8486785888672,18298000
2024-06-25,GOOGL,178.24559704633074,182.87986179667686,178.04713041446374,182.62185668945312,23130200
2024-06-26,GOOGL,181.23257184786374,183.0981763241254,181.0837105201297,182.47300720214844,19839000
2024-06-27,GOOGL,182.7706880177386,184.62638948700294,182.6119238103733,183.9912872314453,18848900
2024-06-28,GOOGL,182.90966546961494,183.71346525578238,180.56772262567728,180.75625610351562,29156600
2024-07-01,GOOGL,181.62950050025836,182.4730025766031,179.91274225321607,181.58981323242188,16006100
2024-07-02,GOOGL,180.65702287018632,184.15009335463083,180.17076672022137,183.82261657714844,17372500
2024-07-03,GOOGL,183.43558380831382,184.6660859724945,182.59208172180752,184.39816284179688,10242100
2024-07-05,GOOGL,184.4378798117953,189.39962196196515,184.37834132871893,189.14161682128906,20967500
2024-07-08,GOOGL,188.4469257746695,188.71486404073931,186.34315233953677,187.58358764648438,21035900
2024-07-09,GOOGL,188.8538217724112,189.89579062187278,187.2759914489027,187.53399658203125,15121400
2024-07-10,GOOGL,187.70266681734014,190.28277834321375,187.5835898719109,189.71713256835938,15952500
2024-07-11,GOOGL,188.39731944685417,189.39958571826102,183.6638141016308,184.1500701904297,25625800
2024-07-12,GOOGL,183.66381817797418,185.67828393880026,183.0783363373865,183.65390014648438,22898400
2024-07-15,GOOGL,183.5050408426138,186.79964437744582,183.5050408426138,185.10272216796875,16474000
2024-07-16,GOOGL,185.9263913901426,187.2362833659617,181.96691593885006,182.51271057128906,18290700
2024-07-17,GOOGL,181.56997921247492,182.14554307379208,178.52346250305996,179.63490295410156,20734100
2024-07-18,GOOGL,180.53791505223174,181.10356083919302,175.119701930773,176.3303680419922,25315700
2024-07-19,GOOGL,177.511279614787,178.9104792954856,175.77466998349036,176.3006134033203,18881900
2024-07-22,GOOGL,179.20816928485795,181.30202472668176,178.85092330428975,180.2799072265625,24100300
2024-07-23,GOOGL,180.65700705961783,182.20506795075516,180.15089974687697,180.39898681640625,36352700
2024-07-24,GOOGL,172.27166103830413,174.84183935353695,170.50528237716065,171.30908203125,49585200
2024-07-25,GOOGL,171.1999570513624,172.09306459024975,165.91073805088556,166.0000457763672,44852000
2024-07-26,GOOGL,165.8710294311091,166.8038393522412,162.80467650128674,165.72218322753906,41336900
2024-07-29,GOOGL,167.53816257445885,169.12591074335177,166.70459365013758,168.23280334472656,20293800
2024-07-30,GOOGL,168.9373789518768,169.91979407162952,167.15114899500833,168.9869842529297,18959700
2024-07-31,GOOGL,171.91443658888358,172.91670298864665,168.7091404604878,170.22743225097656,25729100
2024-08-01,GOOGL,168.94729223504007,172.71821867309802,167.58777995648467,169.45338439941406,24531400
2024-08-02,GOOGL,165.16644779514462,167.22060083165107,163.40998712477472,165.384765625,29130100
2024-08-05,GOOGL,154.3101575722687,163.17182044634595,153.74451178437454,158.03146362304688,53630700
2024-08-06,GOOGL,158.11086239581772,159.34137978517677,155.2132070680051,157.0788116455078,49004600
2024-08-07,GOOGL,160.0161531809976,161.73291139086032,157.25742629410797,157.7238311767578,25138600
2024-08-08,GOOGL,159.28180289949356,162.43747802495426,158.98411055542044,160.79017639160156,25578800
2024-08-09,GOOGL,158.785664734338,162.53674053879345,157.8429367667061,162.41766357421875,28602300
2024-08-12,GOOGL,163.09245277727376,163.638232240746,160.60164879815585,161.04820251464844,15895300
2024-08-13,GOOGL,162.15963892338314,163.46953080218395,161.72300324977175,162.90390014648438,18551700
2024-08-14,GOOGL,161.1573799318549,161.9711129174624,156.50327848683673,159.14291381835938,40591100
2024-08-15,GOOGL,159.27189898700752,160.40317542086007,158.38870962322818,160.06578063964844,31524300
2024-08-16,GOOGL,160.23448454041534,163.79701137732062,159.8970897454957,161.7130889892578,24208600
2024-08-19,GOOGL,164.01535061555833,165.41456556424006,163.00315095672093,165.39471435546875,22416200
2024-08-20,GOOGL,165.62293103111787,167.34962258490438,165.54355648931903,165.90078735351562,18341500
2024-08-21,GOOGL,163.88632244130392,165.5733267344455,163.40999947744584,164.5809783935547,22902000
2024-08-22,GOOGL,165.9801625781286,166.30763931714822,162.06039002531082,162.54664611816406,22493300
2024-08-23,GOOGL,163.45962992213603,164.90845010892556,162.57644045039766,164.3527374267578,13955700
2024-08-26,GOOGL,165.10689813733183,166.267943712712,163.20159141296193,164.88858032226562,14190400
2024-08-27,GOOGL,164.57104961527048,165.1664646925233,163.201619164844,163.419921875,11821900
2024-08-28,GOOGL,163.77717314609376,164.33290096897073,160.29403571593602,161.60394287109375,16407400
2024-08-29,GOOGL,163.05275436266322,164.70005625165825,159.02382249929119,160.5421142578125,19699800
2024-08-30,GOOGL,161.37568835446018,162.40773914692483,160.45281163127092,162.1298828125,22123800
2024-09-03,GOOGL,160.48256877218185,160.61157889702227,155.28265821334085,156.1559295654297,38945300
2024-09-04,GOOGL,155.4612684311876,157.7833595221429,154.76662773842722,155.25286865234375,19353800
2024-09-05,GOOGL,155.10402499624857,158.22991573533292,154.78646630753778,156.03683471679688,18688700
2024-09-06,GOOGL,156.09640040925774,156.62234382988387,149.39804896411633,149.7652130126953,37912100
2024-09-09,GOOGL,151.54385960268255,152.4282209390493,146.2873778721235,147.7679443359375,39260500
2024-09-10,GOOGL,149.4969156283568,150.31172831197244,147.40028159964342,147.71826171875,31118800
2024-09-11,GOOGL,148.9702880228308,150.5402808905173,146.5854975587233,150.2024383544922,29607700
2024-09-12,GOOGL,152.8256911821986,153.839233801539,151.68296725155358,153.71005249023438,29621500
2024-09-13,GOOGL,154.44537016884462,157.37669455144265,154.22677778049754,156.4625244140625,29591200
2024-09-16,GOOGL,156.31343656303738,157.24748407606418,155.6079429135806,157.05868530273438,18379800
2024-09-17,GOOGL,158.01264265003823,159.53294917671778,157.37669753536267,158.3107452392578,20715600
2024-09-18,GOOGL,158.84730896980255,159.48325404924594,157.59529635899653,158.79762268066406,23677300
2024-09-19,GOOGL,162.67291544318158,162.7523953061902,160.31791891468873,161.11285400390625,26587700
2024-09-20,GOOGL,162.46425419413836,162.69279293629415,161.03337393309369,162.55368041992188,40896400
2024-09-23,GOOGL,163.30888534572622,164.44166309263446,160.64585466572302,160.82472229003906,24150900
2024-09-24,GOOGL,161.9972194853163,162.18601827960998,159.67204679818846,161.26190185546875,23332100
2024-09-25,GOOGL,160.44711769027916,161.77862539142924,160.27819642927898,160.4669952392578,18869200
2024-09-26,GOOGL,162.60335078741144,163.0405658423745,161.25196569121914,161.69911193847656,20319300
2024-09-27,GOOGL,161.7786297424913,164.65032158098356,161.5997772832552,162.91140747070312,21101300
2024-09-30,GOOGL,162.28540572954867,165.09746486800793,162.22577308210086,164.79937744140625,20413900
2024-10-01,GOOGL,166.62770671794624,168.08839566011457,163.53740758234116,165.93214416503906,28338100
2024-10-02,GOOGL,165.36573037932214,166.4587679633324,163.686434073945,164.8092803955078,17760200
2024-10-03,GOOGL,163.36846915267606,165.5843378961242,162.88156783577605,164.8092803955078,15073100
2024-10-04,GOOGL,166.99535885279488,167.16428010496523,164.4317010051406,166.00169372558594,19047400
2024-10-07,GOOGL,166.65750280293437,167.41268277986842,161.7189863091265,161.94752502441406,22463100
2024-10-08,GOOGL,162.901468985077,163.68645779124333,161.8382399845631,163.33868408203125,23072700
2024-10-09,GOOGL,162.4145490312399,163.7957428412033,158.72806019467495,160.83462524414062,31181800
2024-10-10,GOOGL,159.8509116423071,162.03698715416354,159.38388779769477,161.05325317382812,14144100
2024-10-11,GOOGL,161.10291803821593,162.86169424502742,160.21855675772235,162.2058868408203,15344300
2024-10-14,GOOGL,162.60337841595526,165.1769677351728,162.36489330123743,163.91502380371094,19016100
2024-10-15,GOOGL,164.7397308583214,166.61775729768382,163.58709086133464,164.41183471679688,20247200
2024-10-16,GOOGL,163.48770991975573,164.74966878217245,162.70272119940034,164.1137237548828,16406000
2024-10-17,GOOGL,164.68009211171315,165.31603708942265,161.72890592209077,161.8978271484375,21453400
2024-10-18,GOOGL,162.1562116364337,163.66658684818702,162.0469078679096,162.38475036621094,19757700
2024-10-21,GOOGL,161.9177395848208,163.45792366085925,161.58982825285435,163.03065490722656,20946500
2024-10-22,GOOGL,161.94752146073054,164.71985537010008,161.94752146073054,164.09384155273438,16568100
2024-10-23,GOOGL,163.71624709624942,164.7695447784646,160.90417320390316,161.74879455566406,18280500
2024-10-24,GOOGL,161.79849749810091,162.29533007096418,159.9900196550578,161.68919372558594,22412500
2024-10-25,GOOGL,162.63316747166715,164.54100267206263,162.38475119304076,164.22303771972656,19828900
2024-10-28,GOOGL,167.68101873283592,167.68101873283592,162.9114222786761,165.66387939453125,32138600
2024-10-29,GOOGL,166.66744336321563,169.30066498158368,166.03149830422933,168.60508728027344,42169000
2024-10-30,GOOGL,179.53541113405987,180.86693395167478,172.95735272555387,173.35482788085938,68890800
2024-10-31,GOOGL,172.03323918990733,175.69986574053596,169.91672772946706,170.02603149414062,44769000
2024-11-01,GOOGL,168.9926071986616,171.22835336095886,167.81014346910678,170.20486450195312,31796500
2024-11-04,GOOGL,168.8535086611848,169.64844379948434,166.9456734265419,168.1678924560547,21492700
2024-11-05,GOOGL,168.3566697123956,169.44970738138483,167.77041094544956,168.6647186279297,18242100
2024-11-06,GOOGL,172.69900637438644,175.81911434381482,172.4009037964916,175.39183044433594,33695500
2024-11-07,GOOGL,176.2861274447148,179.93287650946746,176.06751991171046,179.60496520996094,25352900
2024-11-08,GOOGL,179.50560202546419,179.7540183112244,176.95189049215537,177.22018432617188,22006200
2024-11-11,GOOGL,177.44872793439595,179.40624953288767,177.33942415917616,179.20751953125,17450400
2024-11-12,GOOGL,178.68086684117154,181.33395085774214,178.25358296080182,180.46945190429688,25134900
2024-11-13,GOOGL,179.3167881349091,179.8136206226171,177.40893803944098,177.74679565429688,23184000
2024-11-14,GOOGL,177.15060502189382,177.68719264307913,173.21569988978717,174.46771240234375,31007500
2024-11-15,GOOGL,172.62944344024277,173.03684979342893,170.135349355116,171.39730834960938,32504600
2024-11-18,GOOGL,172.32140362031606,174.32861141194803,171.80469351153303,174.1894989013672,20135300
2024-11-19,GOOGL,172.61950254558704,177.73687175049812,172.46051249052883,176.9916229248047,23434900
2024-11-20,GOOGL,176.2165738071629,176.55441631876369,172.67912830422068,174.8651885986328,18997100
2024-11-21,GOOGL,172.79835394534456,173.0269078339117,162.6629730093742,166.56808471679688,59734400
2024-11-22,GOOGL,164.7993539822004,165.4054902668861,162.8616950123504,163.71624755859375,38604600
2024-11-25,GOOGL,165.0378364955745,167.56175439657423,164.56088148234778,166.58795166015625,33135300
2024-11-26,GOOGL,166.56807852805025,168.74420743105776,166.51839224272408,168.0486297607422,20486700
2024-11-27,GOOGL,167.9294049937709,168.40636000516253,166.95561742322607,168.15794372558594,19266500
2024-11-29,GOOGL,167.43256870496816,168.35666996658753,166.10106111500806,167.8797149658203,14257200
2024-12-02,GOOGL,167.7008703464783,170.98989954223964,167.50214035040204,170.4036407470703,23789100
2024-12-03,GOOGL,170.40362122950918,171.58606987747282,169.7676762176285,170.2545623779297,22248700
2024-12-04,GOOGL,170.0657630063179,173.8019532050098,169.9763367929556,173.26536560058594,31615100
2024-12-05,GOOGL,174.24912670582898,174.94468929994056,171.23832242107443,171.54635620117188,21356200
2024-12-06,GOOGL,170.9402105427862,173.97089221181594,170.77128929069295,173.60324096679688,21462400
2024-12-09,GOOGL,173.05610866341627,175.34414569527965,172.74770667593938,174.45877075195312,25389600
2024-12-10,GOOGL,181.89990276575224,185.39165905883286,180.10925267461994,184.2078399658203,54813000
2024-12-11,GOOGL,184.34712093414166,194.59360484337623,183.88951960925283,194.3846893310547,67894100
2024-12-12,GOOGL,193.9867519757691,194.16580938373951,190.71385396756912,190.96255493164062,34817500
2024-12-13,GOOGL,190.01746770750015,191.72853145186417,188.65459136371652,188.8336639404297,25143500
2024-12-16,GOOGL,191.8678225512729,197.96597529078676,191.6191215772895,195.6381378173828,44934900
2024-12-17,GOOGL,196.22506444695088,200.37339478634232,193.96685539925252,194.40457153320312,43504000
2024-12-18,GOOGL,194.20562099415744,195.97637074387896,186.76449197962535,187.42105102539062,34166100
2024-12-19,GOOGL,190.63428570513082,192.02700516266594,187.40117286917095,187.53048706054688,32265200
2024-12-20,GOOGL,184.8146548375062,191.88771069567545,184.25756711987572,190.4154052734375,63462900
2024-12-23,GOOGL,191.61914756204428,194.0862724877592,189.16198039152084,193.61871337890625,25675000
2024-12-24,GOOGL,193.82759815006608,195.09100341796875,192.7731083908338,195.09100341796875,10403300
2024-12-26,GOOGL,194.1359900072514,195.7276824419866,193.37000187433253,194.5836639404297,12046600
2024-12-27,GOOGL,193.93703071352402,194.30511850410315,189.6593706110804,191.75840759277344,18891400
2024-12-30,GOOGL,188.8137872976618,191.5494980812226,188.13731273783964,190.24630737304688,14264700
2024-12-31,GOOGL,190.08715621219056,190.9625886175899,187.5305025643788,188.31640625,17466900
2025-01-02,GOOGL,189.65937128935172,191.00236272405684,186.52574484771176,188.44570922851562,20370800
2025-01-03,GOOGL,190.37562593745199,192.20607673113864,188.9928490622425,190.79344177246094,18596200
2025-01-06,GOOGL,192.9720631324044,197.19003728298551,192.8427489428689,195.8470458984375,29563600
2025-01-07,GOOGL,196.085805432373,199.95559215597262,193.5888530048973,194.47422790527344,26487200
2025-01-08,GOOGL,191.5693958945213,195.27005246800397,191.3803807232366,192.9422149658203,24864800
2025-01-10,GOOGL,193.29042686618294,195.49889303629848,189.32115330540665,191.0421600341797,26665200
2025-01-13,GOOGL,189.08238366148746,190.1866014129224,186.38645842630518,190.01748657226562,21823700
2025-01-14,GOOGL,190.24630678281764,190.98245196740993,187.33152340912505,188.6745147705078,17174900
2025-01-15,GOOGL,192.08668076451275,195.33969375687735,190.8630762218721,194.53390502929688,21776000
2025-01-16,GOOGL,193.1312278332848,194.46426141133438,191.8081368295779,191.90762329101562,17815400
2025-01-17,GOOGL,195.50881224351804,196.2051719482703,192.74325857357104,194.9815673828125,27735100
2025-01-21,GOOGL,198.03562405056638,201.23887871445535,196.84184720049228,197.0209197998047,29971300
2025-01-22,GOOGL,198.02566579041408,199.43828553458843,196.5036170079127,197.33924865722656,26200600
2025-01-23,GOOGL,197.1104356879908,199.2592156629456,194.18570991866378,196.95126342773438,26951400
2025-01-24,GOOGL,197.07067128135972,199.85611023612495,196.97118481318788,199.16970825195312,23877500
2025-01-27,GOOGL,191.41021235620636,195.85698677854776,189.73893399543607,190.81332397460938,41728900
2025-01-28,GOOGL,191.7484641400102,194.46427471258818,189.68921264751984,194.28521728515625,24157900
2025-01-29,GOOGL,194.54385257803781,195.7674571519655,192.4249153665142,194.39463806152344,18218300
2025-01-30,GOOGL,196.97116592435128,200.35349300478669,196.64287882627042,199.8262481689453,24354700
2025-01-31,GOOGL,200.95040684244714,204.41232049224394,200.75144907949408,202.9599151611328,32001100
2025-02-03,GOOGL,199.6471997728737,202.6912973186069,199.06026910715457,200.18438720703125,27838300
2025-02-04,GOOGL,202.33316333940303,205.9741492335506,201.75617525949693,205.30763244628906,43856400
2025-02-05,GOOGL,190.0772023789456,191.74846576717462,187.05298980095407,190.33584594726562,70373900
2025-02-06,GOOGL,188.51533691421105,191.10183309670842,187.73939109536238,190.60443115234375,29297400
2025-02-07,GOOGL,190.05730586169955,190.18662005870158,182.2878891065967,184.37696838378906,49315000
2025-02-10,GOOGL,186.37651565839897,187.22208986080463,184.89425239135454,185.50108337402344,23105600
2025-02-11,GOOGL,184.0685692836796,185.96864842614565,183.3224663388948,184.35707092285156,21239500
2025-02-12,GOOGL,182.26798713648407,184.14816605879201,180.88521020610418,182.6559600830078,22072600
2025-02-13,GOOGL,183.36227049888035,185.3120777313061,182.18839394998832,185.1728057861328,21402500
2025-02-14,GOOGL,184.09840225302517,185.43143579936174,183.3622571021092,184.26751708984375,20448400
2025-02-18,GOOGL,184.6356021347893,184.99373213088467,180.79565863535095,182.8151092529297,29916700
2025-02-19,GOOGL,183.11356559747395,184.4963424448096,182.63604878465782,184.3073272705078,19549400
2025-02-20,GOOGL,183.83977159439488,184.34711614040583,181.77057757262898,183.60101318359375,20441500
2025-02-21,GOOGL,184.18793460152546,184.37694976979722,178.14948286814752,178.72647094726562,35199200
2025-02-24,GOOGL,181.04438722615922,182.16850543528213,177.9604887236702,178.31861877441406,29854200
2025-02-25,GOOGL,177.11488051844918,177.81125539535978,173.7822965453186,174.5084991455078,41913400
2025-02-26,GOOGL,174.16032642215686,175.16507289862997,170.68845533929954,171.8324737548828,35431300
2025-02-27,GOOGL,173.0859608604194,173.65299127143683,167.06739336596,167.62448120117188,39991000
2025-02-28,GOOGL,167.80352548017922,169.72350502540073,165.9034614440167,169.3952178955078,48130600
2025-03-03,GOOGL,171.0366301036563,172.46915017235435,165.06780660374991,166.14219665527344,40770500
2025-03-04,GOOGL,165.3762007856933,172.3895559244155,164.9384846542463,170.03187561035156,45388000
2025-03-05,GOOGL,169.6339770163835,172.87703249017144,168.18155654289944,172.12098693847656,30954900
2025-03-06,GOOGL,169.6439021909127,173.9016615264532,169.6140592892689,171.45445251464844,28302000
2025-03-07,GOOGL,170.3701228624436,174.06085227932917,169.38527664457013,172.9566192626953,27385800
2025-03-10,GOOGL,167.57846950382446,167.77767157580016,163.0269878624875,165.19815063476562,43604000
2025-03-11,GOOGL,164.24205105519363,166.0745946593306,160.71638098509786,163.3755645751953,39587400
2025-03-12,GOOGL,165.90531434210018,166.9610186657123,162.86766450728123,166.43316650390625,28372400
2025-03-13,GOOGL,165.36746730396223,165.45711431897539,161.4533926135524,162.1007537841797,31756200
2025-03-14,GOOGL,162.60869285591215,165.8156517325666,161.79200690237369,164.8197021484375,31995900
2025-03-17,GOOGL,164.36156568984055,165.6264259709924,163.00707358955603,163.6245574951172,31184300
2025-03-18,GOOGL,163.01701346080097,163.58471199332098,156.08521317066442,160.0192108154297,42074800
2025-03-19,GOOGL,161.10480349722013,165.19815700358515,160.3478872642785,163.22618103027344,34275600
2025-03-20,GOOGL,160.91558075554488,164.22212545502225,160.3080509045436,162.14059448242188,28138500
2025-03-21,GOOGL,160.55705156299513,163.57477782056455,160.2383403768693,163.32579040527344,36625800
2025-03-24,GOOGL,166.39330929919817,167.6382463166508,164.47111864181912,167.00082397460938,30879100
2025-03-25,GOOGL,168.29556886017417,169.93889491315255,167.63825363596857,169.86917114257812,24174400
2025-03-26,GOOGL,168.31547745607713,168.92300730211159,164.17232359449744,164.3914337158203,28901600
2025-03-27,GOOGL,163.96318944763343,164.74998295425303,161.3438371056606,161.58287048339844,24508300
2025-03-28,GOOGL,159.8399637284922,161.1645785777556,153.0077485673884,153.7049102783203,48669300
2025-03-31,GOOGL,152.489854834344,154.91000524190235,150.04978117819655,154.01365661621094,54603500
2025-04-01,GOOGL,152.99778409802235,157.45964958057314,152.99778409802235,156.43382263183594,30672900
2025-04-02,GOOGL,154.52157130636616,157.7683766642482,154.07339703462338,156.40391540527344,25041700
2025-04-03,GOOGL,150.49794733089453,152.16118136873095,149.78086239042807,150.10952758789062,46883400
2025-04-04,GOOGL,147.41049617328275,150.45811474262314,144.79115903527634,145.01026916503906,62259500
2025-04-07,GOOGL,140.9766740613606,152.23090799124293,139.96080117715204,146.15560913085938,76794100
2025-04-08,GOOGL,150.60750263275938,151.62337549950988,142.45067281990836,144.11390686035156,52200200
2025-04-09,GOOGL,143.83505464618503,158.90377855359424,143.3271257672898,158.0671844482422,70406200
2025-04-10,GOOGL,155.90595330498695,157.0811818078422,149.322725435418,152.20103454589844,48022000
2025-04-11,GOOGL,152.2806780167882,157.0313615599484,152.20101542723245,156.50350952148438,33636200
2025-04-14,GOOGL,159.3519307590391,161.06496523045752,156.92181138344625,158.4257049560547,30333000
2025-04-15,GOOGL,158.4854650554691,159.0033479067655,154.5813444386225,155.6768798828125,27551500
2025-04-16,GOOGL,152.47990494067977,155.2585979132132,150.8963333701315,152.70896911621094,28187400
2025-04-17,GOOGL,153.6650878055648,154.05350761930674,147.8985451558595,150.5477752685547,33046600
2025-04-21,GOOGL,148.2769899279801,148.346698501599,145.50825109483685,147.07188415527344,26049100
2025-04-22,GOOGL,148.2869392297591,151.5735760354548,147.93835078181212,150.8564910888672,26971800
2025-04-23,GOOGL,154.97972084901838,156.89194229421238,153.1870084950911,154.7207794189453,31128800
2025-04-24,GOOGL,155.51752994672043,158.94359913409957,155.15898746904153,158.63485717773438,45894000
2025-04-25,GOOGL,164.40140465983956,165.4272315126956,160.3877138664607,161.3040008544922,56034000
2025-04-28,GOOGL,161.7720931027873,162.48917806099573,157.9576193461597,159.95947265625,29745800
2025-04-29,GOOGL,159.6706623611363,160.0889594093041,156.88200017636458,159.5113067626953,26809000
2025-04-30,GOOGL,157.34011335090173,158.62489684356424,154.7705615625615,158.15679931640625,34981100
2025-05-01,GOOGL,159.80011945187778,161.29404393761732,158.26636366652554,160.6466827392578,30203200
2025-05-02,GOOGL,162.7481319399907,164.3018109241553,161.21436100650547,163.36561584472656,25715000
2025-05-05,GOOGL,162.3397856484502,164.72010459701127,162.06092097475153,163.54489135742188,21341800
2025-05-06,GOOGL,161.51315867988768,164.13251121588542,160.5371322432176,162.56886291503906,21277200
2025-05-07,GOOGL,163.41540177767422,164.33167352764482,147.24117583349363,150.766845703125,127490100
2025-05-08,GOOGL,154.37219053033292,155.29841637896206,152.28069025725696,153.6551055908203,57498700
2025-05-09,GOOGL,153.5455638933439,154.4220044950508,151.58354176260508,152.13131713867188,32435300
2025-05-12,GOOGL,156.85210396646104,158.45558338936252,155.61712102310727,157.81817626953125,44138800
2025-05-13,GOOGL,158.14684186881533,159.9196462677562,155.52750456311006,158.88385009765625,42382100
2025-05-14,GOOGL,159.3121190412647,166.32359816964652,158.9635305710967,164.7001953125,48755900
2025-05-15,GOOGL,165.16827329805872,165.53678497348048,161.71232706903228,163.2958984375,33146700
2025-05-16,GOOGL,167.05061660833445,168.66406524073284,164.94916241420358,165.51686096191406,42846900
2025-05-19,GOOGL,163.84367142462605,165.96504904182535,163.55485271284547,165.86544799804688,30426100
2025-05-20,GOOGL,165.75590012466307,167.817523283891,162.24019892385144,163.31582641601562,46607700
2025-05-21,GOOGL,163.02700354080346,172.43872486137178,162.89752522096424,167.8772735595703,73416000
2025-05-22,GOOGL,171.15394376538748,176.05401394301808,170.0185618363875,170.1779022216797,74864400
2025-05-23,GOOGL,168.37525009523515,169.27161392343552,167.20999079586213,167.7876434326172,35211400
2025-05-27,GOOGL,169.47079940418584,172.46860243837372,169.3114438097941,172.19969177246094,37995700
2025-05-28,GOOGL,172.45864324425892,174.56009759174123,171.21370619473115,171.66188049316406,34784000
2025-05-29,GOOGL,173.29522613701107,173.71352313508294,169.93888093061088,171.1638946533203,29317300
2025-05-30,GOOGL,170.65598330984582,171.51250064033223,166.76181642373982,171.04440307617188,52639900
2025-06-02,GOOGL,167.16018492149544,169.18196148692468,166.7120106202351,168.34536743164062,38612300
2025-06-03,GOOGL,166.8116037120677,167.79758408844376,164.61054841286258,165.50689697265625,45084900
2025-06-04,GOOGL,166.06466254041968,167.53866387757995,165.6861967820594,167.36935424804688,26900800
2025-06-05,GOOGL,169.65006425936653,170.23767092126516,166.9112026488037,167.52870178222656,36379100
2025-06-06,GOOGL,170.13806952300837,173.79320267833577,170.13806952300837,172.9765167236328,35731800
2025-06-09,GOOGL,174.04348698482235,175.96800471005412,173.87397240224888,175.58908081054688,28935900
2025-06-10,GOOGL,175.69878257607027,180.59481935710423,174.41245877453574,178.0919647216797,61766100
2025-06-11,GOOGL,179.2586188457646,179.8569029175766,176.24720547354727,176.8455047607422,31646800
2025-06-12,GOOGL,175.6788256293735,176.2172980493167,174.25290075490625,175.2001953125,20941900
2025-06-13,GOOGL,171.94948907539901,176.6261505932867,171.89962825957767,174.1731414794922,27663100
2025-06-16,GOOGL,174.23296058008373,176.43668073159893,174.15318632141427,176.2671661376953,27389200
2025-06-17,GOOGL,175.2002045527736,176.8554862045177,174.08339534937244,175.44949340820312,24973000
2025-06-18,GOOGL,175.50930033034524,176.057738792968,172.70729634857923,172.82696533203125,28707500
2025-06-20,GOOGL,173.45517315134433,173.8440631360939,164.98933381824614,166.1659698486328,75659900
2025-06-23,GOOGL,165.79702236468145,166.86397066469698,161.53916480969883,164.7200927734375,57671000
2025-06-24,GOOGL,166.4451757427373,167.74148079179992,165.65742968002243,166.2956085205078,40524300
2025-06-25,GOOGL,167.15314653822034,171.86968681108624,167.0733722889804,170.1944580078125,35479000
2025-06-26,GOOGL,171.9394978428303,173.19592338119924,169.4565906415466,173.0463409423828,31796700
2025-06-27,GOOGL,173.04634474267505,178.17172298843596,171.24149586849427,178.02215576171875,108140200
2025-06-30,GOOGL,180.265759020371,180.71447592478233,174.08339834249907,175.72869873046875,63378900
2025-07-01,GOOGL,175.24009156508697,175.58908681807281,173.0363714854685,175.3397979736328,35904500
2025-07-02,GOOGL,175.04064818266679,178.35121133766924,174.57199915363273,178.1318359375,29128900
2025-07-03,GOOGL,177.9922335542414,179.15890351135596,176.54636131074304,179.01930236816406,21689700
2025-07-07,GOOGL,178.5506411042797,178.78996387462078,175.18025102838192,176.28709411621094,34175600
2025-07-08,GOOGL,177.3440914457585,177.44379785510552,172.3184197808512,173.864013671875,40442500
2025-07-09,GOOGL,174.75147104078385,178.92955429499338,172.27853009035698,176.11756896972656,43025600
2025-07-10,GOOGL,175.1303863111691,177.92240891673904,173.8839422139032,177.11471557617188,29252400
2025-07-11,GOOGL,176.2870917998284,180.91389212460822,175.97797606848104,179.67742919921875,34282900
2025-07-14,GOOGL,180.49507959550706,183.14751640721383,179.16886118965368,181.04351806640625,32536600
2025-07-15,GOOGL,182.28996266650833,183.69595532751242,181.08341324296114,181.48226928710938,33448300
2025-07-16,GOOGL,182.71874486155866,183.80564050002502,181.51218023918355,182.4495086669922,33104200
2025-07-17,GOOGL,181.62187886390834,183.53641535247564,179.96659729454643,183.0577850341797,31992600
2025-07-18,GOOGL,184.8725832213821,185.88968586946515,183.1874035754976,184.53355407714844,34014500
2025-07-21,GOOGL,185.720180506412,189.74868135121883,185.62045888710102,189.55923461914062,45803100
2025-07-22,GOOGL,190.95526385169356,191.1048310792618,186.92676263021804,190.79571533203125,44660200
2025-07-23,GOOGL,190.95524958744798,191.9823183810532,188.64184187130752,189.68885803222656,58681900
2025-07-24,GOOGL,196.46952792005337,197.3869090653604,190.45668205461735,191.62335205078125,74881700
2025-07-25,GOOGL,191.43387927305906,193.77720042486192,190.71592620592727,192.63046264648438,39785900
2025-07-28,GOOGL,193.0991291078416,193.49800038051387,190.29712498462092,192.0321807861328,38139500
2025-07-29,GOOGL,191.88258292419434,195.36266032343974,191.53358770597436,195.19314575195312,41389200
2025-07-30,GOOGL,195.04360005779435,197.0379108346005,194.13618500265545,195.970947265625,32445400
2025-07-31,GOOGL,195.15328548422434,195.43248777249184,190.54641729704366,191.35411071777344,51329200
2025-08-01,GOOGL,188.49227361862017,190.2871562824159,187.28572417197353,188.5919952392578,34832200
2025-08-04,GOOGL,189.7486806495505,194.71452513752175,189.579166069655,194.48516845703125,31547400
2025-08-05,GOOGL,194.1561209300893,197.2971541323202,193.33844625639603,194.11622619628906,31602300
2025-08-06,GOOGL,193.94670749735778,196.07065317332066,193.11906676548202,195.5321807861328,21562900
2025-08-07,GOOGL,196.49942519635405,196.9780554903085,193.77719542929833,195.96096801757812,26321800
2025-08-08,GOOGL,196.65898117376335,202.03364795164893,196.60912036272285,200.84703063964844,39161800
2025-08-11,GOOGL,200.36839577051538,200.90685295750995,198.50372015999918,200.42822265625,25832400
2025-08-12,GOOGL,200.7971688962253,203.9182700251912,200.01938893683175,202.76156616210938,30397900
2025-08-13,GOOGL,203.54933871959636,203.94819479745718,196.94815955869606,201.38551330566406,28342900
2025-08-14,GOOGL,200.92679533252792,203.85843438375156,200.65755913802832,202.36270141601562,25230400
2025-08-15,GOOGL,203.270115954676,205.85274455493158,200.70741950553764,203.31996154785156,34931400
2025-08-18,GOOGL,203.61913306802094,204.68609666738416,201.9140058259036,202.92112731933594,18526600
2025-08-19,GOOGL,202.45246621827235,202.86130359723919,199.39120695287482,200.9966278076172,24240200
2025-08-20,GOOGL,200.15898342104597,200.70742189093835,196.04074228977996,198.7530059814453,28955500
2025-08-21,GOOGL,199.18177795410156,201.9040077554449,198.86268094385764,199.18177795410156,19774600
2025-08-22,GOOGL,202.1532808743346,207.94675047969133,200.72735616103287,205.50372314453125,42827000
2025-08-25,GOOGL,205.84277405344866,209.92115104730735,204.69605147341804,207.8969268798828,29928900
2025-08-26,GOOGL,206.91969332896332,207.258737698756,205.11484464858782,206.55075073242188,28464100
2025-08-27,GOOGL,205.1148353500322,208.31571045142093,205.06497454361283,206.8897705078125,23022900
2025-08-28,GOOGL,206.66045236066026,211.6163158130296,206.31144189175058,211.0379638671875,32339300
2025-08-29,GOOGL,209.91115472146953,214.03937701544265,209.6020390158818,212.30433654785156,39728400
2025-09-02,GOOGL,207.84706876322787,211.0778424398192,205.61343524607918,210.74879455566406,47523000
2025-09-03,GOOGL,225.5665221360729,230.65200537566233,224.15054812619755,230.0038604736328,103336100
2025-09-04,GOOGL,228.996719869086,231.70898363627637,225.46679662750995,231.63919067382812,51684200
2025-09-05,GOOGL,231.53947436612376,235.08934505645462,231.24032471140728,234.33151245117188,46588900
2025-09-08,GOOGL,235.01017746372742,237.66498669397225,233.21368944217105,233.5829620361328,32474700
2025-09-09,GOOGL,233.71271899928072,240.00041962038168,232.77455216251747,239.1620635986328,38061000
2025-09-10,GOOGL,238.4334648921733,241.1880848518513,237.38552753776509,238.70294189453125,35141100
2025-09-11,GOOGL,239.41157085914617,241.77693788592924,235.78865459463688,239.90060424804688,30599300
2025-09-12,GOOGL,239.90060472674395,241.60727216892423,237.53523769524105,240.32977294921875,26771600
2025-09-15,GOOGL,244.18222746714693,251.91709313601174,244.18222746714693,251.11865234375,58383800
2025-09-16,GOOGL,251.58772669443232,252.54584342751238,248.98282303107263,250.66952514648438,34109700
2025-09-17,GOOGL,250.7294115061419,251.10867430438276,245.7990560449756,249.04270935058594,34108000
2025-09-18,GOOGL,251.18850393768201,253.4940056881638,249.312185617516,251.53782653808594,31239500
2025-09-19,GOOGL,252.75544937708653,255.50007913340238,251.3182589953225,254.2225799560547,55571400
2025-09-22,GOOGL,253.93314887572123,255.28051872493555,249.81122418035432,252.036865234375,32290500
2025-09-23,GOOGL,252.54585863312587,253.8632882566711,249.9908602190898,251.16856384277344,26628000
2025-09-24,GOOGL,251.1685411246573,251.8571960720408,245.9587339554844,246.65736389160156,28201000
2025-09-25,GOOGL,243.92272782855147,246.0086580355356,240.26988667693965,245.3100128173828,31020400
2025-09-26,GOOGL,246.58752699597628,248.93292875938775,245.4896689933639,246.0585479736328,18503200
2025-09-29,GOOGL,247.36600774683615,250.6595513653868,242.2959260790964,243.57342529296875,32505800
2025-09-30,GOOGL,242.33583244883135,242.81489082935371,238.7827869377237,242.62527465820312,34724300
2025-10-01,GOOGL,240.2798631456683,245.81902814560354,238.1440427490887,244.4217529296875,31658200
2025-10-02,GOOGL,244.6712510924991,246.32801300536266,241.82682587144092,245.210205078125,25483300
2025-10-03,GOOGL,244.01255894852343,245.8190218960462,241.18808361984188,244.87088012695312,30249600
2025-10-06,GOOGL,244.30200291397747,250.82924041118625,244.1023965111835,249.9409637451172,28894700
2025-10-07,GOOGL,247.78516788414848,249.95092835197497,245.04053824724073,245.28005981445312,23181300
2025-10-08,GOOGL,244.4816510919942,245.52958847857047,243.3438778825467,244.14230346679688,21307100
2025-10-09,GOOGL,243.99259549865826,244.28202248032238,238.68297718710045,241.05833435058594,27892100
2025-10-10,GOOGL,240.95854254659665,243.6133519117745,235.37946202105573,236.10804748535156,33180300
2025-10-13,GOOGL,239.74090958548274,244.02252510434914,239.24188601676218,243.67320251464844,24995000
2025-10-14,GOOGL,240.75891236992726,246.63740953871613,240.0403171957297,244.97067260742188,22111600
2025-10-15,GOOGL,246.76716258187247,251.61767243328853,245.5096286311317,250.53977966308594,27007700
2025-10-16,GOOGL,251.27834055068328,256.4581925767255,249.61160360230107,250.9689483642578,27997200
2025-10-17,GOOGL,250.27031046967195,253.72356048353365,247.32607427452788,252.80535888671875,29671600
2025-10-20,GOOGL,254.19262765863593,256.8274562611235,253.73351927504157,256.0489807128906,22350200
2025-10-21,GOOGL,254.24254216862593,254.38226816359625,243.6732110393333,249.9709014892578,47312100
2025-10-22,GOOGL,253.873276187685,255.8593804848901,248.8031942886971,251.19851684570312,35029400
2025-10-23,GOOGL,252.48597410141812,254.54194887812838,251.35819113136333,252.58578491210938,19901400
2025-10-24,GOOGL,256.07894057309267,261.16898745224296,254.82142179583195,259.4124450683594,28655100
2025-10-27,GOOGL,264.30287916974333,269.61249783187736,263.76392512831256,268.7441711425781,35235200
2025-10-28,GOOGL,269.1633589320839,270.20133657580493,265.9795858431389,266.94769287109375,29738600
2025-10-29,GOOGL,267.22712459889897,274.80229881772505,267.14729422835535,274.0338134765625,43580300
2025-10-30,GOOGL,291.02060225143094,291.02060225143094,279.51311834988803,280.93035888671875,74876000
2025-10-31,GOOGL,282.6569440736325,285.44150434001006,276.48901957648127,280.6408996582031,39267900
2025-11-03,GOOGL,281.62895336390585,284.97241759660864,279.25359613963377,283.16595458984375,29786000
2025-11-04,GOOGL,276.20955057551157,280.7207127582489,275.72051721535576,276.9980163574219,30078400
2025-11-05,GOOGL,278.32541216487215,285.86068664735006,276.79840119805726,283.7547912597656,31010300
2025-11-06,GOOGL,284.77279318145315,287.78691520805194,280.59100344938025,284.1939392089844,37173600
2025-11-07,GOOGL,282.6569436244069,283.225837847663,274.65261591386644,278.2854919433594,34479600
2025-11-10,GOOGL,283.8645774088431,290.2320924976737,282.30759586857965,289.5334777832031,29557300
2025-11-11,GOOGL,287.18807388729897,291.34994399814246,286.75892091303916,290.7411193847656,19842100
2025-11-12,GOOGL,291.1104119733703,291.43978461940384,283.13602426355726,286.1501159667969,24829900
2025-11-13,GOOGL,281.7886586854728,282.2876823136169,276.69861158680555,278.0260314941406,29494000
2025-11-14,GOOGL,270.88000309409097,278.0160347166159,270.17139808707816,275.8702392578125,31647200
2025-11-17,GOOGL,285.2219350622342,293.3759943011471,283.01625922074476,284.4634094238281,52670200
2025-11-18,GOOGL,287.3577599014325,288.236015842567,277.65674001133203,283.724853515625,49158700
2025-11-19,GOOGL,286.59925920155763,303.21674024205015,286.0702953640207,292.23822021484375,68198900
2025-11-20,GOOGL,303.94529376978943,305.8216273232207,288.1062900504894,288.884765625,62025200
2025-11-21,GOOGL,295.8411960915725,303.3265508927851,293.2762072031069,299.0748596191406,74137700
2025-11-24,GOOGL,310.52242205466104,318.85612204740676,308.9954110970811,317.9578552246094,85165100
2025-11-25,GOOGL,325.5729598317621,328.187838552192,317.0296784660599,322.8083801269531,88632100
2025-11-26,GOOGL,320.053780820363,323.86632857763385,316.1713929045335,319.3252258300781,51373400
2025-11-28,GOOGL,322.73855239479167,326.2117679837596,316.1714145243143,319.5547790527344,26018600
2025-12-01,GOOGL,317.0796263275952,319.2254218425781,313.27706870792247,314.2751159667969,41183000
2025-12-02,GOOGL,316.1214443613123,317.75825630619534,313.29698432996054,315.1932678222656,35854700
2025-12-03,GOOGL,315.2731119453438,320.95197190330543,313.48659911430565,319.00579833984375,41838300
2025-12-04,GOOGL,321.6007694211511,321.73048997615604,314.0854750084747,316.999755859375,31240900
2025-12-05,GOOGL,318.8660555204289,322.528901747787,318.5467035992101,320.642578125,28851700
2025-12-08,GOOGL,319.63395301128804,320.0234606774875,310.81544458829893,313.31219482421875,33909400
2025-12-09,GOOGL,311.96391713296777,317.57660631064704,311.4945269093235,316.66778564453125,30194000
2025-12-10,GOOGL,315.4194206321133,320.8923078304596,314.27092168020465,319.7937316894531,33428900
2025-12-11,GOOGL,319.6638831462354,320.7025396818571,308.19882663213485,312.0238342285156,42353700
2025-12-12,GOOGL,313.29221022339095,314.46067218572114,305.1627773855729,308.887939453125,35940200
2025-12-15,GOOGL,310.9152814169449,311.01515750934647,304.4836511834585,307.8193054199219,29151900
2025-12-16,GOOGL,304.55358908476643,310.3660001485481,302.1966411442108,306.1714782714844,30585000
2025-12-17,GOOGL,307.60959033164653,307.6894729197007,295.7350329501308,296.3342590332031,43930400
2025-12-18,GOOGL,301.32777470817274,303.56485302569047,298.8410213827925,302.0668029785156,33518000
2025-12-19,GOOGL,301.33777770154796,306.85059101726483,300.5787559089981,306.7607116699219,59943200
2025-12-22,GOOGL,309.47716491524386,309.7268399185022,304.90310178792384,309.3772888183594,26429900
2025-12-23,GOOGL,309.2274800840275,314.5305745464577,308.91788552805923,313.94134521484375,25478700
2025-12-24,GOOGL,314.3608103937755,314.67040497756983,311.51453957359615,313.68170166015625,10097400
2025-12-26,GOOGL,314.0711877312235,314.6803801033015,311.87403553475036,313.1024475097656,10899000
2025-12-29,GOOGL,310.96521879647884,313.61176774066803,310.2161937852231,313.1523742675781,19621800
2025-12-30,GOOGL,312.09376543928346,316.5379928503015,312.0538089034933,313.4420166015625,17380900
2025-12-31,GOOGL,312.4433102220648,314.17104176667254,311.03513952358344,312.5931091308594,16377700
2026-01-02,GOOGL,316.4880510777925,322.0807776535599,309.92658419973367,314.7403259277344,32009400
2026-01-05,GOOGL,317.24707928114736,318.60529679570504,314.2210191795431,316.1285400390625,30195600
2026-01-06,GOOGL,315.9886856047422,320.5227923064431,311.3746963103618,313.9313659667969,31212100
2026-01-07,GOOGL,313.95131240372154,325.725993751253,313.7815504740342,321.5614318847656,35104400
2026-01-08,GOOGL,328.54234711069296,329.8905982345552,321.08205673508803,325.0169372558594,31896100
2026-01-09,GOOGL,326.6647962522232,330.3999246926398,325.37646465172014,328.14288330078125,26214200
2026-01-12,GOOGL,325.37643895257156,333.6057474535575,324.57749116547984,331.4285583496094,33923900
2026-01-13,GOOGL,334.5146010595183,340.04737751020235,333.18631289711504,335.53326416015625,33517600
2026-01-14,GOOGL,334.62442706687915,336.08252056576845,330.05039437456895,335.4034118652344,28525600
2026-01-15,GOOGL,337.21104566866205,337.2510022020921,330.3100250775331,332.3473815917969,28442400
2026-01-16,GOOGL,333.97528525413946,334.2149635116852,327.27401649506595,329.5710144042969,40341600
2026-01-20,GOOGL,320.4528849486331,327.30398324237245,320.01345448184367,321.5814208984375,35361000
2026-01-21,GOOGL,320.50283121296127,332.0478012719212,318.9348648307384,327.953125,35386600
2026-01-22,GOOGL,334.0152418739244,334.71431361791133,328.32263943252485,330.1103210449219,26253600
2026-01-23,GOOGL,332.05776231305794,333.2562145369407,327.0243361197249,327.5036926269531,27280000
2026-01-26,GOOGL,327.3838548641184,335.4034148973675,326.5749102768944,332.8267822265625,26042100
2026-01-27,GOOGL,334.93402312381306,337.4707297257924,333.04649592160257,334.1150817871094,21636200
2026-01-28,GOOGL,335.62313448097893,337.1012215187292,331.5084951745387,335.5732116699219,27434400
2026-01-29,GOOGL,339.85759500876696,341.84502871736817,326.115503846963,337.8102722167969,39785600
2026-01-30,GOOGL,339.5580079569619,339.5580079569619,331.8580393103398,337.56060791015625,31024000
2026-02-02,GOOGL,335.78293445124825,344.3817273143538,335.1937050748485,343.24322509765625,32006100
2026-02-03,GOOGL,346.8884575284791,348.5463032010534,337.0312933144156,339.26837158203125,36506700
2026-02-04,GOOGL,342.514142570529,342.86369366519597,328.09291217000737,332.6070556640625,70618400
2026-02-05,GOOGL,311.814107165092,332.25749685616427,306.06158556074746,330.8193664550781,88205800
2026-02-06,GOOGL,326.75466854448496,329.95052083207565,319.50412705068965,322.4402770996094,56380500
2026-02-09,GOOGL,320.5127991892576,327.2740180221729,316.84758707958963,323.8984069824219,39640100
2026-02-10,GOOGL,320.5527401483992,321.25184233940706,314.2009923012897,318.16583251953125,39170000
2026-02-11,GOOGL,318.55535268111106,320.64263210541753,309.25745775560665,310.5557556152344,45406400
2026-02-12,GOOGL,311.68427643298344,315.8288752987113,306.80064932708433,308.5982971191406,47761300
2026-02-13,GOOGL,307.32996759040856,308.2287915112591,303.31517401115394,305.32257080078125,38499700
2026-02-17,GOOGL,299.6499434457439,304.0442171582303,295.86486207725466,301.6273498535156,39247600
2026-02-18,GOOGL,301.6972906518214,304.983022308801,300.8583862777236,302.9356689453125,28482100
2026-02-19,GOOGL,301.42763905495286,305.0728879320441,299.64995428739604,302.456298828125,25834400
2026-02-20,GOOGL,303.9243808328656,316.08853909864735,303.504913437054,314.5705261230469,53210800
2026-02-23,GOOGL,318.6352220336332,319.1046122516075,309.4671633706354,311.0850524902344,31423000
2026-02-24,GOOGL,310.11633870149166,311.8640638461802,305.53230897934316,310.495849609375,25615600
2026-02-25,GOOGL,311.6543207518016,313.2322838254539,309.03773161827513,312.49322509765625,29963600
2026-02-26,GOOGL,312.23361045347764,312.73296049797625,301.95697800388234,306.9804382324219,36431200
2026-02-27,GOOGL,303.7446468483449,311.9639287272481,303.4050620118916,311.354736328125,44640600
2026-03-02,GOOGL,302.83581985466094,308.0889612664211,300.908305641281,306.12152099609375,34790200
2026-03-03,GOOGL,298.2018299939976,303.5448811012492,296.3242691134317,303.1853332519531,35497000
2026-03-04,GOOGL,302.49628364637806,305.07291645770977,300.3590508331652,302.7359619140625,29536200
2026-03-05,GOOGL,302.6460567428228,302.9056980180265,297.6026034525966,300.4888610839844,35752300
2026-03-06,GOOGL,295.7050936872067,300.1393243405422,294.7962729857715,298.1319274902344,25576900
2026-03-09,GOOGL,294.1842573074437,306.6168332730834,293.9044256827884,306.1770935058594,29312100
2026-03-10,GOOGL,305.98724420005084,309.3252467158022,305.3875962722132,306.8567199707031,23239700
2026-03-11,GOOGL,306.56689883882945,311.23412470378855,305.7374076911934,308.5157470703125,24125700
2026-03-12,GOOGL,306.636841807898,308.7555713296518,300.8502897843219,303.3687744140625,24928300
2026-03-13,GOOGL,306.8267356773544,307.50632242162294,300.26065041451466,302.09954833984375,23693100
2026-03-16,GOOGL,304.16832484157635,306.3070315122431,302.8391017033621,305.3775939941406,23519700
2026-03-17,GOOGL,305.67739809365116,311.2341070358109,305.3176276402165,310.7344055175781,21955200
2026-03-18,GOOGL,309.0853604878573,312.28346234614037,306.74676108497374,307.5063171386719,20009800
2026-03-19,GOOGL,303.8285227221892,307.8760927647981,302.16951004441273,306.9466552734375,25075800
2026-03-20,GOOGL,305.2776414809433,305.8173276578073,298.0919312440676,300.8203125,44364100
2026-03-23,GOOGL,301.92965766257777,305.7973733016039,300.75036931754545,301.87969970703125,29326900
2026-03-24,GOOGL,299.02141279307426,299.7409842283802,290.15668188195673,290.2666320800781,36864300
2026-03-25,GOOGL,293.2648285118823,295.82329783701033,289.0673235725591,290.7563171386719,29460700
2026-03-26,GOOGL,287.7381369232671,287.7781215852462,278.33375052565475,280.7523193359375,39080600
2026-03-27,GOOGL,277.1144865271076,279.203235317384,273.7864876697142,274.1762390136719,35890600
2026-03-30,GOOGL,276.2550012483934,276.9245842043685,271.9475460941929,273.33673095703125,35141200
2026-03-31,GOOGL,277.87403020607053,287.9080147834651,276.9245851168754,287.3883361816406,43875400
2026-04-01,GOOGL,290.6663854824321,300.34059988895723,290.23664948178913,297.2124938964844,37684500
2026-04-02,GOOGL,290.5164904801884,297.90206355243157,289.2772403921399,295.59344482421875,21666500
2026-04-06,GOOGL,295.69337737406744,300.4405418912755,295.0037868253031,299.8109130859375,16945500
2026-04-07,GOOGL,302.54929810267237,305.4475608650088,297.5422790326475,305.27764892578125,23205400
2026-04-08,GOOGL,320.25872115869026,321.88772251879675,314.8319393907938,317.1305847167969,33547100
2026-04-09,GOOGL,315.72141928886384,319.3492572184689,310.8743084256086,318.29986572265625,23739200
2026-04-10,GOOGL,319.8289680511782,321.6378852163977,316.1311948927162,317.0506286621094,19152600
2026-04-13,GOOGL,316.9507009019676,321.43801087893695,315.28168437302884,321.1181945800781,18866400
2026-04-14,GOOGL,324.59612530340485,333.09105123243734,323.5567375910905,332.7112731933594,27721400
2026-04-15,GOOGL,332.69130668872015,337.278563176308,330.70247381548376,336.91876220703125,24918800
2026-04-16,GOOGL,338.5477782390461,339.67710854893676,334.3202924195682,335.81939697265625,20541500
2026-04-17,GOOGL,337.4484504303517,342.1156763245155,336.0392884001999,341.4760437011719,25581900
2026-04-20,GOOGL,340.55660000710446,341.1962021124509,336.40905286572576,337.2185974121094,18784200
2026-04-21,GOOGL,337.48841459650436,339.13742351057505,331.1522029907326,332.0916442871094,23123800
2026-04-22,GOOGL,336.818816762841,339.6171637007564,334.96994545488326,339.1174621582031,20293000
2026-04-23,GOOGL,340.9763246437424,341.7558578013153,335.97930940305434,338.6877136230469,18650300
2026-04-24,GOOGL,338.5277988797623,345.06387272769797,335.1897964239415,344.19439697265625,26426100
2026-04-27,GOOGL,345.77347673538645,352.9691603649003,342.5254168368208,350.130859375,28576900
2026-04-28,GOOGL,348.34192077884484,352.20963620070955,345.91337868788094,349.5711975097656,27824100
2026-04-29,GOOGL,347.36252924438134,355.5776236260777,344.0045190996302,349.7311096191406,35376300
2026-04-30,GOOGL,373.8467067603946,385.6096696957082,365.60163158627074,384.5702819824219,72040000
2026-05-01,GOOGL,381.4022037517389,386.52914645154755,378.82372671588394,385.45977783203125,30105200
2026-05-04,GOOGL,385.39979379858875,387.14874909409923,379.56328378663693,383.0212097167969,26298600
2026-05-05,GOOGL,385.99945170269467,392.58551415458055,383.79074899852696,388.1981201171875,23878600
2026-05-06,GOOGL,394.0146525811788,399.61131576273664,392.52555179602564,397.8023986816406,31308500
2026-05-07,GOOGL,399.6812819584635,399.8611671879692,392.4455831227277,397.7524108886719,24433500
2026-05-08,GOOGL,396.7630105926761,401.76002583943523,396.1233780013978,400.56072998046875,21461800
2026-05-11,GOOGL,393.41500861238904,397.2027547509894,388.23810807955056,388.40802001953125,30753700
2026-05-12,GOOGL,387.10877062384725,388.28805889354703,382.541491402114,387.1187744140625,26017500
2026-05-13,GOOGL,385.3698394939953,403.4590416115898,384.77019153718186,402.3796691894531,28144600
2026-05-14,GOOGL,397.04285074569174,402.6894719958145,395.6037078837972,400.8305969238281,21136700
2026-05-15,GOOGL,396.0834349796574,399.30151410906007,392.9452946767326,396.54315185546875,20309700
2026-05-18,GOOGL,395.4538101055549,408.36608091552193,394.29449886421145,396.70306396484375,26837200
2026-05-19,GOOGL,396.72302500471704,396.91291402359946,385.8794958446922,387.4285888671875,39545700
2026-05-20,GOOGL,387.4685872554011,393.62488340369265,382.6714341601505,388.6778564453125,31744400
2026-05-21,GOOGL,385.46976743485186,392.2656959548347,382.7913440893277,387.4285888671875,24852800
2026-05-22,GOOGL,387.1187843592316,388.5079387636157,381.54209816202837,382.74139404296875,20442100
2026-05-26,GOOGL,384.2804712769477,389.0276356997364,382.3716078175452,388.6478576660156,27747400
2026-05-27,GOOGL,386.4391861502527,393.64487351491664,385.66962629134815,388.5978698730469,23087300
2026-05-28,GOOGL,387.76839182151133,391.6360768291116,384.9300907577927,389.8971252441406,24357500
2026-05-29,GOOGL,385.0100143138995,385.0100143138995,378.2340629764561,380.1129455566406,44415800
2026-06-01,GOOGL,376.2952290661171,378.3340198477676,373.2970198869562,376.14532470703125,28672100
2026-06-02,GOOGL,366.371163421305,373.31702687507857,358.2260345973877,361.6340026855469,50412300
2026-06-03,GOOGL,361.81388965190393,366.2312646097652,357.8662353535933,358.77569580078125,55441600
2026-06-04,GOOGL,358.68575901079333,373.0271992966173,357.99616844622375,371.96783447265625,44055500
2026-06-05,GOOGL,366.1213024821565,371.8578661166277,363.90262653478294,368.30999755859375,37471200
2026-06-08,GOOGL,365.17999267578125,366.20001220703125,360.5299987792969,363.30999755859375,27942500
2026-06-09,GOOGL,367.0899963378906,372.0799865722656,357.29998779296875,364.260009765625,29535100
2026-06-10,GOOGL,363.19000244140625,368.55999755859375,355.20001220703125,356.3800048828125,32357100
2026-06-11,GOOGL,355.92999267578125,358.79998779296875,346.3599853515625,357.7699890136719,35538200
2026-06-12,GOOGL,362.6199951171875,366.57000732421875,354.94000244140625,359.67999267578125,24704600
2026-06-15,GOOGL,367.92999267578125,372.989990234375,366.54998779296875,369.3500061035156,27727500
2026-06-16,GOOGL,369.6000061035156,376.0,367.05999755859375,373.25,24876100
2026-06-17,GOOGL,369.1300048828125,372.3299865722656,362.0199890136719,363.7900085449219,24543600
2026-06-18,GOOGL,365.75,369.4800109863281,358.6700134277344,368.0299987792969,44470100
2026-06-22,GOOGL,357.95001220703125,358.9200134277344,341.7200012207031,349.67999267578125,52814800
2026-06-23,GOOGL,340.69000244140625,349.2900085449219,340.20001220703125,346.1300048828125,34007700
2026-06-24,GOOGL,349.0400085449219,353.4800109863281,341.92999267578125,345.2900085449219,44997300
2026-06-25,GOOGL,336.7300109863281,345.57000732421875,335.8399963378906,343.7099914550781,44491400
2026-06-26,GOOGL,342.54998779296875,346.3599853515625,330.20001220703125,337.3900146484375,114706300
2026-06-29,GOOGL,341.8299865722656,354.3500061035156,340.6700134277344,353.6499938964844,34213900
2026-06-30,GOOGL,353.8699951171875,358.6199951171875,350.3999938964844,357.3699951171875,35237200
2026-07-01,GOOGL,358.3699951171875,362.9700012207031,356.42999267578125,361.2099914550781,26736400
2026-07-02,GOOGL,359.4800109863281,364.2099914550781,353.4200134277344,359.9100036621094,25974800
2026-07-06,GOOGL,361.54998779296875,367.92999267578125,357.3800048828125,366.4599914550781,26915800
2026-07-07,GOOGL,369.07000732421875,373.1600036621094,365.5,367.0299987792969,24045600
2026-07-08,GOOGL,364.760009765625,367.8399963378906,358.0199890136719,361.9200134277344,22094800
2026-07-09,GOOGL,354.30999755859375,359.6499938964844,351.0799865722656,358.8900146484375,24729100
2026-07-10,GOOGL,357.5299987792969,357.82000732421875,352.75,357.17999267578125,18146100
2026-07-13,GOOGL,356.19000244140625,358.1300048828125,351.75,352.510009765625,15901700
2026-07-14,GOOGL,351.20001220703125,360.1600036621094,351.0899963378906,359.510009765625,18259400
2026-07-15,GOOGL,357.9700012207031,373.6499938964844,357.760009765625,370.9200134277344,28284600
2026-07-16,GOOGL,373.05999755859375,375.2699890136719,352.29998779296875,354.4599914550781,41158500
2026-07-17,GOOGL,346.0,348.5199890136719,341.3599853515625,346.7699890136719,29959300
2026-07-20,GOOGL,350.8800048828125,359.67999267578125,350.5199890136719,351.989990234375,24736600
2026-07-21,GOOGL,351.32000732421875,351.32000732421875,347.0,347.1499938964844,23369800
2026-07-22,GOOGL,348.1600036621094,349.94000244140625,341.7300109863281,342.0899963378906,39334100
2026-07-23,GOOGL,321.1300048828125,324.489990234375,314.8999938964844,317.69000244140625,69419700
2026-07-24,GOOGL,318.4200134277344,324.17999267578125,317.32000732421875,319.739990234375,31806600
2026-07-27,GOOGL,325.0400085449219,330.4200134277344,324.45001220703125,326.55999755859375,28413900
2023-07-31,MSFT,329.13228102338303,329.89425053304086,325.6545411607463,328.1553955078125,25446000
2023-08-01,MSFT,327.44223102382614,330.7148031903255,325.9866812669901,328.5656433105469,18311900
2023-08-02,MSFT,325.9183364890345,325.9183364890345,318.8163593371292,319.9300231933594,27761300
2023-08-03,MSFT,318.4646270854947,322.2549470489756,318.41579474240694,319.109375,18253700
2023-08-04,MSFT,324.20875816253636,327.3934143700841,319.67599522143337,320.2035217285156,23741500
2023-08-07,MSFT,320.7798736154958,323.45653023504116,319.94951501235715,322.4796447753906,17741500
2023-08-08,MSFT,319.4025193112215,321.1511529476865,315.53406053871555,318.5135498046875,22327600
2023-08-09,MSFT,318.9238148724649,319.5490060989431,313.62908227048086,314.7818298339844,22373300
2023-08-10,MSFT,318.48424072838094,320.6724848006537,313.75611788086866,315.4656677246094,20113700
2023-08-11,MSFT,312.8573931698293,314.9576912566164,311.8316453980151,313.5900573730469,24355500
2023-08-14,MSFT,313.96121689583384,316.5694842512484,312.68146957881606,316.5499572753906,18836100
2023-08-15,MSFT,315.5341047652025,317.5757924538678,313.48263867890455,314.4204406738281,16966300
2023-08-16,MSFT,314.04837487104845,317.59221281010525,313.06942104679297,313.65679931640625,20698900
2023-08-17,MSFT,313.79391260029473,315.09590822983125,309.5550251977014,310.2109375,21257200
2023-08-18,MSFT,307.8711670676138,311.679311641093,304.9930405423695,309.8193054199219,24755000
2023-08-21,MSFT,311.23880256380994,315.9769357985516,310.3675491383052,315.1056823730469,24040000
2023-08-22,MSFT,318.6494284839002,319.2172084832267,314.6944471815671,315.67340087890625,16084600
2023-08-23,MSFT,317.00482352144604,322.2715996929162,316.6523846218089,320.1178894042969,21166400
2023-08-24,MSFT,325.84476921608996,325.97203798658785,313.2260407459276,313.23583984375,23281400
2023-08-25,MSFT,314.70426538436715,318.5123799630537,312.09044570865603,316.1824951171875,21684100
2023-08-28,MSFT,318.8061007178544,319.285778523708,314.94902032407407,316.8873596191406,14808500
2023-08-29,MSFT,315.10563277299525,322.05621026150664,315.10563277299525,321.4981994628906,19284600
2023-08-30,MSFT,321.7528000842896,322.86879202505213,319.57952117301215,321.8702697753906,15222100
2023-08-31,MSFT,322.27160382501023,323.9456064626788,319.9025224771531,320.8619079589844,26411000
2023-09-01,MSFT,324.33720272503615,325.00288418337306,319.9025429102048,321.74298095703125,14942000
2023-09-05,MSFT,322.0758315411327,327.80271780347465,321.7429908017799,326.5300598144531,18553900
2023-09-06,MSFT,326.3636529709045,327.4209100280818,323.23098856949474,325.8741760253906,17535800
2023-09-07,MSFT,324.3176359252016,326.0699418421109,322.1051906191248,322.9666748046875,18381000
2023-09-08,MSFT,323.1428437260037,329.08510023164433,322.52609807587226,327.23486328125,19530100
2023-09-11,MSFT,330.14241804396147,331.2976064014658,328.37051379787096,330.82769775390625,16583300
2023-09-12,MSFT,328.75231798743556,329.7019045004539,324.5036614898463,324.78753662109375,17565500
2023-09-13,MSFT,324.3371825636095,329.76059500536803,324.2001445661415,328.9872131347656,16544400
2023-09-14,MSFT,332.01219710477335,333.68619984765456,329.48650927999284,331.5716857910156,20267000
2023-09-15,MSFT,329.8291132111252,330.2989918946616,322.7121002719872,323.2701110839844,37679800
2023-09-18,MSFT,320.90099978745496,323.44628529429457,319.49130411829134,322.1344909667969,16834200
2023-09-19,MSFT,319.30533775178856,322.4575698240528,317.6802710436974,321.7331237792969,16505900
2023-09-20,MSFT,322.5750579775089,322.65336113195434,313.7644742751729,314.01898193359375,21436500
2023-09-21,MSFT,312.54080796824985,318.50263318201627,308.37045511046944,312.80511474609375,35560400
2023-09-22,MSFT,314.5574539286877,314.68472270748657,309.49624944861836,310.3381652832031,21447900
2023-09-25,MSFT,309.92700700519936,310.98429393163934,308.3704739123921,310.8570251464844,17836000
2023-09-26,MSFT,308.4977104446982,309.2319257820145,303.49524107796117,305.5706481933594,26297600
2023-09-27,MSFT,305.7272930031046,307.6852008158054,303.1722376476752,306.2070007324219,19410100
2023-09-28,MSFT,304.44487173232886,308.8403951730469,302.9373041972711,307.03912353515625,19683600
2023-09-29,MSFT,311.06258297495117,312.746384776468,308.35089159051364,309.10467529296875,24147300
2023-10-02,MSFT,309.62352913697714,315.1154758886586,308.5466739037748,315.02734375,20570000
2023-10-03,MSFT,314.0777307403494,314.6259723470464,304.66020007739525,306.7943420410156,21033500
2023-10-04,MSFT,307.4209257783617,313.304448923499,307.3915583531491,312.2471618652344,20720100
2023-10-05,MSFT,312.3743651035606,313.24564832750764,308.27254628304615,312.638671875,16965600
2023-10-06,MSFT,309.8878491254301,322.26184092251725,309.6431106472469,320.3724670410156,25673600
2023-10-09,MSFT,317.9152372482106,323.34841872912307,316.37827265710837,322.8785400390625,19891200
2023-10-10,MSFT,323.9945568948938,324.13162477364205,320.7738202479149,321.4786682128906,20557100
2023-10-11,MSFT,324.2393029495446,325.8154342155564,322.21289114367397,325.4238586425781,20063200
2023-10-12,MSFT,323.6127285250308,326.60832442688536,321.8016582231825,324.1903076171875,19313100
2023-10-13,MSFT,325.38474129276136,326.80420669372097,319.4914189840269,320.8326110839844,21072400
2023-10-16,MSFT,324.08268866001004,329.0655904860134,323.6421773138597,325.6392517089844,22158000
2023-10-17,MSFT,322.65339394249423,326.4419405397074,320.51928173209353,325.0714111328125,18338500
2023-10-18,MSFT,325.4923293025366,328.52709196343386,321.3905106177838,323.16241455078125,23153600
2023-10-19,MSFT,325.15953397789394,329.7899967094516,323.9456406942705,324.3470153808594,25052100
2023-10-20,MSFT,324.73856573197526,324.934368448125,318.6005359720502,319.79486083984375,25027700
2023-10-23,MSFT,318.620060384211,325.7272737717355,317.5628035384839,322.3890380859375,24374700
2023-10-24,MSFT,324.3273920928105,324.8560355263617,320.70528084515973,323.5736083984375,31153600
2023-10-25,MSFT,337.7586388732426,338.9138270951405,330.51438652342347,333.5002136230469,55053800
2023-10-26,MSFT,333.3729254857893,334.4399815109655,320.05914822735156,320.9891662597656,37828500
2023-10-27,MSFT,323.47575161012696,329.63338041744635,321.48847625541964,322.8688049316406,29856500
2023-10-30,MSFT,326.3929629369711,332.3058517630052,324.8461993312582,330.21087646484375,22828100
2023-10-31,MSFT,331.7184951865434,331.8653322788638,327.64604386616816,330.9940490722656,20265300
2023-11-01,MSFT,332.6387311841403,340.1081537078223,332.5016633074158,338.78656005859375,28158800
2023-11-02,MSFT,339.93194035995595,341.48847346531505,337.5139230484177,340.9892272949219,24348100
2023-11-03,MSFT,342.27167169728,346.9315020236901,340.02005970434163,345.37493896484375,23637700
2023-11-06,MSFT,346.0112028872033,350.0151200008031,345.91330154053924,349.0263671875,23828300
2023-11-07,MSFT,351.83603801636735,354.83163466533523,350.10330030774577,352.9422607421875,25833900
2023-11-08,MSFT,354.06800138493276,356.211912585882,352.9617788165993,355.5560302734375,26767800
2023-11-09,MSFT,354.6749170503375,357.11253210252806,352.77574446362354,353.09881591796875,24847300
2023-11-10,MSFT,353.88202716517856,362.31083557483976,353.47088326732273,361.889892578125,28042100
2023-11-13,MSFT,360.4703657564029,360.715104203908,358.19918579348337,358.9627685546875,19986500
2023-11-14,MSFT,363.2017106346947,364.1219297278,359.61873563127864,362.4772644042969,27683900
2023-11-15,MSFT,364.20368992773217,366.0184363495822,360.1131537221127,362.6243896484375,26860100
2023-11-16,MSFT,363.88976551430744,369.17705042836303,363.12463294088235,369.00048828125,27182300
2023-11-17,MSFT,366.4892506146671,367.2347751466243,360.00524677898665,362.8009338378906,40157000
2023-11-20,MSFT,364.1447942149405,371.6489843017366,363.9289860715847,370.2462463378906,52465100
2023-11-21,MSFT,368.51010827717397,369.0496138376225,364.04680889114167,365.95965576171875,28423100
2023-11-22,MSFT,370.7956031427492,372.5514954656195,367.8233538705503,370.6484680175781,23345300
2023-11-24,MSFT,370.1384111547305,370.76622769070315,367.9901781565456,370.23651123046875,10176600
2023-11-27,MSFT,369.5988734413345,373.38532049617334,369.02994094912424,371.39398193359375,22179200
2023-11-28,MSFT,371.1389079636444,375.7002760855908,370.9525268417298,375.406005859375,20453100
2023-11-29,MSFT,376.44584793002184,376.97553440384473,370.24629493974936,371.6294250488281,28963400
2023-11-30,MSFT,371.2762546529022,372.8457658390955,368.313824366715,371.6882629394531,30554400
2023-12-01,MSFT,369.579278745005,370.9525899274523,364.23313921740737,367.3721618652344,33040500
2023-12-04,MSFT,362.06521566015255,362.47719398696046,355.98337139108264,362.1044616699219,32063300
2023-12-05,MSFT,359.46578625799856,365.9693989437116,358.65158858882313,365.4200744628906,23065000
2023-12-06,MSFT,366.42064545969674,367.0484320232483,361.0156519151652,361.7709655761719,21182100
2023-12-07,MSFT,361.21181439248187,364.3704447283438,359.3382140130918,363.8799743652344,23118900
2023-12-08,MSFT,362.1633422956095,367.3230703614092,361.2118285564288,367.09747314453125,20154400
2023-12-11,MSFT,361.4570668899954,364.51759731266617,359.12242306000167,364.2232971191406,27708800
2023-12-12,MSFT,363.7818787799653,367.28384440026525,363.3992975227853,367.2445983886719,24838300
2023-12-13,MSFT,368.8533485777596,370.4424978188213,363.70340938140794,367.23480224609375,30955500
2023-12-14,MSFT,366.19500581642444,366.63644114858533,357.18997650221536,358.9556579589844,43277500
2023-12-15,MSFT,359.8581597688427,365.30236955673547,359.2990162951195,363.6642150878906,78502300
2023-12-18,MSFT,362.4085843593443,365.89091216563435,361.65324079721444,365.5475769042969,21802900
2023-12-19,MSFT,364.4096508615579,366.14593505859375,362.7911046946417,366.14593505859375,20603700
2023-12-20,MSFT,367.8527690284867,368.8631367699809,363.46796282422974,363.5562438964844,26316700
2023-12-21,MSFT,365.45929104730993,367.2740374598463,362.98733108269056,366.4206237792969,17708000
2023-12-22,MSFT,366.55792471126443,368.02933580590116,365.606411005962,367.4407653808594,17107500
2023-12-26,MSFT,367.8527423015936,369.7557695499751,366.3813313323872,367.51922607421875,12673100
2023-12-27,MSFT,366.5677589576593,367.9116430236214,365.70452628978785,366.9405212402344,14905400
2023-12-28,MSFT,368.2157224809446,369.2849443001597,367.0287925621367,368.12744140625,14327000
2023-12-29,MSFT,368.8337703402161,369.9716653516636,366.3618101031722,368.8730163574219,18730800
2024-01-02,MSFT,366.73451711634624,368.7356447522221,359.7796503608471,363.801513671875,25258600
2024-01-03,MSFT,361.9769897820248,366.1459883616317,361.4865193608946,363.53668212890625,23083500
2024-01-04,MSFT,363.6053473830013,365.98902639400353,360.17205450864094,360.9273681640625,20901500
2024-01-05,MSFT,361.9376851103461,364.96878822939505,359.5147604251864,360.7409362792969,21004600
2024-01-08,MSFT,362.26139076236115,368.04896487668356,361.9769395114855,367.5486755371094,23134000
2024-01-09,MSFT,364.9197613954772,368.8238862439724,364.11538283242464,368.6277160644531,20830000
2024-01-10,MSFT,369.1966257520512,376.84798074426163,369.14759069417653,375.4746398925781,25514200
2024-01-11,MSFT,378.64313944413783,383.2339350900792,373.1302570741052,377.29925537109375,27850800
2024-01-12,MSFT,378.1428259369064,381.27202920676456,377.31883933016337,381.0660400390625,21661200
2024-01-16,MSFT,386.15716028479716,386.52010359232963,380.2322694497991,382.8317565917969,27202300
2024-01-17,MSFT,380.5854353256014,382.6748141545887,377.4758397118604,382.0470275878906,22234100
2024-01-18,MSFT,384.2541120354354,386.48083676243556,382.68460084723523,386.3631286621094,23392100
2024-01-19,MSFT,388.2171444423586,391.0716857910156,386.00020863284516,391.0716857910156,29331100
2024-01-22,MSFT,392.39593223013395,392.9845027036078,386.0884900033909,388.9528503417969,27016900
2024-01-23,MSFT,388.2073445307626,391.7681646348443,386.42202498468174,391.29730224609375,20525900
2024-01-24,MSFT,393.8869938433054,397.89903829237466,392.81777191847715,394.8875427246094,24867000
2024-01-25,MSFT,396.613997943498,399.25273113363767,394.858105500646,397.15350341796875,21021200
2024-01-26,MSFT,396.6630311468464,398.4287425690661,394.7600035777077,396.2314147949219,17803300
2024-01-29,MSFT,398.3208248033987,402.16612596865383,396.6237864171102,401.91107177734375,24510200
2024-01-30,MSFT,404.4026783420674,405.17760004808207,398.70341448382425,400.8026123046875,33477600
2024-01-31,MSFT,399.20367116692984,407.404352059521,389.6394980894709,390.00244140625,47871100
2024-02-01,MSFT,394.17141257606636,400.2238302394902,394.1419855506921,396.0842590332031,30657700
2024-02-02,MSFT,396.11373185699847,404.78524558913676,395.86849663854684,403.38250732421875,28256700
2024-02-05,MSFT,402.087638647816,403.3236336682533,396.29027477301287,397.91864013671875,25352300
2024-02-06,MSFT,398.14430007293356,400.1944629759933,395.2309043820716,397.76171875,18382600
2024-02-07,MSFT,399.67453429921477,406.4037740259386,399.6352882839393,406.1585388183594,22340500
2024-02-08,MSFT,406.1584616300691,407.639691581848,404.6674426282855,406.2173156738281,21225300
2024-02-09,MSFT,407.335693369119,412.7995411607667,407.178739238723,412.53466796875,22032800
2024-02-12,MSFT,412.54446380988065,412.7210259706923,406.8452001103824,407.3454895019531,21202900
2024-02-13,MSFT,397.2221636270064,402.2543946406928,395.70171738557195,398.57586669921875,27824900
2024-02-14,MSFT,401.03275815392834,402.77222335184723,397.59311635632974,402.4282531738281,20401200
2024-02-15,MSFT,401.10153638347543,402.07445398469247,397.31792461353893,399.54876708984375,21825500
2024-02-16,MSFT,400.9246260176193,401.24895188558764,396.4825852713034,397.0918884277344,22296500
2024-02-20,MSFT,396.28606324841394,397.5145068330212,391.1462744848481,395.8438415527344,24307900
2024-02-21,MSFT,393.2690069492409,395.35244235543763,390.3698682526408,395.24432373046875,18518900
2024-02-22,MSFT,403.1162117164581,405.7106689082216,401.5241536683513,404.551025390625,27009900
2024-02-23,MSFT,408.5016490183945,408.688344814685,401.9171806983302,403.2635498046875,16295900
2024-02-26,MSFT,404.36425308702184,405.05219339501383,400.33495269298504,400.5118713378906,16193500
2024-02-27,MSFT,400.9540958991776,401.2784217577938,396.8855068799419,400.4529113769531,14835800
2024-02-28,MSFT,401.1408710933735,402.24155173669396,398.3302065928444,400.6888122558594,13183100
2024-02-29,MSFT,401.5929096701564,407.05702360240457,398.91981558888216,406.5066833496094,31947300
2024-03-01,MSFT,404.17753137688453,408.6982091819838,403.79427262351686,408.3345947265625,17823400
2024-03-04,MSFT,406.3101300793095,410.1527047870807,405.2094495475142,407.7646179199219,17596000
2024-03-05,MSFT,406.8211614689715,407.1061687535314,393.7308905561475,395.7062072753906,26919200
2024-03-06,MSFT,396.02071283324057,398.17294829822555,391.5197089331465,395.1558837890625,22344100
2024-03-07,MSFT,399.1163813277323,402.71326755552275,395.30328784063323,402.0843200683594,18718500
2024-03-08,MSFT,400.92464441897226,403.3422428484954,397.35723965535834,399.21466064453125,18002200
2024-03-11,MSFT,396.7970720878644,398.68394443475927,394.34018518419236,397.5439453125,16120800
2024-03-12,MSFT,400.59053286353617,408.40344602882556,399.7748595225906,408.1184387207031,22457000
2024-03-13,MSFT,410.88976201717287,410.968369200055,404.35444900675975,407.9414978027344,17115900
2024-03-14,MSFT,412.9928335922281,420.4421311587594,410.7816354740665,417.886962890625,34157300
2024-03-15,MSFT,412.0592402980969,415.31215606424155,405.6713345351322,409.2387390136719,45079900
2024-03-18,MSFT,407.10616562272253,413.4744273628243,406.6442696787311,410.12322998046875,20106000
2024-03-19,MSFT,410.62442124737834,414.39822603826195,408.38374152289526,414.1427001953125,19837900
2024-03-20,MSFT,414.72254166213037,418.61424242329224,413.4056537780831,417.8968505859375,17860100
2024-03-21,MSFT,422.4174518440492,423.3903994195494,419.79351351352574,421.96539306640625,21296200
2024-03-22,MSFT,422.2897491598315,422.446963535343,418.7223444405752,421.3462829589844,17648500
2024-03-25,MSFT,417.9066492539799,420.03924040543956,414.3392444656493,415.56768798828125,18060500
2024-03-26,MSFT,418.2702405050307,418.64369211377476,414.08372560652526,414.3785400390625,16725600
2024-03-27,MSFT,417.12045509904823,417.13029224439015,411.7841036640323,414.162353515625,16705000
2024-03-28,MSFT,413.70045116356334,414.59476162825587,411.89218593509474,413.464599609375,21871200
2024-04-01,MSFT,416.6388963047316,420.5109524938084,414.9387197575333,417.2481994628906,16316000
2024-04-02,MSFT,412.8650690915943,415.0959414899842,410.6342266844982,414.1721496582031,17912000
2024-04-03,MSFT,412.49169510873463,415.960818454912,411.86271762245,413.19927978515625,16502300
2024-04-04,MSFT,417.66095627375125,421.27751676074166,410.3689323931849,410.673583984375,19370900
2024-04-05,MSFT,412.76683489834704,419.1547408159618,411.10597696046364,418.1817932128906,16554800
2024-04-08,MSFT,417.8378673566601,419.91146556821536,416.00009070624833,417.2678527832031,14272400
2024-04-09,MSFT,419.0859553029516,420.3635245342137,414.34907001434647,418.9287109375,12496900
2024-04-10,MSFT,414.90923013212864,416.7174952724338,412.4621804028437,415.9607849121094,16216600
2024-04-11,MSFT,418.4766641791292,421.96543178968227,415.076310912024,420.5502624511719,17966400
2024-04-12,MSFT,416.73718451939897,417.84770230483133,412.53099493709567,414.624267578125,19253800
2024-04-15,MSFT,419.24317632918917,419.45938357073686,406.3002832613404,406.5066833496094,20273500
2024-04-16,MSFT,407.4206432860486,411.18458077665684,406.59513289625886,407.4304504394531,16765600
2024-04-17,MSFT,410.0544389834795,411.65633410094387,403.25376259314334,404.73773193359375,15855500
2024-04-18,MSFT,403.54861503604855,404.78689570186344,396.98382006074763,397.29827880859375,21029900
2024-04-19,MSFT,397.0624207324797,398.48742718931453,390.91036608589934,392.2370910644531,30565800
2024-04-22,MSFT,393.18052011404563,395.9027700554988,388.9252051027742,394.04534912109375,20286900
2024-04-23,MSFT,397.26876128202184,401.1604915950337,396.10911790196513,400.5413513183594,15734500
2024-04-24,MSFT,402.4970231148721,405.3568429660157,399.76496617669443,402.0056457519531,15065300
2024-04-25,MSFT,387.2348667133991,392.9938253486681,381.3383380037112,392.1584777832031,40586500
2024-04-26,MSFT,405.0620486762338,405.8777219430486,398.7625869715763,399.31292724609375,29694700
2024-04-29,MSFT,398.2614054374624,399.3129603314087,392.3059134087563,395.3131408691406,19582100
2024-04-30,MSFT,394.5662074998568,395.2246663994194,382.4586913890698,382.61590576171875,28781400
2024-05-01,MSFT,385.8393454420747,394.7922572147303,383.57902141142335,388.1291809082031,23562500
2024-05-02,MSFT,390.80223732859616,393.03307969917586,387.8441360864439,390.9791259765625,17709400
2024-05-03,MSFT,395.3425632659736,400.1285739017596,394.9297930918896,399.64703369140625,17446700
2024-05-06,MSFT,401.71081997342634,406.79164496723695,399.3620218492585,406.40838623046875,16996600
2024-05-07,MSFT,407.50911609687097,407.5189532422579,402.03516456718575,402.2808532714844,20018200
2024-05-08,MSFT,401.1310200807253,405.1210019721616,399.6961765499289,403.46014404296875,11792300
2024-05-09,MSFT,403.48965172941627,405.60256858412407,402.04500095122404,405.20947265625,14689700
2024-05-10,MSFT,405.8187609135271,408.2166849740278,404.698406069441,407.58770751953125,13402300
2024-05-13,MSFT,410.8013229086305,411.13545592488975,403.7353138522874,406.5852966308594,15440200
2024-05-14,MSFT,404.91462752191757,410.29029755221785,404.45273155985166,409.3763427734375,15109300
2024-05-15,MSFT,411.433999213995,417.2525598208021,410.81374213755174,416.5338439941406,22239500
2024-05-16,MSFT,415.2736611097877,418.8376756715858,413.84611435268135,414.4761962890625,17530100
2024-05-17,MSFT,416.00221762948183,416.37634285020215,411.56198942365705,413.708251953125,15352200
2024-05-20,MSFT,413.7083105461355,420.1668088263762,413.4917132847996,418.7589416503906,16272100
2024-05-21,MSFT,420.22581467067795,426.27082729608003,418.2764696581723,422.4016418457031,21453300
2024-05-22,MSFT,423.43539455106486,425.71950537683756,420.5212017999642,423.8587341308594,18073700
2024-05-23,MSFT,426.2708180980622,426.89107515061806,418.83764844643395,420.3931884765625,17211700
2024-05-24,MSFT,420.58028575397856,424.3904021961967,417.8433006318776,423.50433349609375,11855300
2024-05-28,MSFT,422.98250841239616,424.1540984130066,419.99939161518114,423.6618347167969,15718000
2024-05-29,MSFT,419.1034967099491,424.27226587320916,419.1034967099491,422.5296630859375,15517100
2024-05-30,MSFT,417.73500282997145,417.73500282997145,407.8306586642601,408.2540283203125,28394500
2024-05-31,MSFT,410.3017776619535,410.3017776619535,398.2511723788605,408.70684814453125,47995300
2024-06-03,MSFT,409.1006748520027,409.9867435149057,402.5929630717942,407.12176513671875,17484700
2024-06-04,MSFT,406.04859979558495,409.9965640062738,403.34114963612075,409.6322937011719,14348900
2024-06-05,MSFT,411.3453811328119,417.5183569725432,409.8587351784671,417.449462890625,16988000
2024-06-06,MSFT,417.44948005128595,418.7293536763162,414.0725281736093,417.9515686035156,14861300
2024-06-07,MSFT,419.6056378509834,419.6843868320105,416.4551377927853,417.2919921875,13621700
2024-06-10,MSFT,418.12876008062784,421.4564371463653,417.3312953641021,421.24969482421875,13982900
2024-06-11,MSFT,418.89674157876317,426.1231693068597,418.670289453605,425.9853210449219,14551100
2024-06-12,MSFT,428.58450914389596,436.5394779500611,426.5465300525426,434.2356872558594,22366200
2024-06-13,MSFT,434.02890334988575,436.5296113185569,432.57179200487434,434.7475891113281,15960600
2024-06-14,MSFT,431.4986289418585,436.2834473000101,429.962768739338,435.7222595214844,13582000
2024-06-17,MSFT,435.741958721063,443.9627681496181,433.9008973733048,441.4325256347656,20790000
2024-06-18,MSFT,442.7517817727517,443.17515136355723,438.00638282722565,439.4339294433594,17112500
2024-06-20,MSFT,439.3945559147101,439.6210080275433,434.4423844149745,438.8038635253906,19877400
2024-06-21,MSFT,440.4578496032106,443.6083190884872,439.6013156180092,442.8207092285156,34187100
2024-06-24,MSFT,442.8404263927747,445.74479433203504,439.5028940256874,440.743408203125,15913700
2024-06-25,MSFT,441.3143898379412,444.4353547941903,439.83759879553867,443.9726257324219,16413400
2024-06-26,MSFT,442.05276943847076,446.5816011478092,441.25530470792563,445.16387939453125,16507000
2024-06-27,MSFT,445.1836151073107,449.11190006347704,444.7799552473841,445.84326171875,14806300
2024-06-28,MSFT,446.05981801420484,448.33407381119525,439.5028621939787,440.0345153808594,28362300
2024-07-01,MSFT,441.7180347396165,450.293259356771,438.76445275458883,449.6631774902344,17662800
2024-07-02,MSFT,446.18782328625804,452.4789376582484,446.09918938158694,452.1737365722656,13979800
2024-07-03,MSFT,451.1005881786126,453.88678735468443,450.79538710423196,453.6406555175781,9932800
2024-07-05,MSFT,452.498587816865,461.1033770377166,451.8685059547019,460.3255920410156,16000300
2024-07-08,MSFT,459.33126311315795,460.4634937005408,457.27360437796756,459.02606201171875,12962300
2024-07-09,MSFT,459.77431483044427,460.09919566591896,450.9135678636905,452.42974853515625,17207200
2024-07-10,MSFT,454.0837473649462,459.24266153927346,451.76024698147666,459.0359191894531,18196100
2024-07-11,MSFT,455.81652839633193,457.58866578342753,444.5633568384772,447.6646423339844,23111200
2024-07-12,MSFT,447.3003093014831,449.29889867197954,443.67725577045155,446.5323791503906,16324300
2024-07-15,MSFT,446.28627396172595,450.185024234339,444.44521246679955,446.9360656738281,14429400
2024-07-16,MSFT,447.19201839056086,447.27076735934133,439.7489939570935,442.5647277832031,17175700
2024-07-17,MSFT,435.74195902538145,437.9670004651751,432.38471713490526,436.6575622558594,21778000
2024-07-18,MSFT,437.46491051123894,437.7701116080265,427.6787055457858,433.55633544921875,20794800
2024-07-19,MSFT,426.39883667006126,434.3144456334854,425.31585048613374,430.3467712402344,20940400
2024-07-22,MSFT,434.95437784378936,437.7208974938516,432.1189340633458,436.0865783691406,15808800
2024-07-23,MSFT,437.0316974699668,441.45224583194545,436.24408758502966,437.9670104980469,13107100
2024-07-24,MSFT,433.6351347306288,434.6491968195245,420.9740958851319,422.2638244628906,26805800
2024-07-25,MSFT,422.1653487650477,423.14987619224735,411.05005574464656,411.92626953125,29943800
2024-07-26,MSFT,411.7293557750341,422.28349032231534,410.8137224917234,418.68994140625,23583800
2024-07-29,MSFT,424.9023450000168,425.46353285919287,418.12882136064246,420.1274108886719,15125800
2024-07-30,MSFT,421.10209315676275,422.4115014796213,410.90237288373,416.3763732910156,32687600
2024-07-31,MSFT,413.9937725831716,415.2539664560443,405.8320320070505,411.8770446777344,42891400
2024-08-01,MSFT,414.27930323794226,420.8460843318748,406.69843005351635,410.6562194824219,30296400
2024-08-02,MSFT,406.10769576372263,408.5788691410044,398.08380349930894,402.1695861816406,29437900
2024-08-05,MSFT,383.1485859534076,394.83492274068107,379.61410573718445,389.0360412597656,40709200
2024-08-06,MSFT,393.8109209877184,399.39320401269043,392.3341300340145,393.42694091796875,24946500
2024-08-07,MSFT,402.3173055349637,403.7349973998657,391.32012086399686,392.2652587890625,20650900
2024-08-08,MSFT,396.21324922868644,399.58031645092876,393.75193048039444,396.4593811035156,20203000
2024-08-09,MSFT,397.7786234799922,401.736413003281,396.0360207139592,399.7378234863281,19276700
2024-08-12,MSFT,400.76172633567404,402.43543495594565,397.98535182009545,400.5155944824219,16762900
2024-08-13,MSFT,403.2525929980432,408.52967573215994,403.23291326546496,407.6042175292969,19414300
2024-08-14,MSFT,408.3820014539116,411.25683501944593,406.06838582856113,410.4101257324219,18267000
2024-08-15,MSFT,414.0495331175792,415.34158622213624,411.9388626649199,415.2626953125,20752100
2024-08-16,MSFT,414.83859034033384,415.5684441235936,411.5837759699612,412.7377624511719,22775600
2024-08-19,MSFT,413.22105614207504,415.9728470077707,410.75530126947416,415.755859375,15234000
2024-08-20,MSFT,415.92353667507666,420.0265262237166,415.86436096713305,418.9810485839844,16387600
2024-08-21,MSFT,418.27090283610073,420.55913050260955,415.943244764668,418.3301086425781,16067300
2024-08-22,MSFT,418.54707521874735,420.94381179948715,408.9306313403218,409.8577575683594,19361900
2024-08-23,MSFT,411.2681797994915,413.51694694228206,406.4451490290269,411.0807800292969,18493800
2024-08-26,MSFT,410.6665125068156,411.5640508373135,405.7054152115458,407.8259582519531,13152800
2024-08-27,MSFT,407.2046168469379,408.68406980179446,404.6303831532702,408.17120361328125,13492900
2024-08-28,MSFT,409.19692623598894,409.315277644923,401.73061382710534,404.9755554199219,14882700
2024-08-29,MSFT,409.25610570352524,416.268697643249,404.9755591436319,407.4610290527344,17045200
2024-08-30,MSFT,409.9070510926303,411.7711459201445,406.48458250077,411.42596435546875,24308300
2024-09-03,MSFT,412.1853985449122,414.1284143405953,401.4544298925835,403.8314208984375,20313600
2024-09-04,MSFT,400.3497951691964,405.60677088600426,398.8308818633999,403.298828125,15135800
2024-09-05,MSFT,402.03642661453864,407.44137254737586,400.56684622914446,402.7958984375,14195500
2024-09-06,MSFT,403.4566466739337,405.02486305915306,395.3097834719027,396.1974792480469,19609500
2024-09-09,MSFT,401.66155199530795,403.0522412027111,396.641279237834,400.1623840332031,15295100
2024-09-10,MSFT,402.6084339185776,410.62704280907684,402.1152829853601,408.5262451171875,19594300
2024-09-11,MSFT,409.8084532189213,418.1821469994098,403.9695325309428,417.24517822265625,19266900
2024-09-12,MSFT,417.51142276722317,421.5158057652536,414.00019068126096,421.15087890625,17395700
2024-09-13,MSFT,419.9969351521576,425.914746697553,419.6320082561189,424.6917419433594,15874600
2024-09-16,MSFT,424.7016342113202,427.5914917589124,422.3542307072933,425.4314880371094,13834700
2024-09-17,MSFT,434.1997005769437,435.79750485485505,426.3487157034463,429.18927001953125,18874200
2024-09-18,MSFT,429.04132931995406,430.05721907964937,424.5142071811442,424.9087219238281,18898000
2024-09-19,MSFT,435.1860014052933,435.452292084435,430.91529729082623,432.6807861328125,21706600
2024-09-20,MSFT,431.23091793236443,433.22323693457605,428.27201223229315,429.3076171875,55167100
2024-09-23,MSFT,428.33115788248597,430.481288649773,424.4944594123769,427.57171630859375,15128900
2024-09-24,MSFT,427.0687217553129,427.4139334394583,420.2632446802758,423.29119873046875,17015800
2024-09-25,MSFT,423.9420900304973,427.18703138481084,422.69937022848495,426.19085693359375,13396400
2024-09-26,MSFT,429.1300753187062,429.33719028271923,423.2517246244965,425.40185546875,14492000
2024-09-27,MSFT,425.6089779793521,425.93447445668835,421.6144673905514,422.15692138671875,14896100
2024-09-30,MSFT,422.3443332995087,424.52408219664926,419.54323948144145,424.40570068359375,16807300
2024-10-01,MSFT,422.5810498180969,422.6106376703255,413.07308530803846,414.9273376464844,19092900
2024-10-02,MSFT,416.79143435299875,417.02816727140424,411.00184714518315,411.4161071777344,16582300
2024-10-03,MSFT,411.90926344701154,413.8029462214933,408.61501874387466,410.8341979980469,13686400
2024-10-04,MSFT,412.5109404707377,414.00026612845136,409.28574375388894,410.3608093261719,19169700
2024-10-07,MSFT,410.30158600641573,411.3963666559109,403.3974727803463,403.9300842285156,20919800
2024-10-08,MSFT,405.2714281620606,409.9662346464486,402.5788433485802,409.02923583984375,19229300
2024-10-09,MSFT,410.16348810998284,414.6215919010832,408.62485957486433,411.7415771484375,14974300
2024-10-10,MSFT,409.5421386142519,411.63309377445904,407.49061385739407,410.1437683105469,13848400
2024-10-11,MSFT,410.4397214022164,411.4161507329335,407.58929422530787,410.61724853515625,14144900
2024-10-14,MSFT,412.0474224636623,418.2315559691541,411.80084693568074,413.398681640625,16653100
2024-10-15,MSFT,416.3969398711013,416.69284850861214,409.57174739931537,413.0040588378906,18900200
2024-10-16,MSFT,409.4829836231505,410.65665522282575,404.85722518493617,410.4199523925781,15508900
2024-10-17,MSFT,416.57447660649984,416.7125733271007,409.89722324961605,411.0117492675781,14820000
2024-10-18,MSFT,411.426050618295,413.9016482902856,410.55810000040594,412.43206787109375,17145300
2024-10-21,MSFT,410.41992101582053,413.22101465794185,408.08239044719204,413.0434875488281,14206100
2024-10-22,MSFT,412.75746835174544,424.68185459098345,412.31365056093216,421.6539306640625,25482200
2024-10-23,MSFT,424.95801224079617,425.1749998576998,416.7421308498749,418.7837829589844,19654400
2024-10-24,MSFT,419.5037748840412,420.144895200207,416.6139175340375,418.9120178222656,13581600
2024-10-25,MSFT,420.91418182997273,426.5952599466425,420.7267820728724,422.2851257324219,16899100
2024-10-28,MSFT,425.74710969864265,426.02327304477956,420.46051551603273,420.7465515136719,14882400
2024-10-29,MSFT,422.1372373224,427.2364316805858,419.9673609785876,426.03314208984375,17644100
2024-10-30,MSFT,431.44794042425275,432.4934181148105,426.1810914644013,426.6051940917969,29749100
2024-10-31,MSFT,409.6703426075015,410.4594021869807,400.7344498042727,400.7837829589844,53971000
2024-11-01,MSFT,403.40736208449033,409.80845197934053,401.9180365381017,404.74871826171875,24230400
2024-11-04,MSFT,404.1864784886832,404.79801090779887,400.0144410053543,402.8648376464844,19672300
2024-11-05,MSFT,402.7760918050739,409.2166418436789,402.4900558335031,405.8237609863281,17626000
2024-11-06,MSFT,406.77066424480597,414.69066771455005,404.8966664565658,414.4243469238281,26681800
2024-11-07,MSFT,415.5093002796819,421.00300957645607,414.1284835164612,419.6024475097656,19901800
2024-11-08,MSFT,419.4939322441371,420.65776126477715,416.0024150826717,416.75201416015625,16891400
2024-11-11,MSFT,416.7322894657105,418.99092936118404,410.301611581567,412.2840881347656,24503300
2024-11-12,MSFT,412.52079883366196,418.626010434167,411.48519380527927,417.2353210449219,19401200
2024-11-13,MSFT,415.8643474786666,423.4489813965326,412.4813090867046,419.3755798339844,21502200
2024-11-14,MSFT,419.17829445283394,422.304884622317,414.24678510633004,421.04241943359375,30246900
2024-11-15,MSFT,414.06929022111444,417.0084507566798,407.9739514183208,409.3153076171875,28247600
2024-11-18,MSFT,409.18708769998454,412.6687324009395,406.4550421174999,410.0649108886719,24727000
2024-11-19,MSFT,407.45119206262405,412.2150474297726,405.9125633985823,412.0671081542969,18133500
2024-11-20,MSFT,411.1597160983201,411.57397618834216,404.9558679972854,409.7986145019531,19191700
2024-11-21,MSFT,414.5818472703372,414.85856338751086,405.47983232208855,408.0295715332031,20780200
2024-11-22,MSFT,406.5471154925831,412.5064188915794,406.2407523286384,412.1111145019531,24814600
2024-11-25,MSFT,413.474991137145,416.1433187151558,409.9863774439722,413.88018798828125,27691100
2024-11-26,MSFT,414.67080652096905,424.0100286609721,413.93949178519347,422.9723205566406,23458900
2024-11-27,MSFT,420.12605489536344,422.22122564388053,417.07228524559736,418.0309143066406,18332400
2024-11-29,MSFT,415.1649061905191,419.89875718802,412.9017454606376,418.4953918457031,16271900
2024-12-02,MSFT,416.6275643373692,427.9235529659965,416.370602899235,425.92724609375,20207200
2024-12-03,MSFT,424.80061260374794,427.3997836787713,422.72522667678595,426.1446838378906,18302000
2024-12-04,MSFT,427.9532618825141,434.51543063700444,427.5579574158117,432.29180908203125,26009400
2024-12-05,MSFT,432.7859063083414,439.44687793021666,431.0564230401268,437.4307861328125,21697800
2024-12-06,MSFT,437.1145598403157,440.87002757046025,436.5907746503493,438.36968994140625,18821000
2024-12-09,MSFT,437.41103647885797,443.0738395996816,435.33565050126293,440.7909240722656,19144400
2024-12-10,MSFT,439.1801079217739,444.34877353301977,436.4228086723054,438.13250732421875,18469500
2024-12-11,MSFT,438.8440482605507,445.07020661100427,438.8440482605507,443.72613525390625,19200200
2024-12-12,MSFT,443.8446923743848,450.81205740820604,443.8446923743848,444.2894287109375,20834800
2024-12-13,MSFT,443.1825414368637,446.13747735633456,440.3560560775405,442.0262451171875,20177800
2024-12-16,MSFT,442.02626356510217,446.8787030896928,440.0596036741231,446.2956237792969,23598800
2024-12-17,MSFT,445.72242348242105,449.95224407864544,444.2993034538041,449.1319580078125,22733500
2024-12-18,MSFT,446.02882636391814,447.3432204529913,431.89645846414146,432.26214599609375,24444500
2024-12-19,MSFT,436.44249480171817,437.9842031344139,431.2046434354816,431.90631103515625,22963700
2024-12-20,MSFT,428.03227991601136,438.5376604876813,423.6048219518138,431.48138427734375,64263700
2024-12-23,MSFT,431.61967744219925,432.5190122773264,427.7555144226145,430.14715576171875,19152500
2024-12-24,MSFT,429.55422661934296,434.44620567192754,429.0996280307953,434.1793518066406,7164500
2024-12-26,MSFT,433.9322924323696,435.7705018127553,431.5110338839644,432.9736633300781,8194200
2024-12-27,MSFT,429.5048044431988,430.1175308072659,421.35152651661633,425.4825134277344,18117700
2024-12-30,MSFT,421.0649558192297,422.5374777077036,416.9537232035626,419.849365234375,13158700
2024-12-31,MSFT,421.1044562623139,421.727075036825,415.72823181420273,416.5583801269531,13246500
2025-01-02,MSFT,420.54113855935236,421.0748161119684,409.98635677531166,413.672607421875,16896500
2025-01-03,MSFT,416.1433429164244,419.05876986765884,414.62141923267626,418.3867492675781,16662900
2025-01-06,MSFT,422.9822197752049,429.2281326887413,420.491774572373,422.833984375,20573600
2025-01-07,MSFT,423.9704579117962,425.6011074871905,415.8665816173968,417.4181823730469,18139100
2025-01-08,MSFT,418.4954097350683,421.9642686702226,416.5979364179098,419.58251953125,15054600
2025-01-10,MSFT,419.651700779007,419.73074959963856,410.15435142162687,414.0382995605469,20201100
2025-01-13,MSFT,410.3717995418403,413.593589604229,407.45640284839305,412.2989501953125,17604800
2025-01-14,MSFT,412.9116481684101,414.8190138642203,405.90477401390683,410.7967529296875,16935900
2025-01-15,MSFT,414.2161660512409,423.1304056035061,413.3662329233126,421.3119812011719,19637800
2025-01-16,MSFT,423.67398737859014,424.45470380326,419.4145196873236,419.6022644042969,15300000
2025-01-17,MSFT,429.0007970548674,429.386239236107,423.1502190446997,424.0001220703125,26197500
2025-01-21,MSFT,425.1563998310193,425.8481750206776,420.61032363697626,423.476318359375,26085700
2025-01-22,MSFT,432.4301508467356,442.02630472978717,430.88844231911156,440.9688720703125,27803800
2025-01-23,MSFT,436.81809723637986,441.5124093673138,436.32395911733414,441.4728698730469,18389300
2025-01-24,MSFT,439.9409915761193,441.41351331157875,436.22506379505893,438.8538818359375,15549500
2025-01-27,MSFT,419.0389699284215,430.0977821935737,418.53493945291683,429.46527099609375,35647800
2025-01-28,MSFT,429.5048071593075,443.1232508667098,426.32255685114393,441.95709228515625,23491700
2025-01-29,MSFT,441.45306462654537,441.6408395030523,435.23679935643304,437.1441650390625,23581400
2025-01-30,MSFT,413.86040812362955,417.90245411076046,408.3161931892364,410.1247253417969,54586300
2025-01-31,MSFT,414.06796458574274,415.7579084081136,410.0456732964256,410.19390869140625,34161900
2025-02-03,MSFT,406.774468051233,410.53979775772405,403.8689337668832,406.1024475097656,25679100
2025-02-04,MSFT,407.8516865143663,409.0672770356713,404.9362598096777,407.5354309082031,20532100
2025-02-05,MSFT,407.5156591589932,408.97828849654115,405.5885086845079,408.44464111328125,16316700
2025-02-06,MSFT,409.14627667499167,413.2970480674949,409.14627667499167,410.9449462890625,16309800
2025-02-07,MSFT,411.59727657785896,413.7418190108213,403.31551731813784,404.9461669921875,22886800
2025-02-10,MSFT,408.85972888435845,410.5892121947109,406.10246006462063,407.38720703125,20817900
2025-02-11,MSFT,404.8374480391833,407.6540108795472,404.50140761463905,406.6163330078125,18140600
2025-02-12,MSFT,402.435914112503,405.93442005448907,399.6292135248499,404.2444763183594,19121700
2025-02-13,MSFT,402.22836193070845,406.18146622486773,401.59585076694265,405.72686767578125,23891700
2025-02-14,MSFT,403.00918147910807,404.11604605641566,401.12157021752904,403.64166259765625,22758500
2025-02-18,MSFT,403.2166759889158,405.78620005413757,401.7342617389566,404.83746337890625,21423100
2025-02-19,MSFT,403.09808061190597,410.61884763156144,402.8707662400353,409.90728759765625,24114200
2025-02-20,MSFT,411.24417583261857,415.2250013636158,408.52096684547683,412.07598876953125,23508700
2025-02-21,MSFT,413.27418223243296,413.97725680128366,403.91626425407014,404.2331237792969,27524800
2025-02-24,MSFT,404.5301894031576,405.38179653354615,395.4297185716828,400.0641174316406,26443700
2025-02-25,MSFT,397.1923965138258,398.00441513588805,392.8352683816966,394.0235595703125,29387400
2025-02-26,MSFT,394.13254018558297,399.6680779917259,390.40916096474115,395.8357849121094,19619000
2025-02-27,MSFT,397.3607146060961,401.78716793671936,388.3493932994261,388.70587158203125,21127400
2025-02-28,MSFT,388.83463352266693,393.7562160246685,382.8039671137811,393.1224365234375,32845700
2025-03-03,MSFT,394.93457905310964,394.93457905310964,382.3979130752632,384.7052001953125,23007700
2025-03-04,MSFT,379.66483152587324,388.755390806373,377.2882188683939,384.8240661621094,29342900
2025-03-05,MSFT,385.54695570418704,397.7568509049982,385.02212029604283,397.1131591796875,23433100
2025-03-06,MSFT,390.438848896208,398.23217304119834,388.8544303529959,393.0234375,23304600
2025-03-07,MSFT,388.497925986767,390.9537458547577,381.7839796807534,389.478271484375,22034100
2025-03-10,MSFT,382.08104715568106,382.6355890788174,373.5450301742595,376.4563903808594,32840100
2025-03-11,MSFT,375.30773581476114,382.23954096173566,373.23810047588285,376.7436218261719,30380200
2025-03-12,MSFT,379.21921226907705,381.4670864515663,375.2581813231993,379.53607177734375,24253600
2025-03-13,MSFT,379.4271716632625,381.5661320778761,373.7728082450696,375.0799255371094,20473000
2025-03-14,MSFT,376.0801342416101,386.42834111474417,375.81277549488345,384.77459716796875,19952800
2025-03-17,MSFT,382.93266210354994,388.8840902907555,381.81366607483056,384.9131774902344,22474300
2025-03-18,MSFT,383.29909421372145,383.59615946585757,377.38725393405446,379.7836608886719,19486900
2025-03-19,MSFT,381.7740797920575,385.8836435250732,380.2589866011294,384.0417785644531,19185500
2025-03-20,MSFT,381.9819995370129,387.9730768170586,379.5459740311176,383.0712890625,18470500
2025-03-21,MSFT,379.4865916093534,387.92357710345186,379.07067004050685,387.4482727050781,39675900
2025-03-24,MSFT,391.54789342681113,391.54789342681113,386.0123564410982,389.25048828125,21004500
2025-03-25,MSFT,390.08236222676067,392.4985634335279,388.81483346341923,391.3102722167969,15775000
2025-03-26,MSFT,391.15183295239507,391.45881045430576,384.7844825194778,386.17083740234375,16108400
2025-03-27,MSFT,386.3292434732889,388.4186727261189,383.62582905803845,386.77484130859375,13766800
2025-03-28,MSFT,384.2992097422753,385.3389984995421,373.2578420054409,375.109619140625,21632000
2025-03-31,MSFT,368.91066922952973,373.39653609737746,363.66228447346174,371.73291015625,35184700
2025-04-01,MSFT,371.00006183577835,379.120187514209,369.59391274714585,378.46661376953125,19689500
2025-04-02,MSFT,374.2877261088344,381.32844426453147,372.95087209109226,378.4171142578125,16092600
2025-04-03,MSFT,371.1386925275575,373.80248816308017,365.75168821202425,369.47503662109375,30198000
2025-04-04,MSFT,360.5825339787073,370.94062085342546,355.97784180916346,356.3343200683594,49209900
2025-04-07,MSFT,347.4616469003483,367.3856281525139,341.43098078163547,354.3736267089844,50425000
2025-04-08,MSFT,364.6723484414274,370.00982228854286,346.8377957272636,351.1058044433594,35868900
2025-04-09,MSFT,350.09575274548115,389.3990874327872,349.6600368937789,386.6857604980469,50199700
2025-04-10,MSFT,378.33787067807094,380.1599412978202,364.21678559967916,377.6347961425781,38024400
2025-04-11,MSFT,376.9317086118959,386.25000705363004,375.1987576222842,384.6656188964844,23839200
2025-04-14,MSFT,389.38918941494444,390.80525087459347,380.46695659777833,384.0318908691406,19251200
2025-04-15,MSFT,384.7250835584995,388.0721598970285,380.41745590518724,381.97216796875,17199900
2025-04-16,MSFT,376.9614172312142,377.8922316795949,364.41483869971677,367.9896545410156,21967800
2025-04-17,MSFT,370.10883089247193,370.6732850580017,363.31567729138493,364.1969909667969,21120200
2025-04-21,MSFT,359.2853342749941,360.9291658129438,352.20499720618693,355.6213684082031,20807300
2025-04-22,MSFT,359.83984897446516,364.1870645763753,356.3541225187108,363.246337890625,19485000
2025-04-23,MSFT,372.3963282706759,376.68416126561135,369.38593623911186,370.74261474609375,20545500
2025-04-24,MSFT,372.0398589139721,384.6656455709585,371.53481777720657,383.5268249511719,22232300
2025-04-25,MSFT,383.2297451406492,388.33947870228997,380.8531326101871,388.0325012207031,18973200
2025-04-28,MSFT,388.1414373128656,388.91383718504306,382.8732888048125,387.3492431640625,16579400
2025-04-29,MSFT,387.4878753983452,391.2508732709842,386.5768551213708,390.2012023925781,14974000
2025-04-30,MSFT,386.4976013857663,392.7956566127169,380.6947052715702,391.4093017578125,36461100
2025-05-01,MSFT,426.9100091091665,432.7327295827746,420.76051687113977,421.2556457519531,58938100
2025-05-02,MSFT,427.533877248033,435.1588741169636,425.80092616148227,431.0393981933594,30757400
2025-05-05,MSFT,428.652877068793,435.2182909345157,427.9002714913439,431.9207458496094,20136100
2025-05-06,MSFT,427.9894209087166,433.46554517602334,426.9694566129341,429.0885925292969,15104200
2025-05-07,MSFT,429.6134515274466,433.8517538131467,426.9100367836598,429.12823486328125,23295300
2025-05-08,MSFT,433.66359321182534,439.34769356127396,431.4157188741818,433.9012756347656,23491300
2025-05-09,MSFT,435.7133658474831,436.4461468377417,431.6335091661536,434.45574951171875,15324200
2025-05-12,MSFT,441.59557651706575,444.99215360101994,435.495584693897,444.88323974609375,22821900
2025-05-13,MSFT,443.41763796979524,446.2794975271711,441.021200788799,444.764404296875,23618800
2025-05-14,MSFT,443.7741186799948,449.4779827199474,443.7741186799948,448.52734375,19902800
2025-05-15,MSFT,447.1979616790238,452.57502540604634,446.860659567107,449.5392761230469,21992300
2025-05-16,MSFT,448.4678481067336,450.7595407562394,445.1741794982958,450.6702575683594,23849800
2025-05-19,MSFT,447.30711960117503,455.948090917999,447.22773658664954,455.2337951660156,21336500
2025-05-20,MSFT,451.9797648957129,454.70797307292094,450.71983965496236,454.5393371582031,15441800
2025-05-21,MSFT,450.9678549991314,454.1524094962116,448.229716398419,448.98370361328125,19216900
2025-05-22,MSFT,451.34489818162797,456.6028878213618,450.3032004241896,451.2555847167969,18025600
2025-05-23,MSFT,446.414273906322,450.0948666019555,445.3527455471655,446.6126708984375,16883500
2025-05-27,MSFT,452.86270711658346,457.2972865174385,452.5055441364309,457.0393371582031,20974300
2025-05-28,MSFT,457.56517641086623,458.8548627693229,453.3091629867606,453.7357482910156,17086300
2025-05-29,MSFT,457.8925405838875,458.0612067791374,451.7019977235154,455.0452880859375,13974800
2025-05-30,MSFT,456.07706236471586,458.0215223462663,451.9301930198663,456.71197509765625,34770500
2025-06-02,MSFT,453.51752207653715,458.44810948050275,453.2695031394806,458.3092346191406,16626500
2025-06-03,MSFT,457.8131864599202,460.4620419695056,457.20800452370844,459.3013000488281,15743800
2025-06-04,MSFT,460.3231275179124,461.9997378828715,459.35088242690273,460.19415283203125,14162700
2025-06-05,MSFT,461.2754909786452,465.9283282519781,460.3528678798598,463.97393798828125,20131700
2025-06-06,MSFT,466.3648469522318,469.5890928719542,465.06523024972654,466.6525573730469,15285600
2025-06-09,MSFT,465.9779957450024,469.67841894667356,464.90653697170796,469.0038146972656,16469900
2025-06-10,MSFT,467.45617352695865,469.0534009468453,463.25968221899245,467.1883239746094,15375900
2025-06-11,MSFT,466.29541399515057,471.7022387212418,465.93828127215454,468.87481689453125,16399200
2025-06-12,MSFT,471.255819627256,476.61305298608835,469.76770597774697,475.0753173828125,18950600
2025-06-13,MSFT,472.6348110082228,475.3828499324856,469.0137405811006,471.1962890625,16814500
2025-06-16,MSFT,471.44428961660435,476.8808754060361,471.23596219473825,475.3431701660156,15626100
2025-06-17,MSFT,471.63279762120845,474.9463269378011,470.3232503868908,474.25189208984375,15414100
2025-06-18,MSFT,474.21220825159133,477.1884355000323,470.70025162122124,476.4344482421875,17526500
2025-06-20,MSFT,478.4086860483398,479.62891980922967,473.09114443804276,473.616943359375,37576200
2025-06-23,MSFT,474.42052531416374,483.884936234588,468.76571183115124,482.1488037109375,24864000
2025-06-24,MSFT,485.07541514458467,487.9524285572733,482.9424282150726,486.2261962890625,22305600
2025-06-25,MSFT,488.14098256866794,490.64100267238626,485.5119877675007,488.369140625,17495100
2025-06-26,MSFT,489.07347716233096,494.09337765578726,488.9048109762518,493.508056640625,21578900
2025-06-27,MSFT,493.60726767719865,495.3434002058453,489.12309627390664,492.0100402832031,34539200
2025-06-30,MSFT,493.101351114434,496.79187420420715,491.4048797426009,493.4684143066406,28369000
2025-07-01,MSFT,492.53583641461546,494.10330273882704,487.08935037246306,488.1508483886719,19945400
2025-07-02,MSFT,486.10716647659297,489.589361899926,484.82741061180644,487.1984558105469,16319600
2025-07-03,MSFT,489.8969147231798,496.1668406146565,489.5298515465148,494.8870544433594,13984800
2025-07-07,MSFT,493.4386378219278,494.7977767455099,491.3056810299541,493.77593994140625,13981600
2025-07-08,MSFT,493.2997134401056,494.25212791462184,490.1945116420166,492.68463134765625,11846600
2025-07-09,MSFT,496.33549554664154,502.76415743455226,495.77993553758444,499.52008056640625,18659500
2025-07-10,MSFT,499.06366987607214,500.4426696344743,493.8056807647675,497.5061340332031,16492100
2025-07-11,MSFT,494.51996982276876,501.0279839194423,493.85526578992295,499.33154296875,16459500
2025-07-14,MSFT,497.5458219138798,499.9764196247383,497.0597144820079,499.033935546875,12058800
2025-07-15,MSFT,499.033906939414,504.27206541624594,498.805748905247,501.8117370605469,14927200
2025-07-16,MSFT,501.17679603649344,502.70460109528983,497.9128887743687,501.6133117675781,15154400
2025-07-17,MSFT,501.6728265840105,509.30189104591364,501.6133044647972,507.6451416015625,17503100
2025-07-18,MSFT,510.4030974050004,510.5618634291492,503.40897568442307,506.0082092285156,21209700
2025-07-21,MSFT,502.69466780228106,508.0320701704435,501.54385636100875,506.01812744140625,14066800
2025-07-22,MSFT,506.92095727911294,507.1491456054249,501.26611328125,501.26611328125,13868600
2025-07-23,MSFT,502.7343595827018,502.77405108780124,496.7323137246232,501.861328125,16396600
2025-07-24,MSFT,504.73833906736274,509.5995039044367,503.27998658866585,506.8316345214844,16107000
2025-07-25,MSFT,508.409026924469,514.1829150146133,506.3157616392057,509.6392517089844,19125700
2025-07-28,MSFT,510.0063088656235,510.91900158393673,506.07766717141,508.4388122558594,14308000
2025-07-29,MSFT,511.4448055642593,513.5182098314434,507.50623361872493,508.50823974609375,16469200
2025-07-30,MSFT,511.08761139494,511.8614594904868,505.40303712186204,509.17291259765625,26380400
2025-07-31,MSFT,550.8301225339796,551.0484106553389,527.6850421089878,529.2723388671875,51617300
2025-08-01,MSFT,530.7605061500977,531.5541546097426,516.7325410439772,519.956787109375,28977600
2025-08-04,MSFT,524.0839138486996,533.9848111754816,523.9450087012631,531.3955078125,25349000
2025-08-05,MSFT,532.9232605080902,533.0423047576313,523.0620248277625,523.5679931640625,19171600
2025-08-06,MSFT,526.6930052823053,527.4866537198485,519.8774501718309,520.7802124023438,21355700
2025-08-07,MSFT,522.6255013664995,523.9053178574718,513.4488005319126,516.7127685546875,16079100
2025-08-08,MSFT,518.4587582353118,520.502431840537,515.2940341981842,517.9031982421875,15531000
2025-08-11,MSFT,518.1611446296885,523.4092640243366,515.6015722772428,517.6353759765625,20194400
2025-08-12,MSFT,519.5996565820958,526.7723446368122,518.5579891899393,525.046142578125,18667000
2025-08-13,MSFT,527.8934364066101,528.4787877679453,515.2544004746543,516.454833984375,19619200
2025-08-14,MSFT,518.4191046945965,521.7822560401938,516.0182983192124,518.3397216796875,20269100
2025-08-15,MSFT,518.6274679925785,521.9310366989816,514.9667059909838,516.0480346679688,25213300
2025-08-18,MSFT,517.4567900842618,518.6770238166106,509.9467697824549,513.0023193359375,23760600
2025-08-19,MSFT,510.91900524319027,511.0777107186651,504.5201046206217,505.7304382324219,21481000
2025-08-20,MSFT,505.829663283555,506.9507137373093,500.4426991689255,501.7125549316406,27723000
2025-08-21,MSFT,500.5200933584279,504.43529989468334,499.55619671725805,501.0666198730469,18443300
2025-08-22,MSFT,501.0765850227361,507.5158151187978,499.2481684011306,504.037841796875,24324200
2025-08-25,MSFT,503.44159720621536,504.9917771303553,500.9473838488724,501.0865173339844,21638600
2025-08-26,MSFT,501.18583887731603,501.8019624337255,495.37267961289456,498.8804626464844,30835700
2025-08-27,MSFT,498.8407434548062,504.09746017877256,496.75395340313815,503.5509033203125,17277900
2025-08-28,MSFT,503.89867767213724,507.87350408410515,502.3186878124423,506.4326477050781,18015600
2025-08-29,MSFT,505.4588240002719,506.39291066950057,501.3150539612025,503.501220703125,20961600
2025-09-02,MSFT,497.32034095368414,502.81553721257154,493.68337117589067,501.9410705566406,18128000
2025-09-03,MSFT,500.619436889999,504.59426313425837,499.158687032213,502.16961669921875,16345100
2025-09-04,MSFT,501.1262461318779,504.95202275876863,499.983489561643,504.7731628417969,15509500
2025-09-05,MSFT,505.86625611105876,508.7479993566889,489.27134277765646,491.8847961425781,31994800
2025-09-08,MSFT,494.975206462802,498.04578670760833,491.9146033142146,495.0646667480469,16771000
2025-09-09,MSFT,498.27429847652155,499.0891451753406,494.5677922273047,495.2733154296875,14410500
2025-09-10,MSFT,499.81456783685906,500.06299449245154,493.5939546766565,497.2209777832031,21611800
2025-09-11,MSFT,499.08915061774627,500.00337405269875,494.7466575341409,497.8569641113281,18881600
2025-09-12,MSFT,503.4614629424367,509.32432605160386,500.67909648146514,506.6910095214844,23624900
2025-09-15,MSFT,505.58800862213144,512.2259313574772,503.80926524972944,512.1166381835938,17143800
2025-09-16,MSFT,513.6270820344445,513.9748550906477,505.3991924428879,505.83642578125,19711900
2025-09-17,MSFT,507.4064717390096,508.07226852063866,502.74598524416496,506.81024169921875,15816600
2025-09-18,MSFT,508.270968235188,509.84104161182444,504.4650853819943,505.2501220703125,18913700
2025-09-19,MSFT,507.34685812925306,516.0318444319288,507.09843147001845,514.6704711914062,52474100
2025-09-22,MSFT,512.3452424901319,514.48167541423,509.3143886623668,511.21240234375,20009300
2025-09-23,MSFT,510.56645428814153,511.35152134239047,504.1173079645634,506.0252380371094,19799600
2025-09-24,MSFT,507.16798604562155,509.2547456727144,503.72976965544393,506.9394226074219,13533700
2025-09-25,MSFT,505.10107733704126,506.8003375404676,501.8616142840625,503.8390808105469,15786500
2025-09-26,MSFT,506.849997214163,510.70558375978015,503.4316440082871,508.2411804199219,16213100
2025-09-29,MSFT,508.2809533120173,513.5972596483151,505.677446731691,511.3614196777344,17617800
2025-09-30,MSFT,510.0099885223437,514.8990082310244,506.45253207823936,514.6903686523438,19728200
2025-10-01,MSFT,511.56013673304216,517.2342231556227,508.4697238165545,516.4392700195312,22632300
2025-10-02,MSFT,514.3823296081488,518.3173691617891,507.4661094259624,512.4942626953125,21222900
2025-10-03,MSFT,513.8456285403139,517.2143082734997,511.75886906280147,514.0940551757812,15112300
2025-10-06,MSFT,515.3461902238155,527.6880704621805,514.9387971845453,525.2435302734375,21388600
2025-10-07,MSFT,524.9652461341774,526.4657528279373,518.1583800775612,520.682373046875,14615200
2025-10-08,MSFT,519.9868698926625,523.6337564909833,519.798063194055,521.5469360351562,13363400
2025-10-09,MSFT,519.0527457511332,521.0302122328587,514.1438325922749,519.1123657226562,18343600
2025-10-10,MSFT,516.3697201998212,520.2849266906686,506.42270727517143,507.74432373046875,24133800
2025-10-13,MSFT,513.1600441163425,513.1600441163425,508.45983088995337,510.8149108886719,14284200
2025-10-14,MSFT,507.0189143190136,512.0371506947121,502.815524609146,510.337890625,14684300
2025-10-15,MSFT,511.7192223799748,513.9351689053381,506.79041532984223,510.1988220214844,14694700
2025-10-16,MSFT,509.3541552294708,513.597241245564,504.93214864922606,508.3902282714844,15559600
2025-10-17,MSFT,505.8364332653001,512.235876086287,504.1173098719632,510.3478698730469,19867800
2025-10-20,MSFT,511.3713853844849,515.4356724346321,510.1988187679518,513.5376586914062,14665600
2025-10-21,MSFT,514.2431942660954,515.4257076122852,509.81124074780416,514.4021606445312,15586200
2025-10-22,MSFT,517.870184130928,521.9244631183706,514.4518312300626,517.2639770507812,18962700
2025-10-23,MSFT,519.1720024577996,520.6526156742948,515.3461954332505,517.283935546875,14023500
2025-10-24,MSFT,519.4999115166443,522.0437982801024,517.4330452189278,520.3147583007812,15532400
2025-10-27,MSFT,528.4333612309177,531.2157277722118,525.6807743511338,528.1749877929688,18734700
2025-10-28,MSFT,546.5385938392855,550.2351530342114,537.3667019364588,538.6585083007812,29986700
2025-10-29,MSFT,541.5104645203966,542.8321112501552,533.3521116884923,538.1417846679688,36023000
2025-10-30,MSFT,527.1414993194383,531.6032326010347,518.834126044735,522.4512329101562,41023100
2025-10-31,MSFT,525.5515477587454,525.9887810857076,511.85824179468614,514.5512084960938,34006400
2025-11-03,MSFT,516.5385956979154,521.6562086548496,511.3514766558802,513.776123046875,22374700
2025-11-04,MSFT,508.53927600780713,512.3054020147877,504.64393297114844,511.0931091308594,20958700
2025-11-05,MSFT,510.06960470137113,511.5900049686576,503.39189488693165,503.96826171875,23024300
2025-11-06,MSFT,502.47768369906356,502.51744045426454,492.6896676102462,493.9715576171875,27406500
2025-11-07,MSFT,493.8225155697467,496.2372153715257,490.1457889557352,493.6933288574219,24019800
2025-11-10,MSFT,496.8930989278779,503.6602390221828,495.6608820179433,502.8155822753906,26101500
2025-11-11,MSFT,501.6230817360039,506.39289163210333,499.18851875070465,505.4786682128906,17980000
2025-11-12,MSFT,506.1543604609167,508.4498505213197,495.9788149582036,507.9231872558594,26574900
2025-11-13,MSFT,507.09842927280135,510.2683558569415,498.13520636364063,500.12261962890625,25273100
2025-11-14,MSFT,495.0944623167857,508.38031503091224,494.30942559248354,506.96923828125,28505700
2025-11-17,MSFT,505.2501533046029,508.8970396915909,501.73242330739504,504.2961730957031,19092800
2025-11-18,MSFT,492.2524466910109,499.8145698875434,483.71651040889276,490.6824035644531,33815100
2025-11-19,MSFT,487.0156390818261,492.0736023312663,479.79137227085766,484.05438232421875,23245300
2025-11-20,MSFT,490.5255566668064,491.3817596467919,473.39186588492817,476.3088684082031,26802500
2025-11-21,MSFT,476.3785437287191,476.796695003642,466.19388806310616,470.0268249511719,31769200
2025-11-24,MSFT,472.8940955697233,474.7856658755464,465.9450303435204,471.8985290527344,34421000
2025-11-25,MSFT,471.9681767111092,477.0256407210385,462.82888433135173,474.8752136230469,28019800
2025-11-26,MSFT,484.1539100429923,486.14504291080743,479.06658014921754,483.3475036621094,25709100
2025-11-28,MSFT,485.4382224868377,490.44592067381114,484.49242217644115,489.82867431640625,14386700
2025-12-01,MSFT,486.27447583839387,487.68816317334665,482.5012705124726,484.5820007324219,23964000
2025-12-02,MSFT,484.56211884124775,491.312058367048,484.16389832530854,487.82757568359375,19562700
2025-12-03,MSFT,474.2082166599713,482.09308589504883,473.0931871020635,475.6119689941406,34615100
2025-12-04,MSFT,477.6329620200481,479.186043226252,474.3774403367437,478.7081604003906,22318200
2025-12-05,MSFT,480.3807061976695,481.2568095233099,476.7568601661199,481.01788330078125,22608700
2025-12-08,MSFT,482.74025101921535,490.11737199051475,482.2325023858298,488.8430480957031,21965900
2025-12-09,MSFT,486.93155551686203,489.93815525049575,486.33420957194573,489.8385925292969,14696100
2025-12-10,MSFT,481.88401246545567,482.10303829287767,472.973680864489,476.4382629394531,35756200
2025-12-11,MSFT,474.51683677020293,483.8751552220924,473.750231167373,481.3265075683594,24669200
2025-12-12,MSFT,477.69270598810584,480.31105063829824,474.22812377070755,476.4084167480469,21248100
2025-12-15,MSFT,477.97146396596463,478.588710310573,470.42505317808707,472.7148742675781,23727700
2025-12-16,MSFT,469.8177748762136,475.7712732838117,468.79234263095657,474.2779235839844,20705600
2025-12-17,MSFT,474.79560024235434,477.8718969329872,472.8940646732686,474.00909423828125,24527200
2025-12-18,MSFT,476.06992080908344,487.4293375934554,475.7712630284666,481.8342590332031,28573500
2025-12-19,MSFT,485.1992432324443,485.68709144559693,480.35083955461556,483.7656555175781,70836100
2025-12-22,MSFT,483.9647726311972,486.5632169440421,480.5499868948874,482.7701110839844,16963000
2025-12-23,MSFT,482.829854335465,485.66719456773416,482.5908977144131,484.6915588378906,14683600
2025-12-24,MSFT,483.5267014178325,486.99128356758627,482.680463867149,485.8563232421875,5855900
2025-12-26,MSFT,484.5521629916047,485.95591540329985,483.8054881161676,485.5477294921875,8842200
2025-12-29,MSFT,482.71034015280554,486.1848877649252,482.0333622504328,484.9404296875,10893400
2025-12-30,MSFT,483.77560983811236,487.5089841188462,483.3475235456682,485.3187561035156,13944500
2025-12-31,MSFT,485.6771523949816,485.97584057107747,481.15727202744546,481.4758605957031,15601600
2026-01-02,MSFT,482.24244872265706,482.5112407273309,468.07552715971417,470.84320068359375,25571600
2026-01-05,MSFT,471.95822796941724,473.95932625248497,467.41844739653146,470.75360107421875,25250300
2026-01-06,MSFT,471.69937935780575,476.617480129593,467.6673473241013,476.3885192871094,23037700
2026-01-07,MSFT,477.63296458601815,487.5288974221053,475.83099176167434,481.3265075683594,25564200
2026-01-08,MSFT,479.10639276886474,480.5201105081445,473.7502403609407,475.9902648925781,18162600
2026-01-09,MSFT,471.9582322108041,477.6927047258898,470.106493184136,477.15509033203125,18491000
2026-01-12,MSFT,474.5566738594685,478.85749783991434,473.57104241242143,475.06439208984375,23519900
2026-01-13,MSFT,472.57548334410274,473.6706125344443,463.88420753037366,468.5832824707031,28545800
2026-01-14,MSFT,464.3919508718589,466.12425727832346,455.14315976714454,457.3433532714844,28184300
2026-01-15,MSFT,462.06232415810086,462.191752665677,453.8787662235596,454.6354064941406,23225800
2026-01-16,MSFT,455.8001987238622,461.13645097900303,454.4562082505655,457.8211975097656,34246700
2026-01-20,MSFT,449.2194951600843,454.77474258752966,447.28809381488645,452.5048522949219,26130000
2026-01-21,MSFT,450.5933708341933,450.6829681667298,436.73507280530305,442.1409912109375,37980500
2026-01-22,MSFT,445.6354487179439,450.8323067932568,442.7284117030413,449.1398620605469,25349400
2026-01-23,MSFT,449.8665935761158,469.01134678020316,448.5325382185013,463.8841857910156,38000200
2026-01-26,MSFT,463.2470104625561,472.14737672642065,459.9516880286902,468.1949768066406,29291200
2026-01-27,MSFT,471.59986874099184,480.72919663912324,471.06225431764057,478.4493408203125,29213900
2026-01-28,MSFT,481.0676409982362,481.59528998521284,475.8807484603396,479.4946594238281,36875400
2026-01-29,MSFT,438.0392806211351,440.5381621786467,419.1533835040837,431.57806396484375,128855300
2026-01-30,MSFT,437.2229285851671,437.65101486434605,424.55932220203715,428.3822937011719,58566800
2026-02-02,MSFT,428.33251789753194,428.8303011436502,420.37795134689077,421.49298095703125,42219900
2026-02-03,MSFT,420.1390072256922,420.178808008447,406.7486263222299,409.3868713378906,61424100
2026-02-04,MSFT,409.17783910585314,417.93881231579195,407.4256323109538,412.35369873046875,45012400
2026-02-05,MSFT,405.6335909812077,406.4897635323938,390.5806313349955,391.9246520996094,66289200
2026-02-06,MSFT,397.4002746193236,400.0086538663787,391.17798428483076,399.3615417480469,53515300
2026-02-09,MSFT,403.0550898097971,413.05058563481117,399.0927243377603,411.76629638671875,45480500
2026-02-10,MSFT,417.75959730190846,421.80159473973595,410.8702943432265,411.437744140625,44857900
2026-02-11,MSFT,414.33481566901673,414.61357304478975,399.2320904458023,402.5771789550781,42491000
2026-02-12,MSFT,403.20440420967,404.3990960787573,396.24540458526855,400.05841064453125,40802400
2026-02-13,MSFT,402.65686886295305,403.7420326637702,396.2852191820681,399.5407409667969,34091600
2026-02-17,MSFT,397.45004705087115,398.7442713079252,392.78083787972264,395.1004943847656,32078800
2026-02-18,MSFT,396.3648548030424,400.77520665339193,394.56288205367116,397.8283386230469,23223400
2026-02-19,MSFT,399.82403795970674,403.55594539020564,395.8127368785549,397.5988464355469,28234000
2026-02-20,MSFT,395.2539159508346,399.2552593187824,394.3059873534157,396.37152099609375,34015200
2026-02-23,MSFT,394.14630950985264,394.50551684604494,382.27203437696886,383.6390686035156,43238300
2026-02-24,MSFT,383.30981969967445,388.5185091169527,380.88504821898124,388.1593017578125,33884700
2026-02-25,MSFT,389.68597856263057,400.60233728073825,389.31678308531696,399.7342224121094,43625500
2026-02-26,MSFT,403.8353349281015,406.6093255926281,397.8782360341113,400.851806640625,34405900
2026-02-27,MSFT,390.03523926255787,395.9624042352165,389.0374004516944,391.8912048339844,51367200
2026-03-02,MSFT,392.01092411942045,400.32293811697235,389.78576315389057,397.6886291503906,35474900
2026-03-03,MSFT,392.2903484387299,405.82103971635513,391.82136299902305,403.0570068359375,38199200
2026-03-04,MSFT,400.4027502952161,410.14166638677375,399.44483360720756,404.32427978515625,35808000
2026-03-05,MSFT,403.54596943015656,410.72040218284053,403.525993165685,409.79241943359375,39001300
2026-03-06,MSFT,408.31564337314285,412.1572983375802,407.6271321747383,408.0761413574219,31123900
2026-03-09,MSFT,404.044890641513,409.3234358422322,402.62794618065146,408.5251770019531,30131900
2026-03-10,MSFT,409.1438479339772,409.31349393117443,402.05918625996463,404.8830871582031,31706400
2026-03-11,MSFT,404.6934855668013,408.1260534422115,400.7220762180728,404.0049743652344,25512100
2026-03-12,MSFT,403.7555185610488,405.2422886286942,400.84181586601125,400.9914855957031,27263900
2026-03-13,MSFT,400.13336309353434,403.9251383935716,393.3979511212616,394.69512939453125,26848000
2026-03-16,MSFT,397.209690545171,399.7641553863696,393.9367805641587,399.08563232421875,27733700
2026-03-17,MSFT,399.4049101655112,403.5259891234105,396.8903674487218,398.5467834472656,26228300
2026-03-18,MSFT,396.271723303423,397.13983817793417,390.1549666521916,390.9432678222656,25908500
2026-03-19,MSFT,389.2569126674818,391.6417315076428,386.2234742615233,388.1792297363281,25138800
2026-03-20,MSFT,385.95408868282834,386.16362631018524,379.29849030352204,381.0447082519531,50853200
2026-03-23,MSFT,383.07032058481127,386.3731646745857,380.85511716508233,382.1722717285156,29680100
2026-03-24,MSFT,381.53362193174286,381.6434000325674,371.04635704379217,371.9344177246094,42733600
2026-03-25,MSFT,376.10542586510894,376.2451074667104,368.831172255135,370.2381286621094,31181200
2026-03-26,MSFT,370.01860155518807,373.9101668945663,364.4007640805619,365.1790771484375,36836600
2026-03-27,MSFT,361.11784971721505,361.6666793192034,355.73951450811694,355.9989318847656,37883400
2026-03-30,MSFT,361.1178525849577,364.5703662773937,355.51000344849933,358.1842041015625,44797000
2026-03-31,MSFT,363.7621155862403,372.09407550142714,362.28533367877645,369.3699951171875,45244400
2026-04-01,MSFT,372.682807332766,373.1817267376728,367.4042619540212,368.57171630859375,29417200
2026-04-02,MSFT,366.41637016886637,372.83249667260446,363.3629859357669,372.6528625488281,24099100
2026-04-06,MSFT,372.682794233078,372.92229624611906,368.70142726638517,372.0741271972656,16146600
2026-04-07,MSFT,369.5396147715723,371.64507045865594,365.7677853538718,371.48541259765625,21443300
2026-04-08,MSFT,384.148004001906,384.167949815935,370.6073237610428,373.52099609375,33064800
2026-04-09,MSFT,371.6949574789129,372.6927962909368,366.2567237727329,372.26373291015625,30435300
2026-04-10,MSFT,372.17393720824543,374.8281921461914,369.23030048358606,370.0684814453125,28111100
2026-04-13,MSFT,372.8025510733858,383.70895264062807,370.2181521550117,383.539306640625,35745800
2026-04-14,MSFT,387.0816509997633,393.83700889302276,385.684652281273,392.2604064941406,37504500
2026-04-15,MSFT,397.1398382929036,413.47445440771634,395.8725939925935,410.3312683105469,45063400
2026-04-16,MSFT,418.95258572248235,419.9105328997013,411.2492993874727,419.35174560546875,41642400
2026-04-17,MSFT,423.9018933176335,430.64726300981,419.78081413338697,421.87628173828125,48568200
2026-04-20,MSFT,420.2398034863272,422.4150847565369,415.40027922801784,417.1664733886719,27582200
2026-04-21,MSFT,419.33177508554746,426.25677891783357,416.2983670043314,423.2433166503906,32048500
2026-04-22,MSFT,425.2689090952171,432.7626880248645,422.7543663498755,431.984375,29378200
2026-04-23,MSFT,418.9825380949446,422.7443793162959,410.5208543154444,414.8514709472656,38308000
2026-04-24,MSFT,416.0688403922519,424.0316048781353,414.9013556123021,423.7023010253906,27457400
2026-04-27,MSFT,421.46715688013995,426.1869149113369,416.1686352924954,423.9018859863281,30867300
2026-04-28,MSFT,423.6524179624475,428.99086152362304,420.9881750222059,428.3222961425781,30438100
2026-04-29,MSFT,423.6623688360089,425.8975483734993,419.38166246548025,423.5426330566406,38288300
2026-04-30,MSFT,409.92216255995794,413.5243765293071,397.1498378648014,406.8987121582031,70909400
2026-05-01,MSFT,411.9078412872606,416.2085240460113,409.5529563541748,413.5443115234375,31372400
2026-05-04,MSFT,410.6505829404435,419.87060358807366,409.91216153093814,412.72607421875,28066500
2026-05-05,MSFT,414.42242364358015,415.8792597859335,407.916495085617,410.4909362792969,25700900
2026-05-06,MSFT,407.11822745622237,417.51572107575487,404.23445872829495,413.0653381347656,30285900
2026-05-07,MSFT,419.2020489501835,427.05506598481406,417.8549909144547,419.8606262207031,34942400
2026-05-08,MSFT,416.48795292910256,417.7252633012779,413.105264767488,414.22283935546875,33383800
2026-05-11,MSFT,406.9885016374445,411.79809190456297,404.6236285818644,411.7681579589844,35657900
2026-05-12,MSFT,413.58422243338293,414.6020070114768,405.76117016707224,406.8887023925781,38594200
2026-05-13,MSFT,402.3286237155428,405.4318878236479,400.1633000811369,404.3342590332031,29667100
2026-05-14,MSFT,403.6058516736889,410.94993067744383,400.013625877668,408.5451354980469,27077500
2026-05-15,MSFT,413.3746572242232,427.24464052002446,412.01761111071977,421.0081481933594,50771200
2026-05-18,MSFT,415.71960624154525,424.2012362508279,414.7117792841577,422.6246643066406,32564100
2026-05-19,MSFT,428.9708919761278,431.7648588737268,415.58987007798993,416.51788330078125,33018700
2026-05-20,MSFT,413.2749005432513,421.18775475321456,410.4110776678385,420.1499938964844,27864000
2026-05-21,MSFT,424.75,426.3399963378906,415.7099914550781,419.0899963378906,31393500
2026-05-22,MSFT,419.5400085449219,424.3999938964844,416.3299865722656,418.57000732421875,22390300
2026-05-26,MSFT,416.42999267578125,419.7699890136719,413.0199890136719,416.0299987792969,30398000
2026-05-27,MSFT,411.010009765625,415.94000244140625,409.5799865722656,412.6700134277344,28901500
2026-05-28,MSFT,412.9800109863281,429.489990234375,412.6700134277344,426.989990234375,47250500
2026-05-29,MSFT,432.54998779296875,450.3299865722656,432.3599853515625,450.239990234375,79654400
2026-06-01,MSFT,464.8399963378906,466.32000732421875,458.2699890136719,460.5199890136719,53628900
2026-06-02,MSFT,446.8800048828125,453.5,440.42999267578125,441.30999755859375,37036800
2026-06-03,MSFT,438.45001220703125,440.3900146484375,424.25,427.3399963378906,39037000
2026-06-04,MSFT,435.80999755859375,436.1499938964844,426.4100036621094,428.04998779296875,26899500
2026-06-05,MSFT,428.3399963378906,429.4700012207031,414.3999938964844,416.6700134277344,34782200
2026-06-08,MSFT,414.1400146484375,417.1600036621094,408.55999755859375,411.739990234375,32086700
2026-06-09,MSFT,409.0299987792969,411.9800109863281,398.4800109863281,403.4100036621094,35317300
2026-06-10,MSFT,398.54998779296875,405.0400085449219,397.1600036621094,397.3599853515625,32576000
2026-06-11,MSFT,395.2099914550781,396.8500061035156,384.0,390.3399963378906,47224100
2026-06-12,MSFT,391.42999267578125,391.739990234375,382.2699890136719,390.739990234375,34865800
2026-06-15,MSFT,396.79998779296875,401.75,392.8500061035156,399.760009765625,32266400
2026-06-16,MSFT,395.7900085449219,396.8399963378906,390.69000244140625,393.8299865722656,31506800
2026-06-17,MSFT,390.25,390.3699951171875,377.32000732421875,378.9100036621094,41987800
2026-06-18,MSFT,377.82000732421875,381.3699951171875,373.2799987792969,379.3999938964844,59714200
2026-06-22,MSFT,375.739990234375,381.6300048828125,367.07000732421875,367.3399963378906,45171100
2026-06-23,MSFT,372.3800048828125,377.2200012207031,370.6700134277344,373.94000244140625,40647600
2026-06-24,MSFT,371.57000732421875,378.8800048828125,364.7799987792969,365.4599914550781,44509900
2026-06-25,MSFT,362.7699890136719,364.2300109863281,349.20001220703125,352.8299865722656,66179000
2026-06-26,MSFT,357.1499938964844,376.6099853515625,355.42999267578125,372.9700012207031,186201600
2026-06-29,MSFT,377.5,380.5,359.8999938964844,368.57000732421875,51229900
2026-06-30,MSFT,371.0299987792969,374.1499938964844,367.45001220703125,373.0199890136719,44945700
2026-07-01,MSFT,380.8299865722656,388.8299865722656,374.8900146484375,384.2799987792969,48065800
2026-07-02,MSFT,384.4800109863281,392.20001220703125,383.70001220703125,390.489990234375,42128900
2026-07-06,MSFT,387.0400085449219,389.1499938964844,381.2200012207031,386.739990234375,34224500
2026-07-07,MSFT,392.489990234375,395.57000732421875,388.2200012207031,388.8399963378906,29297500
2026-07-08,MSFT,384.0299987792969,385.30999755859375,381.3299865722656,383.3399963378906,25908300
2026-07-09,MSFT,374.45001220703125,384.6499938964844,373.3500061035156,384.3599853515625,31083200
2026-07-10,MSFT,387.79998779296875,391.9100036621094,381.5,385.1000061035156,24644600
2026-07-13,MSFT,387.75,393.6499938964844,384.1499938964844,390.989990234375,28914900
2026-07-14,MSFT,382.82000732421875,388.19000244140625,378.6499938964844,384.92999267578125,27863900
2026-07-15,MSFT,387.79998779296875,398.9599914550781,386.3999938964844,395.6300048828125,36253700
2026-07-16,MSFT,398.30999755859375,405.989990234375,392.04998779296875,401.1000061035156,37047400
2026-07-17,MSFT,394.8599853515625,398.3900146484375,389.3900146484375,393.82000732421875,33049800
2026-07-20,MSFT,391.4100036621094,403.17999267578125,389.6499938964844,402.2900085449219,27915800
2026-07-21,MSFT,398.80999755859375,401.4700012207031,396.32000732421875,397.75,24126600
2026-07-22,MSFT,399.5799865722656,401.0,386.9599914550781,390.3399963378906,28142500
2026-07-23,MSFT,389.9700012207031,391.7799987792969,377.3900146484375,381.5799865722656,30351800
2026-07-24,MSFT,387.04998779296875,389.0299987792969,380.6499938964844,381.70001220703125,27659400
2026-07-27,MSFT,390.0799865722656,394.20001220703125,387.989990234375,389.1000061035156,27786400
2023-07-31,NVDA,46.66309454574556,47.03836291442901,46.41557565297474,46.63814163208008,251055000
2023-08-01,NVDA,46.36966307349115,46.808809981833214,45.9375063312931,46.41657257080078,237858000
2023-08-02,NVDA,45.74189331269121,45.75087468728102,43.302644871740895,44.18292999267578,530142000
2023-08-03,NVDA,43.71483776411609,45.03027593449394,43.71483776411609,44.42844772338867,324176000
2023-08-04,NVDA,44.897535492129286,45.55325576078865,44.30668747221976,44.5931282043457,362666000
2023-08-07,NVDA,45.02329618186399,45.45146298171195,44.47636125716046,45.32870101928711,322154000
2023-08-08,NVDA,44.76578774990283,45.154031311172126,43.970336566145846,44.57715606689453,353843000
2023-08-09,NVDA,44.18790919409857,44.22583731482129,42.05207094997095,42.471256256103516,586449000
2023-08-10,NVDA,42.07803041712352,43.48928271463046,41.753661535765616,42.30558776855469,492705000
2023-08-11,NVDA,41.66982393739307,41.936306917018776,40.55998646089097,40.77556610107422,533085000
2023-08-14,NVDA,40.407280716905284,43.71483628671642,40.2326217412967,43.66792678833008,690286000
2023-08-15,NVDA,44.473361921944495,45.17998551740348,43.62501232005784,43.85456466674805,676512000
2023-08-16,NVDA,44.43344112151487,44.58813853982079,43.32160482572684,43.401451110839844,527451000
2023-08-17,NVDA,43.884505920253574,43.97632609118521,42.91738827793847,43.25972366333008,452395000
2023-08-18,NVDA,42.55210279035976,43.4932701006516,41.57900001272248,43.214813232421875,583768000
2023-08-21,NVDA,44.407491420923556,46.97349186656967,44.13602090022551,46.87568283081055,692573000
2023-08-22,NVDA,48.04140287567031,48.09330371430153,45.24485304459103,45.579200744628906,755293000
2023-08-23,NVDA,45.77682903768783,47.10823512648874,45.12010736864763,47.02439880371094,779046000
2023-08-24,NVDA,50.118361983877634,50.16826400478164,47.067306662299096,47.07129669189453,1156044000
2023-08-25,NVDA,46.92060245427504,47.712060008928106,44.93646466129562,45.92853546142578,925341000
2023-08-28,NVDA,46.3916241394205,46.88865698143186,44.800725372190506,46.74393844604492,685192000
2023-08-29,NVDA,46.57526237156326,48.98556752704201,46.30079556232575,48.689144134521484,701397000
2023-08-30,NVDA,48.94864322959215,49.82992584763343,48.33084725951484,49.168216705322266,735206000
2023-08-31,NVDA,49.283997565683826,49.647288301131454,48.86281712543133,49.2590446472168,528570000
2023-09-01,NVDA,49.665250288293905,49.70317460901009,48.04839726391632,48.4146842956543,463830000
2023-09-05,NVDA,48.1292368066892,48.75601791251672,47.76694364415611,48.45360565185547,382653000
2023-09-06,NVDA,48.35079314460042,48.4585899209421,46.49325871140174,46.97336196899414,468670000
2023-09-07,NVDA,45.440229441727205,46.25770462589442,45.067922908266546,46.1548957824707,433330000
2023-09-08,NVDA,45.8564505879392,46.51921177692775,45.18669865684588,45.48713684082031,473069000
2023-09-11,NVDA,46.06206706824175,46.077038527672016,44.22948732817348,45.093875885009766,473966000
2023-09-12,NVDA,44.654695251427476,45.58795561962286,44.44807996157311,44.78644943237305,349256000
2023-09-13,NVDA,44.51695245570367,45.84447779885845,44.4201329496468,45.400306701660156,398355000
2023-09-14,NVDA,45.86444047531069,45.90137033130358,45.04696523433204,45.49612808227539,370097000
2023-09-15,NVDA,45.25656332752661,45.514082288276775,43.726417212467545,43.8182487487793,506831000
2023-09-18,NVDA,42.66839815481211,44.15961559349167,41.921789942113186,43.88412857055664,500271000
2023-09-19,NVDA,43.751381753727316,43.88413352477652,42.92192782259573,43.43896484375,373064000
2023-09-20,NVDA,43.51881278602881,43.82124998391259,42.14437793528599,42.16034698486328,367108000
2023-09-21,NVDA,41.505572228064345,42.02160786318076,40.903694380315116,40.94062423706055,450736000
2023-09-22,NVDA,41.49459285327168,42.036584881029356,41.1542281804466,41.53252410888672,479236000
2023-09-25,NVDA,41.51355366859355,42.4567936946112,41.1003231092512,42.14337921142578,419091000
2023-09-26,NVDA,41.92279078773523,42.74026599878411,41.577434392681035,41.83295822143555,402282000
2023-09-27,NVDA,42.251172512537835,42.792162986782856,41.55147774107708,42.388912200927734,444935000
2023-09-28,NVDA,42.38093579889095,43.36509986355093,42.03658080053992,43.008766174316406,424663000
2023-09-29,NVDA,43.74539144535937,44.061802514667,43.226359256277895,43.41800308227539,397830000
2023-10-02,NVDA,43.948009813372195,45.09087814744479,43.77932579033049,44.698612213134766,433298000
2023-10-03,NVDA,44.7245629218231,45.045965740925496,43.16547120468859,43.43596649169922,470850000
2023-10-04,NVDA,43.6605451941074,44.06079943552314,43.21138241263282,43.958988189697266,361821000
2023-10-05,NVDA,43.967980976112926,44.816400615425316,43.80628385856815,44.604793548583984,393483000
2023-10-06,NVDA,44.11070601288464,45.70373466330227,43.944017177662325,45.67678451538086,434436000
2023-10-09,NVDA,44.75849682767498,45.52007649973999,44.28538045832398,45.18869400024414,409675000
2023-10-10,NVDA,45.22563248789511,46.17286291728584,45.00404573819931,45.71272277832031,368582000
2023-10-11,NVDA,46.109976834306515,46.77174426177856,45.96424879463127,46.718841552734375,378137000
2023-10-12,NVDA,46.689903262953685,47.520354838657056,46.243736962758504,46.85758972167969,481325000
2023-10-13,NVDA,46.87255588078778,47.02826743741539,45.19568386802554,45.376346588134766,474115000
2023-10-16,NVDA,44.97908693457242,46.13892190023753,44.82836714020883,46.0091667175293,375099000
2023-10-17,NVDA,43.91807074145932,44.67066838631244,42.40090056802487,43.85618591308594,812333000
2023-10-18,NVDA,42.51168506984707,43.13851774775219,41.74711270086322,42.1174201965332,627294000
2023-10-19,NVDA,42.731286777485096,43.216381906827145,41.8040157217801,42.02260971069336,501233000
2023-10-20,NVDA,41.81199826924351,42.39092011000652,41.00150997673177,41.3099365234375,477266000
2023-10-23,NVDA,41.15222663549808,43.16746801501632,40.86875508234883,42.89497375488281,478530000
2023-10-24,NVDA,42.99679194298043,43.61563646063165,42.611512883812075,43.58169937133789,401463000
2023-10-25,NVDA,43.31718712471628,43.56872058494652,41.477620479123594,41.701202392578125,398379000
2023-10-26,NVDA,41.775064849583806,42.17731428874224,39.80573926150373,40.25090789794922,541001000
2023-10-27,NVDA,41.053407480581996,41.12926616420593,39.94048219347045,40.42457962036133,416784000
2023-10-30,NVDA,41.01049849985918,41.68823125867914,40.405624059194345,41.08435821533203,388028000
2023-10-31,NVDA,40.37467987980174,40.802881903079644,39.1569503913023,40.704063415527344,517969000
2023-11-01,NVDA,40.807870455778854,42.30208459844571,40.79289899587781,42.24618911743164,437593000
2023-11-02,NVDA,43.24731404731201,43.802278424689874,42.814124127350155,43.424983978271484,409172000
2023-11-03,NVDA,43.93802210859157,45.22461926127447,43.64157432767091,44.92118835449219,424610000
2023-11-06,NVDA,45.20067395834923,45.849465106470674,44.815391150878824,45.66580581665039,400733000
2023-11-07,NVDA,45.63386992886557,46.13193749816825,45.073913725971586,45.86943054199219,343165000
2023-11-08,NVDA,46.01415398971753,46.779727832903724,45.8823998221808,46.487274169921875,346719000
2023-11-09,NVDA,47.3786111235174,48.14019083451283,46.662947187934414,46.86257553100586,540496000
2023-11-10,NVDA,47.41155837114357,48.38174869797084,47.19496335402622,48.24500274658203,421245000
2023-11-13,NVDA,48.23002031531456,49.02453947075824,48.009431181663935,48.52946090698242,384136000
2023-11-14,NVDA,49.58748734734276,49.74119990193618,48.94867974988804,49.56352996826172,416954000
2023-11-15,NVDA,49.8420139297863,49.86696509098912,48.11024418489581,48.79696273803711,475497000
2023-11-16,NVDA,48.588356005845505,49.432781344923285,48.240006851203624,49.38786315917969,339756000
2023-11-17,NVDA,49.43178439121729,49.62442581647781,48.9157487529458,49.206207275390625,325205000
2023-11-20,NVDA,49.22017851068948,50.453877068941594,49.08942192234672,50.31513595581055,414120000
2023-11-21,NVDA,50.03265822480747,50.42292897370047,49.130342262240724,49.85099792480469,565747000
2023-11-22,NVDA,49.7591723537565,50.2412708632355,47.6011956303171,48.62528610229492,899420000
2023-11-24,NVDA,48.37974638442562,48.829906801279186,47.656094105123046,47.68703842163086,294645000
2023-11-27,NVDA,47.7109937696309,48.43963402417859,47.56327053938668,48.15217208862305,395662000
2023-11-28,NVDA,48.146180818273855,48.233020614585215,47.38460109717888,47.73195266723633,401491000
2023-11-29,NVDA,48.288918833586436,48.67120510025969,47.770884217997974,48.05036163330078,382005000
2023-11-30,NVDA,47.934573676190574,48.02041588268528,46.335559349897565,46.68291091918945,526247000
2023-12-01,NVDA,46.43837031596677,47.11211268040661,46.10099843511436,46.677921295166016,369317000
2023-12-04,NVDA,45.99119263522652,45.99119263522652,44.92617831886354,45.42524719238281,437543000
2023-12-05,NVDA,45.385328820380614,46.51731562556562,45.19067511548695,46.48337936401367,371718000
2023-12-06,NVDA,47.131216484801996,47.30291215187336,45.33141453180662,45.4222526550293,380590000
2023-12-07,NVDA,45.618910872891085,46.54626331215597,45.52308054469381,46.51332092285156,350823000
2023-12-08,NVDA,46.51232804934258,47.65629461849747,46.467405912391875,47.42171096801758,359224000
2023-12-11,NVDA,47.40673492251671,47.446661054028745,45.74868283771919,46.54426574707031,509728000
2023-12-12,NVDA,45.96429952454466,47.58142400474077,45.96429952454466,47.57244110107422,372387000
2023-12-13,NVDA,47.54449269431196,48.50778063121328,47.52353004634861,48.00267791748047,447792000
2023-12-14,NVDA,48.30413587026834,48.58363781796952,47.33785498826681,48.26420593261719,391232000
2023-12-15,NVDA,48.10848518903452,49.31633726064535,48.034615184125286,48.80324935913086,479948000
2023-12-18,NVDA,49.31235079913167,50.34351507731144,49.062794375670336,49.9881477355957,412587000
2023-12-19,NVDA,49.33629886505029,49.61181008886036,48.808238224699814,49.5159797668457,464444000
2023-12-20,NVDA,49.56688996732464,49.91028133379936,48.01265353097003,48.025630950927734,397894000
2023-12-21,NVDA,48.72439672866285,49.00789323083867,48.33309014213933,48.903079986572266,300425000
2023-12-22,NVDA,49.10771651554727,49.29538268638489,48.381007514292826,48.74336624145508,252507000
2023-12-26,NVDA,48.88111364335506,49.51199224313979,48.87312841671405,49.19156265258789,244200000
2023-12-27,NVDA,49.42315780443188,49.591856680513665,48.997911127361846,49.329322814941406,233648000
2023-12-28,NVDA,49.55491529927827,49.795484989479434,49.324322381717465,49.43412780761719,246587000
2023-12-29,NVDA,49.72461182444803,49.90828725509975,48.66449595698359,49.43412780761719,389293000
2024-01-02,NVDA,49.156625856562634,49.20753405733888,47.510553413556266,48.08253479003906,411254000
2024-01-03,NVDA,47.40074185532866,48.098499031561545,47.23603372218609,47.48459243774414,320896000
2024-01-04,NVDA,47.68224504410837,48.413946184142475,47.42370571637504,47.912837982177734,306535000
2024-01-05,NVDA,48.37601228101952,49.459086175725254,48.220287041681374,49.009883880615234,415039000
2024-01-08,NVDA,49.424151981929796,52.18225008334284,49.39120958940494,52.16028594970703,642510000
2024-01-09,NVDA,52.30802433098523,54.22861030764682,51.59828353362604,53.045711517333984,773100000
2024-01-10,NVDA,53.52086794542818,54.50311934146144,53.39409057576156,54.253562927246094,533796000
2024-01-11,NVDA,54.9014155282273,55.247799966123495,53.46496957614301,54.724727630615234,596759000
2024-01-12,NVDA,54.52308221048439,54.872463461679565,54.23359967517569,54.61292266845703,352994000
2024-01-16,NVDA,54.92037758541191,56.734151032115776,54.80258693421074,56.28195571899414,449580000
2024-01-17,NVDA,56.247029352235366,56.37080989994834,54.64288204305218,55.95355224609375,474394000
2024-01-18,NVDA,57.15840468720761,57.49780159403606,56.00745052096862,57.00567626953125,491650000
2024-01-19,NVDA,57.88611068736901,59.394431360297894,57.12346628511491,59.38544845581055,543501000
2024-01-22,NVDA,59.942452516713104,60.223953645882176,58.96518950299891,59.548152923583984,452955000
2024-01-23,NVDA,59.46430561582059,59.803702511682395,58.48105267598879,59.76676940917969,294654000
2024-01-24,NVDA,60.19699904963291,62.73748144195341,59.83164734308872,61.25312042236328,560271000
2024-01-25,NVDA,62.239368666397,62.607717226695215,60.742030169454694,61.50767135620117,482777000
2024-01-26,NVDA,60.85183724757184,61.67337885004867,60.465526677085045,60.92271041870117,390309000
2024-01-29,NVDA,61.12335395532468,62.37812361839996,60.79893365210522,62.35416793823242,348733000
2024-01-30,NVDA,62.78839260190601,63.38033889790534,62.14952501071203,62.66261291503906,410735000
2024-01-31,NVDA,61.330983989988475,62.15851544921119,60.59229912426738,61.41783142089844,453795000
2024-02-01,NVDA,61.98981163068563,63.07887923181449,61.5406131324354,62.91516876220703,369146000
2024-02-02,NVDA,63.8604917267368,66.48183193924027,63.57699522405565,66.04261779785156,476578000
2024-02-05,NVDA,68.10393877262449,69.37368488045085,67.085752030502,69.20897674560547,680078000
2024-02-06,NVDA,69.50645284574946,69.630233381063,66.18236704818828,68.1019515991211,683111000
2024-02-07,NVDA,68.19778404882926,70.09541214076467,67.48005798042527,69.97462463378906,495575000
2024-02-08,NVDA,69.94966354395652,70.66838724943909,69.33176617612584,69.5174331665039,414422000
2024-02-09,NVDA,70.40786033375117,72.0569298484953,70.08743069197543,72.0050277709961,436637000
2024-02-12,NVDA,72.47117717433613,74.4786104438433,71.12357413495056,72.11980438232422,613710000
2024-02-13,NVDA,70.27509946360114,73.31968365428922,69.4964845401849,72.00003051757812,602580000
2024-02-14,NVDA,73.0721307009838,74.10429279758857,71.81037331243682,73.76889038085938,504917000
2024-02-15,NVDA,73.73793302512789,73.8437401296513,72.27153779440317,72.5290756225586,420122000
2024-02-16,NVDA,73.96851471281462,74.2699807907232,72.37235296886776,72.4841537475586,495327000
2024-02-20,NVDA,71.81934169951924,71.82832841143384,67.61381946264177,69.32877349853516,704833000
2024-02-21,NVDA,67.88532873628714,68.76576751724065,66.13045246980936,67.35227966308594,673755000
2024-02-22,NVDA,74.89189836868567,78.4355956825634,74.0883262285213,78.39866638183594,865100000
2024-02-23,NVDA,80.64665337566204,82.24780364536768,77.4323654765101,78.67715454101562,829388000
2024-02-26,NVDA,79.5585907729136,80.50291911362528,78.36571128314377,78.95167541503906,503973000
2024-02-27,NVDA,79.24014935736925,79.33898034064636,77.0250924240117,78.56135559082031,391705000
2024-02-28,NVDA,77.48227691873889,78.7929431019633,76.98815248522881,77.52519989013672,393110000
2024-02-29,NVDA,78.95367572984398,79.84808217607286,78.21099242072147,78.97164154052734,507289000
2024-03-01,NVDA,79.85804776923267,82.15396968894088,79.29404786978826,82.13300323486328,479135000
2024-03-04,NVDA,83.98072393894745,87.53940093463996,83.57045769196934,85.08576202392578,615616000
2024-03-05,NVDA,85.12269695886387,85.94827183043155,83.27290109267872,85.81549835205078,520639000
2024-03-06,NVDA,87.86993807352297,89.56899358821315,86.87964744648528,88.54676055908203,582520000
2024-03-07,NVDA,90.00225477502153,92.60674904676837,89.44721547430589,92.50891876220703,608119000
2024-03-08,NVDA,94.97364703765751,97.23174040772027,86.35655527181379,87.37679290771484,1142269000
2024-03-11,NVDA,86.27969121669621,88.64359662209651,84.02060015441661,85.62582397460938,678364000
2024-03-12,NVDA,87.89689583589372,91.80113493638854,86.0011743538899,91.75421905517578,668075000
2024-03-13,NVDA,90.89770650975179,91.34592838246506,88.28222971094472,90.73099517822266,635713000
2024-03-14,NVDA,89.42226608746894,90.48941971581641,86.4504036300163,87.79208374023438,602318000
2024-03-15,NVDA,86.77983369344113,89.39131202190967,86.10799973550625,87.68526458740234,642086000
2024-03-18,NVDA,90.2318598178106,92.24537384693531,86.93456418081807,88.30220031738281,668976000
2024-03-19,NVDA,86.5502309225731,90.38759254394184,84.86315541638959,89.24357604980469,672171000
2024-03-20,NVDA,89.6418701073994,90.25381771221527,88.07059173697641,90.21588134765625,479063000
2024-03-21,NVDA,92.14054202127372,92.4879403765992,90.24881163098036,91.27703094482422,480372000
2024-03-22,NVDA,90.9835495525749,94.61426754269417,90.67708069798141,94.12611389160156,586719000
2024-03-25,NVDA,93.77871885813295,96.59883562555477,93.34846365413705,94.83788299560547,552136000
2024-03-26,NVDA,95.68540977780971,96.20850660908965,92.34219634403308,92.40109252929688,513648000
2024-03-27,NVDA,92.95115660792449,93.07893385392306,88.96904884364167,90.09410095214844,586067000
2024-03-28,NVDA,89.8445328106342,91.14229021994063,89.03892762518525,90.19992065429688,435212000
2024-04-01,NVDA,90.14301673764523,92.06568455405531,89.0499070749777,90.20690155029297,452441000
2024-04-02,NVDA,88.295199136712,89.93835929549583,87.46863424504667,89.29747009277344,433064000
2024-04-03,NVDA,88.33115901188768,90.21789372586332,88.24730447420946,88.8103256225586,370067000
2024-04-04,NVDA,90.24980742241583,90.4774179638533,85.73162583573242,85.75658416748047,434965000
2024-04-05,NVDA,86.71593914747515,88.32815477151372,85.77756814573236,87.85597229003906,399678000
2024-04-08,NVDA,88.54676191015398,88.67654220104028,86.58216705957724,86.98247528076172,283220000
2024-04-09,NVDA,87.29094090122678,87.4836082761363,82.87857850073121,85.20654296875,501700000
2024-04-10,NVDA,83.78102746556362,87.24902545092569,83.56439945092491,86.8886489868164,431929000
2024-04-11,NVDA,87.26898672835297,90.58225365038547,86.77584440203218,90.45946502685547,431637000
2024-04-12,NVDA,89.54404775764081,90.01923104025528,87.37879585703206,88.03366088867188,426805000
2024-04-15,NVDA,88.94408228829708,90.45646450816476,85.78055803275619,85.85243225097656,443077000
2024-04-16,NVDA,86.28367890740496,87.96576550123054,85.91532070970885,87.26398468017578,370453000
2024-04-17,NVDA,88.18738725935935,88.62164096734257,83.80497167986917,83.88983154296875,495400000
2024-04-18,NVDA,84.82321393436638,86.0411075798554,82.25964941091485,84.52472686767578,447260000
2024-04-19,NVDA,83.00636595540483,84.17833393456459,75.47539894537725,76.06836700439453,875198000
2024-04-22,NVDA,77.9690792079323,79.93467971860302,76.26802794241385,79.3806381225586,596341000
2024-04-23,NVDA,80.62947459576492,82.62601974052421,80.1253496885507,82.2806167602539,438559000
2024-04-24,NVDA,83.80497344877082,83.93674919660243,79.0462101404743,79.53936004638672,512208000
2024-04-25,NVDA,78.73175253009703,83.1790583894206,78.08787011237102,82.4892578125,424641000
2024-04-26,NVDA,83.67321658546781,88.17842147858853,83.2429613231266,87.58345031738281,551011000
2024-04-29,NVDA,87.44368500312586,87.8399947565515,85.11870586410434,87.60540771484375,388971000
2024-04-30,NVDA,87.08929643239856,88.66557118869024,86.15092540038592,86.25274658203125,363709000
2024-05-01,NVDA,84.93002290842145,85.85142484392729,81.11461964994571,82.89753723144531,559863000
2024-05-02,NVDA,84.30310641773906,86.08801954331209,83.05626359727954,85.66874694824219,377898000
2024-05-03,NVDA,87.6373400551101,89.12675929539812,86.8896334546632,88.63561248779297,398341000
2024-05-06,NVDA,89.23558536447402,92.06069859527176,88.90116496394158,91.9808349609375,376203000
2024-05-07,NVDA,90.94062670307744,91.62244547206083,88.85723403089521,90.39756774902344,437342000
2024-05-08,NVDA,89.32841761603471,91.03646035901207,89.26552291616532,90.25581359863281,325721000
2024-05-09,NVDA,90.37261598217049,90.91467725150264,88.07858911055452,88.59369659423828,378013000
2024-05-10,NVDA,90.14899684375659,91.24310415488777,89.07285618291228,89.72273254394531,335325000
2024-05-13,NVDA,90.32170192056742,90.84080791917694,88.37607119051684,90.24284362792969,289680000
2024-05-14,NVDA,89.44422015487879,91.49267735254841,88.78036800318161,91.19818878173828,296507000
2024-05-15,NVDA,92.31226797545344,94.69813898318716,91.44077486128403,94.46653747558594,417735000
2024-05-16,NVDA,94.74605748352667,95.65348387790415,93.94044465961885,94.19600677490234,323952000
2024-05-17,NVDA,94.20598653059943,94.57634022771545,91.64741042469609,92.31924438476562,359691000
2024-05-20,NVDA,93.58806000142961,95.0355522829654,93.27859792021394,94.61627960205078,318764000
2024-05-21,NVDA,93.43729892728764,95.23519004733342,93.01902406434208,95.2212142944336,328946000
2024-05-22,NVDA,95.29408831779949,95.85411617010452,93.0879071432018,94.78596496582031,548648000
2024-05-23,NVDA,101.85176064066984,106.13634662239213,101.34463491102811,103.61970520019531,835065000
2024-05-24,NVDA,104.2685576920773,106.29105867121642,102.82206339543845,106.28507232666016,429494000
2024-05-28,NVDA,110.05355122917427,114.74044007562202,109.69317481392171,113.70423126220703,652728000
2024-05-29,NVDA,112.85469013598806,115.29246489404122,110.70940082372925,114.62661743164062,557442000
2024-05-30,NVDA,114.45194499585061,115.61892428256706,109.47356046717066,110.30911254882812,484553000
2024-05-31,NVDA,112.32561724375552,112.52228313915187,106.75526253688238,109.44361114501953,613263000
2024-06-03,NVDA,113.42472260342709,114.80133819580078,111.80951385006522,114.80133819580078,438392000
2024-06-04,NVDA,115.51611513617264,116.39858317577006,113.84799638822281,116.2358627319336,403324000
2024-06-05,NVDA,118.16650675945408,122.23745699449587,117.26506688652523,122.22847747802734,528402000
2024-06-06,NVDA,123.83370517037008,125.3700480295792,118.11560338652608,120.78897857666016,664696000
2024-06-07,NVDA,119.56308862810559,121.481772978908,117.81811489560457,120.67916107177734,412386000
2024-06-10,NVDA,120.16205248180556,122.8873318903164,116.80785658193525,121.57959747314453,313434100
2024-06-11,NVDA,121.56962216023484,122.66781818606155,118.54460929253459,120.71104431152344,222551200
2024-06-12,NVDA,122.85750238613136,126.6712162731191,122.36831081363356,124.99398040771484,299595000
2024-06-13,NVDA,129.17707407207072,129.58640302855855,126.95074804505506,129.39671325683594,260704500
2024-06-14,NVDA,129.7461556011969,132.62140615970972,128.10885485479358,131.66299438476562,309320400
2024-06-17,NVDA,132.7711675834259,133.50994014798042,129.36677515556565,130.76446533203125,288504400
2024-06-18,NVDA,130.92419196066484,136.10565359767494,130.47493553922533,135.3568878173828,294335100
2024-06-20,NVDA,139.56996619369176,140.52837801062054,129.30688285479897,130.56480407714844,517768400
2024-06-21,NVDA,126.91083818337023,130.41506492589528,124.09547854511997,126.36174011230469,649445800
2024-06-24,NVDA,123.03719724453093,124.2551908621237,117.8457572795687,117.91564178466797,476060900
2024-06-25,NVDA,121.00056206941291,126.29184395373642,119.1236583558784,125.88251495361328,414192600
2024-06-26,NVDA,125.92244899462368,127.90917229563556,122.39825886605338,126.19200897216797,362975900
2024-06-27,NVDA,123.8957921998042,126.2019962793405,122.71773358253314,123.78597259521484,252571700
2024-06-28,NVDA,124.37501298465715,127.49986001719877,122.54802231076043,123.33672332763672,315516700
2024-07-01,NVDA,123.26683055595603,124.63457133754859,118.63446631453066,124.09546661376953,284885500
2024-07-02,NVDA,120.93067286767031,123.20692743216773,120.8308389451457,122.4681396484375,218374000
2024-07-03,NVDA,121.45980705227005,128.06890869140625,121.16029766804549,128.06890869140625,215749000
2024-07-05,NVDA,127.17039258704797,128.63798252741702,125.47319299554034,125.6229476928711,214176700
2024-07-08,NVDA,127.28019823232947,130.55480700867955,126.83094180644568,127.98902893066406,237677300
2024-07-09,NVDA,130.1355144487565,133.59980576329167,128.43829962119838,131.163818359375,285366600
2024-07-10,NVDA,133.80943158325636,134.87767804410575,132.2020804791607,134.68798828125,248978600
2024-07-11,NVDA,135.52662745493282,135.92596317348227,126.84094609019272,127.19036865234375,374782700
2024-07-12,NVDA,128.04894535138322,131.70292655352904,127.01066335258953,129.02734375,252680500
2024-07-15,NVDA,130.34514408452472,131.1737800395054,126.97070905664152,128.2286376953125,208326200
2024-07-16,NVDA,128.22865593379024,128.82765950066548,124.37500690887067,126.1520767211914,214769500
2024-07-17,NVDA,121.15031675281162,121.64949400158038,116.52793817127537,117.79584503173828,390086200
2024-07-18,NVDA,121.64949865015035,122.19859669151471,116.36820224234275,120.8907470703125,320979500
2024-07-19,NVDA,120.15195493467543,121.39989798056288,117.17686297871009,117.7359390258789,217223800
2024-07-22,NVDA,120.15196984200875,123.86585002604772,119.66277824004172,123.33672332763672,258068900
2024-07-23,NVDA,122.57797258109629,124.48483346113822,121.8990911705108,122.3882827758789,173911000
2024-07-24,NVDA,118.97389854949489,119.75261380553808,113.2533317889684,114.06199645996094,327776900
2024-07-25,NVDA,112.85399693651604,116.43808604158575,106.12508953993542,112.09524536132812,460067000
2024-07-26,NVDA,115.998801321254,116.00877938122822,111.39638688236367,112.87394714355469,293399100
2024-07-29,NVDA,113.50291478569986,116.08864903956604,111.11684836617498,111.40636444091797,248152100
2024-07-30,NVDA,111.33648541055072,111.80571322284378,102.37126667488353,103.55931091308594,486833300
2024-07-31,NVDA,112.71422275560462,118.14526596856572,110.6975424326974,116.82743835449219,473174200
2024-08-01,NVDA,117.3365974252001,119.96227450650746,106.63423649015627,109.03028869628906,523462300
2024-08-02,NVDA,103.58925680976456,108.54109382170915,101.20319035397925,107.09347534179688,482027500
2024-08-05,NVDA,91.90850550819489,103.23983427364557,90.54076482697137,100.28469848632812,552842400
2024-08-06,NVDA,103.6691316762756,107.5327664843651,100.38455194570304,104.07846069335938,409012100
2024-08-07,NVDA,107.6325946135043,108.62097103799087,98.52760658313275,98.74724578857422,411440400
2024-08-08,NVDA,101.83215768316434,105.3263983879788,97.3595262295921,104.79727172851562,391910000
2024-08-09,NVDA,105.46617163856445,106.42459107060563,103.2598090475883,104.57763671875,290844200
2024-08-12,NVDA,106.14505252549102,110.88723650727509,106.08515369153115,108.84060668945312,325559900
2024-08-13,NVDA,112.25497470709487,116.03873891622582,111.39638928672005,115.94888305664062,312646700
2024-08-14,NVDA,118.33496052966188,118.40484504167927,113.88230026594151,117.88570404052734,339246400
2024-08-15,NVDA,118.56457753138926,123.03720123653866,117.27669936691132,122.65782928466797,318086700
2024-08-16,NVDA,121.73934484458584,124.79430704362497,120.98059332504539,124.375,302589900
2024-08-19,NVDA,124.07552716265289,129.78611755371094,123.21694146795019,129.78611755371094,318333600
2024-08-20,NVDA,128.18871285893894,129.6662885004724,125.68284852553639,127.04061126708984,300087400
2024-08-21,NVDA,127.11048517418402,129.13715105648026,126.45157521398528,128.28854370117188,257883600
2024-08-22,NVDA,129.80605728559254,130.5348518103843,122.89743830728821,123.53638458251953,376189100
2024-08-23,NVDA,125.65288601497598,129.38673697357257,125.01393980516215,129.1571044921875,323230300
2024-08-26,NVDA,129.3567902083498,131.04399639094717,124.16534262628207,126.25189971923828,331964700
2024-08-27,NVDA,124.84423039602758,128.98739538212007,123.6761498691349,128.08888244628906,303134600
2024-08-28,NVDA,127.90917706049713,128.118838213882,122.43819852070378,125.40331268310547,448101100
2024-08-29,NVDA,121.16030028839229,124.22524823697073,116.51795043355128,117.39649963378906,453023300
2024-08-30,NVDA,119.33330911013266,121.54965726206557,117.02711271158417,119.17357635498047,333751600
2024-09-03,NVDA,115.8191103772934,116.01877823521122,107.1134577156826,107.8222885131836,477155100
2024-09-04,NVDA,105.23656107081584,113.08362114689852,103.94868273468121,106.03524017333984,372470300
2024-09-05,NVDA,104.817243866478,109.4695798052194,104.58762658147727,107.0335922241211,306850700
2024-09-06,NVDA,107.86222325429438,107.97204286084109,100.78388574677186,102.66079711914062,413638100
2024-09-09,NVDA,104.70741977949132,106.37467762407766,103.51938307487873,106.29480743408203,273912000
2024-09-10,NVDA,107.63258781478571,109.21997530676359,104.77729355808466,107.92211151123047,268283700
2024-09-11,NVDA,109.20999835891277,116.99716652085532,107.24323877137772,116.7176284790039,441422400
2024-09-12,NVDA,116.6577172050991,120.60155948017247,115.19999582839206,118.95413208007812,366052700
2024-09-13,NVDA,118.8942191250157,119.77284345041441,117.41652479583126,118.9141845703125,238358300
2024-09-16,NVDA,116.60779536966285,117.99562620382233,114.1815861384539,116.59780883789062,248772300
2024-09-17,NVDA,117.98564481894722,118.61466685067687,114.65085910577872,115.40966796875,231925900
2024-09-18,NVDA,115.70919560695407,117.51636932909096,113.04336298957726,113.19313049316406,310318900
2024-09-19,NVDA,117.16692604230532,119.47332749554481,117.06708357128667,117.68611907958984,293506400
2024-09-20,NVDA,116.87737463970251,118.43494609535816,115.2099818009,115.81903076171875,382462400
2024-09-23,NVDA,116.36816938577523,116.80747774675662,114.68080357526898,116.07862091064453,206228500
2024-09-24,NVDA,116.33821493002908,121.60998405209612,115.19999404233639,120.68143463134766,354966800
2024-09-25,NVDA,121.82963321276459,124.74508350925583,121.42027681497308,123.31731414794922,284692900
2024-09-26,NVDA,126.60217747362803,127.47081527785902,121.6099781665842,123.84648132324219,302582900
2024-09-27,NVDA,123.77659196922,123.83649592385486,119.07394109309165,121.21060180664062,271009200
2024-09-30,NVDA,118.12541998168962,121.31044564232414,117.96567356169257,121.25054168701172,226553700
2024-10-01,NVDA,121.58001370293499,122.24897417258154,115.60934783662292,116.81745910644531,302094500
2024-10-02,NVDA,116.25835256126952,119.19376089360065,114.96037755308417,118.66458892822266,221845900
2024-10-03,NVDA,120.73135113827638,124.16598683922703,120.15225416683853,122.65834045410156,277118000
2024-10-04,NVDA,124.7450859792245,124.84492844767553,121.63993722019764,124.72511291503906,243678100
2024-10-07,NVDA,124.79500006476454,130.43618698242878,124.7550615549546,127.52074432373047,346250200
2024-10-08,NVDA,130.0567614433445,133.27173878303944,129.21807567689768,132.6826629638672,285722500
2024-10-09,NVDA,133.90079866653508,134.31016275245554,131.17506153574655,132.4430694580078,246191600
2024-10-10,NVDA,131.70421594134592,134.7893916948541,130.79563194093248,134.5996856689453,242311300
2024-10-11,NVDA,133.80093033986074,135.5681732923908,133.4514855032485,134.58970642089844,170209500
2024-10-14,NVDA,136.2570891265267,139.3822107684187,136.0873561782587,137.85459899902344,232347700
2024-10-15,NVDA,137.654906403531,138.3538265330219,128.5391603262797,131.3946990966797,377831000
2024-10-16,NVDA,133.77097927850218,136.40686011825153,131.37472950963348,135.50827026367188,264879700
2024-10-17,NVDA,139.12261346955344,140.6701983777905,136.65646567187503,136.71636962890625,306435900
2024-10-18,NVDA,138.45366668655112,138.6833036103306,137.06583575895257,137.7847137451172,176090200
2024-10-21,NVDA,137.91449801128798,143.4857940673828,137.78469595874105,143.4857940673828,264554500
2024-10-22,NVDA,142.68705023422552,144.194689003585,141.55880826832362,143.36598205566406,226311600
2024-10-23,NVDA,141.80841766733155,142.20778753302577,137.24555525009052,139.34226989746094,285930000
2024-10-24,NVDA,140.6003124972593,141.12948441968888,138.2439937495604,140.19094848632812,172354900
2024-10-25,NVDA,140.71013437273555,143.90515439009727,140.5803475394567,141.31918334960938,205122100
2024-10-28,NVDA,142.77692350375753,142.91670449778834,139.83152847847435,140.30079650878906,173586700
2024-10-29,NVDA,140.0711235834401,142.0380513591214,138.68329276437913,141.02963256835938,157593600
2024-10-30,NVDA,139.32230457284558,140.11108066863528,136.59656776236113,139.12261962890625,179418100
2024-10-31,NVDA,137.38533225522045,137.39531116933003,131.90389188236236,132.55287170410156,270039600
2024-11-01,NVDA,134.4898615442038,137.09579048755296,134.36007470728345,135.1887664794922,207127800
2024-11-04,NVDA,136.99593186321135,138.7432015157854,135.3584911981984,135.83773803710938,187528200
2024-11-05,NVDA,137.2355728771189,140.15101580482042,137.11576495412646,139.69174194335938,160537400
2024-11-06,NVDA,142.73699820170938,146.26149040756812,141.73855813806702,145.3828582763672,242043900
2024-11-07,NVDA,146.1616297903136,148.69766066609404,145.9419717733186,148.6477508544922,207323300
2024-11-08,NVDA,148.53786347832784,149.5363030777937,146.03177033328186,147.39964294433594,175665800
2024-11-11,NVDA,148.44803352101476,148.6177817068004,143.3460203778287,145.0333709716797,182325600
2024-11-12,NVDA,146.55098572515575,149.41650294104454,145.78218284955818,148.05862426757812,198634700
2024-11-13,NVDA,148.83745941222477,149.0970483298964,145.6723911778049,146.0418243408203,191903300
2024-11-14,NVDA,147.40966837696516,148.7675472701728,145.32293261192063,146.53103637695312,194463300
2024-11-15,NVDA,144.64395883880698,145.01339189876805,139.86143923454313,141.7584686279297,250132900
2024-11-18,NVDA,139.28235565663965,141.32916034590224,136.93601597273187,139.93133544921875,221205300
2024-11-19,NVDA,141.09954425974988,146.90047806374457,140.77005724054902,146.78065490722656,227834900
2024-11-20,NVDA,147.18003223590216,147.32979212988033,142.50732548898966,145.6623992919922,309871700
2024-11-21,NVDA,149.11701974284432,152.65149063112756,140.4805046221909,146.44119262695312,400946600
2024-11-22,NVDA,145.70233282975542,146.93042492260167,140.8798813363258,141.72854614257812,236406200
2024-11-25,NVDA,141.76848775116036,141.82839170792872,135.60811535874635,135.80780029296875,344941900
2024-11-26,NVDA,137.4851722903331,139.08268223719327,135.45834049580736,136.70639038085938,190287700
2024-11-27,NVDA,134.7993582371888,137.00591700209634,131.59437486042492,135.12884521484375,226370900
2024-11-29,NVDA,136.56662423239774,139.13262238748922,135.837767286179,138.03433227539062,141863200
2024-12-02,NVDA,138.6134117376161,140.23087948399635,137.60499293345052,138.41372680664062,171682800
2024-12-03,NVDA,138.04430354930304,140.32074544201365,137.73478959893222,140.0411834716797,164414000
2024-12-04,NVDA,141.77847337465352,145.56255409442886,140.07113435104438,144.91357421875,231224300
2024-12-05,NVDA,144.89360218968224,146.32146235801875,143.73532840807314,144.8436737060547,172621200
2024-12-06,NVDA,144.38436733563313,145.4827177885172,141.09926510716357,142.2275848388672,188505600
2024-12-09,NVDA,138.76274660606958,139.74128080496888,136.92549436926976,138.6029815673828,189308600
2024-12-10,NVDA,138.80267178561354,141.6084936848826,133.59045579547387,134.86856079101562,210020900
2024-12-11,NVDA,137.15514511831444,139.9609519122756,135.00835767243856,139.10223388671875,184905200
2024-12-12,NVDA,136.8755708420711,138.23354324797214,135.59748095840345,137.1351776123047,159211400
2024-12-13,NVDA,138.7327975455873,139.39181692680097,132.34233289302693,134.04978942871094,231514900
2024-12-16,NVDA,133.9798879813558,134.19956111084232,130.22550081237128,131.8031463623047,237951100
2024-12-17,NVDA,128.89747709842524,131.39374870651014,126.67080709010266,130.19554138183594,259410300
2024-12-18,NVDA,133.66038896461004,136.49615030817583,128.08870801614657,128.7177734375,277444500
2024-12-19,NVDA,131.56346785838568,133.83008630548053,129.3567727165428,130.48507690429688,209719200
2024-12-20,NVDA,129.61640819653473,135.07825184796977,128.02878306565836,134.49911499023438,306528600
2024-12-23,NVDA,136.07677163513355,139.58153187306692,134.91849782504636,139.4617156982422,176053500
2024-12-24,NVDA,139.79122163679293,141.6883821217358,138.44322876231024,140.01089477539062,105157000
2024-12-26,NVDA,139.4916759779926,140.6399702368576,137.52461242783102,139.72132873535156,116205600
2024-12-27,NVDA,138.3433913393573,138.81269167406333,134.50912136885398,136.80567932128906,170582600
2024-12-30,NVDA,134.628906293037,140.060795108374,133.82011682531788,137.28494262695312,167734700
2024-12-31,NVDA,137.82416524884428,137.8641141320975,133.63043143330796,134.08973693847656,155659200
2025-01-02,NVDA,135.7971616952867,138.67287117142274,134.42920986844504,138.1037139892578,198247200
2025-01-03,NVDA,139.80120658589456,144.6839138332244,139.5216253508109,144.2545623779297,229322500
2025-01-06,NVDA,148.36839446450836,151.93307760587138,147.59955378526087,149.20713806152344,265377400
2025-01-07,NVDA,152.80177547515166,152.9016324332477,139.80118875754107,139.93099975585938,351782200
2025-01-08,NVDA,142.36737985085435,143.73533196712347,137.3548616440079,139.90106201171875,227349900
2025-01-10,NVDA,137.24501786219508,139.71133557177419,134.0198390250661,135.7073211669922,207602500
2025-01-13,NVDA,129.79615256902926,133.29093305056014,129.31685741876072,133.03131103515625,204808900
2025-01-14,NVDA,135.84711813885167,136.1766278538369,129.85606565410438,131.56350708007812,195590500
2025-01-15,NVDA,133.45068552943664,136.2465130176968,131.09420431967888,136.03683471679688,185217300
2025-01-16,NVDA,138.4332346192246,138.54307117698642,133.2909213149963,133.3708038330078,209235600
2025-01-17,NVDA,136.4861555399997,138.29345383465838,135.25799411499426,137.504638671875,201188800
2025-01-21,NVDA,138.95245710585658,141.61847317570314,136.88553704004724,140.61996459960938,197749000
2025-01-22,NVDA,144.44426793757484,147.56958971587568,143.45573886876412,146.85067749023438,237651400
2025-01-23,NVDA,144.83369562852502,147.0104373660888,143.50567717742842,147.00045776367188,155915500
2025-01-24,NVDA,148.14874363197046,148.74785499769604,141.66843136501245,142.40731811523438,234657600
2025-01-27,NVDA,124.61389107098998,128.20851331467108,116.52596435964819,118.24340057373047,818830900
2025-01-28,NVDA,121.62832340615577,128.80760228114096,116.07661833474911,128.79762268066406,579666400
2025-01-29,NVDA,126.31134548354018,126.70076325147895,119.87096767407616,123.51551818847656,467120600
2025-01-30,NVDA,122.91642732609624,124.81359550131977,117.92388350604345,124.46411895751953,392925500
2025-01-31,NVDA,123.59540412169352,127.6593341751579,119.01225290264883,119.89093780517578,388161100
2025-02-03,NVDA,114.57886776806536,118.39317051235568,112.84146484737198,116.48602294921875,371235700
2025-02-04,NVDA,116.78557092036435,121.01924546805154,116.52595653802958,118.47305297851562,256550000
2025-02-05,NVDA,121.57840827352435,124.81357397798935,120.57989968170043,124.64382934570312,262230800
2025-02-06,NVDA,127.23001282808232,128.57800604999827,125.02330888907666,128.48812866210938,251483600
2025-02-07,NVDA,129.02727661770408,130.17555536084487,124.81356929927793,129.64634704589844,228186300
2025-02-10,NVDA,129.89598286165247,134.79866384787866,129.76618710141213,133.3708038330078,216989100
2025-02-11,NVDA,132.38230132778313,134.27946199343057,130.8246300046561,132.6019744873047,178902400
2025-02-12,NVDA,129.8261026458349,132.04279313100764,128.88750205027108,130.94442749023438,160278600
2025-02-13,NVDA,131.36379338160384,136.29642846871295,130.97437562399168,135.08822631835938,197430000
2025-02-14,NVDA,136.27645326854343,139.04232643389201,135.29791907929888,138.64292907714844,195479600
2025-02-18,NVDA,141.05932980350207,143.226091877041,137.72429913092634,139.19210815429688,219176600
2025-02-19,NVDA,139.30195061666387,141.14919790373787,137.01537227663152,139.02236938476562,167536000
2025-02-20,NVDA,139.8211794831435,140.45024487315197,136.5860056380014,139.90106201171875,143903600
2025-02-21,NVDA,139.83114145453473,141.2490371129211,133.83011008980694,134.22950744628906,228217600
2025-02-24,NVDA,136.35635785611953,138.38332947991822,129.88602516626045,130.08572387695312,251381100
2025-02-25,NVDA,129.78615711570163,130.00583024952502,124.25442559786755,126.44115447998047,271428700
2025-02-26,NVDA,129.79615892181477,133.53057192522448,128.29839578499454,131.084228515625,322553800
2025-02-27,NVDA,134.7986782828192,134.80865788512716,119.83103458283094,119.9708251953125,443175800
2025-02-28,NVDA,117.84399213493025,124.90344826210318,116.2264129341289,124.73370361328125,389091100
2025-03-03,NVDA,123.32581202011416,123.51552349340123,112.11255593535711,113.88990020751953,411381400
2025-03-04,NVDA,110.48499132597254,119.13207287466713,109.9457957033308,115.81702423095703,398163300
2025-03-05,NVDA,117.40465751759531,118.10361057672029,114.3392360416895,117.12507629394531,284337900
2025-03-06,NVDA,113.3606904001891,115.17797591196373,110.05562907278994,110.40510559082031,321181900
2025-03-07,NVDA,111.0841023095759,113.31078025161912,107.3996024558792,112.52195739746094,341755500
2025-03-10,NVDA,109.73610869113334,111.68319762733589,105.30272758345134,106.82046508789062,366487400
2025-03-11,NVDA,106.83042915431908,112.072599116546,104.61373892283774,108.59779357910156,354865700
2025-03-12,NVDA,113.96030532134075,116.59661034457649,112.72203506897391,115.57803344726562,323857500
2025-03-13,NVDA,116.86621875800482,117.59520049683546,113.63075517539951,115.41825103759766,299033100
2025-03-14,NVDA,118.44401014075397,121.70943054003341,117.98465480860956,121.49972534179688,277593500
2025-03-17,NVDA,122.56823120330081,122.71802281178023,117.86482345684047,119.36272430419922,255501500
2025-03-18,NVDA,117.83486627342975,118.85343549406599,114.37970924440411,115.26846313476562,299686900
2025-03-19,NVDA,117.10588726826337,120.28143743378797,115.51811599486,117.35553741455078,273426200
2025-03-20,NVDA,116.38688818380663,120.0317738155389,116.30699831746894,118.3641128540039,248829700
2025-03-21,NVDA,116.77634740953133,117.82487338576216,115.25847035053427,117.5352783203125,266498500
2025-03-24,NVDA,119.71223179694545,122.04896105750126,119.17298658297102,121.24009704589844,228452500
2025-03-25,NVDA,120.38129943766901,121.12026171196634,118.75357566400419,120.52110290527344,167447200
2025-03-26,NVDA,118.5638454632065,118.6736845133834,112.55226594608844,113.60079956054688,293463300
2025-03-27,NVDA,111.19417323533278,114.28983351449122,110.50514401476981,111.27406311035156,236902100
2025-03-28,NVDA,111.33397804410711,112.71205173921601,108.91736643615505,109.51652526855469,229872500
2025-03-31,NVDA,104.98287310192077,110.80471613819729,103.50494855407659,108.22832489013672,299212700
2025-04-01,NVDA,108.36813339033893,110.04578269736857,106.32100673854832,109.99585723876953,222614000
2025-04-02,NVDA,107.1398479774266,111.82328673498283,106.64054773013802,110.26546478271484,220601200
2025-04-03,NVDA,103.36514539947606,105.48217369637304,101.45781468579652,101.65753936767578,338769400
2025-04-04,NVDA,98.7715853475697,99.98987163475934,91.98109847139008,94.17801666259766,532273800
2025-04-07,NVDA,87.33759621246332,101.60759784636036,86.4987754744505,97.50334930419922,611041300
2025-04-08,NVDA,103.6647139576977,105.70185986228381,94.3278009423825,96.16522979736328,476243400
2025-04-09,NVDA,98.75161045127601,114.9389248904037,97.39351305704149,114.17000579833984,612918300
2025-04-10,NVDA,109.21694044618194,110.70485307181585,99.01124202201945,107.4194564819336,437812400
2025-04-11,NVDA,108.34816524857224,111.39390013023589,107.32959598741144,110.77476501464844,313417300
2025-04-14,NVDA,113.95031245540225,114.13006086401796,108.91736463288024,110.55506896972656,264705000
2025-04-15,NVDA,110.81470199440513,113.46099492172469,110.3453585264742,112.04297637939453,228966900
2025-04-16,NVDA,104.40369410395131,106.64055727885454,100.30942561460589,104.3437728881836,397016900
2025-04-17,NVDA,104.30382580885471,104.32380208660638,99.90998942448081,101.34796905517578,292517500
2025-04-21,NVDA,98.63177356997639,99.3008417327631,94.90699776234818,96.77438354492188,288501100
2025-04-22,NVDA,98.64174788818333,99.67030509782194,97.14384726396014,98.75159454345703,241004800
2025-04-23,NVDA,104.37372584399631,104.6533403969428,101.87722447592722,102.5662612915039,247526000
2025-04-24,NVDA,103.33517578708889,106.39089066307956,102.96569088547095,106.28104400634766,220815000
2025-04-25,NVDA,106.70047033928225,111.76337496991529,105.58204256681438,110.85465240478516,251064700
2025-04-28,NVDA,109.53649833991803,110.21554702841466,105.8716284785824,108.57784271240234,207708500
2025-04-29,NVDA,107.51932238432487,110.04578062718967,107.2896485179105,108.867431640625,170444300
2025-04-30,NVDA,104.32379376082015,108.76756286621094,103.93434018163836,108.76756286621094,235044600
2025-05-01,NVDA,112.92174799120272,114.7791455573913,111.14424029465428,111.45380401611328,236121500
2025-05-02,NVDA,114.02021557227994,115.23850951002053,113.21135153306962,114.33976745605469,190194800
2025-05-05,NVDA,112.75199823422925,114.50952981770942,112.50234808238875,113.66072082519531,133163200
2025-05-06,NVDA,111.32399638135878,114.57942879752297,110.66491633937942,113.38111114501953,158525600
2025-05-07,NVDA,112.89179643623137,117.51531428959993,112.12286973799952,116.89617919921875,206758800
2025-05-08,NVDA,118.08451525459601,118.51391379663416,115.68787240644632,117.20574951171875,198428100
2025-05-09,NVDA,117.18577270674557,118.06454606438504,115.04876814493281,116.48675537109375,132972200
2025-05-12,NVDA,121.79930827024249,122.82786560058594,120.11167093091153,122.82786560058594,225023300
2025-05-13,NVDA,124.8051066300396,131.03637225526788,124.29581818961599,129.7481689453125,330430100
2025-05-14,NVDA,133.01358451331882,135.25045513495294,131.49570747587302,135.1505889892578,281180800
2025-05-15,NVDA,134.10207402259,136.10927107264604,132.47436533136158,134.64132690429688,226632600
2025-05-16,NVDA,136.02937003025397,136.15919297953724,133.27323795943153,135.21051025390625,226542500
2025-05-19,NVDA,132.20470706939753,135.6798322139183,132.20470706939753,135.38026428222656,193154600
2025-05-20,NVDA,134.10205468200522,134.39165736048994,132.4343936724944,134.1919403076172,161514200
2025-05-21,NVDA,132.87378601013486,137.2077087161811,130.40724144628157,131.6155548095703,270608700
2025-05-22,NVDA,132.0449376190489,134.0621148614722,131.3658966044825,132.64410400390625,187344000
2025-05-23,NVDA,129.81807417545411,132.49431639064062,128.97925335315108,131.10626220703125,198821300
2025-05-27,NVDA,133.96224703921547,135.47014350181522,133.1234263008756,135.31036376953125,192953600
2025-05-28,NVDA,135.83963178227697,137.05792567392893,134.60136161311598,134.621337890625,304021100
2025-05-29,NVDA,142.0509238917618,143.28919402135628,137.71700129433316,138.99520874023438,369241900
2025-05-30,NVDA,138.5258751739265,139.42460961066672,132.73398869983464,134.94090270996094,333170900
2025-06-02,NVDA,135.30038976970178,137.9266987725352,135.21050414256473,137.187744140625,197663100
2025-06-03,NVDA,138.58576663563605,141.80126124338923,137.7569264491721,141.02235412597656,225578800
2025-06-04,NVDA,141.99101618842522,142.19073325311263,139.34471555965237,141.7213897705078,167120800
2025-06-05,NVDA,141.97102431113476,143.79846496522654,138.63570246128648,139.79408264160156,231397900
2025-06-06,NVDA,142.31053984611202,143.06948591448216,141.31193942977922,141.5216522216797,153986200
2025-06-09,NVDA,142.98961854621228,144.7970831461155,141.74136782943543,142.43040466308594,185114500
2025-06-10,NVDA,142.4903028059026,144.08805440763362,141.33192260937975,143.75852966308594,155881900
2025-06-11,NVDA,144.41764573923192,144.79714515361243,141.6812848999734,142.6400146484375,167694000
2025-06-12,NVDA,141.78116046611606,144.80712890625,141.6613249598906,144.80712890625,162365000
2025-06-13,NVDA,142.29045926636147,143.38900206786707,140.6626379640278,141.78114318847656,180820600
2025-06-16,NVDA,143.159329390418,145.98555166191812,143.00951976951112,144.49754333496094,183133700
2025-06-17,NVDA,144.2978018718573,145.0268265438421,143.58873962374116,143.92828369140625,139108000
2025-06-18,NVDA,143.81843788371728,145.4562558084884,142.92962233744194,145.28648376464844,161494100
2025-06-20,NVDA,145.2565234707711,146.00552584195606,142.46024490398213,143.65866088867188,242956200
2025-06-23,NVDA,142.31046402404658,144.58743022935184,141.84108794116847,143.97824096679688,154308900
2025-06-24,NVDA,145.36636355778856,147.7631800544848,145.30644581210706,147.7032470703125,187566100
2025-06-25,NVDA,149.0714619384952,154.24456476496755,149.06146548674553,154.10475158691406,269146500
2025-06-26,NVDA,155.77251147358507,156.5115326130379,153.795149532093,154.8137969970703,198145700
2025-06-27,NVDA,155.83244416127852,158.4989061985097,155.05348286000648,157.54017639160156,263234500
2025-06-30,NVDA,158.1893045239527,158.4489684480595,155.7525627920192,157.7798614501953,194580300
2025-07-01,NVDA,156.08211312403307,156.9909063970138,151.2885097592641,153.09609985351562,213143600
2025-07-02,NVDA,152.77650803107835,157.39037305932783,152.7665268185242,157.04083251953125,171224100
2025-07-03,NVDA,158.15934077500395,160.76586971787668,157.56014800239086,159.1280517578125,143716100
2025-07-07,NVDA,157.98957042846925,159.09809459400483,157.1307137305003,158.02952575683594,140139000
2025-07-08,NVDA,159.11806346268276,160.00687898854957,158.17931139836438,159.78717041015625,138133000
2025-07-09,NVDA,161.0055497766517,164.2012901564699,160.9456320255445,162.66334533691406,183656400
2025-07-10,NVDA,164.10143771292147,164.28119097215313,161.3950357038234,163.88172912597656,167704100
2025-07-11,NVDA,163.50223698698784,167.66668863474402,163.25256951238498,164.7006378173828,193633300
2025-07-14,NVDA,165.15003478890583,165.2698855378492,161.80449980139463,163.85177612304688,136975800
2025-07-15,NVDA,170.96229989605533,172.17068192225182,168.97494134085255,170.4729461669922,230627400
2025-07-16,NVDA,170.83247408910898,171.52155877211666,168.67534340451815,171.14205932617188,158831500
2025-07-17,NVDA,171.79120519874627,173.92835823409905,170.60278554683865,172.7698974609375,160841100
2025-07-18,NVDA,173.40903901870553,174.01822826089457,171.03219980516573,172.18067932128906,146456400
2025-07-21,NVDA,172.52022673163836,173.1493936504508,170.77255439137573,171.1520538330078,123126100
2025-07-22,NVDA,171.11211125862738,171.16204780548466,164.36110765827524,166.80784606933594,193114300
2025-07-23,NVDA,169.30450383433347,171.03219846298632,167.74658125695927,170.55284118652344,154082200
2025-07-24,NVDA,172.21063723590794,173.59878776513457,171.07215417768242,173.5089111328125,128984600
2025-07-25,NVDA,173.37908037175941,174.4876045602178,172.72995103806022,173.26922607421875,122316800
2025-07-28,NVDA,173.78852820706248,176.7645600358027,173.7385916678285,176.514892578125,140023500
2025-07-29,NVDA,177.72328828972238,179.14139760883538,174.7871965738649,175.2765350341797,154077500
2025-07-30,NVDA,176.27521653092245,179.65072563032518,175.80584046425426,179.03155517578125,174312200
2025-07-31,NVDA,182.65671589592668,183.05619299307685,175.69598557745124,177.63340759277344,221685400
2025-08-01,NVDA,173.85844036702034,176.3051785902702,170.66269971388826,173.4889373779297,204529000
2025-08-04,NVDA,174.9270307365029,179.9603205403546,174.28788258302183,179.76058959960938,148174600
2025-08-05,NVDA,179.38107983649965,180.0202279532499,175.6660266458598,178.02288818359375,156407600
2025-08-06,NVDA,176.09546439011424,179.66070799076476,176.01556896990587,179.1813507080078,137192300
2025-08-07,NVDA,181.32851054269395,183.6354356942093,178.5621905082108,180.52957153320312,151878400
2025-08-08,NVDA,181.30853636067604,183.0562088106772,180.16005675043576,182.45700073242188,123396700
2025-08-11,NVDA,181.80784410502207,183.59545638109407,180.01023537809715,181.8178253173828,138323200
2025-08-12,NVDA,182.7166509044063,184.234618174838,179.22130626788388,182.9163818359375,145485700
2025-08-13,NVDA,182.37709375214726,183.72530422356274,179.11145412417423,181.3484649658203,179871700
2025-08-14,NVDA,179.5108931379294,182.77654758863486,179.22128560637054,181.7778778076172,129554000
2025-08-15,NVDA,181.6380820439347,181.658044469753,177.8031781362909,180.20997619628906,156602200
2025-08-18,NVDA,180.3597704757432,182.69665413107447,180.34977402519155,181.76788330078125,132008000
2025-08-19,NVDA,182.1873336556069,182.25724785967336,175.25657768801665,175.4063720703125,185229200
2025-08-20,NVDA,174.93699721113848,175.76589502196344,168.57547509149074,175.16668701171875,215142700
2025-08-21,NVDA,174.61742144674352,176.66468235557974,173.57879631630271,174.7472381591797,140040900
2025-08-22,NVDA,172.38041630972646,178.35245819257523,170.9722880586796,177.75326538085938,172789400
2025-08-25,NVDA,178.11278178635797,181.6680441727565,176.33515059315872,179.57083129882812,163012800
2025-08-26,NVDA,179.82049655621498,182.14739921043056,178.57215920342722,181.52822875976562,168688200
2025-08-27,NVDA,181.7379436715125,182.24727507184866,178.86178472902657,181.35845947265625,235518900
2025-08-28,NVDA,180.57950348224864,184.22464261974775,176.17536544772958,179.93035888671875,281787800
2025-08-29,NVDA,177.87308356836775,177.91302365652732,172.91967451951007,173.94830322265625,243257900
2025-09-02,NVDA,169.77387989783634,172.15071909272382,166.99757884564528,170.55284118652344,231164900
2025-09-03,NVDA,170.83248363379096,172.18069419661035,168.65539040087648,170.39306640625,164424900
2025-09-04,NVDA,170.34313981864827,171.6314173426514,169.18467902530818,171.4316864013672,141670100
2025-09-05,NVDA,167.8065180303181,168.8051880252559,163.85179338392152,166.79786682128906,224441400
2025-09-08,NVDA,167.32713700266137,170.73260486035574,167.12740607965867,168.08612060546875,163769100
2025-09-09,NVDA,168.86507540993838,170.75256075129445,166.51821048710502,170.53285217285156,157548400
2025-09-10,NVDA,176.4050468150653,179.05151589898875,175.2366048852674,177.09413146972656,226852000
2025-09-11,NVDA,179.45113345293117,180.0503753259473,176.25521235533765,176.9443359375,151159300
2025-09-12,NVDA,177.5435512454145,178.37249577533527,176.22522541777622,177.59349060058594,124911000
2025-09-15,NVDA,175.44623766911022,178.62219505337407,174.28771156721004,177.52359008789062,147061600
2025-09-16,NVDA,176.77453647764895,177.27389957504343,174.15787872389456,174.65724182128906,140737800
2025-09-17,NVDA,172.42008695754546,172.97937117956877,168.1954794867923,170.0730743408203,211843800
2025-09-18,NVDA,173.7583871307785,176.87442336525442,172.73969733735942,176.01551818847656,191763300
2025-09-19,NVDA,175.54609885389235,177.8531538116004,174.95683884616588,176.4449462890625,237182100
2025-09-22,NVDA,175.07670180251023,184.31491893588398,174.48745701577195,183.37611389160156,269637000
2025-09-23,NVDA,181.73821238324945,182.18763613663097,175.9855548133895,178.2027130126953,192559600
2025-09-24,NVDA,179.54100413716742,179.5509859124944,175.17656050171237,176.74456787109375,143564100
2025-09-25,NVDA,174.2577508730865,180.03038734713982,172.90947958662534,177.4636688232422,191586700
2025-09-26,NVDA,177.94304916264082,179.54101721374016,174.70717071687335,177.96302795410156,148573700
2025-09-29,NVDA,180.20017297627672,183.7656330630971,180.09032771672483,181.61837768554688,193063500
2025-09-30,NVDA,181.848063160254,187.11135435179565,181.2488213615314,186.3423309326172,236981000
2025-10-01,NVDA,185.00404300205486,187.90034282726023,183.6657383394342,187.00149536132812,173844900
2025-10-02,NVDA,189.35850113919957,190.80665113886596,187.82045419605362,188.64939880371094,136805800
2025-10-03,NVDA,188.9490194719917,190.11752734214045,185.14387494216948,187.38101196289062,137596900
2025-10-06,NVDA,185.2637075602064,186.9914995955013,183.09647356463947,185.30364990234375,157678100
2025-10-07,NVDA,185.99277739696944,188.8191743935438,183.76562222076905,184.80429077148438,140088000
2025-10-08,NVDA,186.33235229407293,189.35849142592937,186.30237648821537,188.86911010742188,130168900
2025-10-09,NVDA,191.9851285494953,195.05122522476873,190.816620752273,192.32470703125,182997200
2025-10-10,NVDA,193.26350393527704,195.37081685366852,181.81811007166195,182.92669677734375,268774400
2025-10-13,NVDA,187.73056363822363,189.8678370807686,185.72312947730666,188.0801239013672,153482800
2025-10-14,NVDA,184.53462639606815,184.5645869600227,179.47107773683655,179.8006591796875,205641400
2025-10-15,NVDA,184.56460739230218,184.63451030281777,177.06416377208902,179.60093688964844,214450500
2025-10-16,NVDA,181.99787810828644,183.0465437061986,179.5410200965125,181.5784149169922,179723300
2025-10-17,NVDA,179.9504818191574,183.86550198639478,179.52103686227596,182.9866180419922,173135200
2025-10-20,NVDA,182.89672994644732,184.96408521149223,181.4985041529273,182.4073486328125,128544700
2025-10-21,NVDA,182.55714296878105,182.55714296878105,179.5709615871908,180.92922973632812,124240200
2025-10-22,NVDA,180.9092591258601,183.20633238125785,176.53483359319367,180.05035400390625,162249600
2025-10-23,NVDA,180.19017423035882,182.7968501503985,179.5609718650331,181.92796325683594,111363700
2025-10-24,NVDA,183.60580497197222,187.23118563906056,183.26624175096782,186.02272033691406,131296700
2025-10-27,NVDA,189.74798924630224,191.75542334831323,188.18996363054165,191.24607849121094,153452700
2025-10-28,NVDA,192.80410966447576,202.89123585796654,191.66556232510956,200.77394104003906,297986200
2025-10-29,NVDA,207.715080745974,211.9197249544373,204.51915980095313,206.77627563476562,308829600
2025-10-30,NVDA,204.88867704045037,205.89740027142088,201.1534507471854,202.63156127929688,178864400
2025-10-31,NVDA,206.18701808603035,207.70508615602077,201.81260775338424,202.23207092285156,179802200
2025-11-03,NVDA,207.81493866642379,211.07078042213968,205.29814450690722,206.61647033691406,180267300
2025-11-04,NVDA,202.7414122562426,203.71017785907821,197.67786326579136,198.43690490722656,188919300
2025-11-05,NVDA,198.51681234435117,202.66152000582164,194.40205001057666,194.9613494873047,171350300
2025-11-06,NVDA,196.169796348482,197.36826472822915,186.1425921093966,187.84042358398438,223029800
2025-11-07,NVDA,184.66447901682176,188.08013622996737,178.68211848431696,187.91033935546875,264942300
2025-11-10,NVDA,194.8614791513322,199.68532876518447,193.5431531870904,198.7964630126953,198897100
2025-11-11,NVDA,194.91140808059743,195.17107140540628,191.05632435423007,192.91395568847656,176483300
2025-11-12,NVDA,195.4706988945922,195.64048052491762,190.88654915774768,193.5531463623047,154935300
2025-11-13,NVDA,190.80662838449902,191.1961309619508,183.61580336420005,186.62196350097656,207423100
2025-11-14,NVDA,182.62706393415107,190.76667594021126,180.34996953708986,189.92774963378906,186591900
2025-11-17,NVDA,185.73310233977776,188.75924133892028,184.08521029684528,186.3623046875,173628900
2025-11-18,NVDA,183.14641371605563,184.5646030780414,179.42115405263684,181.1289825439453,213598900
2025-11-19,NVDA,184.5546024199349,187.62069907956393,182.5971076589588,186.28240966796875,247246400
2025-11-20,NVDA,195.70039225393623,195.7503316108911,179.62090987236718,180.40989685058594,343504800
2025-11-21,NVDA,181.00913979899244,184.32490281868388,172.70971237567008,178.6521453857422,346926200
2025-11-24,NVDA,179.2613745727385,183.26626122561635,176.25519889972114,182.31747436523438,256618300
2025-11-25,NVDA,174.68719385821646,177.93305383278917,169.33402110596253,177.59349060058594,320600300
2025-11-26,NVDA,181.3986455127995,182.67701383620675,178.01296428701193,180.03038024902344,183852000
2025-11-28,NVDA,178.7819702942556,179.0616124091028,176.27517303639212,176.7745361328125,121332800
2025-12-01,NVDA,174.53739527000454,180.07034727044882,173.45876908321011,179.69082641601562,188131000
2025-12-02,NVDA,181.52845696763603,185.42349804109853,179.77070445469002,181.22885131835938,182632200
2025-12-03,NVDA,180.8493441127912,182.21759414523953,178.88185225801445,179.36123657226562,165138000
2025-12-04,NVDA,181.3987504426599,184.2952268834804,179.74078419330877,183.1566162109375,167364900
2025-12-05,NVDA,183.66598269849337,184.43504894381925,180.6896172324408,182.1877899169922,143971100
2025-12-08,NVDA,182.41751577930148,187.7709870845105,182.17780264974235,185.323974609375,204378100
2025-12-09,NVDA,185.33395229946427,185.4937610485011,183.09669077375298,184.7446746826172,144719700
2025-12-10,NVDA,184.74467463147755,185.2540478736652,181.8182359713298,183.55612182617188,162785400
2025-12-11,NVDA,180.060377409269,181.09911899111663,176.40483245042134,180.70957946777344,182136600
2025-12-12,NVDA,180.88937065842447,182.59729422559735,174.40727135263347,174.80679321289062,204274900
2025-12-15,NVDA,177.7232402429772,178.20265125135413,174.8167814768023,176.0752410888672,164775600
2025-12-16,NVDA,176.0452813318811,178.27257580423,174.68693742218818,177.50350952148438,148588100
2025-12-17,NVDA,175.88548356566727,175.91544580087532,170.10252832729947,170.7317657470703,222775500
2025-12-18,NVDA,174.3173807251694,175.93540231223645,171.6106906687844,173.9278564453125,176096000
2025-12-19,NVDA,176.45477147838753,181.2289470656948,176.12517166919682,180.76951599121094,324925900
2025-12-22,NVDA,183.6959478478248,183.935660967629,182.1278683380167,183.4662322998047,129064400
2025-12-23,NVDA,182.7471036477755,189.099356383118,182.67718160782493,188.97950744628906,174873600
2025-12-24,NVDA,187.71105179508496,188.67987134928,186.36269028434322,188.38023376464844,65528500
2025-12-26,NVDA,189.68863982420257,192.45526970950266,187.7709805748158,190.2978973388672,139740300
2025-12-29,NVDA,187.4813341773615,188.53004285167208,185.68352392965699,187.99070739746094,120006100
2025-12-30,NVDA,188.01069817319677,188.75978454971104,186.70228116711607,187.31153869628906,97687300
2025-12-31,NVDA,189.33907943283364,190.32786369396138,186.26282955778902,186.27281188964844,120100500
2026-01-02,NVDA,189.60873357074172,192.69496568024334,188.03065649528438,188.6199493408203,148240500
2026-01-05,NVDA,191.52640398377517,193.39413642527967,185.9232371396652,187.89083862304688,183529700
2026-01-06,NVDA,190.2879203285983,191.935904267691,186.5924305704924,187.0119171142578,176862600
2026-01-07,NVDA,188.34028795646717,191.13686475404677,186.3327268208183,188.87962341308594,153543200
2026-01-08,NVDA,188.87963997886857,189.31910643994627,183.48622397884648,184.81459045410156,172457000
2026-01-09,NVDA,184.8545293482555,186.1129888751533,183.44624341374129,184.63479614257812,131327500
2026-01-12,NVDA,182.99680052530172,186.89204340473577,182.79704721562317,184.71470642089844,137968500
2026-01-13,NVDA,184.7746378408776,187.88084992986475,183.17658082293008,185.58364868164062,160128900
2026-01-14,NVDA,184.0954557419801,184.23528457453645,180.57973978602013,182.91688537597656,159586100
2026-01-15,NVDA,186.27281050248445,189.46890929684608,186.103019420931,186.8221435546875,206188600
2026-01-16,NVDA,188.84966224271636,190.20800608356458,185.85331687968656,186.0031280517578,187967200
2026-01-20,NVDA,181.67839380225757,182.1578200140757,177.39362681050815,177.8530731201172,223345300
2026-01-21,NVDA,178.8318922054109,185.15418310637224,178.18267486272933,183.09669494628906,200381000
2026-01-22,NVDA,184.52493568425237,185.94320399708803,183.70592730123704,184.6148223876953,139636600
2026-01-23,NVDA,187.27158465782284,189.3690325020707,186.59242035942677,187.44137573242188,142748100
2026-01-26,NVDA,186.93200550896393,188.88960930416175,185.76343263076708,186.2428436279297,124799600
2026-01-27,NVDA,187.01190478720812,189.76853699604698,185.47377232125424,188.29034423828125,143711600
2026-01-28,NVDA,191.03700193406064,192.1156881225865,189.60873601436586,191.2866973876953,148552700
2026-01-29,NVDA,191.10690928022157,193.244301759811,185.83334250366076,192.27548217773438,171764400
2026-01-30,NVDA,190.97707539362895,194.25307849059112,189.23918956869622,190.8971710205078,179489500
2026-02-02,NVDA,186.97195532434574,190.0681850900544,184.6547894061738,185.38389587402344,165794100
2026-02-03,NVDA,186.01312186532803,186.04308409913696,176.01530661894333,180.12030029296875,204019600
2026-02-04,NVDA,179.24138264216026,179.36123157735668,171.70057725198066,173.97779846191406,207014100
2026-02-05,NVDA,174.71688060291817,176.604592702014,170.82163795446576,171.6706085205078,206312900
2026-02-06,NVDA,176.47474973392875,186.77218713146127,174.3872995354016,185.1841278076172,231346200
2026-02-09,NVDA,184.03552934237337,193.42408742490235,183.7259094221984,189.80848693847656,196387400
2026-02-10,NVDA,191.1468699498802,192.24552080983682,187.89083145679504,188.31031799316406,136764800
2026-02-11,NVDA,192.2155516352278,193.0245624433192,188.54004197866425,189.8184814453125,144192700
2026-02-12,NVDA,192.79485804306626,193.3741533411549,186.28279615580217,186.7122802734375,189932500
2026-02-13,NVDA,187.25162028422807,187.27160018883805,181.36879569323744,182.58731079101562,161888000
2026-02-17,NVDA,181.5285959992061,186.92201173748992,178.9617194034806,184.7446746826172,162276900
2026-02-18,NVDA,188.52005804720127,190.13807962880853,186.53247684939709,187.75099182128906,164749100
2026-02-19,NVDA,186.8321237354349,188.20044994409497,185.43383529156333,187.6710968017578,126554500
2026-02-20,NVDA,186.342734664171,190.09814888521723,185.71349722992974,189.58877563476562,178422300
2026-02-23,NVDA,191.16683922839312,193.71373598373438,189.3490641935772,191.31666564941406,171584800
2026-02-24,NVDA,191.2567378902843,193.53395924081437,187.171708627792,192.61508178710938,175123600
2026-02-25,NVDA,194.2131137016724,197.38924768090467,193.5539140704845,195.32176208496094,250637100
2026-02-26,NVDA,194.03334246429932,194.0533071271398,184.09546670933034,184.66476440429688,360807900
2026-02-27,NVDA,181.0292033274304,182.36756729714082,176.1651407824763,176.97415161132812,311636500
2026-03-02,NVDA,174.79680413295333,183.2365228635074,174.42725972943845,182.25770568847656,209095300
2026-03-03,NVDA,178.27256086028186,180.67961330625172,176.70446619030554,179.83065795898438,178099400
2026-03-04,NVDA,180.22019302825058,184.47499807110998,179.84065106191534,182.8170166015625,177731200
2026-03-05,NVDA,180.94929874286032,183.83577756501342,177.6633132926684,183.1166534423828,198779700
2026-03-06,NVDA,179.6209064601764,182.5373473445644,176.60459654479845,177.60337829589844,189021900
2026-03-09,NVDA,176.61458806542097,182.68718325690133,175.34613090826778,182.427490234375,177213600
2026-03-10,NVDA,182.17779858894656,186.21288569214076,181.7882742872215,184.544921875,179118500
2026-03-11,NVDA,185.6935753620157,187.40157611978597,184.23526832414757,185.8134307861328,145280400
2026-03-12,NVDA,183.83574790315467,184.72471123223085,181.53842231669145,182.9268035888672,155762700
2026-03-13,NVDA,184.70472270189353,185.87335881208497,179.73052445930352,180.0401611328125,160988400
2026-03-16,NVDA,182.7570048934839,188.66012868968363,181.19882333613754,183.0067138671875,217307400
2026-03-17,NVDA,184.8445618023411,185.1841623368753,181.4684917186082,181.71820068359375,182497800
2026-03-18,NVDA,182.26756764801692,183.16652908726184,180.12007659614625,180.1899871826172,156683100
2026-03-19,NVDA,177.80276430906588,179.77047215436778,175.5853475010711,178.3521270751953,170968500
2026-03-20,NVDA,177.79278016290237,178.05247199547227,171.52009228430225,172.4989471435547,241323500
2026-03-23,NVDA,177.0536408486584,178.16234927411983,174.55655117338722,175.43553161621094,182836300
2026-03-24,NVDA,174.6264683383626,176.01484951930743,173.777451794472,174.99603271484375,147667800
2026-03-25,NVDA,176.89383761026875,181.00903649280792,176.64412864426953,178.47198486328125,162602100
2026-03-26,NVDA,175.86504388946904,176.30451888215924,170.9407749866337,171.04066467285156,186152200
2026-03-27,NVDA,169.80209026823204,170.77096223786808,166.81556566439232,167.32498168945312,196212700
2026-03-30,NVDA,168.58352034150624,169.25273855906806,164.07877596313077,164.97772216796875,185627000
2026-03-31,NVDA,166.77563225072552,174.41672082635512,166.7656493784466,174.1969757080078,226181300
2026-04-01,NVDA,175.79511913229018,177.16351944386196,174.54657425208924,175.54541015625,168132000
2026-04-02,NVDA,171.97954556798163,177.28337661769746,171.170490985778,177.18348693847656,143143200
2026-04-06,NVDA,176.953760088437,177.58301630024127,175.55538077559635,177.43319702148438,107564300
2026-04-07,NVDA,175.52541836668527,178.0225079733855,173.4578360976707,177.89266967773438,132534900
2026-04-08,NVDA,184.28522303450282,185.0443328296099,180.09011531444295,181.8680419921875,147732700
2026-04-09,NVDA,181.6283100364998,183.86570786090292,180.40972906189933,183.69590759277344,116428500
2026-04-10,NVDA,184.09543736125556,189.77881591864653,184.08545448929232,188.41041564941406,160459500
2026-04-13,NVDA,185.81343445538195,189.43921351677633,185.52377876103736,189.08961486816406,133648200
2026-04-14,NVDA,190.61783708872017,196.28123474121094,190.54792650193752,196.28123474121094,161307000
2026-04-15,NVDA,196.31119931453722,200.166706463506,195.5121427945441,198.63848876953125,185338400
2026-04-16,NVDA,197.20015246424893,199.6173486077875,195.58204328148997,198.1190948486328,134012900
2026-04-17,NVDA,199.66727910555997,201.46518667284232,199.03802288778024,201.44520568847656,160324400
2026-04-20,NVDA,199.7471876833392,201.9346406188145,197.6096795882359,201.82476806640625,119381400
2026-04-21,NVDA,201.89470437258373,202.51397775047528,198.76834314349978,199.64732360839844,107945300
2026-04-22,NVDA,200.75603026628932,202.26426696777344,198.76834136586132,202.26426696777344,107501000
2026-04-23,NVDA,202.22431724671497,203.59271751351986,196.99041179336916,199.4075927734375,113561800
2026-04-24,NVDA,199.72721882416832,210.70441481695215,199.57738430538978,208.0275421142578,214134400
2026-04-27,NVDA,209.4059296471886,216.5775789683675,207.13858324348888,216.3578338623047,187172400
2026-04-28,NVDA,209.24613572912838,214.4800260296235,207.95762889823203,212.92184448242188,180275400
2026-04-29,NVDA,212.4523894424142,212.47237042757808,207.33835459433345,209.00640869140625,123711800
2026-04-30,NVDA,209.68560172993963,210.05518135667162,198.46867945247158,199.33767700195312,225239200
2026-05-01,NVDA,201.0456862731779,202.76368521944246,196.89052532216473,198.21897888183594,128647000
2026-05-04,NVDA,199.26774870200734,201.49514834231712,194.51329562325486,198.24893188476562,125368100
2026-05-05,NVDA,199.06798360144137,200.00689171848026,195.80178617585554,196.271240234375,113406600
2026-05-06,NVDA,199.65729931010404,208.0275486883452,198.37879062945476,207.5880584716797,188362800
2026-05-07,NVDA,208.0974592073836,213.95063795079753,206.25960488465944,211.2537841796875,168307900
2026-05-08,NVDA,212.7820061205359,217.5464575316693,212.642169707093,214.94947814941406,136421400
2026-05-11,NVDA,213.79081709888328,222.04121091513153,213.64099781886503,219.18453979492188,160685800
2026-05-12,NVDA,218.29558003818886,223.48952345691538,214.6698009927987,220.52297973632812,159176600
2026-05-13,NVDA,224.6681467194947,227.57476278227756,221.3120728008497,225.56710815429688,150405400
2026-05-14,NVDA,229.58243343997336,236.26463268418732,229.03307065698914,235.465576171875,180782900
2026-05-15,NVDA,229.49252726355346,231.23050718880455,223.97896415639156,225.05770874023438,180977600
2026-05-18,NVDA,229.60240180074675,229.7322553439391,218.1157890335498,222.0612030029297,146280900
2026-05-19,NVDA,219.36432694236115,224.21866983705235,217.6563261548179,220.35317993164062,140948200
2026-05-20,NVDA,222.9201831873553,225.8667612103758,220.2433103590018,223.20985412597656,184201600
2026-05-21,NVDA,222.03121805596584,227.13526994336974,217.6762930684293,219.25445556640625,203381800
2026-05-22,NVDA,220.64283833374193,220.75271088945502,214.54994865072538,215.07933044433594,169275700
2026-05-26,NVDA,216.28791550863897,217.92600574795006,211.75320730356688,214.60987854003906,187202600
2026-05-27,NVDA,213.87072806866348,213.90069192498567,208.53694826896,212.35250854492188,167601200
2026-05-28,NVDA,211.03403615445995,215.2691056248748,210.97410844231206,214.00057983398438,143996000
2026-05-29,NVDA,214.33020874183248,217.6063892667686,210.88422794322287,210.8942108154297,289410600
2026-06-01,NVDA,215.47885750139108,224.60821672379726,215.44889364463796,224.09881591796875,212850700
2026-06-02,NVDA,226.91551751623658,232.00958636747916,221.09231801448135,222.56060791015625,193362900
2026-06-03,NVDA,221.46188713313538,222.56061267075634,214.2602739078757,214.5,160907000
2026-06-04,NVDA,213.91000366210938,221.60000610351562,210.97000122070312,218.66000366210938,169022200
2026-06-05,NVDA,214.52999877929688,214.8699951171875,204.3300018310547,205.10000610351562,219655500
2026-06-08,NVDA,210.17999267578125,210.47000122070312,206.0,208.63999938964844,138372800
2026-06-09,NVDA,210.6199951171875,211.39999389648438,199.33999633789062,208.19000244140625,180962500
2026-06-10,NVDA,204.42999267578125,207.22000122070312,199.9199981689453,200.4199981689453,161746600
2026-06-11,NVDA,201.49000549316406,205.66000366210938,199.5399932861328,204.8699951171875,158643200
2026-06-12,NVDA,204.86000061035156,207.07000732421875,203.44000244140625,205.19000244140625,112001800
2026-06-15,NVDA,208.9199981689453,212.7100067138672,208.33999633789062,212.4499969482422,149936700
2026-06-16,NVDA,211.17999267578125,211.49000549316406,207.2899932861328,207.41000366210938,125694100
2026-06-17,NVDA,208.52999877929688,209.2100067138672,203.0800018310547,204.64999389648438,128363500
2026-06-18,NVDA,207.3300018310547,211.38999938964844,206.5,210.69000244140625,241272000
2026-06-22,NVDA,211.44000244140625,213.99000549316406,207.72000122070312,208.64999389648438,122041400
2026-06-23,NVDA,202.1699981689453,203.77000427246094,200.0,200.0399932861328,153496200
2026-06-24,NVDA,200.1199951171875,201.6699981689453,196.5800018310547,199.0,151810700
2026-06-25,NVDA,200.0800018310547,200.8000030517578,192.1300048828125,195.74000549316406,149550000
2026-06-26,NVDA,193.1199951171875,195.5500030517578,191.22000122070312,192.52999877929688,179304100
2026-06-29,NVDA,193.85000610351562,196.17999267578125,189.8000030517578,194.97000122070312,148835700
2026-06-30,NVDA,197.24000549316406,200.6300048828125,195.11000061035156,200.08999633789062,166476700
2026-07-01,NVDA,196.1999969482422,199.85000610351562,193.4499969482422,197.5800018310547,146147600
2026-07-02,NVDA,197.13999938964844,200.05999755859375,192.35000610351562,194.8300018310547,142068700
2026-07-06,NVDA,194.4199981689453,197.5500030517578,193.99000549316406,195.5500030517578,108999000
2026-07-07,NVDA,192.3699951171875,198.41000366210938,191.13999938964844,196.92999267578125,124154600
2026-07-08,NVDA,195.17999267578125,205.16000366210938,195.05999755859375,204.1199951171875,147419100
2026-07-09,NVDA,204.4600067138672,204.58999633789062,198.9600067138672,202.77999877929688,132037400
2026-07-10,NVDA,202.0,211.0,201.9199981689453,210.9600067138672,148421000
2026-07-13,NVDA,208.5399932861328,210.57000732421875,203.0,203.52999877929688,121411000
2026-07-14,NVDA,208.1999969482422,212.5500030517578,203.8000030517578,211.8000030517578,124379600
2026-07-15,NVDA,211.9600067138672,213.80999755859375,206.0399932861328,212.5,124797200
2026-07-16,NVDA,210.1699981689453,211.0800018310547,205.85000610351562,207.39999389648438,122986100
2026-07-17,NVDA,202.63999938964844,206.64999389648438,197.97000122070312,202.80999755859375,144281900
2026-07-20,NVDA,205.8699951171875,207.74000549316406,202.27999877929688,203.27999877929688,88701500
2026-07-21,NVDA,207.5399932861328,208.64999389648438,204.00999450683594,207.2899932861328,108685600
2026-07-22,NVDA,205.80999755859375,214.38999938964844,204.9499969482422,212.05999755859375,137645600
2026-07-23,NVDA,209.4600067138672,210.8699951171875,205.9600067138672,208.75999450683594,110505300
2026-07-24,NVDA,207.4499969482422,211.91000366210938,204.80999755859375,206.83999633789062,114836800
2026-07-27,NVDA,208.1999969482422,208.75,195.44000244140625,196.50999450683594,153868500
